"","Cytoband","Coefficients","T_val","P_val","cnv_type","Event","Chromosome","Arm","ChrArm","-signedlog(P.adj)","cnv_status","TumorType","CellType"
"1","1p36.33",-0.320121851643298,-2.34947288674935,0.0209630847090501,"con","ALL","1","p","1p",-0.341256355000125,1,"LUAD","B_cell"
"2","1p36.32",-0.33248758583363,-2.34646945015764,0.0211227936216697,"con","ALL","1","p","1p",-0.341256355000125,1,"LUAD","B_cell"
"3","1p36.31",-0.343782667740097,-2.3689912215389,0.0199510098406108,"con","ALL","1","p","1p",-0.341256355000125,1,"LUAD","B_cell"
"4","1p36.23",-0.345643571553032,-2.29225078785445,0.0241970129709055,"con","ALL","1","p","1p",-0.313834889072208,1,"LUAD","B_cell"
"5","1p36.22",-0.347305094181974,-2.03591696266187,0.0446660607410976,"con","ALL","1","p","1p",-0.310913425055388,1,"LUAD","B_cell"
"6","1p36.21",-0.362261887157337,-1.99518837677488,0.0490133977277442,"con","ALL","1","p","1p",-0.301775886282415,1,"LUAD","B_cell"
"7","1p36.13",-0.347991986344766,-1.83413781533341,0.0699017227754289,"con","ALL","1","p","1p",-0.232704900145023,1,"LUAD","B_cell"
"8","1p36.12",-0.329690579941034,-1.69954120225863,0.0926332732722414,"con","ALL","1","p","1p",-0.232704900145023,1,"LUAD","B_cell"
"9","1p36.11",-0.317896928918145,-1.55934692748621,0.12238545163549,"con","ALL","1","p","1p",-0.232704900145023,1,"LUAD","B_cell"
"10","1p35.3",-0.372258509961139,-1.64300858603893,0.103832253174199,"con","ALL","1","p","1p",-0.232704900145023,1,"LUAD","B_cell"
"11","1p35.2",-0.393492926201678,-1.73329839504325,0.0864298051805377,"con","ALL","1","p","1p",-0.232704900145023,1,"LUAD","B_cell"
"12","1p35.1",-0.390888899855976,-1.75559702408978,0.0825222193123543,"con","ALL","1","p","1p",-0.232704900145023,1,"LUAD","B_cell"
"13","1p34.3",-0.336276759993864,-1.64096887106493,0.104255920740489,"con","ALL","1","p","1p",-0.232704900145023,1,"LUAD","B_cell"
"14","1p34.2",-0.283325824558249,-1.55087009555725,0.124403831515458,"con","ALL","1","p","1p",-0.232670803941469,1,"LUAD","B_cell"
"15","1p34.1",-0.229818175790107,-1.36144131408201,0.176735719356989,"con","ALL","1","p","1p",-0.172289849318277,1,"LUAD","B_cell"
"16","1p33",-0.216575986535153,-1.25890725877165,0.21128374483917,"con","ALL","1","p","1p",-0.135610647685973,1,"LUAD","B_cell"
"17","1p32.3",-0.143158324162535,-0.778537135713361,0.438272141664948,"con","ALL","1","p","1p",-0.0105796129656933,1,"LUAD","B_cell"
"18","1p32.1",-0.0192670628060545,-0.101991754687554,0.918987623407777,"con","ALL","1","p","1p",0,1,"LUAD","B_cell"
"19","1p31.3",0.0321937605705006,0.157846624510167,0.874927390789512,"con","ALL","1","p","1p",0,1,"LUAD","B_cell"
"20","1p31.1",0.00359877986358084,0.0160059153426399,0.987264712979923,"con","ALL","1","p","1p",0,1,"LUAD","B_cell"
"21","1p22.3",0.00493904967335233,0.0210546180822811,1,"con","ALL","1","p","1p",0,-1,"LUAD","B_cell"
"22","1p22.2",-0.0109476116252441,-0.0470107748179751,0.962607656963492,"con","ALL","1","p","1p",0,-1,"LUAD","B_cell"
"23","1p22.1",0.00495668381993097,0.020832550333821,0.983424842999748,"con","ALL","1","p","1p",0,-1,"LUAD","B_cell"
"24","1p21.3",0.00703392478483932,0.0279206300319651,0.977786594773175,"con","ALL","1","p","1p",0,-1,"LUAD","B_cell"
"25","1p21.2",0.0106534765897653,0.0397680747763746,0.968365147217041,"con","ALL","1","p","1p",0,-1,"LUAD","B_cell"
"26","1p13.3",-0.16196030746164,-0.441969537272912,1,"con","ALL","1","p","1p",0,-1,"LUAD","B_cell"
"27","1p13.2",-0.488059233429242,-1.15526825960705,1,"con","ALL","1","p","1p",0,1,"LUAD","B_cell"
"28","1p13.1",-0.471224317902474,-1.37377442407697,0.172886434999748,"con","ALL","1","p","1p",-0.177388529964645,1,"LUAD","B_cell"
"29","1p12",-0.449739026547201,-1.49931383489304,0.137253570556269,"con","ALL","1","p","1p",-0.22793801367251,1,"LUAD","B_cell"
"30","1q21.1",-0.417121110479459,-1.57829218197244,0.117968529209664,"con","ALL","1","q","1q",-0.232704900145023,1,"LUAD","B_cell"
"31","1q21.2",-0.366668781210458,-1.75937955140153,0.081874038354987,"con","ALL","1","q","1q",-0.232704900145023,1,"LUAD","B_cell"
"32","1q21.3",-0.260316443868069,-2.01509108072951,0.046845845859964,"con","ALL","1","q","1q",-0.306610408344636,1,"LUAD","B_cell"
"33","1q22",-0.207937639598785,-1.99418685727904,0.0491246958298757,"con","ALL","1","q","1q",-0.301775886282415,1,"LUAD","B_cell"
"34","1q23.1",-0.192670703728662,-1.80156713335888,0.0749252769473467,"con","ALL","1","q","1q",-0.232704900145023,1,"LUAD","B_cell"
"35","1q23.2",-0.186739241110379,-1.72390620787911,0.0881205422409364,"con","ALL","1","q","1q",-0.232704900145023,1,"LUAD","B_cell"
"36","1q23.3",-0.184421271653268,-1.60904002268086,0.111071505654323,"con","ALL","1","q","1q",-0.232704900145023,1,"LUAD","B_cell"
"37","1q24.1",-0.17265029976396,-1.43067132138759,0.155949415815471,"con","ALL","1","q","1q",-0.201123094025707,1,"LUAD","B_cell"
"38","1q24.2",-0.166286175384868,-1.34609590896917,0.181615385271312,"con","ALL","1","q","1q",-0.170426528082127,1,"LUAD","B_cell"
"39","1q24.3",-0.157030707875764,-1.24568633195868,0.216077335102421,"con","ALL","1","q","1q",-0.13047450703282,1,"LUAD","B_cell"
"40","1q25.1",-0.155759679344588,-1.20744292618312,0.230390589768224,"con","ALL","1","q","1q",-0.117951444021698,1,"LUAD","B_cell"
"41","1q25.2",-0.159961701816632,-1.23700214622413,0.219269035731168,"con","ALL","1","q","1q",-0.13047450703282,1,"LUAD","B_cell"
"42","1q25.3",-0.169378252081063,-1.30323226446348,0.195783292036675,"con","ALL","1","q","1q",-0.146236705196483,1,"LUAD","B_cell"
"43","1q31.1",-0.177467091563527,-1.35967587445092,0.17729200167343,"con","ALL","1","q","1q",-0.172289849318277,1,"LUAD","B_cell"
"44","1q31.2",-0.183163436021237,-1.40903937259839,0.162231522858456,"con","ALL","1","q","1q",-0.190088526168107,1,"LUAD","B_cell"
"45","1q32.1",-0.186503585935428,-1.46476177319866,0.146432306621911,"con","ALL","1","q","1q",-0.21597139726463,1,"LUAD","B_cell"
"46","1q32.2",-0.19049213137023,-1.47366879370306,0.144021675991546,"con","ALL","1","q","1q",-0.216793641566678,1,"LUAD","B_cell"
"47","1q32.3",-0.185251425975563,-1.38155740850476,0.170490288870393,"con","ALL","1","q","1q",-0.180505421740794,1,"LUAD","B_cell"
"48","1q41",-0.16169613667964,-1.17244685076541,0.244077868614182,"con","ALL","1","q","1q",-0.105332597749384,1,"LUAD","B_cell"
"49","1q42.11",-0.153598884780745,-1.09689554242917,0.275581244912175,"con","ALL","1","q","1q",-0.0787959251784185,1,"LUAD","B_cell"
"50","1q42.12",-0.134058530908543,-0.937907132201759,0.350774803364723,"con","ALL","1","q","1q",-0.0380389516696883,1,"LUAD","B_cell"
"51","1q42.13",-0.114755500391493,-0.778872364081741,0.438075620942758,"con","ALL","1","q","1q",-0.0105796129656933,1,"LUAD","B_cell"
"52","1q42.2",-0.0950282532284355,-0.633350501893737,0.528093356700616,"con","ALL","1","q","1q",0,1,"LUAD","B_cell"
"53","1q42.3",-0.092008915185044,-0.614295303188687,0.540553013663671,"con","ALL","1","q","1q",0,1,"LUAD","B_cell"
"54","1q43",-0.105477881197164,-0.703276485181922,0.483678918276435,"con","ALL","1","q","1q",-0.00596291459711092,1,"LUAD","B_cell"
"55","1q44",-0.110755193799036,-0.745710796139231,0.457764054512071,"con","ALL","1","q","1q",-0.00867757010616076,1,"LUAD","B_cell"
"56","2p25.3",0.52057133057497,2.05613077399713,0.0426341003420663,"con","ALL","2","p","2p",0.310913425055388,1,"LUAD","B_cell"
"57","2p25.1",0.632236723469685,2.23991053296523,0.027532059499751,"con","ALL","2","p","2p",0.313834889072208,1,"LUAD","B_cell"
"58","2p24.1",0.805674944867582,2.60974842685425,0.0105939638979369,"con","ALL","2","p","2p",0.401658479951559,1,"LUAD","B_cell"
"59","2p23.3",0.975342967354742,2.82305024806285,1,"con","ALL","2","p","2p",0,1,"LUAD","B_cell"
"60","2p23.2",1.05702593335022,2.8641760666194,1,"con","ALL","2","p","2p",0,1,"LUAD","B_cell"
"61","2p22.3",1.06560233128195,2.92961209633554,1,"con","ALL","2","p","2p",0,1,"LUAD","B_cell"
"62","2p22.2",0.999250472943301,2.92678866798509,1,"con","ALL","2","p","2p",0,1,"LUAD","B_cell"
"63","2p22.1",0.904393000163217,2.85979809013691,1,"con","ALL","2","p","2p",0,1,"LUAD","B_cell"
"64","2p21",0.723722045382696,2.41935893701517,1,"con","ALL","2","p","2p",0,-1,"LUAD","B_cell"
"65","2p16.2",0.677042553197677,2.47082584616701,1,"con","ALL","2","p","2p",0,-1,"LUAD","B_cell"
"66","2p16.1",0.673302113247656,2.53315431757615,1,"con","ALL","2","p","2p",0,-1,"LUAD","B_cell"
"67","2p15",0.635425347537095,2.48104896660153,1,"con","ALL","2","p","2p",0,1,"LUAD","B_cell"
"68","2p14",0.585765592102934,2.26444089340236,1,"con","ALL","2","p","2p",0,1,"LUAD","B_cell"
"69","2p13.3",0.56425942217845,2.1599380341568,1,"con","ALL","2","p","2p",0,1,"LUAD","B_cell"
"70","2p13.2",0.555100837515576,2.07473354687716,1,"con","ALL","2","p","2p",0,1,"LUAD","B_cell"
"71","2p13.1",0.585112682334108,2.09466680978201,1,"con","ALL","2","p","2p",0,1,"LUAD","B_cell"
"72","2p12",0.611774676219299,2.09924663261801,1,"con","ALL","2","p","2p",0,1,"LUAD","B_cell"
"73","2p11.2",0.575181566894415,1.94264234707831,1,"con","ALL","2","p","2p",0,1,"LUAD","B_cell"
"74","2q11.1",0.564191202555903,1.87153779231416,1,"con","ALL","2","q","2q",0,1,"LUAD","B_cell"
"75","2q11.2",0.523387003887524,1.63438544392709,1,"con","ALL","2","q","2q",0,1,"LUAD","B_cell"
"76","2q12.2",0.448907445187976,1.31003760885973,1,"con","ALL","2","q","2q",0,1,"LUAD","B_cell"
"77","2q12.3",0.441229654628237,1.27799860031175,1,"con","ALL","2","q","2q",0,1,"LUAD","B_cell"
"78","2q13",0.449771358690413,1.29202845383865,1,"con","ALL","2","q","2q",0,1,"LUAD","B_cell"
"79","2q14.1",0.438461663507105,1.2432445765004,1,"con","ALL","2","q","2q",0,1,"LUAD","B_cell"
"80","2q14.2",0.484222182969434,1.35214387432036,1,"con","ALL","2","q","2q",0,1,"LUAD","B_cell"
"81","2q14.3",0.43061484704732,1.20863320527516,1,"con","ALL","2","q","2q",0,1,"LUAD","B_cell"
"82","2q21.1",0.362137946592766,0.987665473921538,1,"con","ALL","2","q","2q",0,1,"LUAD","B_cell"
"83","2q21.3",0.324585726485817,0.899461190790096,1,"con","ALL","2","q","2q",0,1,"LUAD","B_cell"
"84","2q23.2",0.29872535362944,0.833465740514358,1,"con","ALL","2","q","2q",0,1,"LUAD","B_cell"
"85","2q23.3",0.257984405756101,0.71903096495005,1,"con","ALL","2","q","2q",0,1,"LUAD","B_cell"
"86","2q24.2",0.18982820809232,0.526089626367028,1,"con","ALL","2","q","2q",0,1,"LUAD","B_cell"
"87","2q31.1",0.204530670396393,0.564756495376972,1,"con","ALL","2","q","2q",0,1,"LUAD","B_cell"
"88","2q31.2",0.194048464791991,0.487371984292308,1,"con","ALL","2","q","2q",0,1,"LUAD","B_cell"
"89","2q31.3",0.181886300478862,0.446049109721379,1,"con","ALL","2","q","2q",0,1,"LUAD","B_cell"
"90","2q32.1",0.193337930570093,0.465715222528701,1,"con","ALL","2","q","2q",0,1,"LUAD","B_cell"
"91","2q32.3",0.157061176420346,0.373913243786664,1,"con","ALL","2","q","2q",0,1,"LUAD","B_cell"
"92","2q33.1",0.195885241527977,0.43278049012079,1,"con","ALL","2","q","2q",0,1,"LUAD","B_cell"
"93","2q33.2",0.0227349124303474,0.0482244261844071,1,"con","ALL","2","q","2q",0,1,"LUAD","B_cell"
"94","2q34",0.0677289622875266,0.157292440615333,1,"con","ALL","2","q","2q",0,1,"LUAD","B_cell"
"95","2q35",0.184641121851559,0.470598388741603,1,"con","ALL","2","q","2q",0,1,"LUAD","B_cell"
"96","2q36.1",0.180243174233843,0.507909258146395,0.612745911339652,"con","ALL","2","q","2q",0,1,"LUAD","B_cell"
"97","2q36.3",0.180048683032185,0.52206764634992,0.602891750388465,"con","ALL","2","q","2q",0,1,"LUAD","B_cell"
"98","2q37.1",0.177779785716247,0.562126448843324,0.575411901533218,"con","ALL","2","q","2q",0,1,"LUAD","B_cell"
"99","2q37.3",0.102059196015822,0.349185707792437,0.727756608286989,"con","ALL","2","q","2q",0,1,"LUAD","B_cell"
"100","3p26.2",0.0200385530822836,0.100978293622161,0.919789842743741,"con","ALL","3","p","3p",0,-1,"LUAD","B_cell"
"101","3p26.1",0.0218259123952011,0.11050967143096,0.91224853984943,"con","ALL","3","p","3p",0,-1,"LUAD","B_cell"
"102","3p25.3",0.0367615505779704,0.189823363698181,0.849870329625173,"con","ALL","3","p","3p",0,-1,"LUAD","B_cell"
"103","3p25.2",0.0563480902515009,0.294924128347542,0.768723635384941,"con","ALL","3","p","3p",0,-1,"LUAD","B_cell"
"104","3p25.1",0.121655815035009,0.643000755108249,0.521840547414213,"con","ALL","3","p","3p",0,-1,"LUAD","B_cell"
"105","3p24.3",0.19292063965327,1.05737102985284,0.29314116052559,"con","ALL","3","p","3p",0.0662804262550242,-1,"LUAD","B_cell"
"106","3p24.2",0.188566488452387,1.03926206305221,0.301436351038084,"con","ALL","3","p","3p",0.0612117210028274,-1,"LUAD","B_cell"
"107","3p24.1",0.200663442520998,1.11931877320723,0.265949955231018,"con","ALL","3","p","3p",0.0849056350653048,-1,"LUAD","B_cell"
"108","3p23",0.208513175371449,1.16753742431164,0.246043492512859,"con","ALL","3","p","3p",0.10429585283972,-1,"LUAD","B_cell"
"109","3p22.3",0.220813111422974,1.23499890710612,0.220010146552389,"con","ALL","3","p","3p",0.13047450703282,-1,"LUAD","B_cell"
"110","3p22.2",0.233884739003237,1.29781135925065,0.197632212196299,"con","ALL","3","p","3p",0.146235652498434,-1,"LUAD","B_cell"
"111","3p22.1",0.234591486667572,1.26628883057203,0.208641601480861,"con","ALL","3","p","3p",0.135610647685973,-1,"LUAD","B_cell"
"112","3p21.33",0.227165074079997,1.18020958279274,0.240992767024483,"con","ALL","3","p","3p",0.105921774108446,-1,"LUAD","B_cell"
"113","3p21.31",0.155571700812952,0.715646248145411,0.476042099277513,"con","ALL","3","p","3p",0.00596291459711092,-1,"LUAD","B_cell"
"114","3p21.2",0.129662671313824,0.497947381526031,1,"con","ALL","3","p","3p",0,-1,"LUAD","B_cell"
"115","3p21.1",0.0826154469729886,0.280796440933536,1,"con","ALL","3","p","3p",0,-1,"LUAD","B_cell"
"116","3p14.3",0.0504521708488946,0.156511972254142,1,"con","ALL","3","p","3p",0,-1,"LUAD","B_cell"
"117","3p14.1",-0.00979451866638574,-0.0288963533241791,1,"con","ALL","3","p","3p",0,-1,"LUAD","B_cell"
"118","3p13",-0.043317070189029,-0.127748731672855,1,"con","ALL","3","p","3p",0,-1,"LUAD","B_cell"
"119","3p11.2",-0.0733177142170923,-0.211497224417336,1,"con","ALL","3","p","3p",0,-1,"LUAD","B_cell"
"120","3p11.1",-0.0980147171731285,-0.278757624812951,1,"con","ALL","3","p","3p",0,-1,"LUAD","B_cell"
"121","3q11.2",-0.0900563638967052,-0.249537582656058,1,"con","ALL","3","q","3q",0,-1,"LUAD","B_cell"
"122","3q12.2",0.174050862337413,0.5050940206961,1,"con","ALL","3","q","3q",0,1,"LUAD","B_cell"
"123","3q12.3",0.182107934056784,0.526445112892627,1,"con","ALL","3","q","3q",0,1,"LUAD","B_cell"
"124","3q13.12",0.132055423363637,0.390439802825804,1,"con","ALL","3","q","3q",0,1,"LUAD","B_cell"
"125","3q13.13",0.130885041679928,0.391660193542135,1,"con","ALL","3","q","3q",0,1,"LUAD","B_cell"
"126","3q13.2",0.131570838560157,0.396413781768809,1,"con","ALL","3","q","3q",0,1,"LUAD","B_cell"
"127","3q13.31",0.135411140298014,0.412681826775804,1,"con","ALL","3","q","3q",0,1,"LUAD","B_cell"
"128","3q13.33",0.0964844520339374,0.319544422596959,0.750046143863567,"con","ALL","3","q","3q",0,1,"LUAD","B_cell"
"129","3q21.1",0.0801151779059116,0.290695395976543,0.771945768428887,"con","ALL","3","q","3q",0,1,"LUAD","B_cell"
"130","3q21.3",0.135747499661633,0.53573261193819,0.593450358801621,"con","ALL","3","q","3q",0,1,"LUAD","B_cell"
"131","3q22.1",0.189261493207151,0.762549378612832,0.447704297151754,"con","ALL","3","q","3q",0.00886981873052237,1,"LUAD","B_cell"
"132","3q22.2",0.218650872960576,0.891521456269681,0.375000730704894,"con","ALL","3","q","3q",0.0297360481222584,-1,"LUAD","B_cell"
"133","3q22.3",0.286607096967442,1.20966685688253,0.229539916656082,"con","ALL","3","q","3q",0.117951444021698,-1,"LUAD","B_cell"
"134","3q23",0.334781797540775,1.5365226507985,0.127880083315794,"con","ALL","3","q","3q",0.232670803941469,-1,"LUAD","B_cell"
"135","3q24",0.336929271248785,1.72361079229434,0.0881741582390648,"con","ALL","3","q","3q",0.232704900145023,-1,"LUAD","B_cell"
"136","3q25.1",0.368256628503053,2.12237177092676,0.0365226786237272,"con","ALL","3","q","3q",0.313834889072208,-1,"LUAD","B_cell"
"137","3q25.2",0.371999082814504,2.37401913190077,0.0196974255673249,"con","ALL","3","q","3q",0.341256355000125,-1,"LUAD","B_cell"
"138","3q25.31",0.373687329237161,2.51558906088621,0.0136371501001273,"con","ALL","3","q","3q",0.381430323479086,-1,"LUAD","B_cell"
"139","3q25.32",0.374042409143857,2.57221768264118,0.0117245969791932,"con","ALL","3","q","3q",0.401658479951559,-1,"LUAD","B_cell"
"140","3q25.33",0.370299053131722,2.72543671687302,0.00770183722122831,"con","ALL","3","q","3q",0.401658479951559,-1,"LUAD","B_cell"
"141","3q26.1",0.369296742899348,2.83913456089094,0.00557917501336188,"con","ALL","3","q","3q",0.452560258019406,-1,"LUAD","B_cell"
"142","3q26.2",0.36035942206621,2.94055776342337,0.00415353071424578,"con","ALL","3","q","3q",0.529560294292514,-1,"LUAD","B_cell"
"143","3q26.31",0.357820803206415,2.97663436042775,0.00373340295692349,"con","ALL","3","q","3q",0.529560294292514,-1,"LUAD","B_cell"
"144","3q26.32",0.347174300902272,3.08437457534364,0.00270116452404711,"con","ALL","3","q","3q",0.591487946743091,-1,"LUAD","B_cell"
"145","3q26.33",0.316894416701845,3.25385649464636,0.0015986953301749,"con","ALL","3","q","3q",0.740092031562492,-1,"LUAD","B_cell"
"146","3q27.1",0.292729398912287,3.40739243645561,0.000978443922667387,"con","ALL","3","q","3q",0.856411784845872,-1,"LUAD","B_cell"
"147","3q27.2",0.282178814254768,3.43390476202648,0.000897570416156275,"con","ALL","3","q","3q",0.856411784845872,-1,"LUAD","B_cell"
"148","3q27.3",0.281454986384107,3.46666347111536,0.000806332364446272,"con","ALL","3","q","3q",0.856411784845872,-1,"LUAD","B_cell"
"149","3q29",0.257720929092089,3.48398718634996,0.000761692032186058,"con","ALL","3","q","3q",0.856411784845872,-1,"LUAD","B_cell"
"150","4p16.3",-0.415562504519961,-1.86001259242488,0.0661140617656681,"con","ALL","4","p","4p",-0.232704900145023,-1,"LUAD","B_cell"
"151","4p16.1",-0.498556357357085,-2.16640719423801,0.0328932179643074,"con","ALL","4","p","4p",-0.313834889072208,1,"LUAD","B_cell"
"152","4p15.32",-0.548291816897045,-2.33711871670113,0.0216269433558645,"con","ALL","4","p","4p",-0.341256355000125,1,"LUAD","B_cell"
"153","4p15.2",-0.579325616436276,-2.45625071481915,0.015937484832757,"con","ALL","4","p","4p",-0.347468738009087,1,"LUAD","B_cell"
"154","4p14",-0.604674746647932,-2.38162195568587,0.0193194081244593,"con","ALL","4","p","4p",-0.341256355000125,1,"LUAD","B_cell"
"155","4p13",-0.567772025285609,-2.09770653340113,0.0387034253048584,"con","ALL","4","p","4p",-0.310913425055388,1,"LUAD","B_cell"
"156","4p12",-0.582861237673948,-2.12042420132048,0.0366909151249469,"con","ALL","4","p","4p",-0.313834889072208,1,"LUAD","B_cell"
"157","4p11",-0.598435991532115,-2.16821320005047,0.0327513126209936,"con","ALL","4","p","4p",-0.313834889072208,1,"LUAD","B_cell"
"158","4q12",-0.646396595880495,-2.29432482149155,1,"con","ALL","4","q","4q",0,1,"LUAD","B_cell"
"159","4q13.2",-0.691489093154304,-2.36235130579774,1,"con","ALL","4","q","4q",0,1,"LUAD","B_cell"
"160","4q21.1",-0.810093629004589,-2.40263565973282,1,"con","ALL","4","q","4q",0,1,"LUAD","B_cell"
"161","4q21.22",-0.878505765799869,-2.52545404106665,1,"con","ALL","4","q","4q",0,1,"LUAD","B_cell"
"162","4q21.23",-0.892390439980984,-2.54982945023633,1,"con","ALL","4","q","4q",0,1,"LUAD","B_cell"
"163","4q22.1",-0.814384592708219,-2.3143759156231,1,"con","ALL","4","q","4q",0,1,"LUAD","B_cell"
"164","4q22.3",-0.764605104529637,-2.16538523874465,1,"con","ALL","4","q","4q",0,-1,"LUAD","B_cell"
"165","4q23",-0.474006921091677,-1.41517342921439,1,"con","ALL","4","q","4q",0,-1,"LUAD","B_cell"
"166","4q24",-0.570699361886065,-1.75150159954808,1,"con","ALL","4","q","4q",0,-1,"LUAD","B_cell"
"167","4q25",-0.64689892908289,-2.04178153898897,1,"con","ALL","4","q","4q",0,-1,"LUAD","B_cell"
"168","4q27",-0.648715902169341,-2.03090211991711,1,"con","ALL","4","q","4q",0,-1,"LUAD","B_cell"
"169","4q31.1",-0.657720989305728,-2.0910078051495,1,"con","ALL","4","q","4q",0,-1,"LUAD","B_cell"
"170","4q31.21",-0.692548433271441,-2.22988758694721,1,"con","ALL","4","q","4q",0,-1,"LUAD","B_cell"
"171","4q31.22",-0.712545067504245,-2.30711241605069,1,"con","ALL","4","q","4q",0,-1,"LUAD","B_cell"
"172","4q32.1",-0.783161742622094,-2.47822599548824,1,"con","ALL","4","q","4q",0,1,"LUAD","B_cell"
"173","4q32.2",-0.782883228694386,-2.46313707374552,1,"con","ALL","4","q","4q",0,1,"LUAD","B_cell"
"174","4q34.1",-0.789024376221403,-2.55118907490509,1,"con","ALL","4","q","4q",0,1,"LUAD","B_cell"
"175","4q34.2",-0.786210795909173,-2.56394025458,1,"con","ALL","4","q","4q",0,1,"LUAD","B_cell"
"176","4q35.1",-0.842329417610736,-2.81590334865768,1,"con","ALL","4","q","4q",0,1,"LUAD","B_cell"
"177","5p15.33",-0.164442054388774,-1.46663471827569,0.14592281699352,"con","ALL","5","p","5p",-0.21597139726463,1,"LUAD","B_cell"
"178","5p15.31",-0.185724338446836,-1.52178710589952,0.131529845287354,"con","ALL","5","p","5p",-0.228227981428245,1,"LUAD","B_cell"
"179","5p15.2",-0.193760239258137,-1.52004610883178,0.131966431506186,"con","ALL","5","p","5p",-0.228227981428245,1,"LUAD","B_cell"
"180","5p15.1",-0.209949729386132,-1.51024053856153,0.134446707292002,"con","ALL","5","p","5p",-0.22793801367251,1,"LUAD","B_cell"
"181","5p13.3",-0.226709175572578,-1.53480666575306,0.128300942559773,"con","ALL","5","p","5p",-0.232670803941469,1,"LUAD","B_cell"
"182","5p13.1",-0.262544297655174,-1.53372724336938,0.128566239939369,"con","ALL","5","p","5p",-0.232670803941469,1,"LUAD","B_cell"
"183","5p12",-0.286484460649361,-1.62254003520879,0.108147344847507,"con","ALL","5","p","5p",-0.232704900145023,1,"LUAD","B_cell"
"184","5q11.1",-0.33020944567929,-1.70624635800144,0.0913729653649226,"con","ALL","5","q","5q",-0.232704900145023,1,"LUAD","B_cell"
"185","5q11.2",-0.378105115921032,-1.92462418631396,0.0574004608430217,"con","ALL","5","q","5q",-0.241847210106312,1,"LUAD","B_cell"
"186","5q12.1",-0.391124393257812,-2.03886323287044,0.0443648167624592,"con","ALL","5","q","5q",-0.310913425055388,1,"LUAD","B_cell"
"187","5q12.3",-0.345246323224093,-1.86198331015843,0.0658327618705963,"con","ALL","5","q","5q",-0.232704900145023,1,"LUAD","B_cell"
"188","5q13.1",-0.329601757049757,-1.82882311500804,0.070701720072683,"con","ALL","5","q","5q",-0.232704900145023,1,"LUAD","B_cell"
"189","5q13.2",-0.276253168737578,-1.66095230183736,0.100164824359766,"con","ALL","5","q","5q",-0.232704900145023,1,"LUAD","B_cell"
"190","5q13.3",-0.248998900952458,-1.58153840975032,0.117224615464542,"con","ALL","5","q","5q",-0.232704900145023,-1,"LUAD","B_cell"
"191","5q14.1",-0.244173732425786,-1.58273039657789,0.116952398280593,"con","ALL","5","q","5q",-0.232704900145023,-1,"LUAD","B_cell"
"192","5q14.2",-0.246978914756422,-1.65027986138797,0.10233324606487,"con","ALL","5","q","5q",-0.232704900145023,-1,"LUAD","B_cell"
"193","5q14.3",-0.25267452532023,-1.7012972834222,0.0923018349091933,"con","ALL","5","q","5q",-0.232704900145023,-1,"LUAD","B_cell"
"194","5q15",-0.258245494556418,-1.72684319210123,0.0875889509601852,"con","ALL","5","q","5q",-0.232704900145023,-1,"LUAD","B_cell"
"195","5q21.1",-0.25589040100832,-1.69767631936548,0.0929863094318612,"con","ALL","5","q","5q",-0.232704900145023,-1,"LUAD","B_cell"
"196","5q21.3",-0.259979320343666,-1.70599856001494,0.09141929111793,"con","ALL","5","q","5q",-0.232704900145023,-1,"LUAD","B_cell"
"197","5q22.2",-0.269257641483676,-1.72353053240957,0.0881887295016071,"con","ALL","5","q","5q",-0.232704900145023,-1,"LUAD","B_cell"
"198","5q22.3",-0.26556747845557,-1.65968765051489,0.100419814555869,"con","ALL","5","q","5q",-0.232704900145023,-1,"LUAD","B_cell"
"199","5q23.1",-0.261971225130763,-1.62680467139576,0.107236587417959,"con","ALL","5","q","5q",-0.232704900145023,-1,"LUAD","B_cell"
"200","5q23.2",-0.256919015612339,-1.59211410796327,0.114826999156741,"con","ALL","5","q","5q",-0.232704900145023,-1,"LUAD","B_cell"
"201","5q31.1",-0.243682127526954,-1.62167538506862,0.108332756578244,"con","ALL","5","q","5q",-0.232704900145023,1,"LUAD","B_cell"
"202","5q31.2",-0.215098036630429,-1.56298466224424,0.121527302818458,"con","ALL","5","q","5q",-0.232704900145023,1,"LUAD","B_cell"
"203","5q31.3",-0.131520593977006,-0.996116378485857,0.32183500406392,"con","ALL","5","q","5q",-0.0419733049647718,1,"LUAD","B_cell"
"204","5q32",-0.0557222521108157,-0.459977111012236,0.646629791259224,"con","ALL","5","q","5q",0,1,"LUAD","B_cell"
"205","5q33.1",-0.0524109415162397,-0.439942910505184,0.66102158517184,"con","ALL","5","q","5q",0,1,"LUAD","B_cell"
"206","5q33.2",-0.0558967399282194,-0.47085254901704,0.638872766128051,"con","ALL","5","q","5q",0,1,"LUAD","B_cell"
"207","5q33.3",-0.0576591022063062,-0.49616703739839,0.620972885053267,"con","ALL","5","q","5q",0,1,"LUAD","B_cell"
"208","5q34",-0.0631091748214047,-0.553161941358516,0.581508970507262,"con","ALL","5","q","5q",0,1,"LUAD","B_cell"
"209","5q35.1",-0.0655153306052013,-0.582810174306304,0.561462540925553,"con","ALL","5","q","5q",0,1,"LUAD","B_cell"
"210","5q35.2",-0.0774497030628989,-0.695702870128676,0.488387854452473,"con","ALL","5","q","5q",-0.00596291459711092,1,"LUAD","B_cell"
"211","5q35.3",-0.0950855078977789,-0.921841305727529,0.359048936743884,"con","ALL","5","q","5q",-0.0380389516696883,1,"LUAD","B_cell"
"212","6p25.2",-0.0968787087437912,-0.395702480728652,0.69325070783532,"con","ALL","6","p","6p",0,1,"LUAD","B_cell"
"213","6p25.1",-0.0727888908484454,-0.306600889918629,0.759847612620306,"con","ALL","6","p","6p",0,1,"LUAD","B_cell"
"214","6p24.3",-0.0653346610571699,-0.284630110820343,0.776574259903328,"con","ALL","6","p","6p",0,1,"LUAD","B_cell"
"215","6p24.2",-0.0747439853626959,-0.336374919283441,0.737362595726245,"con","ALL","6","p","6p",0,1,"LUAD","B_cell"
"216","6p23",0.0213281922323185,0.0969203216052011,0.923002810664564,"con","ALL","6","p","6p",0,1,"LUAD","B_cell"
"217","6p22.3",-0.00428782965831355,-0.0222567803095267,0.982291855410469,"con","ALL","6","p","6p",0,1,"LUAD","B_cell"
"218","6p22.2",0.0025380742402581,0.0138652312022044,0.988967853591798,"con","ALL","6","p","6p",0,1,"LUAD","B_cell"
"219","6p22.1",-0.00123899831925119,-0.00719861788582586,0.994272141273836,"con","ALL","6","p","6p",0,1,"LUAD","B_cell"
"220","6p21.33",-0.00542919052951503,-0.0353688913491487,0.971863058905642,"con","ALL","6","p","6p",0,1,"LUAD","B_cell"
"221","6p21.32",-0.00048410506456122,-0.00328243868060028,0.997388182652518,"con","ALL","6","p","6p",0,1,"LUAD","B_cell"
"222","6p21.31",0.0059643875260787,0.0378147123204503,0.969918247111444,"con","ALL","6","p","6p",0,1,"LUAD","B_cell"
"223","6p21.2",0.0480535323709685,0.26502785320194,0.791587412076157,"con","ALL","6","p","6p",0,1,"LUAD","B_cell"
"224","6p21.1",0.0503169330483757,0.229557833698014,0.818950560175588,"con","ALL","6","p","6p",0,1,"LUAD","B_cell"
"225","6p12.1",-0.0669539705085509,-0.27435593784238,0.784432951950222,"con","ALL","6","p","6p",0,1,"LUAD","B_cell"
"226","6q12",-0.0734307488895084,-0.319651364542598,0.74996533037435,"con","ALL","6","q","6q",0,1,"LUAD","B_cell"
"227","6q13",-0.0826736882916344,-0.372253104953528,0.710569920615586,"con","ALL","6","q","6q",0,1,"LUAD","B_cell"
"228","6q14.1",-0.0645954992931834,-0.317150929770884,0.751855577717978,"con","ALL","6","q","6q",0,1,"LUAD","B_cell"
"229","6q14.3",-0.0286442790674954,-0.159856436191301,0.873348459013163,"con","ALL","6","q","6q",0,1,"LUAD","B_cell"
"230","6q15",-0.00156807516681624,-0.00934151461929632,0.992567107002218,"con","ALL","6","q","6q",0,1,"LUAD","B_cell"
"231","6q16.1",0.0113342665313709,0.0705491395883878,0.943911400103354,"con","ALL","6","q","6q",0,1,"LUAD","B_cell"
"232","6q16.2",0.00953687765779272,0.061732854523572,0.95091096142275,"con","ALL","6","q","6q",0,1,"LUAD","B_cell"
"233","6q21",0.00595323329102076,0.0405534077561436,0.967740770479343,"con","ALL","6","q","6q",0,-1,"LUAD","B_cell"
"234","6q22.1",0.00174409000093751,0.0121955222498485,0.990296319515246,"con","ALL","6","q","6q",0,-1,"LUAD","B_cell"
"235","6q22.31",0.00104017445424321,0.00714003997488915,0.994318750250123,"con","ALL","6","q","6q",0,-1,"LUAD","B_cell"
"236","6q22.33",-0.00661566743277776,-0.0444552758511302,0.96463890710319,"con","ALL","6","q","6q",0,-1,"LUAD","B_cell"
"237","6q23.2",-0.00499749571669564,-0.0333437474298789,0.973473495609218,"con","ALL","6","q","6q",0,-1,"LUAD","B_cell"
"238","6q23.3",-0.00633161117433959,-0.0417357001918296,0.966800830299016,"con","ALL","6","q","6q",0,-1,"LUAD","B_cell"
"239","6q24.1",-0.0129475952207066,-0.0845359535797961,0.932816018739972,"con","ALL","6","q","6q",0,-1,"LUAD","B_cell"
"240","6q24.2",-0.00824808650289243,-0.0539552381762911,0.957089102933136,"con","ALL","6","q","6q",0,-1,"LUAD","B_cell"
"241","6q25.1",0.0340349619930546,0.227778520162324,0.820329430667835,"con","ALL","6","q","6q",0,-1,"LUAD","B_cell"
"242","6q25.3",0.063639835338609,0.446273364421775,0.656459919934696,"con","ALL","6","q","6q",0,1,"LUAD","B_cell"
"243","6q27",0.0736213297314668,0.528959624050322,0.598121351973582,"con","ALL","6","q","6q",0,1,"LUAD","B_cell"
"244","7p22.3",-0.170809673925515,-2.11070025229342,0.0375409726881388,"con","ALL","7","p","7p",-0.313834889072208,1,"LUAD","B_cell"
"245","7p22.1",-0.167630759297325,-2.11771027778695,0.0369264703094653,"con","ALL","7","p","7p",-0.313834889072208,1,"LUAD","B_cell"
"246","7p21.3",-0.167698467882591,-2.13832375391555,0.0351696762014289,"con","ALL","7","p","7p",-0.313834889072208,1,"LUAD","B_cell"
"247","7p21.1",-0.16857489333803,-2.14283680666361,0.0347948724772207,"con","ALL","7","p","7p",-0.313834889072208,1,"LUAD","B_cell"
"248","7p15.3",-0.172190680433126,-2.16655458303573,0.0328816169976749,"con","ALL","7","p","7p",-0.313834889072208,1,"LUAD","B_cell"
"249","7p15.2",-0.174348532362675,-2.18188515753905,0.0316942328017215,"con","ALL","7","p","7p",-0.313834889072208,1,"LUAD","B_cell"
"250","7p14.3",-0.176133233596961,-2.15273254560582,0.033985161204358,"con","ALL","7","p","7p",-0.313834889072208,1,"LUAD","B_cell"
"251","7p14.2",-0.17783069260707,-2.1440955381506,0.034690956683184,"con","ALL","7","p","7p",-0.313834889072208,1,"LUAD","B_cell"
"252","7p14.1",-0.172549553865453,-2.04286680236557,0.0439582626330105,"con","ALL","7","p","7p",-0.310913425055388,1,"LUAD","B_cell"
"253","7p13",-0.161644665806219,-1.85466406542962,0.0668825875207981,"con","ALL","7","p","7p",-0.232704900145023,1,"LUAD","B_cell"
"254","7p12.3",-0.156151909042637,-1.71529259730236,0.0896948644179152,"con","ALL","7","p","7p",-0.232704900145023,1,"LUAD","B_cell"
"255","7p11.2",-0.158763233354159,-1.67832902982139,0.09671403931747,"con","ALL","7","p","7p",-0.232704900145023,1,"LUAD","B_cell"
"256","7q11.21",-0.166408713632008,-1.6570230640378,0.1009587937222,"con","ALL","7","q","7q",-0.232704900145023,1,"LUAD","B_cell"
"257","7q11.23",-0.172892620540242,-1.42192630225876,0.158466077335748,"con","ALL","7","q","7q",-0.19723977044154,1,"LUAD","B_cell"
"258","7q21.12",-0.178306410851753,-1.33719179155665,0.184493011536436,"con","ALL","7","q","7q",-0.166428534399673,1,"LUAD","B_cell"
"259","7q21.2",-0.161847685790948,-1.13122860904565,0.260931298453548,"con","ALL","7","q","7q",-0.0868557050696481,1,"LUAD","B_cell"
"260","7q21.3",-0.137218048392648,-0.914357520990754,0.362945427726694,"con","ALL","7","q","7q",-0.0352944222717518,1,"LUAD","B_cell"
"261","7q22.1",-0.113757785298871,-0.701776483400267,0.484609559259545,"con","ALL","7","q","7q",-0.00596291459711092,1,"LUAD","B_cell"
"262","7q22.3",-0.0847093241886975,-0.475807944613193,0.63535148428185,"con","ALL","7","q","7q",0,1,"LUAD","B_cell"
"263","7q31.1",-0.0909327032100234,-0.490988676620165,0.624616460960637,"con","ALL","7","q","7q",0,1,"LUAD","B_cell"
"264","7q31.2",-0.0920475541281087,-0.48956393454812,0.62562057563028,"con","ALL","7","q","7q",0,1,"LUAD","B_cell"
"265","7q31.31",-0.0821710532699307,-0.435269156409632,0.664397692389761,"con","ALL","7","q","7q",0,1,"LUAD","B_cell"
"266","7q31.32",-0.0833847964213368,-0.43783411894258,0.662544017603029,"con","ALL","7","q","7q",0,1,"LUAD","B_cell"
"267","7q32.1",-0.0869562499452908,-0.446264220605709,0.65646649955528,"con","ALL","7","q","7q",0,-1,"LUAD","B_cell"
"268","7q32.2",-0.0955093717601497,-0.485036804237167,0.628815840021734,"con","ALL","7","q","7q",0,-1,"LUAD","B_cell"
"269","7q33",-0.0991901306421367,-0.500723125287077,0.617774943235475,"con","ALL","7","q","7q",0,-1,"LUAD","B_cell"
"270","7q34",-0.109388596019985,-0.557921149357656,0.578268245506487,"con","ALL","7","q","7q",0,1,"LUAD","B_cell"
"271","7q36.1",-0.131203164197197,-0.699979554901966,0.485725718954362,"con","ALL","7","q","7q",-0.00596291459711092,1,"LUAD","B_cell"
"272","7q36.3",-0.13932935990805,-0.771321172756238,0.44251482675295,"con","ALL","7","q","7q",-0.0105796129656933,1,"LUAD","B_cell"
"273","8p23.3",-0.120672606556154,-0.70540765810312,0.482358378923872,"con","ALL","8","p","8p",-0.00596291459711092,1,"LUAD","B_cell"
"274","8p22",-0.0731469492426957,-0.413934266579427,0.679896233346322,"con","ALL","8","p","8p",0,1,"LUAD","B_cell"
"275","8p21.3",-0.0304457651287883,-0.164505325970958,0.869698211122409,"con","ALL","8","p","8p",0,1,"LUAD","B_cell"
"276","8p21.2",0.0489087238191064,0.25444477508632,0.799726058405524,"con","ALL","8","p","8p",0,1,"LUAD","B_cell"
"277","8p21.1",0.0820701156512894,0.419013728515622,0.676193500959281,"con","ALL","8","p","8p",0,1,"LUAD","B_cell"
"278","8p12",0.105259450707469,0.524752636516967,0.601031219290117,"con","ALL","8","p","8p",0,1,"LUAD","B_cell"
"279","8p11.23",0.155326993080348,0.746800438125209,0.457109198632195,"con","ALL","8","p","8p",0.00867757010616076,1,"LUAD","B_cell"
"280","8p11.22",0.176548216148385,0.853292704039007,0.395737469973667,"con","ALL","8","p","8p",0.027093005706592,1,"LUAD","B_cell"
"281","8p11.21",0.147730729950093,0.73279747329802,0.465565375497524,"con","ALL","8","p","8p",0.00596291459711092,1,"LUAD","B_cell"
"282","8q11.21",0.104893545437685,0.553591319162437,0.581216236871933,"con","ALL","8","q","8q",0,1,"LUAD","B_cell"
"283","8q11.23",0.0870077959344649,0.475913515366432,0.635276556923063,"con","ALL","8","q","8q",0,1,"LUAD","B_cell"
"284","8q12.1",0.0228927275574114,0.134251682060079,0.893500035668035,"con","ALL","8","q","8q",0,1,"LUAD","B_cell"
"285","8q12.3",-0.00844620172230101,-0.0522939241873651,0.958409118576638,"con","ALL","8","q","8q",0,1,"LUAD","B_cell"
"286","8q13.1",-0.0538432707602602,-0.346539126545595,0.72973760780906,"con","ALL","8","q","8q",0,1,"LUAD","B_cell"
"287","8q13.3",-0.0786933872621047,-0.522674892957866,0.602470735731895,"con","ALL","8","q","8q",0,1,"LUAD","B_cell"
"288","8q21.11",-0.116364873468411,-0.814540676711628,0.417461811941887,"con","ALL","8","q","8q",-0.0187226606509372,1,"LUAD","B_cell"
"289","8q21.13",-0.113734663262324,-0.880771094092903,0.380762016069704,"con","ALL","8","q","8q",-0.0297360481222584,1,"LUAD","B_cell"
"290","8q21.3",-0.108810767918426,-0.934148826853226,0.352699291109806,"con","ALL","8","q","8q",-0.0380389516696883,1,"LUAD","B_cell"
"291","8q22.1",-0.0910148906715644,-0.877102761680163,0.38274051222536,"con","ALL","8","q","8q",-0.0297360481222584,1,"LUAD","B_cell"
"292","8q22.2",-0.0770903091004148,-0.789534595808744,0.431852032763512,"con","ALL","8","q","8q",-0.0105796129656933,1,"LUAD","B_cell"
"293","8q22.3",-0.0632046633942118,-0.671870778836389,0.503368154492982,"con","ALL","8","q","8q",-0.00239448485473393,1,"LUAD","B_cell"
"294","8q23.1",-0.0445009451198472,-0.487517116731893,0.627064346357871,"con","ALL","8","q","8q",0,1,"LUAD","B_cell"
"295","8q23.2",-0.0406754451140749,-0.448530225744843,0.654836778472811,"con","ALL","8","q","8q",0,1,"LUAD","B_cell"
"296","8q24.11",-0.0341132568749742,-0.379181297869847,0.70543657968832,"con","ALL","8","q","8q",0,1,"LUAD","B_cell"
"297","8q24.12",-0.0247783836872656,-0.280282089743599,0.779897266986229,"con","ALL","8","q","8q",0,1,"LUAD","B_cell"
"298","8q24.13",-0.0224845061689665,-0.259472703761268,0.79585664090422,"con","ALL","8","q","8q",0,1,"LUAD","B_cell"
"299","8q24.22",-0.0117139999918509,-0.139618565718556,0.889269917155983,"con","ALL","8","q","8q",0,1,"LUAD","B_cell"
"300","8q24.3",0.0150689525003321,0.186949169660704,0.852116658388471,"con","ALL","8","q","8q",0,1,"LUAD","B_cell"
"301","9p24.1",0.113791295074554,1.06075252298689,0.291609617298954,"con","ALL","9","p","9p",0.0662804262550242,-1,"LUAD","B_cell"
"302","9p22.3",0.116443135536664,1.07459693488068,0.285396295449519,"con","ALL","9","p","9p",0.0662804262550242,-1,"LUAD","B_cell"
"303","9p22.1",0.138329643858806,1.29223161841831,0.199548839036273,"con","ALL","9","p","9p",0.146235652498434,-1,"LUAD","B_cell"
"304","9p21.1",0.191057824047238,1.62799982105414,0.106982461718952,"con","ALL","9","p","9p",0.232704900145023,-1,"LUAD","B_cell"
"305","9p13.3",0.2450122361185,1.77303170064358,0.0795694113407291,"con","ALL","9","p","9p",0.232704900145023,-1,"LUAD","B_cell"
"306","9p13.2",0.300417077694125,1.85399879600804,0.0669787003511674,"con","ALL","9","p","9p",0.232704900145023,-1,"LUAD","B_cell"
"307","9q21.12",0.372411668967438,2.0547217482603,0.0427731185449358,"con","ALL","9","q","9q",0.310913425055388,-1,"LUAD","B_cell"
"308","9q21.13",0.448709156872866,2.26051183916244,0.0261740634336033,"con","ALL","9","q","9q",0.313834889072208,-1,"LUAD","B_cell"
"309","9q21.2",0.478372846703342,2.08473198665772,1,"con","ALL","9","q","9q",0,-1,"LUAD","B_cell"
"310","9q21.31",0.512069834489938,2.21259156025926,1,"con","ALL","9","q","9q",0,-1,"LUAD","B_cell"
"311","9q21.32",0.543986418185153,2.31931669699751,1,"con","ALL","9","q","9q",0,-1,"LUAD","B_cell"
"312","9q21.33",0.60164184282002,2.55704181178246,1,"con","ALL","9","q","9q",0,-1,"LUAD","B_cell"
"313","9q22.2",0.61455409439789,2.62249613778711,1,"con","ALL","9","q","9q",0,-1,"LUAD","B_cell"
"314","9q22.31",0.596899558934988,2.61363722147778,1,"con","ALL","9","q","9q",0,-1,"LUAD","B_cell"
"315","9q22.32",0.592843931674743,2.62498551813457,1,"con","ALL","9","q","9q",0,-1,"LUAD","B_cell"
"316","9q22.33",0.567780507521293,2.64190424400737,1,"con","ALL","9","q","9q",0,-1,"LUAD","B_cell"
"317","9q31.1",0.512224123463537,2.58141252823337,0.0114379610233546,"con","ALL","9","q","9q",0.401658479951559,-1,"LUAD","B_cell"
"318","9q31.2",0.479966908884692,2.59589330611934,0.0109993468890694,"con","ALL","9","q","9q",0.401658479951559,-1,"LUAD","B_cell"
"319","9q31.3",0.45694776337909,2.56829298797587,0.0118489038418013,"con","ALL","9","q","9q",0.401658479951559,-1,"LUAD","B_cell"
"320","9q32",0.445628588890888,2.44100220830311,0.0165820526722101,"con","ALL","9","q","9q",0.347468738009087,-1,"LUAD","B_cell"
"321","9q33.2",0.428975002920941,2.14849692124153,0.0343297117308632,"con","ALL","9","q","9q",0.313834889072208,-1,"LUAD","B_cell"
"322","9q33.3",0.285320174840761,1.3492312652186,0.180610203484368,"con","ALL","9","q","9q",0.170426528082127,-1,"LUAD","B_cell"
"323","9q34.11",0.082763310848545,0.36366687127558,0.71695030682423,"con","ALL","9","q","9q",0,-1,"LUAD","B_cell"
"324","9q34.13",-0.0210139631688318,-0.0915265377326817,0.927275398963257,"con","ALL","9","q","9q",0,-1,"LUAD","B_cell"
"325","9q34.3",-0.058620187083639,-0.294007829982939,0.76942147743519,"con","ALL","9","q","9q",0,1,"LUAD","B_cell"
"326","10p15.3",0.235377498583646,1.91004397864039,0.0592769813614834,"con","ALL","10","p","10p",0.235429647774029,-1,"LUAD","B_cell"
"327","10p14",0.200866051877512,1.3527684767347,0.179481237155825,"con","ALL","10","p","10p",0.170426528082127,-1,"LUAD","B_cell"
"328","10p13",0.177250128034762,1.06422901315045,0.290040757245033,"con","ALL","10","p","10p",0.0662804262550242,-1,"LUAD","B_cell"
"329","10p12.2",0.115495955111677,0.600683904308501,0.549543724818043,"con","ALL","10","p","10p",0,-1,"LUAD","B_cell"
"330","10p12.1",0.05112187286463,0.242022403049399,0.809307388503543,"con","ALL","10","p","10p",0,-1,"LUAD","B_cell"
"331","10p11.22",-0.0135283213676215,-0.0590983703683181,0.953003344225673,"con","ALL","10","p","10p",0,-1,"LUAD","B_cell"
"332","10q11.21",-0.0770801650078613,-0.303752710286303,0.762009728079406,"con","ALL","10","q","10q",0,-1,"LUAD","B_cell"
"333","10q11.22",-0.112828540044329,-0.430996861682119,0.667489873322958,"con","ALL","10","q","10q",0,-1,"LUAD","B_cell"
"334","10q21.1",-0.120685974610339,-0.453005537153554,0.651623026979083,"con","ALL","10","q","10q",0,-1,"LUAD","B_cell"
"335","10q21.3",-0.173271594919516,-0.615649866344881,1,"con","ALL","10","q","10q",0,-1,"LUAD","B_cell"
"336","10q22.1",-0.207300930586507,-0.653704599890432,1,"con","ALL","10","q","10q",0,1,"LUAD","B_cell"
"337","10q22.2",-0.155682816149528,-0.446710581337269,1,"con","ALL","10","q","10q",0,1,"LUAD","B_cell"
"338","10q22.3",-0.0191954573988659,-0.0547907396388179,1,"con","ALL","10","q","10q",0,1,"LUAD","B_cell"
"339","10q23.1",0.0510571704122642,0.145111226210388,1,"con","ALL","10","q","10q",0,1,"LUAD","B_cell"
"340","10q23.2",0.0901483284407343,0.25597096619025,1,"con","ALL","10","q","10q",0,1,"LUAD","B_cell"
"341","10q23.31",0.107476209174021,0.302625321600973,1,"con","ALL","10","q","10q",0,-1,"LUAD","B_cell"
"342","10q23.32",0.130399951231898,0.366397523941726,1,"con","ALL","10","q","10q",0,-1,"LUAD","B_cell"
"343","10q24.1",0.230073083822471,0.670294511638251,1,"con","ALL","10","q","10q",0,-1,"LUAD","B_cell"
"344","10q24.2",0.244125536779754,0.71817102362625,1,"con","ALL","10","q","10q",0,-1,"LUAD","B_cell"
"345","10q24.31",0.286758279143135,0.884952427846458,1,"con","ALL","10","q","10q",0,-1,"LUAD","B_cell"
"346","10q24.32",0.291810236857481,0.925088391631916,0.357366661164583,"con","ALL","10","q","10q",0.0380389516696883,-1,"LUAD","B_cell"
"347","10q25.1",0.277700986965581,0.879256137779531,0.381578324763468,"con","ALL","10","q","10q",0.0297360481222584,-1,"LUAD","B_cell"
"348","10q25.2",0.263693761236066,0.827164689845646,0.410307514470892,"con","ALL","10","q","10q",0.024475216050842,-1,"LUAD","B_cell"
"349","10q25.3",0.18326053102002,0.572970703022539,1,"con","ALL","10","q","10q",0,-1,"LUAD","B_cell"
"350","10q26.11",0.164957824128237,0.510337796829226,1,"con","ALL","10","q","10q",0,-1,"LUAD","B_cell"
"351","10q26.13",0.260657687903607,0.92184322426509,1,"con","ALL","10","q","10q",0,-1,"LUAD","B_cell"
"352","10q26.3",0.244945841299816,0.962456697711248,0.338370800052647,"con","ALL","10","q","10q",0.0380389516696883,-1,"LUAD","B_cell"
"353","11p15.5",-0.12581443406149,-1.03754182302841,0.302232527359354,"con","ALL","11","p","11p",-0.0612117210028274,-1,"LUAD","B_cell"
"354","11p15.4",-0.203783184730381,-1.10353369934149,0.272705122297441,"con","ALL","11","p","11p",-0.0809770507690443,-1,"LUAD","B_cell"
"355","11p15.3",-0.240117746697517,-1.11517839053679,0.267710384316127,"con","ALL","11","p","11p",-0.0843942444865902,-1,"LUAD","B_cell"
"356","11p15.2",-0.245877633734967,-1.05465986403591,0.294373056815845,"con","ALL","11","p","11p",-0.0662804262550242,-1,"LUAD","B_cell"
"357","11p15.1",-0.252033266089367,-0.97333750018895,0.332965810887679,"con","ALL","11","p","11p",-0.0384584368621454,-1,"LUAD","B_cell"
"358","11p14.3",-0.279667228937348,-0.944009442114074,0.347664482478742,"con","ALL","11","p","11p",-0.0380389516696883,-1,"LUAD","B_cell"
"359","11p13",-0.081069359613208,-0.213119657579956,1,"con","ALL","11","p","11p",0,-1,"LUAD","B_cell"
"360","11p12",-0.0570896474694107,-0.130453354198793,1,"con","ALL","11","p","11p",0,-1,"LUAD","B_cell"
"361","11p11.2",-0.054606524484502,-0.106331344370598,1,"con","ALL","11","p","11p",0,1,"LUAD","B_cell"
"362","11q12.1",-0.082205408539278,-0.140705489176529,1,"con","ALL","11","q","11q",0,1,"LUAD","B_cell"
"363","11q12.2",-0.0748297485569146,-0.148458294375559,1,"con","ALL","11","q","11q",0,1,"LUAD","B_cell"
"364","11q12.3",0.0261134022315934,0.0597523005582309,1,"con","ALL","11","q","11q",0,1,"LUAD","B_cell"
"365","11q13.1",0.192790759742911,0.548473205977663,1,"con","ALL","11","q","11q",0,1,"LUAD","B_cell"
"366","11q13.2",0.0945392484607318,0.404628433208587,0.686700172432185,"con","ALL","11","q","11q",0,1,"LUAD","B_cell"
"367","11q13.3",0.114577627475638,0.599079997479002,0.550608066117904,"con","ALL","11","q","11q",0,1,"LUAD","B_cell"
"368","11q13.4",0.191859802634905,0.951150209254437,0.34404757697829,"con","ALL","11","q","11q",0.0380389516696883,1,"LUAD","B_cell"
"369","11q13.5",0.264002175209433,1.26310763526329,0.20977727166894,"con","ALL","11","q","11q",0.135610647685973,1,"LUAD","B_cell"
"370","11q14.1",0.368018266216447,1.44786460798856,0.151091516182407,"con","ALL","11","q","11q",0.211775689977934,-1,"LUAD","B_cell"
"371","11q14.2",0.38914692794401,1.3468822474861,1,"con","ALL","11","q","11q",0,-1,"LUAD","B_cell"
"372","11q14.3",0.396923635599865,1.30748119360313,1,"con","ALL","11","q","11q",0,-1,"LUAD","B_cell"
"373","11q21",0.363714279185625,1.1270225268048,1,"con","ALL","11","q","11q",0,-1,"LUAD","B_cell"
"374","11q22.2",0.299000009143575,0.919027719947058,1,"con","ALL","11","q","11q",0,-1,"LUAD","B_cell"
"375","11q22.3",0.172979384194183,0.554567916183023,1,"con","ALL","11","q","11q",0,-1,"LUAD","B_cell"
"376","11q23.1",0.0664388866836042,0.23690102844507,0.813266051725487,"con","ALL","11","q","11q",0,-1,"LUAD","B_cell"
"377","11q23.2",0.027836129309241,0.105851158004111,0.91593343294347,"con","ALL","11","q","11q",0,-1,"LUAD","B_cell"
"378","11q23.3",-0.0364773708545108,-0.15375583774663,0.878142718640069,"con","ALL","11","q","11q",0,-1,"LUAD","B_cell"
"379","11q24.1",-0.0774235721530169,-0.396397434401321,0.692739853114143,"con","ALL","11","q","11q",0,-1,"LUAD","B_cell"
"380","11q24.2",-0.0658673780878792,-0.349293594989766,0.727675892464633,"con","ALL","11","q","11q",0,1,"LUAD","B_cell"
"381","11q24.3",-0.0685494104337356,-0.384697984355712,0.701358784943633,"con","ALL","11","q","11q",0,1,"LUAD","B_cell"
"382","11q25",-0.0701725279661127,-0.407981709112328,0.68424542114053,"con","ALL","11","q","11q",0,1,"LUAD","B_cell"
"383","12p13.33",0.220615539020762,2.0515206272378,0.0430903982137473,"con","ALL","12","p","12p",0.310913425055388,1,"LUAD","B_cell"
"384","12p13.32",0.224526822455581,2.0388691127774,0.0443642173130375,"con","ALL","12","p","12p",0.310913425055388,1,"LUAD","B_cell"
"385","12p13.31",0.246713788234499,2.01901795219025,0.0464280047872143,"con","ALL","12","p","12p",0.306610408344636,-1,"LUAD","B_cell"
"386","12p13.2",0.277606610098273,1.82307604010039,0.0715753756883962,"con","ALL","12","p","12p",0.232704900145023,-1,"LUAD","B_cell"
"387","12p13.1",0.291508276049002,1.75957194981137,0.0818411811154209,"con","ALL","12","p","12p",0.232704900145023,-1,"LUAD","B_cell"
"388","12p12.3",0.29315972535765,1.67286918430382,0.0977877228369847,"con","ALL","12","p","12p",0.232704900145023,-1,"LUAD","B_cell"
"389","12p12.1",0.291063511547878,1.39203845790507,0.167303563895843,"con","ALL","12","p","12p",0.182750543450055,1,"LUAD","B_cell"
"390","12p11.23",0.337007710836439,1.41997481894302,1,"con","ALL","12","p","12p",0,1,"LUAD","B_cell"
"391","12p11.22",0.380756011516188,1.45705927041657,1,"con","ALL","12","p","12p",0,1,"LUAD","B_cell"
"392","12q12",0.410632412363373,1.37007382455642,1,"con","ALL","12","q","12q",0,1,"LUAD","B_cell"
"393","12q13.11",0.465015469817645,1.47474709534977,1,"con","ALL","12","q","12q",0,1,"LUAD","B_cell"
"394","12q13.12",0.454177984652661,1.38806737400971,0.168505563083318,"con","ALL","12","q","12q",0.18262634604251,1,"LUAD","B_cell"
"395","12q13.13",0.209938507301419,0.772814344769719,0.441634949431446,"con","ALL","12","q","12q",0.0105796129656933,1,"LUAD","B_cell"
"396","12q13.2",-0.0337010590339027,-0.170121933522856,0.8652918930284,"con","ALL","12","q","12q",0,1,"LUAD","B_cell"
"397","12q13.3",-0.105868325773181,-0.695351873534285,0.488606696118334,"con","ALL","12","q","12q",-0.00596291459711092,1,"LUAD","B_cell"
"398","12q14.1",-0.120060977567447,-0.874714372098286,0.384032113916816,"con","ALL","12","q","12q",-0.0297360481222584,1,"LUAD","B_cell"
"399","12q14.3",-0.125776623452877,-0.922636139005424,0.358636676326249,"con","ALL","12","q","12q",-0.0380389516696883,1,"LUAD","B_cell"
"400","12q15",-0.131252003306552,-0.946082090256782,0.346612131597319,"con","ALL","12","q","12q",-0.0380389516696883,1,"LUAD","B_cell"
"401","12q21.1",-0.151159133736265,-0.970082841560519,0.334576576681499,"con","ALL","12","q","12q",-0.0384555353305893,-1,"LUAD","B_cell"
"402","12q21.2",-0.161443050356929,-0.936975186447984,0.351251385843855,"con","ALL","12","q","12q",-0.0380389516696883,-1,"LUAD","B_cell"
"403","12q21.31",-0.158585153294048,-0.839959724351679,0.40313239034578,"con","ALL","12","q","12q",-0.0244893010762642,-1,"LUAD","B_cell"
"404","12q21.33",-0.121557587889661,-0.600806492587012,0.549462418533012,"con","ALL","12","q","12q",0,-1,"LUAD","B_cell"
"405","12q22",-0.0959572037971143,-0.454973183968998,0.650212121297136,"con","ALL","12","q","12q",0,-1,"LUAD","B_cell"
"406","12q23.1",-0.0695785701319857,-0.328101033433978,0.743589002792349,"con","ALL","12","q","12q",0,-1,"LUAD","B_cell"
"407","12q23.2",-0.0464622495386279,-0.220937724589797,0.825635895174027,"con","ALL","12","q","12q",0,-1,"LUAD","B_cell"
"408","12q23.3",0.0154047124919283,0.0755241687606884,0.93996345490575,"con","ALL","12","q","12q",0,-1,"LUAD","B_cell"
"409","12q24.11",0.109617230720783,0.582536109435159,0.561646281751179,"con","ALL","12","q","12q",0,-1,"LUAD","B_cell"
"410","12q24.13",0.158098145491475,0.860837719325197,0.391589901810177,"con","ALL","12","q","12q",0.027093005706592,-1,"LUAD","B_cell"
"411","12q24.23",0.209635893442901,1.13945239273469,0.257504991655371,"con","ALL","12","q","12q",0.0893745865839512,-1,"LUAD","B_cell"
"412","12q24.31",0.266381623641649,1.40076649546847,0.164684719217206,"con","ALL","12","q","12q",0.186596922022376,-1,"LUAD","B_cell"
"413","12q24.33",0.325795773513833,1.62866439763179,0.106841362214116,"con","ALL","12","q","12q",0.232704900145023,-1,"LUAD","B_cell"
"414","13q12.11",-0.0826404601850885,-0.680464424599718,0.497938105793086,"con","ALL","13","q","13q",-0.00407840385995753,-1,"LUAD","B_cell"
"415","13q12.2",-0.0800221972018464,-0.666057110780737,0.507059575812511,"con","ALL","13","q","13q",-0.0007265875871193,-1,"LUAD","B_cell"
"416","13q12.3",-0.085943602348094,-0.703927198691295,0.483275505101718,"con","ALL","13","q","13q",-0.00596291459711092,-1,"LUAD","B_cell"
"417","13q13.1",-0.0863655085979767,-0.690335882565128,0.491739961848136,"con","ALL","13","q","13q",-0.00596291459711092,-1,"LUAD","B_cell"
"418","13q13.3",-0.0913000322043272,-0.710194879645823,0.479399348225612,"con","ALL","13","q","13q",-0.00596291459711092,-1,"LUAD","B_cell"
"419","13q14.11",-0.0950541640849963,-0.723608175108441,0.47116233828897,"con","ALL","13","q","13q",-0.00596291459711092,-1,"LUAD","B_cell"
"420","13q14.12",-0.111125012755215,-0.831901877269375,0.407642073019313,"con","ALL","13","q","13q",-0.0244893010762642,-1,"LUAD","B_cell"
"421","13q14.13",-0.114217065513172,-0.849335577177381,0.397923485922063,"con","ALL","13","q","13q",-0.027093005706592,-1,"LUAD","B_cell"
"422","13q14.2",-0.119144016331672,-0.857012744280654,0.393689166138013,"con","ALL","13","q","13q",-0.027093005706592,-1,"LUAD","B_cell"
"423","13q14.3",-0.175534398844334,-1.15807999174251,0.24986177450036,"con","ALL","13","q","13q",-0.100040944606317,-1,"LUAD","B_cell"
"424","13q21.33",-0.195469159904689,-1.26158983039058,0.210320720563156,"con","ALL","13","q","13q",-0.135610647685973,-1,"LUAD","B_cell"
"425","13q22.2",-0.229415088228549,-1.45790171891581,0.148310239492523,"con","ALL","13","q","13q",-0.213595683801887,-1,"LUAD","B_cell"
"426","13q22.3",-0.24025577148216,-1.50238582538735,0.136459830872021,"con","ALL","13","q","13q",-0.22793801367251,-1,"LUAD","B_cell"
"427","13q31.1",-0.249485472030169,-1.54798030003582,0.125097909652145,"con","ALL","13","q","13q",-0.232670803941469,-1,"LUAD","B_cell"
"428","13q32.1",-0.254197250272417,-1.57587836426874,0.118524122582523,"con","ALL","13","q","13q",-0.232704900145023,-1,"LUAD","B_cell"
"429","13q32.2",-0.262978689729842,-1.61073724380037,0.110700429339173,"con","ALL","13","q","13q",-0.232704900145023,-1,"LUAD","B_cell"
"430","13q32.3",-0.260831701068732,-1.60246559733322,0.11251835310938,"con","ALL","13","q","13q",-0.232704900145023,-1,"LUAD","B_cell"
"431","13q33.3",-0.261060827506128,-1.59203437338785,0.114844927937951,"con","ALL","13","q","13q",-0.232704900145023,-1,"LUAD","B_cell"
"432","13q34",-0.274566364549351,-1.69010741961777,0.0944304433933063,"con","ALL","13","q","13q",-0.232704900145023,-1,"LUAD","B_cell"
"433","14q11.2",-0.0617689818783625,-0.318963224977055,0.750485389848629,"con","ALL","14","q","14q",0,1,"LUAD","B_cell"
"434","14q12",-0.100800437561775,-0.543105886278884,0.588384766481263,"con","ALL","14","q","14q",0,1,"LUAD","B_cell"
"435","14q13.1",-0.114624232110005,-0.636879171233082,0.525802488628552,"con","ALL","14","q","14q",0,1,"LUAD","B_cell"
"436","14q13.2",-0.13454389590913,-0.773310256452202,0.441342950354885,"con","ALL","14","q","14q",-0.0105796129656933,1,"LUAD","B_cell"
"437","14q13.3",-0.150764072954925,-0.88998031372273,0.375823273960178,"con","ALL","14","q","14q",-0.0297360481222584,1,"LUAD","B_cell"
"438","14q21.1",-0.151525325698816,-0.897063207591685,0.372052325911762,"con","ALL","14","q","14q",-0.0297360481222584,1,"LUAD","B_cell"
"439","14q21.2",-0.161625754163882,-0.978367533450632,0.330486420062533,"con","ALL","14","q","14q",-0.0384584368621454,1,"LUAD","B_cell"
"440","14q21.3",-0.176833675850821,-1.10344788698404,0.272742168647624,"con","ALL","14","q","14q",-0.0809770507690443,1,"LUAD","B_cell"
"441","14q22.1",-0.204044493157492,-1.31108471733519,0.193127937769782,"con","ALL","14","q","14q",-0.149374328676205,1,"LUAD","B_cell"
"442","14q22.3",-0.218975754592697,-1.44926552666894,0.150700913966436,"con","ALL","14","q","14q",-0.211775689977934,1,"LUAD","B_cell"
"443","14q23.1",-0.23771622219826,-1.65145883073021,0.102091853365026,"con","ALL","14","q","14q",-0.232704900145023,1,"LUAD","B_cell"
"444","14q23.2",-0.246777387780349,-1.74876853853896,0.0837030667851194,"con","ALL","14","q","14q",-0.232704900145023,1,"LUAD","B_cell"
"445","14q23.3",-0.2480081017316,-1.75806356861227,0.0820990698055959,"con","ALL","14","q","14q",-0.232704900145023,1,"LUAD","B_cell"
"446","14q24.1",-0.244810416938091,-1.74043630944855,0.085162759492275,"con","ALL","14","q","14q",-0.232704900145023,1,"LUAD","B_cell"
"447","14q24.2",-0.243611553545901,-1.71796387766868,0.0892041865710509,"con","ALL","14","q","14q",-0.232704900145023,1,"LUAD","B_cell"
"448","14q24.3",-0.252918782166496,-1.63935148113898,0.104592858820538,"con","ALL","14","q","14q",-0.232704900145023,1,"LUAD","B_cell"
"449","14q32.11",-0.263738690727109,-1.55977250896113,0.122284808163017,"con","ALL","14","q","14q",-0.232704900145023,1,"LUAD","B_cell"
"450","14q32.12",-0.257117154711247,-1.47539229344334,0.14355881272329,"con","ALL","14","q","14q",-0.216793641566678,1,"LUAD","B_cell"
"451","14q32.2",-0.184537958114766,-1.01783623726366,0.311454267928091,"con","ALL","14","q","14q",-0.050346523528446,1,"LUAD","B_cell"
"452","14q32.31",-0.168605042672127,-0.921904809405971,0.359015987826597,"con","ALL","14","q","14q",-0.0380389516696883,1,"LUAD","B_cell"
"453","14q32.32",-0.182693971657712,-0.989422163462441,0.325080191449576,"con","ALL","14","q","14q",-0.0403932646680918,1,"LUAD","B_cell"
"454","14q32.33",-0.174773723323033,-0.998616082022899,0.320628741576449,"con","ALL","14","q","14q",-0.0419733049647718,1,"LUAD","B_cell"
"455","15q14",0.083189889618092,0.637802262748209,0.525204056420084,"con","ALL","15","q","15q",0,-1,"LUAD","B_cell"
"456","15q15.1",0.0728425269473583,0.577388157171376,0.565103094681454,"con","ALL","15","q","15q",0,-1,"LUAD","B_cell"
"457","15q15.2",0.0749294937023448,0.612034458461934,0.542041172981307,"con","ALL","15","q","15q",0,-1,"LUAD","B_cell"
"458","15q15.3",0.0779891453039354,0.640489815448883,0.523463759029426,"con","ALL","15","q","15q",0,-1,"LUAD","B_cell"
"459","15q21.1",0.0898715011507985,0.73145266722004,0.466382108887727,"con","ALL","15","q","15q",0.00596291459711092,-1,"LUAD","B_cell"
"460","15q21.2",0.0981862778325623,0.776784525972389,0.43930041153724,"con","ALL","15","q","15q",0.0105796129656933,-1,"LUAD","B_cell"
"461","15q21.3",0.110571233943705,0.868452355121131,0.387431363304398,"con","ALL","15","q","15q",0.027760821107667,-1,"LUAD","B_cell"
"462","15q22.1",0.123138967055194,0.957537566580708,0.340833049964656,"con","ALL","15","q","15q",0.0380389516696883,-1,"LUAD","B_cell"
"463","15q22.2",0.140314746458686,1.05173017177992,0.295708207496801,"con","ALL","15","q","15q",0.0662804262550242,-1,"LUAD","B_cell"
"464","15q22.31",0.180905211721439,1.25634209786398,0.212207647139006,"con","ALL","15","q","15q",0.135610647685973,-1,"LUAD","B_cell"
"465","15q23",0.235020734207068,1.49484260649939,0.138415307422473,"con","ALL","15","q","15q",0.227555252937549,-1,"LUAD","B_cell"
"466","15q24.1",0.277050111907945,1.67050249218155,0.0982561333953007,"con","ALL","15","q","15q",0.232704900145023,-1,"LUAD","B_cell"
"467","15q24.2",0.303225913882163,1.77393044236352,0.0794195939916083,"con","ALL","15","q","15q",0.232704900145023,-1,"LUAD","B_cell"
"468","15q24.3",0.320649741414219,1.83009181769216,0.0705100577979353,"con","ALL","15","q","15q",0.232704900145023,-1,"LUAD","B_cell"
"469","15q25.1",0.378276683571606,2.13639797642301,0.0353306730437271,"con","ALL","15","q","15q",0.313834889072208,-1,"LUAD","B_cell"
"470","15q25.3",0.431921600663923,2.50907309290638,0.0138742977697623,"con","ALL","15","q","15q",0.381430323479086,-1,"LUAD","B_cell"
"471","15q26.1",0.449053481680354,2.65979103524634,0.00923984421843855,"con","ALL","15","q","15q",0.401658479951559,-1,"LUAD","B_cell"
"472","15q26.3",0.440491149551246,2.75365924739737,0.00711539629872959,"con","ALL","15","q","15q",0.401658479951559,-1,"LUAD","B_cell"
"473","16p13.3",-0.02892286641593,-0.219928457042959,0.826419485040711,"con","ALL","16","p","16p",0,1,"LUAD","B_cell"
"474","16p13.2",-0.104833832910682,-0.675645638688654,0.500979033416487,"con","ALL","16","p","16p",-0.00295007984505468,1,"LUAD","B_cell"
"475","16p13.13",-0.122441113135151,-0.767850338310019,0.44456400946248,"con","ALL","16","p","16p",-0.0102531970481903,1,"LUAD","B_cell"
"476","16p12.3",-0.153795810260211,-0.879810331123839,0.381279580467308,"con","ALL","16","p","16p",-0.0297360481222584,1,"LUAD","B_cell"
"477","16p12.2",-0.17338426669988,-0.885159720723295,0.378403438756724,"con","ALL","16","p","16p",-0.0297360481222584,1,"LUAD","B_cell"
"478","16p12.1",-0.175542272178309,-0.831390595995676,0.407929246162244,"con","ALL","16","p","16p",-0.0244893010762642,1,"LUAD","B_cell"
"479","16p11.2",-0.199540287198492,-0.751014950498171,0.454581391657649,"con","ALL","16","p","16p",-0.00867757010616076,1,"LUAD","B_cell"
"480","16q11.2",-0.135373827090723,-0.424908996998064,1,"con","ALL","16","q","16q",0,1,"LUAD","B_cell"
"481","16q12.1",-0.0453328108549086,-0.135833393241072,1,"con","ALL","16","q","16q",0,1,"LUAD","B_cell"
"482","16q12.2",0.0410349947116826,0.121744244047709,1,"con","ALL","16","q","16q",0,1,"LUAD","B_cell"
"483","16q13",0.106948687796394,0.321715054312715,1,"con","ALL","16","q","16q",0,-1,"LUAD","B_cell"
"484","16q21",0.149472135437449,0.472760130518089,1,"con","ALL","16","q","16q",0,-1,"LUAD","B_cell"
"485","16q22.1",0.216714980315318,0.803067664080524,1,"con","ALL","16","q","16q",0,-1,"LUAD","B_cell"
"486","16q22.2",0.219132011107965,1.06370434084288,0.290277159039078,"con","ALL","16","q","16q",0.0662804262550242,-1,"LUAD","B_cell"
"487","16q23.1",0.135182468412931,0.703886979266596,0.483300433955068,"con","ALL","16","q","16q",0.00596291459711092,-1,"LUAD","B_cell"
"488","16q23.3",0.102127382403865,0.618962182724006,0.537487707977371,"con","ALL","16","q","16q",0,-1,"LUAD","B_cell"
"489","16q24.1",0.086858004658842,0.577437128418709,0.56507016191197,"con","ALL","16","q","16q",0,-1,"LUAD","B_cell"
"490","16q24.2",0.0678010670318179,0.486713711435097,0.627631444507663,"con","ALL","16","q","16q",0,-1,"LUAD","B_cell"
"491","16q24.3",0.0483335477228638,0.385021024439236,0.70112027130861,"con","ALL","16","q","16q",0,-1,"LUAD","B_cell"
"492","17p13.3",0.209695521872094,1.23168747494052,0.221239234924658,"con","ALL","17","p","17p",0.13047450703282,-1,"LUAD","B_cell"
"493","17p13.2",0.242518053479735,1.54178506391873,0.126596236372001,"con","ALL","17","p","17p",0.232670803941469,-1,"LUAD","B_cell"
"494","17p13.1",0.232559023181188,1.26208422259692,0.210143590188915,"con","ALL","17","p","17p",0.135610647685973,-1,"LUAD","B_cell"
"495","17p12",0.225853767611932,0.980781496746601,0.329300859812982,"con","ALL","17","p","17p",0.0384584368621454,-1,"LUAD","B_cell"
"496","17p11.2",0.274281263614415,0.955741935519579,0.341734744461048,"con","ALL","17","p","17p",0.0380389516696883,-1,"LUAD","B_cell"
"497","17q11.1",0.251255933565212,0.749792999942707,1,"con","ALL","17","q","17q",0,1,"LUAD","B_cell"
"498","17q11.2",0.00672189151456726,0.0187799607943624,1,"con","ALL","17","q","17q",0,1,"LUAD","B_cell"
"499","17q12",-0.0563188357746915,-0.300021096292009,0.764845335641312,"con","ALL","17","q","17q",0,1,"LUAD","B_cell"
"500","17q21.1",-0.0441161491047459,-0.244068965016148,0.807726839751265,"con","ALL","17","q","17q",0,1,"LUAD","B_cell"
"501","17q21.2",-0.064458754082359,-0.367508276378611,0.714093263773374,"con","ALL","17","q","17q",0,1,"LUAD","B_cell"
"502","17q21.31",-0.13151965779295,-0.690256858640302,0.491789412133882,"con","ALL","17","q","17q",-0.00596291459711092,1,"LUAD","B_cell"
"503","17q21.32",-0.113910789217631,-0.533321534020966,0.595111212882163,"con","ALL","17","q","17q",0,1,"LUAD","B_cell"
"504","17q21.33",-0.132878713305473,-0.647452137537831,0.518969406265431,"con","ALL","17","q","17q",0,1,"LUAD","B_cell"
"505","17q22",-0.117342785232701,-0.583934168132101,0.560709293030362,"con","ALL","17","q","17q",0,1,"LUAD","B_cell"
"506","17q23.1",-0.115566455056244,-0.590787069652183,0.556127592394737,"con","ALL","17","q","17q",0,1,"LUAD","B_cell"
"507","17q23.3",-0.119471266129053,-0.616018667810864,0.539420037116624,"con","ALL","17","q","17q",0,1,"LUAD","B_cell"
"508","17q24.2",-0.173322726073909,-0.898384801068176,0.371351355289429,"con","ALL","17","q","17q",-0.0297360481222584,1,"LUAD","B_cell"
"509","17q25.1",-0.185176522014564,-0.958281532874709,0.34045991393388,"con","ALL","17","q","17q",-0.0380389516696883,1,"LUAD","B_cell"
"510","17q25.3",-0.186114077409396,-1.18651597141653,0.238507081117043,"con","ALL","17","q","17q",-0.107935704404874,1,"LUAD","B_cell"
"511","18p11.32",0.0735699567423271,0.476036859492568,0.635189019971506,"con","ALL","18","p","18p",0,-1,"LUAD","B_cell"
"512","18p11.31",0.0819790535330443,0.517011374146377,0.606402566042621,"con","ALL","18","p","18p",0,-1,"LUAD","B_cell"
"513","18p11.22",0.104442716947458,0.601727550025574,0.548851723030866,"con","ALL","18","p","18p",0,-1,"LUAD","B_cell"
"514","18p11.21",0.151043053696111,0.744921506583333,0.458238737887538,"con","ALL","18","p","18p",0.00867757010616076,-1,"LUAD","B_cell"
"515","18q11.1",0.170379506060812,0.776170725895219,0.439660865561643,"con","ALL","18","q","18q",0.0105796129656933,-1,"LUAD","B_cell"
"516","18q11.2",0.192821039317043,0.830138384717153,0.408633097453602,"con","ALL","18","q","18q",0.0244893010762642,-1,"LUAD","B_cell"
"517","18q12.2",0.081887983521185,0.30979650228457,1,"con","ALL","18","q","18q",0,-1,"LUAD","B_cell"
"518","18q21.1",0.0431520145081793,0.162122280099202,1,"con","ALL","18","q","18q",0,-1,"LUAD","B_cell"
"519","18q21.31",0.0489541503386047,0.187827472688725,1,"con","ALL","18","q","18q",0,-1,"LUAD","B_cell"
"520","18q21.32",0.0351046583217351,0.135819798466441,0.892263739543099,"con","ALL","18","q","18q",0,-1,"LUAD","B_cell"
"521","18q21.33",0.0246359896013714,0.0958082540790244,0.923883534205586,"con","ALL","18","q","18q",0,-1,"LUAD","B_cell"
"522","18q22.3",-0.00391372135745162,-0.0151733027863759,0.987927137740837,"con","ALL","18","q","18q",0,-1,"LUAD","B_cell"
"523","18q23",-0.0232126704984409,-0.0904555733081377,0.928124001793601,"con","ALL","18","q","18q",0,-1,"LUAD","B_cell"
"524","19p13.3",0.0815179731881097,0.6013544261802,0.549099077045434,"con","ALL","19","p","19p",0,1,"LUAD","B_cell"
"525","19p13.2",0.228548866964968,1.23767579590923,0.219020224660283,"con","ALL","19","p","19p",0.13047450703282,-1,"LUAD","B_cell"
"526","19p13.13",0.291254270193042,1.50596825705283,0.135538757172276,"con","ALL","19","p","19p",0.22793801367251,-1,"LUAD","B_cell"
"527","19p13.12",0.277549590333147,1.29537923309936,0.198465951219115,"con","ALL","19","p","19p",0.146235652498434,-1,"LUAD","B_cell"
"528","19p13.11",0.182992612198412,0.689417047249263,0.492315103006511,"con","ALL","19","p","19p",0.00596291459711092,-1,"LUAD","B_cell"
"529","19q12",-0.136039154681215,-0.735011675336759,0.464222398696395,"con","ALL","19","q","19q",-0.00596291459711092,1,"LUAD","B_cell"
"530","19q13.11",-0.140099211914003,-0.858318793207566,0.392971588592815,"con","ALL","19","q","19q",-0.027093005706592,1,"LUAD","B_cell"
"531","19q13.12",-0.131094187940292,-0.937481097404483,0.350992619163823,"con","ALL","19","q","19q",-0.0380389516696883,1,"LUAD","B_cell"
"532","19q13.2",-0.0887336610126903,-0.599029763910732,0.550641417410482,"con","ALL","19","q","19q",0,1,"LUAD","B_cell"
"533","19q13.31",-0.125309610534256,-0.749055009513576,0.455755940276855,"con","ALL","19","q","19q",-0.00867757010616076,1,"LUAD","B_cell"
"534","19q13.32",-0.13865420463217,-0.849315379587823,0.397934662518689,"con","ALL","19","q","19q",-0.027093005706592,-1,"LUAD","B_cell"
"535","19q13.33",-0.106252206073555,-0.797763649620523,0.427084504276564,"con","ALL","19","q","19q",-0.0123139278842454,-1,"LUAD","B_cell"
"536","19q13.41",-0.0959839063438349,-0.802408455178564,0.42440734198869,"con","ALL","19","q","19q",-0.0133041923761831,-1,"LUAD","B_cell"
"537","19q13.42",-0.117573290336471,-1.12896342981435,0.261880653816932,"con","ALL","19","q","19q",-0.0868557050696481,1,"LUAD","B_cell"
"538","19q13.43",-0.109754210310813,-1.1217251648366,0.264930523783159,"con","ALL","19","q","19q",-0.0849056350653048,1,"LUAD","B_cell"
"539","20p13",0.0189076892926749,0.127965025467961,0.898459019633167,"con","ALL","20","p","20p",0,-1,"LUAD","B_cell"
"540","20p12.3",-0.000618654692548589,-0.00370875109946282,0.997048969824858,"con","ALL","20","p","20p",0,-1,"LUAD","B_cell"
"541","20p12.1",-0.0414902263498894,-0.226165283362467,0.8215800890665,"con","ALL","20","p","20p",0,-1,"LUAD","B_cell"
"542","20p11.23",-0.0666901412314566,-0.337979347628411,0.736157214516563,"con","ALL","20","p","20p",0,-1,"LUAD","B_cell"
"543","20p11.22",-0.0946312419560187,-0.451142785915152,0.652959886579821,"con","ALL","20","p","20p",0,-1,"LUAD","B_cell"
"544","20p11.21",-0.0886657922651397,-0.404849697209143,0.686538093164578,"con","ALL","20","p","20p",0,-1,"LUAD","B_cell"
"545","20q11.21",-0.0157692048439657,-0.0630017878928265,0.949903260026429,"con","ALL","20","q","20q",0,1,"LUAD","B_cell"
"546","20q11.22",0.14118207111514,0.516379747728663,0.60684178720784,"con","ALL","20","q","20q",0,1,"LUAD","B_cell"
"547","20q12",0.186065806096005,0.698189007222534,1,"con","ALL","20","q","20q",0,1,"LUAD","B_cell"
"548","20q13.11",0.1888078329881,0.715335924040149,1,"con","ALL","20","q","20q",0,1,"LUAD","B_cell"
"549","20q13.12",0.26492994771756,1.06732457099889,0.28864867250267,"con","ALL","20","q","20q",0.0662804262550242,1,"LUAD","B_cell"
"550","20q13.13",0.277220059152957,1.51507592334326,0.133219076655418,"con","ALL","20","q","20q",0.22793801367251,1,"LUAD","B_cell"
"551","20q13.2",0.253597473202285,1.57155340720329,0.119524821614549,"con","ALL","20","q","20q",0.232704900145023,1,"LUAD","B_cell"
"552","20q13.32",0.213974506965682,1.57934529876729,0.117726782820755,"con","ALL","20","q","20q",0.232704900145023,1,"LUAD","B_cell"
"553","20q13.33",0.1866550565032,1.5831720506813,0.116851664772697,"con","ALL","20","q","20q",0.232704900145023,1,"LUAD","B_cell"
"554","21q21.3",-0.0568933254980873,-0.439798025220382,0.661126138937855,"con","ALL","21","q","21q",0,1,"LUAD","B_cell"
"555","21q22.11",-0.0370054364682032,-0.292651606149176,0.770454709950119,"con","ALL","21","q","21q",0,1,"LUAD","B_cell"
"556","21q22.12",-0.0377062897889854,-0.300472307853259,0.764502294302366,"con","ALL","21","q","21q",0,1,"LUAD","B_cell"
"557","21q22.13",-0.0462388624730101,-0.374873281460204,0.708626955075051,"con","ALL","21","q","21q",0,1,"LUAD","B_cell"
"558","21q22.2",-0.0667700333326486,-0.550968534622271,0.583005445061068,"con","ALL","21","q","21q",0,1,"LUAD","B_cell"
"559","21q22.3",-0.0726956262883819,-0.625151601195475,0.533436104159336,"con","ALL","21","q","21q",0,1,"LUAD","B_cell"
"560","22q11.21",0.065092944126453,0.28911471227896,0.773151219920058,"con","ALL","22","q","22q",0,1,"LUAD","B_cell"
"561","22q11.22",0.170236579402105,0.685184073891823,0.494969445114112,"con","ALL","22","q","22q",0.0051542032210955,1,"LUAD","B_cell"
"562","22q11.23",0.200699537242401,0.774704023456122,1,"con","ALL","22","q","22q",0,1,"LUAD","B_cell"
"563","22q12.1",0.226197321561284,0.83083449316038,0.408241733475208,"con","ALL","22","q","22q",0.0244893010762642,1,"LUAD","B_cell"
"564","22q12.2",0.276373692784483,0.995146012917122,0.322304076192566,"con","ALL","22","q","22q",0.0419733049647718,-1,"LUAD","B_cell"
"565","22q12.3",0.304072287298621,1.17393686195135,0.243483525084486,"con","ALL","22","q","22q",0.105332597749384,-1,"LUAD","B_cell"
"566","22q13.1",0.276237247054211,1.19827646983575,0.233920886009504,"con","ALL","22","q","22q",0.113864836499094,-1,"LUAD","B_cell"
"567","22q13.2",0.22705761261436,0.974092765530891,0.332592750585408,"con","ALL","22","q","22q",0.0384584368621454,-1,"LUAD","B_cell"
"568","22q13.31",0.175441260565249,0.745034811714695,0.458170578267721,"con","ALL","22","q","22q",0.00867757010616076,-1,"LUAD","B_cell"
"569","22q13.33",0.16726571836602,0.709217906213238,0.480002406514054,"con","ALL","22","q","22q",0.00596291459711092,-1,"LUAD","B_cell"
"570","1p36.33",-0.187413159154949,-0.671209503058627,0.503787306852306,"con","ALL","1","p","1p",-0.0491455449545875,1,"LUAD","CD4_T"
"571","1p36.32",-0.198249831185236,-0.682848476588373,0.496437333705711,"con","ALL","1","p","1p",-0.0505377448040655,1,"LUAD","CD4_T"
"572","1p36.31",-0.202162856271952,-0.679521649523849,0.49853226369926,"con","ALL","1","p","1p",-0.0505377448040655,1,"LUAD","CD4_T"
"573","1p36.23",-0.196407203094804,-0.636332384674315,0.526157132670163,"con","ALL","1","p","1p",-0.0383200241255079,1,"LUAD","CD4_T"
"574","1p36.22",-0.164684608580834,-0.473896468546466,0.636708783466276,"con","ALL","1","p","1p",0,1,"LUAD","CD4_T"
"575","1p36.21",-0.177368239885682,-0.47996268510856,0.632405586885006,"con","ALL","1","p","1p",0,1,"LUAD","CD4_T"
"576","1p36.13",-0.231508725173523,-0.601906141605683,0.548733349567815,"con","ALL","1","p","1p",-0.0297072157670749,1,"LUAD","CD4_T"
"577","1p36.12",-0.255143506704322,-0.650654889834541,0.516908773243791,"con","ALL","1","p","1p",-0.0433571912823676,1,"LUAD","CD4_T"
"578","1p36.11",-0.278956802603868,-0.678706802978687,0.49904610677077,"con","ALL","1","p","1p",-0.0505377448040655,1,"LUAD","CD4_T"
"579","1p35.3",-0.28296356813267,-0.618310625911226,0.537915130652639,"con","ALL","1","p","1p",-0.033590760046582,1,"LUAD","CD4_T"
"580","1p35.2",-0.208738580023068,-0.454041760145634,0.650879842426508,"con","ALL","1","p","1p",0,1,"LUAD","CD4_T"
"581","1p35.1",-0.144953977288835,-0.321168757046005,0.748818973894758,"con","ALL","1","p","1p",0,1,"LUAD","CD4_T"
"582","1p34.3",-0.0130854932228884,-0.0315487464261864,0.974901009987193,"con","ALL","1","p","1p",0,1,"LUAD","CD4_T"
"583","1p34.2",0.0741021925529115,0.200756749247296,0.841336800539281,"con","ALL","1","p","1p",0,1,"LUAD","CD4_T"
"584","1p34.1",0.248746330037868,0.733485046024623,0.465148108214226,"con","ALL","1","p","1p",0.0637893754722837,1,"LUAD","CD4_T"
"585","1p33",0.294343547417299,0.853767555913686,0.395475646384291,"con","ALL","1","p","1p",0.0964743089546143,1,"LUAD","CD4_T"
"586","1p32.3",0.361284680323987,0.986963992365526,0.326277265801496,"con","ALL","1","p","1p",0.137134729514401,1,"LUAD","CD4_T"
"587","1p32.1",0.380926244195598,1.01656743777288,0.312054432641994,"con","ALL","1","p","1p",0.13778055172061,1,"LUAD","CD4_T"
"588","1p31.3",0.381757435162587,0.942802955104612,0.348278005377108,"con","ALL","1","p","1p",0.129472946422746,1,"LUAD","CD4_T"
"589","1p31.1",0.414652315807537,0.928916279064652,0.355389969920877,"con","ALL","1","p","1p",0.127151857817832,1,"LUAD","CD4_T"
"590","1p22.3",0.4319286113243,0.927419401388778,1,"con","ALL","1","p","1p",0,-1,"LUAD","CD4_T"
"591","1p22.2",0.456958995955726,0.98898567169129,0.325292540797674,"con","ALL","1","p","1p",0.137134729514401,-1,"LUAD","CD4_T"
"592","1p22.1",0.540585522946266,1.14723195300887,0.254293083761109,"con","ALL","1","p","1p",0.149614842244018,-1,"LUAD","CD4_T"
"593","1p21.3",0.619767499588904,1.24375036142693,0.216785901096449,"con","ALL","1","p","1p",0.183014548891185,-1,"LUAD","CD4_T"
"594","1p21.2",0.725970475755964,1.37254433101048,0.173267474677702,"con","ALL","1","p","1p",0.218637892745985,-1,"LUAD","CD4_T"
"595","1p13.3",0.89512063794342,1.2334414961326,1,"con","ALL","1","p","1p",0,-1,"LUAD","CD4_T"
"596","1p13.2",0.319313592659729,0.376463178586341,1,"con","ALL","1","p","1p",0,1,"LUAD","CD4_T"
"597","1p13.1",-0.0237967844587205,-0.0344246851694367,0.972613897258052,"con","ALL","1","p","1p",0,1,"LUAD","CD4_T"
"598","1p12",-0.144722705721855,-0.239014640468825,0.811631701300387,"con","ALL","1","p","1p",0,1,"LUAD","CD4_T"
"599","1q21.1",-0.141045177577103,-0.264060895246461,0.792330083439021,"con","ALL","1","q","1q",0,1,"LUAD","CD4_T"
"600","1q21.2",-0.202225209037409,-0.47898581197666,0.63309770305329,"con","ALL","1","q","1q",0,1,"LUAD","CD4_T"
"601","1q21.3",-0.332763824163707,-1.27470966411319,0.205657283623403,"con","ALL","1","q","1q",-0.198915366779639,1,"LUAD","CD4_T"
"602","1q22",-0.36532928207117,-1.74790719148937,0.0838530022666492,"con","ALL","1","q","1q",-0.325690490719803,1,"LUAD","CD4_T"
"603","1q23.1",-0.362362310738191,-1.69526718851616,0.0934440000233998,"con","ALL","1","q","1q",-0.302054484754463,1,"LUAD","CD4_T"
"604","1q23.2",-0.357165315591434,-1.65080206966464,0.102226267586159,"con","ALL","1","q","1q",-0.280648207963342,1,"LUAD","CD4_T"
"605","1q23.3",-0.331357801751066,-1.44547038910653,0.151760883723973,"con","ALL","1","q","1q",-0.233890124555845,1,"LUAD","CD4_T"
"606","1q24.1",-0.302922144332261,-1.25521901115755,0.212613085511802,"con","ALL","1","q","1q",-0.189139349988568,1,"LUAD","CD4_T"
"607","1q24.2",-0.289264403884317,-1.17111729406701,0.244609082997661,"con","ALL","1","q","1q",-0.155268230484755,1,"LUAD","CD4_T"
"608","1q24.3",-0.265437884040593,-1.05308702784517,0.295089334989136,"con","ALL","1","q","1q",-0.140209568213104,1,"LUAD","CD4_T"
"609","1q25.1",-0.251271888099088,-0.973809006559623,0.332732880003929,"con","ALL","1","q","1q",-0.136925310915717,1,"LUAD","CD4_T"
"610","1q25.2",-0.262852642147398,-1.01628379302619,0.312188707547661,"con","ALL","1","q","1q",-0.13778055172061,1,"LUAD","CD4_T"
"611","1q25.3",-0.285469819291912,-1.09821278207742,0.275008855863361,"con","ALL","1","q","1q",-0.148792602756561,1,"LUAD","CD4_T"
"612","1q31.1",-0.296811020188046,-1.13660579192002,0.258687373532586,"con","ALL","1","q","1q",-0.148792602756561,1,"LUAD","CD4_T"
"613","1q31.2",-0.301009827336238,-1.15682313409392,0.25037236092634,"con","ALL","1","q","1q",-0.149756290473777,1,"LUAD","CD4_T"
"614","1q32.1",-0.33415958408608,-1.31269974753161,0.192585155579751,"con","ALL","1","q","1q",-0.210684927155709,1,"LUAD","CD4_T"
"615","1q32.2",-0.331239688599725,-1.28098231834604,0.203454849519333,"con","ALL","1","q","1q",-0.198915366779639,1,"LUAD","CD4_T"
"616","1q32.3",-0.286771262792672,-1.06772027361802,0.288471053997783,"con","ALL","1","q","1q",-0.141460205352135,1,"LUAD","CD4_T"
"617","1q41",-0.217797513481797,-0.788474666154741,0.432468377290869,"con","ALL","1","q","1q",-0.0778009208933635,1,"LUAD","CD4_T"
"618","1q42.11",-0.199290830803631,-0.710776372930031,0.479040608364775,"con","ALL","1","q","1q",-0.0558770972371297,1,"LUAD","CD4_T"
"619","1q42.12",-0.152006864538977,-0.531411443325991,0.596428494771891,"con","ALL","1","q","1q",-0.00462346966054537,1,"LUAD","CD4_T"
"620","1q42.13",-0.112844195794803,-0.382998862890476,0.702613807499428,"con","ALL","1","q","1q",0,1,"LUAD","CD4_T"
"621","1q42.2",-0.0210642228386299,-0.0702282747912415,0.944166072206449,"con","ALL","1","q","1q",0,1,"LUAD","CD4_T"
"622","1q42.3",-0.00200559374006142,-0.00669900441415949,0.994669671818825,"con","ALL","1","q","1q",0,1,"LUAD","CD4_T"
"623","1q43",-0.00757597815820494,-0.0252549443663644,0.979906910748964,"con","ALL","1","q","1q",0,1,"LUAD","CD4_T"
"624","1q44",0.000527609123739339,0.00177547366616723,0.998587264126421,"con","ALL","1","q","1q",0,1,"LUAD","CD4_T"
"625","2p25.3",0.0929375814102334,0.179927153814158,0.857609816054154,"con","ALL","2","p","2p",0,1,"LUAD","CD4_T"
"626","2p25.1",0.19453558978358,0.336577333031924,0.73721048925816,"con","ALL","2","p","2p",0,1,"LUAD","CD4_T"
"627","2p24.1",0.364729931303047,0.572316438657848,0.568518853777351,"con","ALL","2","p","2p",0.0177727627160246,1,"LUAD","CD4_T"
"628","2p23.3",0.777453596000766,1.08876562571942,1,"con","ALL","2","p","2p",0,1,"LUAD","CD4_T"
"629","2p23.2",1.44149766571486,1.91277232367812,1,"con","ALL","2","p","2p",0,1,"LUAD","CD4_T"
"630","2p22.3",1.50864066260985,2.03229498797722,1,"con","ALL","2","p","2p",0,1,"LUAD","CD4_T"
"631","2p22.2",1.75941275452588,2.55702693681456,1,"con","ALL","2","p","2p",0,1,"LUAD","CD4_T"
"632","2p22.1",1.86702643671805,2.96919597212665,1,"con","ALL","2","p","2p",0,1,"LUAD","CD4_T"
"633","2p21",1.90978851617674,3.28072958315021,1,"con","ALL","2","p","2p",0,-1,"LUAD","CD4_T"
"634","2p16.2",1.96525762419707,3.73841891389815,1,"con","ALL","2","p","2p",0,-1,"LUAD","CD4_T"
"635","2p16.1",1.97134606688854,3.87946470471218,1,"con","ALL","2","p","2p",0,-1,"LUAD","CD4_T"
"636","2p15",1.90894034152855,3.90803740733041,1,"con","ALL","2","p","2p",0,1,"LUAD","CD4_T"
"637","2p14",1.88944631264519,3.84067685342091,1,"con","ALL","2","p","2p",0,1,"LUAD","CD4_T"
"638","2p13.3",1.98538831174896,4.03464376392089,1,"con","ALL","2","p","2p",0,1,"LUAD","CD4_T"
"639","2p13.2",2.04425847629016,4.06921246032226,1,"con","ALL","2","p","2p",0,1,"LUAD","CD4_T"
"640","2p13.1",2.10385151698863,3.99886207756333,1,"con","ALL","2","p","2p",0,1,"LUAD","CD4_T"
"641","2p12",2.18316115745493,3.97324195901208,1,"con","ALL","2","p","2p",0,1,"LUAD","CD4_T"
"642","2p11.2",2.27407751087938,4.10798530461716,1,"con","ALL","2","p","2p",0,1,"LUAD","CD4_T"
"643","2q11.1",2.24888889720155,3.97593002130172,1,"con","ALL","2","q","2q",0,1,"LUAD","CD4_T"
"644","2q11.2",2.27738660058021,3.77982083240748,1,"con","ALL","2","q","2q",0,1,"LUAD","CD4_T"
"645","2q12.2",2.21346938560443,3.40663658177659,1,"con","ALL","2","q","2q",0,1,"LUAD","CD4_T"
"646","2q12.3",2.22263993227732,3.39541457751237,1,"con","ALL","2","q","2q",0,1,"LUAD","CD4_T"
"647","2q13",2.23329523443223,3.38141872441706,1,"con","ALL","2","q","2q",0,1,"LUAD","CD4_T"
"648","2q14.1",2.16612098529643,3.22283908161196,1,"con","ALL","2","q","2q",0,1,"LUAD","CD4_T"
"649","2q14.2",2.08716370589622,3.03586635134994,1,"con","ALL","2","q","2q",0,1,"LUAD","CD4_T"
"650","2q14.3",1.92330034093991,2.7979047843093,1,"con","ALL","2","q","2q",0,1,"LUAD","CD4_T"
"651","2q21.1",1.76609667071722,2.48185039687155,1,"con","ALL","2","q","2q",0,1,"LUAD","CD4_T"
"652","2q21.3",1.68029282723305,2.39618683889024,1,"con","ALL","2","q","2q",0,1,"LUAD","CD4_T"
"653","2q23.2",1.5768975596527,2.25800075845818,1,"con","ALL","2","q","2q",0,1,"LUAD","CD4_T"
"654","2q23.3",1.45555111057758,2.07545228131705,1,"con","ALL","2","q","2q",0,1,"LUAD","CD4_T"
"655","2q24.2",1.33131647476662,1.88250104286572,1,"con","ALL","2","q","2q",0,1,"LUAD","CD4_T"
"656","2q31.1",1.29528000565741,1.82224920898935,1,"con","ALL","2","q","2q",0,1,"LUAD","CD4_T"
"657","2q31.2",0.889444906471884,1.12623141744133,1,"con","ALL","2","q","2q",0,1,"LUAD","CD4_T"
"658","2q31.3",0.550964121156801,0.678337002295746,1,"con","ALL","2","q","2q",0,1,"LUAD","CD4_T"
"659","2q32.1",0.659751402726248,0.798549079511198,1,"con","ALL","2","q","2q",0,1,"LUAD","CD4_T"
"660","2q32.3",0.397313979710717,0.474413890235903,1,"con","ALL","2","q","2q",0,1,"LUAD","CD4_T"
"661","2q33.1",0.254176088099716,0.281359446104901,1,"con","ALL","2","q","2q",0,1,"LUAD","CD4_T"
"662","2q33.2",0.0644568092278739,0.0685435760268649,1,"con","ALL","2","q","2q",0,1,"LUAD","CD4_T"
"663","2q34",0.0662940174271518,0.0771758571049375,1,"con","ALL","2","q","2q",0,1,"LUAD","CD4_T"
"664","2q35",-0.0529748823970594,-0.0676073019438999,1,"con","ALL","2","q","2q",0,1,"LUAD","CD4_T"
"665","2q36.1",-0.0823491642401799,-0.116177627713559,0.907767768518403,"con","ALL","2","q","2q",0,1,"LUAD","CD4_T"
"666","2q36.3",-0.0610831694582919,-0.0886637828145298,0.929543952775298,"con","ALL","2","q","2q",0,1,"LUAD","CD4_T"
"667","2q37.1",-0.00873237210757114,-0.0138181572742584,0.989005306482748,"con","ALL","2","q","2q",0,1,"LUAD","CD4_T"
"668","2q37.3",-0.0855924510932196,-0.146729994009102,0.883669721296477,"con","ALL","2","q","2q",0,1,"LUAD","CD4_T"
"669","3p26.2",-0.100487382584254,-0.253934202004511,0.80011926912628,"con","ALL","3","p","3p",0,-1,"LUAD","CD4_T"
"670","3p26.1",-0.0885179595473441,-0.22473418021118,0.822689934835711,"con","ALL","3","p","3p",0,-1,"LUAD","CD4_T"
"671","3p25.3",-0.124051692856131,-0.321245609344844,0.748760928669177,"con","ALL","3","p","3p",0,-1,"LUAD","CD4_T"
"672","3p25.2",-0.0932212109210433,-0.244567970744544,0.807341581005612,"con","ALL","3","p","3p",0,-1,"LUAD","CD4_T"
"673","3p25.1",-0.0909183470273897,-0.240437500067718,0.810531944426585,"con","ALL","3","p","3p",0,-1,"LUAD","CD4_T"
"674","3p24.3",-0.113962571679957,-0.311393177268852,0.75621399220692,"con","ALL","3","p","3p",0,-1,"LUAD","CD4_T"
"675","3p24.2",-0.131633165321869,-0.361821567971062,0.71832418613989,"con","ALL","3","p","3p",0,-1,"LUAD","CD4_T"
"676","3p24.1",-0.161289258628829,-0.448455753752799,0.654890312559711,"con","ALL","3","p","3p",0,-1,"LUAD","CD4_T"
"677","3p23",-0.189162541615394,-0.527869052179025,0.598875048621711,"con","ALL","3","p","3p",-0.00410995705057893,-1,"LUAD","CD4_T"
"678","3p22.3",-0.202296197456456,-0.563501355157431,0.574479503197572,"con","ALL","3","p","3p",-0.0145298957355467,-1,"LUAD","CD4_T"
"679","3p22.2",-0.222674032341861,-0.615058151934672,0.540051351510414,"con","ALL","3","p","3p",-0.033590760046582,-1,"LUAD","CD4_T"
"680","3p22.1",-0.262321023331592,-0.705608804448709,0.482233845517261,"con","ALL","3","p","3p",-0.0557846396127322,-1,"LUAD","CD4_T"
"681","3p21.33",-0.325484837453894,-0.844625013051137,0.400535342559968,"con","ALL","3","p","3p",-0.0963603210442019,-1,"LUAD","CD4_T"
"682","3p21.31",-0.432951114722207,-1.00111734292437,0.319424737834081,"con","ALL","3","p","3p",-0.13778055172061,-1,"LUAD","CD4_T"
"683","3p21.2",-0.557085283755096,-1.07788563927612,1,"con","ALL","3","p","3p",0,-1,"LUAD","CD4_T"
"684","3p21.1",-0.767716411707426,-1.32001905233523,1,"con","ALL","3","p","3p",0,-1,"LUAD","CD4_T"
"685","3p14.3",-0.922788886230891,-1.45144259788873,1,"con","ALL","3","p","3p",0,-1,"LUAD","CD4_T"
"686","3p14.1",-1.11324281294602,-1.67160555468601,1,"con","ALL","3","p","3p",0,-1,"LUAD","CD4_T"
"687","3p13",-1.15502092019305,-1.73555443146158,1,"con","ALL","3","p","3p",0,-1,"LUAD","CD4_T"
"688","3p11.2",-1.14395714392799,-1.67936438897563,1,"con","ALL","3","p","3p",0,-1,"LUAD","CD4_T"
"689","3p11.1",-1.17596699498393,-1.70244049158431,1,"con","ALL","3","p","3p",0,-1,"LUAD","CD4_T"
"690","3q11.2",-1.07098984893513,-1.50563621601531,1,"con","ALL","3","q","3q",0,-1,"LUAD","CD4_T"
"691","3q12.2",-0.740680839591436,-1.08297522783137,1,"con","ALL","3","q","3q",0,1,"LUAD","CD4_T"
"692","3q12.3",-0.690501007729285,-1.00471353243835,1,"con","ALL","3","q","3q",0,1,"LUAD","CD4_T"
"693","3q13.12",-0.619148570509066,-0.921220199931237,1,"con","ALL","3","q","3q",0,1,"LUAD","CD4_T"
"694","3q13.13",-0.57735999136711,-0.868987206844865,1,"con","ALL","3","q","3q",0,1,"LUAD","CD4_T"
"695","3q13.2",-0.529562753418952,-0.802010142940605,1,"con","ALL","3","q","3q",0,1,"LUAD","CD4_T"
"696","3q13.31",-0.456465739216606,-0.698623489910809,1,"con","ALL","3","q","3q",0,1,"LUAD","CD4_T"
"697","3q13.33",-0.156979640707425,-0.2605878781068,0.794999106982405,"con","ALL","3","q","3q",0,1,"LUAD","CD4_T"
"698","3q21.1",0.0477191319710531,0.0867662463692155,0.931047953435906,"con","ALL","3","q","3q",0,1,"LUAD","CD4_T"
"699","3q21.3",0.345950608053737,0.685144751392259,0.494994139200197,"con","ALL","3","q","3q",0.0505377448040655,1,"LUAD","CD4_T"
"700","3q22.1",0.512362032039846,1.03770161867254,0.302158509491427,"con","ALL","3","q","3q",0.13999875981785,1,"LUAD","CD4_T"
"701","3q22.2",0.599106329125499,1.22939543319663,0.222092885872905,"con","ALL","3","q","3q",0.180544552073422,-1,"LUAD","CD4_T"
"702","3q22.3",0.730083708933465,1.5526871642179,0.123968969527089,"con","ALL","3","q","3q",0.270460886535128,-1,"LUAD","CD4_T"
"703","3q23",0.908766580126371,2.11446815874464,0.0372095853964255,"con","ALL","3","q","3q",0.486500127430322,-1,"LUAD","CD4_T"
"704","3q24",0.972227983965415,2.53906897825594,0.0128124986673471,"con","ALL","3","q","3q",0.760503190774812,-1,"LUAD","CD4_T"
"705","3q25.1",1.06154507330128,3.15321516915381,0.00218778314030073,"con","ALL","3","q","3q",1.26661129841375,-1,"LUAD","CD4_T"
"706","3q25.2",1.06242108056645,3.51526684084977,0.000686937855487948,"con","ALL","3","q","3q",1.68672388460071,-1,"LUAD","CD4_T"
"707","3q25.31",1.071196738186,3.75691018333778,0.000303249198414618,"con","ALL","3","q","3q",2.00530189433912,-1,"LUAD","CD4_T"
"708","3q25.32",1.07192617806957,3.84729370094185,0.000221403482036872,"con","ALL","3","q","3q",2.10382326946744,-1,"LUAD","CD4_T"
"709","3q25.33",1.0638966023089,4.10994494327165,8.64974772037705e-05,"con","ALL","3","q","3q",2.45401232832077,-1,"LUAD","CD4_T"
"710","3q26.1",1.06451181226862,4.31609405412288,4.0317833726739e-05,"con","ALL","3","q","3q",2.75333389644745,-1,"LUAD","CD4_T"
"711","3q26.2",1.04540704892627,4.52292389159201,1.83491724203185e-05,"con","ALL","3","q","3q",3.06045249806139,-1,"LUAD","CD4_T"
"712","3q26.31",1.03534178824616,4.57045481129831,1.52683036929899e-05,"con","ALL","3","q","3q",3.10248962910006,-1,"LUAD","CD4_T"
"713","3q26.32",1.00297323398191,4.74780801726045,7.61990269671381e-06,"con","ALL","3","q","3q",3.31718081744613,-1,"LUAD","CD4_T"
"714","3q26.33",0.90920370550691,5.00150010643367,2.75273662988884e-06,"con","ALL","3","q","3q",3.65022111168372,-1,"LUAD","CD4_T"
"715","3q27.1",0.818855300893205,5.10343345665804,1.8147925196345e-06,"con","ALL","3","q","3q",3.65022111168372,-1,"LUAD","CD4_T"
"716","3q27.2",0.788950976702128,5.14550994376011,1.52621426474577e-06,"con","ALL","3","q","3q",3.65022111168372,-1,"LUAD","CD4_T"
"717","3q27.3",0.784909317440811,5.18443980588519,1.29945657044986e-06,"con","ALL","3","q","3q",3.65022111168372,-1,"LUAD","CD4_T"
"718","3q29",0.735885886397186,5.37761449527497,5.80043919141107e-07,"con","ALL","3","q","3q",3.65022111168372,-1,"LUAD","CD4_T"
"719","4p16.3",0.0174957699605572,0.0385329430585025,0.969347174888698,"con","ALL","4","p","4p",0,-1,"LUAD","CD4_T"
"720","4p16.1",-0.140715911946562,-0.299075453889149,0.765564428607824,"con","ALL","4","p","4p",0,1,"LUAD","CD4_T"
"721","4p15.32",-0.227913978217643,-0.473625844744022,0.636901048106202,"con","ALL","4","p","4p",0,1,"LUAD","CD4_T"
"722","4p15.2",-0.296538335866612,-0.61164692818069,0.542296466060644,"con","ALL","4","p","4p",-0.033095192798166,1,"LUAD","CD4_T"
"723","4p14",-0.483695881288923,-0.931044987355929,0.354293761618604,"con","ALL","4","p","4p",-0.127151857817832,1,"LUAD","CD4_T"
"724","4p13",-0.526816581903549,-0.957794741658513,0.340704033795521,"con","ALL","4","p","4p",-0.133015047839994,1,"LUAD","CD4_T"
"725","4p12",-0.558358126650683,-0.999510804711158,0.320197713100071,"con","ALL","4","p","4p",-0.13778055172061,1,"LUAD","CD4_T"
"726","4p11",-0.616825970999345,-1.09975156880372,0.274341241983753,"con","ALL","4","p","4p",-0.148792602756561,1,"LUAD","CD4_T"
"727","4q12",-0.656825072468717,-1.14450157030409,1,"con","ALL","4","q","4q",0,1,"LUAD","CD4_T"
"728","4q13.2",-0.68860283773275,-1.15311315238344,1,"con","ALL","4","q","4q",0,1,"LUAD","CD4_T"
"729","4q21.1",-1.09686061000733,-1.60368407426879,1,"con","ALL","4","q","4q",0,1,"LUAD","CD4_T"
"730","4q21.22",-1.29323290629896,-1.83471255643896,1,"con","ALL","4","q","4q",0,1,"LUAD","CD4_T"
"731","4q21.23",-1.36925537782831,-1.93337091695474,1,"con","ALL","4","q","4q",0,1,"LUAD","CD4_T"
"732","4q22.1",-1.25794256766644,-1.77143820475413,1,"con","ALL","4","q","4q",0,1,"LUAD","CD4_T"
"733","4q22.3",-1.16814287981123,-1.64110273222846,1,"con","ALL","4","q","4q",0,-1,"LUAD","CD4_T"
"734","4q23",-1.01883578747973,-1.52763297431112,1,"con","ALL","4","q","4q",0,-1,"LUAD","CD4_T"
"735","4q24",-1.11677388770754,-1.71716407704747,1,"con","ALL","4","q","4q",0,-1,"LUAD","CD4_T"
"736","4q25",-1.21911770241647,-1.9242928885975,1,"con","ALL","4","q","4q",0,-1,"LUAD","CD4_T"
"737","4q27",-1.28424003947345,-2.01488947930709,1,"con","ALL","4","q","4q",0,-1,"LUAD","CD4_T"
"738","4q31.1",-1.23063292801456,-1.95573980067152,1,"con","ALL","4","q","4q",0,-1,"LUAD","CD4_T"
"739","4q31.21",-1.21063093293834,-1.94190342556309,1,"con","ALL","4","q","4q",0,-1,"LUAD","CD4_T"
"740","4q31.22",-1.15390572031045,-1.85463305230192,1,"con","ALL","4","q","4q",0,-1,"LUAD","CD4_T"
"741","4q32.1",-1.05803005212819,-1.64859710834426,1,"con","ALL","4","q","4q",0,1,"LUAD","CD4_T"
"742","4q32.2",-1.04949544434428,-1.62589947279205,1,"con","ALL","4","q","4q",0,1,"LUAD","CD4_T"
"743","4q34.1",-0.859534981733904,-1.35956559201919,1,"con","ALL","4","q","4q",0,1,"LUAD","CD4_T"
"744","4q34.2",-0.77046551832106,-1.22646395122227,1,"con","ALL","4","q","4q",0,1,"LUAD","CD4_T"
"745","4q35.1",-0.583498232580669,-0.94245639831896,1,"con","ALL","4","q","4q",0,1,"LUAD","CD4_T"
"746","5p15.33",-0.39365770698357,-1.76936768938411,0.0801826090976076,"con","ALL","5","p","5p",-0.327579284025291,1,"LUAD","CD4_T"
"747","5p15.31",-0.435958507427903,-1.79964037629863,0.0752316104747802,"con","ALL","5","p","5p",-0.3416152283919,1,"LUAD","CD4_T"
"748","5p15.2",-0.46911341500922,-1.85615088989252,0.0666682001694218,"con","ALL","5","p","5p",-0.362316635140696,1,"LUAD","CD4_T"
"749","5p15.1",-0.541103199789569,-1.96790316570943,0.0521235919910906,"con","ALL","5","p","5p",-0.408666989294963,1,"LUAD","CD4_T"
"750","5p13.3",-0.617012578523886,-2.11784939931143,0.0369143634884273,"con","ALL","5","p","5p",-0.486500127430322,1,"LUAD","CD4_T"
"751","5p13.1",-0.768926826670029,-2.28631194172882,0.0245566209964348,"con","ALL","5","p","5p",-0.578994995767583,1,"LUAD","CD4_T"
"752","5p12",-0.794602083009345,-2.2872163390962,0.0245015560316147,"con","ALL","5","p","5p",-0.578994995767583,1,"LUAD","CD4_T"
"753","5q11.1",-0.810808738659818,-2.11786709110646,0.0369128241354724,"con","ALL","5","q","5q",-0.486500127430322,1,"LUAD","CD4_T"
"754","5q11.2",-0.751304415457916,-1.91690153088203,0.0583880412577523,"con","ALL","5","q","5q",-0.370658430066527,1,"LUAD","CD4_T"
"755","5q12.1",-0.641730762291164,-1.66479121200668,0.0993940021737508,"con","ALL","5","q","5q",-0.284954755606815,1,"LUAD","CD4_T"
"756","5q12.3",-0.486014379931278,-1.30167016986354,0.196314752471082,"con","ALL","5","q","5q",-0.209613371706257,1,"LUAD","CD4_T"
"757","5q13.1",-0.429063534160687,-1.18110372697431,0.240639212851827,"con","ALL","5","q","5q",-0.15577740665602,1,"LUAD","CD4_T"
"758","5q13.2",-0.374558413553494,-1.11988901931019,0.265708131248298,"con","ALL","5","q","5q",-0.148792602756561,1,"LUAD","CD4_T"
"759","5q13.3",-0.348748583661596,-1.10282911564098,0.273009404175837,"con","ALL","5","q","5q",-0.148792602756561,-1,"LUAD","CD4_T"
"760","5q14.1",-0.346752121519871,-1.11922551367021,0.265989518406408,"con","ALL","5","q","5q",-0.148792602756561,-1,"LUAD","CD4_T"
"761","5q14.2",-0.336935896871216,-1.11977770394687,0.265755324605275,"con","ALL","5","q","5q",-0.148792602756561,-1,"LUAD","CD4_T"
"762","5q14.3",-0.341203125676431,-1.14193313556111,0.256477687243589,"con","ALL","5","q","5q",-0.149614842244018,-1,"LUAD","CD4_T"
"763","5q15",-0.331648172054842,-1.10125905813494,0.273688298856478,"con","ALL","5","q","5q",-0.148792602756561,-1,"LUAD","CD4_T"
"764","5q21.1",-0.332719169714704,-1.09667420240335,0.275677506323216,"con","ALL","5","q","5q",-0.148792602756561,-1,"LUAD","CD4_T"
"765","5q21.3",-0.3389638249929,-1.10501932954471,0.27206431044787,"con","ALL","5","q","5q",-0.148792602756561,-1,"LUAD","CD4_T"
"766","5q22.2",-0.344971461078646,-1.09654858446087,0.275732148298111,"con","ALL","5","q","5q",-0.148792602756561,-1,"LUAD","CD4_T"
"767","5q22.3",-0.349057491487623,-1.0843746556598,0.281063292932762,"con","ALL","5","q","5q",-0.146331621798389,-1,"LUAD","CD4_T"
"768","5q23.1",-0.318408427295823,-0.982313859460708,0.328549731873185,"con","ALL","5","q","5q",-0.137134729514401,-1,"LUAD","CD4_T"
"769","5q23.2",-0.298489597386456,-0.918893622313071,0.360580469782663,"con","ALL","5","q","5q",-0.122454437425009,-1,"LUAD","CD4_T"
"770","5q31.1",-0.313047228567501,-1.03568287942262,0.303094497290968,"con","ALL","5","q","5q",-0.13999875981785,1,"LUAD","CD4_T"
"771","5q31.2",-0.290475444410794,-1.05053704565462,0.296253130926094,"con","ALL","5","q","5q",-0.140209568213104,1,"LUAD","CD4_T"
"772","5q31.3",-0.301754841540291,-1.14777085401127,0.254071644488302,"con","ALL","5","q","5q",-0.149614842244018,1,"LUAD","CD4_T"
"773","5q32",-0.271062004736533,-1.1282541790858,0.262178404839666,"con","ALL","5","q","5q",-0.148792602756561,1,"LUAD","CD4_T"
"774","5q33.1",-0.24770089944994,-1.04751882180753,0.297634659269849,"con","ALL","5","q","5q",-0.140209568213104,1,"LUAD","CD4_T"
"775","5q33.2",-0.239057154367084,-1.01398138644984,0.31328007840074,"con","ALL","5","q","5q",-0.13778055172061,1,"LUAD","CD4_T"
"776","5q33.3",-0.220684060057193,-0.955499759942742,0.341856474046413,"con","ALL","5","q","5q",-0.133015047839994,1,"LUAD","CD4_T"
"777","5q34",-0.206409086346315,-0.909585436226353,0.365444047311486,"con","ALL","5","q","5q",-0.118229488555749,1,"LUAD","CD4_T"
"778","5q35.1",-0.208574205064299,-0.932869774664844,0.353355791934421,"con","ALL","5","q","5q",-0.127151857817832,1,"LUAD","CD4_T"
"779","5q35.2",-0.234230551480869,-1.05845215802197,0.292650901105298,"con","ALL","5","q","5q",-0.140209568213104,1,"LUAD","CD4_T"
"780","5q35.3",-0.277022255182644,-1.3535840088343,0.179221703153229,"con","ALL","5","q","5q",-0.216776617670843,1,"LUAD","CD4_T"
"781","6p25.2",0.080798268296666,0.16533046784977,0.869050612932588,"con","ALL","6","p","6p",0,1,"LUAD","CD4_T"
"782","6p25.1",0.0371994339422679,0.0785151855881255,0.937590642383393,"con","ALL","6","p","6p",0,1,"LUAD","CD4_T"
"783","6p24.3",0.00292048055159863,0.00637553879802338,0.994927046432403,"con","ALL","6","p","6p",0,1,"LUAD","CD4_T"
"784","6p24.2",-0.0424629912562361,-0.0957477321188886,0.923931468482642,"con","ALL","6","p","6p",0,1,"LUAD","CD4_T"
"785","6p23",-0.0703486538303424,-0.160278024120712,0.873017319394437,"con","ALL","6","p","6p",0,1,"LUAD","CD4_T"
"786","6p22.3",-0.115299344067698,-0.300181480530269,0.764723395393099,"con","ALL","6","p","6p",0,1,"LUAD","CD4_T"
"787","6p22.2",-0.143521369346346,-0.393392785378972,0.694949563501129,"con","ALL","6","p","6p",0,1,"LUAD","CD4_T"
"788","6p22.1",-0.161920618921526,-0.472204772013466,0.637911056688108,"con","ALL","6","p","6p",0,1,"LUAD","CD4_T"
"789","6p21.33",-0.222905873811686,-0.730115752632308,0.467194850358231,"con","ALL","6","p","6p",-0.0637893754722837,1,"LUAD","CD4_T"
"790","6p21.32",-0.224373607467342,-0.765137987536733,0.446169207076666,"con","ALL","6","p","6p",-0.0736083546679276,1,"LUAD","CD4_T"
"791","6p21.31",-0.135080217007244,-0.429775945323111,0.668374600699003,"con","ALL","6","p","6p",0,1,"LUAD","CD4_T"
"792","6p21.2",0.00470255973211981,0.0129972625492387,0.989658429450788,"con","ALL","6","p","6p",0,1,"LUAD","CD4_T"
"793","6p21.1",0.355748176725812,0.816390708452388,0.416408709474506,"con","ALL","6","p","6p",0.0858883652039058,1,"LUAD","CD4_T"
"794","6p12.1",0.834394425606598,1.74168213170911,0.0849431871578119,"con","ALL","6","p","6p",0.325505706837789,1,"LUAD","CD4_T"
"795","6q12",0.689036110622061,1.52185357168356,0.131513200381618,"con","ALL","6","q","6q",0.262638954284046,1,"LUAD","CD4_T"
"796","6q13",0.714275944847041,1.63459089683864,0.105589697216754,"con","ALL","6","q","6q",0.278171040419734,1,"LUAD","CD4_T"
"797","6q14.1",0.677760156003442,1.69338392040229,0.0938030644433325,"con","ALL","6","q","6q",0.302054484754463,1,"LUAD","CD4_T"
"798","6q14.3",0.644917206486652,1.83722537900236,0.0694404442786685,"con","ALL","6","q","6q",0.362316635140696,1,"LUAD","CD4_T"
"799","6q15",0.6070575680139,1.84666138526613,0.0680464389390316,"con","ALL","6","q","6q",0.362316635140696,1,"LUAD","CD4_T"
"800","6q16.1",0.579204930282555,1.84066603783173,0.0689294100239967,"con","ALL","6","q","6q",0.362316635140696,1,"LUAD","CD4_T"
"801","6q16.2",0.573709263671635,1.89820723168531,0.0608382302783255,"con","ALL","6","q","6q",0.366225117064231,1,"LUAD","CD4_T"
"802","6q21",0.546086594616994,1.90156891295382,0.0603913471920064,"con","ALL","6","q","6q",0.366225117064231,-1,"LUAD","CD4_T"
"803","6q22.1",0.527656102304649,1.88548151182854,0.0625552203115637,"con","ALL","6","q","6q",0.366225117064231,-1,"LUAD","CD4_T"
"804","6q22.31",0.502344457370273,1.75778209118524,0.0821472682361103,"con","ALL","6","q","6q",0.327153881755376,-1,"LUAD","CD4_T"
"805","6q22.33",0.481009384853116,1.64427527659193,0.103569850612654,"con","ALL","6","q","6q",0.278872406446734,-1,"LUAD","CD4_T"
"806","6q23.2",0.46526862477288,1.57739047389527,0.118175833695606,"con","ALL","6","q","6q",0.270460886535128,-1,"LUAD","CD4_T"
"807","6q23.3",0.466995099502313,1.56379026563908,0.12133790786362,"con","ALL","6","q","6q",0.270460886535128,-1,"LUAD","CD4_T"
"808","6q24.1",0.450901570213921,1.49381265125763,0.138684003825699,"con","ALL","6","q","6q",0.252080474955303,-1,"LUAD","CD4_T"
"809","6q24.2",0.416393910958544,1.37972331125671,0.171052661641284,"con","ALL","6","q","6q",0.218637892745985,-1,"LUAD","CD4_T"
"810","6q25.1",0.395380801474789,1.33916967403511,0.183850855081819,"con","ALL","6","q","6q",0.213418189903967,-1,"LUAD","CD4_T"
"811","6q25.3",0.345133464871878,1.22190270083988,0.224900216401824,"con","ALL","6","q","6q",0.178455169293244,1,"LUAD","CD4_T"
"812","6q27",0.305555359825418,1.10627102474421,0.271525218084819,"con","ALL","6","q","6q",0.148792602756561,1,"LUAD","CD4_T"
"813","7p22.3",-0.434376429521006,-2.73306920350058,0.00753904297706412,"con","ALL","7","p","7p",-0.829995544239123,1,"LUAD","CD4_T"
"814","7p22.1",-0.418272205424282,-2.68670413752928,0.00857839676578942,"con","ALL","7","p","7p",-0.829995544239123,1,"LUAD","CD4_T"
"815","7p21.3",-0.417627895468124,-2.70791667442521,0.00808770320301865,"con","ALL","7","p","7p",-0.829995544239123,1,"LUAD","CD4_T"
"816","7p21.1",-0.416239579633348,-2.68887132810741,0.00852705190438125,"con","ALL","7","p","7p",-0.829995544239123,1,"LUAD","CD4_T"
"817","7p15.3",-0.412528536978824,-2.63236863884497,0.00996107715890946,"con","ALL","7","p","7p",-0.826833732125213,1,"LUAD","CD4_T"
"818","7p15.2",-0.414917600181803,-2.63243543139872,0.00995926018747348,"con","ALL","7","p","7p",-0.826833732125213,1,"LUAD","CD4_T"
"819","7p14.3",-0.411345196651959,-2.54456259300575,0.0126261494516045,"con","ALL","7","p","7p",-0.760503190774812,1,"LUAD","CD4_T"
"820","7p14.2",-0.412322794335996,-2.51466263171088,0.0136706438846268,"con","ALL","7","p","7p",-0.752551439857243,1,"LUAD","CD4_T"
"821","7p14.1",-0.413290443022759,-2.4782517999094,0.0150469347826836,"con","ALL","7","p","7p",-0.735821911503405,1,"LUAD","CD4_T"
"822","7p13",-0.405920211997898,-2.36111788149409,0.020353926065172,"con","ALL","7","p","7p",-0.643809717076071,1,"LUAD","CD4_T"
"823","7p12.3",-0.398923254546294,-2.21994059809166,0.0289070101525602,"con","ALL","7","p","7p",-0.535609101787275,1,"LUAD","CD4_T"
"824","7p11.2",-0.405516447867275,-2.17068488947201,0.0325579656336183,"con","ALL","7","p","7p",-0.503082484831387,1,"LUAD","CD4_T"
"825","7q11.21",-0.434223946009765,-2.19126823305215,0.0309860808465556,"con","ALL","7","q","7q",-0.517149077496822,1,"LUAD","CD4_T"
"826","7q11.23",-0.506185484849958,-2.1143190972131,0.037222647104216,"con","ALL","7","q","7q",-0.486500127430322,1,"LUAD","CD4_T"
"827","7q21.12",-0.485863702400199,-1.84241271175337,0.0686711843586336,"con","ALL","7","q","7q",-0.362316635140696,1,"LUAD","CD4_T"
"828","7q21.2",-0.459540194374204,-1.62196763304377,0.108270059633952,"con","ALL","7","q","7q",-0.27483734684801,1,"LUAD","CD4_T"
"829","7q21.3",-0.431432553302829,-1.45116974333453,0.150171238032746,"con","ALL","7","q","7q",-0.233890124555845,1,"LUAD","CD4_T"
"830","7q22.1",-0.343431074460711,-1.06585430058954,0.289309287180265,"con","ALL","7","q","7q",-0.141460205352135,1,"LUAD","CD4_T"
"831","7q22.3",-0.144056678394698,-0.405513077161119,0.686052245033586,"con","ALL","7","q","7q",0,1,"LUAD","CD4_T"
"832","7q31.1",-0.111415347320278,-0.301340144131725,0.763842638967957,"con","ALL","7","q","7q",0,1,"LUAD","CD4_T"
"833","7q31.2",-0.107138298017884,-0.285419446595359,0.775971447757757,"con","ALL","7","q","7q",0,1,"LUAD","CD4_T"
"834","7q31.31",-0.0985960380447492,-0.261654795382755,0.794178916823311,"con","ALL","7","q","7q",0,1,"LUAD","CD4_T"
"835","7q31.32",-0.117797036180188,-0.30991865782785,0.757331426829977,"con","ALL","7","q","7q",0,1,"LUAD","CD4_T"
"836","7q32.1",-0.180996921803674,-0.465718194946877,0.642529964916379,"con","ALL","7","q","7q",0,-1,"LUAD","CD4_T"
"837","7q32.2",-0.214767315558424,-0.546975015188611,0.585734743822566,"con","ALL","7","q","7q",-0.00994112691179873,-1,"LUAD","CD4_T"
"838","7q33",-0.243317762373214,-0.616209302506235,0.539294784122897,"con","ALL","7","q","7q",-0.033590760046582,-1,"LUAD","CD4_T"
"839","7q34",-0.379026088031507,-0.972505473740747,0.333377104803395,"con","ALL","7","q","7q",-0.136925310915717,1,"LUAD","CD4_T"
"840","7q36.1",-0.503779689727629,-1.35733340556465,0.178032148533435,"con","ALL","7","q","7q",-0.216776617670843,1,"LUAD","CD4_T"
"841","7q36.3",-0.572948831649947,-1.60727611176885,0.111458219954311,"con","ALL","7","q","7q",-0.273770317654862,1,"LUAD","CD4_T"
"842","8p23.3",-0.0351917149821114,-0.102856444487524,0.918303232289207,"con","ALL","8","p","8p",0,1,"LUAD","CD4_T"
"843","8p22",0.0193886735123525,0.0549541507291215,0.956295463119807,"con","ALL","8","p","8p",0,1,"LUAD","CD4_T"
"844","8p21.3",0.0468951401817296,0.12702036303541,0.899204533170484,"con","ALL","8","p","8p",0,1,"LUAD","CD4_T"
"845","8p21.2",0.142015659243395,0.370539830931506,0.711841417369285,"con","ALL","8","p","8p",0,1,"LUAD","CD4_T"
"846","8p21.1",0.153881715673129,0.393821991542571,0.694633750342042,"con","ALL","8","p","8p",0,1,"LUAD","CD4_T"
"847","8p12",0.156780064977725,0.391572657514306,0.696289424916159,"con","ALL","8","p","8p",0,1,"LUAD","CD4_T"
"848","8p11.23",0.200917262438039,0.483418825036714,0.629959536050802,"con","ALL","8","p","8p",0,1,"LUAD","CD4_T"
"849","8p11.22",0.210455630757615,0.508627319665552,0.61224440616177,"con","ALL","8","p","8p",0,1,"LUAD","CD4_T"
"850","8p11.21",0.0907188866906042,0.224994801399629,0.822487791572571,"con","ALL","8","p","8p",0,1,"LUAD","CD4_T"
"851","8q11.21",-0.0236995835624876,-0.0626006754124943,0.95022178781079,"con","ALL","8","q","8q",0,1,"LUAD","CD4_T"
"852","8q11.23",-0.0950176093857933,-0.260324077402655,0.795201938716893,"con","ALL","8","q","8q",0,1,"LUAD","CD4_T"
"853","8q12.1",-0.223143345801971,-0.657522859128773,0.512504528650527,"con","ALL","8","q","8q",-0.0443925486292258,1,"LUAD","CD4_T"
"854","8q12.3",-0.2847417004857,-0.887615283473358,0.377087745491805,"con","ALL","8","q","8q",-0.107778008399405,1,"LUAD","CD4_T"
"855","8q13.1",-0.348718669938451,-1.13231247884079,0.260477896528185,"con","ALL","8","q","8q",-0.148792602756561,1,"LUAD","CD4_T"
"856","8q13.3",-0.377328134979558,-1.26551875701604,0.208916097356412,"con","ALL","8","q","8q",-0.194428773391976,1,"LUAD","CD4_T"
"857","8q21.11",-0.402775659131856,-1.42390202999691,0.15789478200714,"con","ALL","8","q","8q",-0.232587650651009,1,"LUAD","CD4_T"
"858","8q21.13",-0.383858352911867,-1.50222753060253,0.136500642822662,"con","ALL","8","q","8q",-0.255881072677984,1,"LUAD","CD4_T"
"859","8q21.3",-0.355985280200063,-1.54469501173483,0.125890701787956,"con","ALL","8","q","8q",-0.270460886535128,1,"LUAD","CD4_T"
"860","8q22.1",-0.319602768675104,-1.55795555915242,0.122714948112509,"con","ALL","8","q","8q",-0.270460886535128,1,"LUAD","CD4_T"
"861","8q22.2",-0.297792586235286,-1.54359670720027,0.126156625715898,"con","ALL","8","q","8q",-0.270460886535128,1,"LUAD","CD4_T"
"862","8q22.3",-0.276746744912229,-1.48898456135308,0.139949011980865,"con","ALL","8","q","8q",-0.251206241229198,1,"LUAD","CD4_T"
"863","8q23.1",-0.256434223079398,-1.42207184741532,0.158423937741176,"con","ALL","8","q","8q",-0.232587650651009,1,"LUAD","CD4_T"
"864","8q23.2",-0.256604025866745,-1.43286939810481,0.155321722053723,"con","ALL","8","q","8q",-0.232587650651009,1,"LUAD","CD4_T"
"865","8q24.11",-0.248714276907949,-1.39966895241445,0.165012301412275,"con","ALL","8","q","8q",-0.218637892745985,1,"LUAD","CD4_T"
"866","8q24.12",-0.238569193771595,-1.36607941886,0.175280573318793,"con","ALL","8","q","8q",-0.218637892745985,1,"LUAD","CD4_T"
"867","8q24.13",-0.228065397632475,-1.33173231168608,0.186274290328729,"con","ALL","8","q","8q",-0.210996390680778,1,"LUAD","CD4_T"
"868","8q24.22",-0.218125745458812,-1.31555163511542,0.191629472773507,"con","ALL","8","q","8q",-0.210684927155709,1,"LUAD","CD4_T"
"869","8q24.3",-0.203212291877404,-1.27488129367201,0.205596788187459,"con","ALL","8","q","8q",-0.198915366779639,1,"LUAD","CD4_T"
"870","9p24.1",0.509986561153374,2.44530521306206,0.0163978439571786,"con","ALL","9","p","9p",0.720297064308616,-1,"LUAD","CD4_T"
"871","9p22.3",0.519504450520226,2.46693915690106,0.0154991206682854,"con","ALL","9","p","9p",0.735821911503405,-1,"LUAD","CD4_T"
"872","9p22.1",0.526626490210158,2.52836707586041,0.0131826372704671,"con","ALL","9","p","9p",0.758353886860059,-1,"LUAD","CD4_T"
"873","9p21.1",0.656014964863969,2.88606310120471,0.00487136870637845,"con","ALL","9","p","9p",0.97221007968093,-1,"LUAD","CD4_T"
"874","9p13.3",0.809681966452485,3.03012323249195,0.00318231799527188,"con","ALL","9","p","9p",1.14008416762902,-1,"LUAD","CD4_T"
"875","9p13.2",0.987083015624213,3.15780346026612,0.00215702348531431,"con","ALL","9","p","9p",1.26661129841375,-1,"LUAD","CD4_T"
"876","9q21.12",1.19151534034922,3.42294325255462,0.000930212714787614,"con","ALL","9","q","9q",1.59852475688689,-1,"LUAD","CD4_T"
"877","9q21.13",1.41954936746164,3.74819983067553,0.00031250598871353,"con","ALL","9","q","9q",2.00530189433912,-1,"LUAD","CD4_T"
"878","9q21.2",1.90807482616169,4.50359486698564,1,"con","ALL","9","q","9q",0,-1,"LUAD","CD4_T"
"879","9q21.31",1.98631806992531,4.66593558834118,1,"con","ALL","9","q","9q",0,-1,"LUAD","CD4_T"
"880","9q21.32",2.10793125164924,4.92758709050037,1,"con","ALL","9","q","9q",0,-1,"LUAD","CD4_T"
"881","9q21.33",2.18532606885378,5.09981751469713,1,"con","ALL","9","q","9q",0,-1,"LUAD","CD4_T"
"882","9q22.2",2.22156997432741,5.22498546615788,1,"con","ALL","9","q","9q",0,-1,"LUAD","CD4_T"
"883","9q22.31",2.15469097035569,5.19410828001663,1,"con","ALL","9","q","9q",0,-1,"LUAD","CD4_T"
"884","9q22.32",2.14696386859704,5.24329312789057,1,"con","ALL","9","q","9q",0,-1,"LUAD","CD4_T"
"885","9q22.33",2.03857024545047,5.22531361960603,1,"con","ALL","9","q","9q",0,-1,"LUAD","CD4_T"
"886","9q31.1",1.83116608987856,5.05377303073029,2.22435230881984e-06,"con","ALL","9","q","9q",3.65022111168372,-1,"LUAD","CD4_T"
"887","9q31.2",1.70157536976102,5.03348915434484,2.41645000564587e-06,"con","ALL","9","q","9q",3.65022111168372,-1,"LUAD","CD4_T"
"888","9q31.3",1.61104521089376,4.93525279707496,3.60058541213543e-06,"con","ALL","9","q","9q",3.59160460299885,-1,"LUAD","CD4_T"
"889","9q32",1.57774035608187,4.67414887618865,1.01874066509823e-05,"con","ALL","9","q","9q",3.23682409135619,-1,"LUAD","CD4_T"
"890","9q33.2",1.5288224957421,4.07170451633395,9.94125209122134e-05,"con","ALL","9","q","9q",2.42353790584249,-1,"LUAD","CD4_T"
"891","9q33.3",1.25261003182683,3.09074687276372,0.00264931454151285,"con","ALL","9","q","9q",1.20196545207636,-1,"LUAD","CD4_T"
"892","9q34.11",0.907563220345348,2.04307713636669,0.043936992343059,"con","ALL","9","q","9q",0.435941849259189,-1,"LUAD","CD4_T"
"893","9q34.13",0.684491349465946,1.51321980966952,0.133689268666207,"con","ALL","9","q","9q",0.260254276814259,-1,"LUAD","CD4_T"
"894","9q34.3",0.434500778298936,1.09920525401684,0.274578135683014,"con","ALL","9","q","9q",0.148792602756561,1,"LUAD","CD4_T"
"895","10p15.3",0.821630913911951,3.48990811815365,0.000746977140656262,"con","ALL","10","p","10p",1.67261041773296,-1,"LUAD","CD4_T"
"896","10p14",0.777340580535487,2.70062828366425,0.00825334357562949,"con","ALL","10","p","10p",0.829995544239123,-1,"LUAD","CD4_T"
"897","10p13",0.738016987067663,2.26934906063614,0.0256098030551838,"con","ALL","10","p","10p",0.568875254763286,-1,"LUAD","CD4_T"
"898","10p12.2",0.620302780490862,1.63775952106192,0.104925357117764,"con","ALL","10","p","10p",0.278171040419734,-1,"LUAD","CD4_T"
"899","10p12.1",0.501811868625518,1.19999031816127,0.23325788275679,"con","ALL","10","p","10p",0.167086015678901,-1,"LUAD","CD4_T"
"900","10p11.22",0.355105505069749,0.780274011706948,0.437254492109662,"con","ALL","10","p","10p",0.0759519106737905,-1,"LUAD","CD4_T"
"901","10q11.21",0.151954070402934,0.300194860623576,0.764713222766742,"con","ALL","10","q","10q",0,-1,"LUAD","CD4_T"
"902","10q11.22",0.0831289096462171,0.159053519016765,0.873979179082961,"con","ALL","10","q","10q",0,-1,"LUAD","CD4_T"
"903","10q21.1",0.0288751162655135,0.0542758774693761,0.956834349047246,"con","ALL","10","q","10q",0,-1,"LUAD","CD4_T"
"904","10q21.3",-0.178121070764201,-0.316794044339838,1,"con","ALL","10","q","10q",0,-1,"LUAD","CD4_T"
"905","10q22.1",-0.245557339425187,-0.387607890795012,1,"con","ALL","10","q","10q",0,1,"LUAD","CD4_T"
"906","10q22.2",-0.103362615257327,-0.148540387597262,1,"con","ALL","10","q","10q",0,1,"LUAD","CD4_T"
"907","10q22.3",0.123451398884551,0.176681280300514,1,"con","ALL","10","q","10q",0,1,"LUAD","CD4_T"
"908","10q23.1",0.130242107617122,0.185586390873573,1,"con","ALL","10","q","10q",0,1,"LUAD","CD4_T"
"909","10q23.2",0.152503862189646,0.217064345622127,1,"con","ALL","10","q","10q",0,1,"LUAD","CD4_T"
"910","10q23.31",0.135934576009801,0.191827442210991,1,"con","ALL","10","q","10q",0,-1,"LUAD","CD4_T"
"911","10q23.32",0.139856628909817,0.196901513374126,1,"con","ALL","10","q","10q",0,-1,"LUAD","CD4_T"
"912","10q24.1",0.526127157044442,0.769035317276298,1,"con","ALL","10","q","10q",0,-1,"LUAD","CD4_T"
"913","10q24.2",0.576164061127353,0.850691515308767,1,"con","ALL","10","q","10q",0,-1,"LUAD","CD4_T"
"914","10q24.31",0.710795451101942,1.10226600985006,1,"con","ALL","10","q","10q",0,-1,"LUAD","CD4_T"
"915","10q24.32",0.773384672220244,1.23357434929637,0.220538281079608,"con","ALL","10","q","10q",0.180544552073422,-1,"LUAD","CD4_T"
"916","10q25.1",0.724904074992741,1.15413211984593,0.251468049128299,"con","ALL","10","q","10q",0.149756290473777,-1,"LUAD","CD4_T"
"917","10q25.2",0.638664610065795,1.00614190052117,0.317015222597679,"con","ALL","10","q","10q",0.13778055172061,-1,"LUAD","CD4_T"
"918","10q25.3",0.539629686581329,0.847624573346357,1,"con","ALL","10","q","10q",0,-1,"LUAD","CD4_T"
"919","10q26.11",0.420019940706125,0.652025763496019,1,"con","ALL","10","q","10q",0,-1,"LUAD","CD4_T"
"920","10q26.13",0.270459134778152,0.477895113076949,1,"con","ALL","10","q","10q",0,-1,"LUAD","CD4_T"
"921","10q26.3",0.0473756049560688,0.0928550939316232,0.926222804437935,"con","ALL","10","q","10q",0,-1,"LUAD","CD4_T"
"922","11p15.5",-0.347698959426026,-1.44534626149627,0.151795649392007,"con","ALL","11","p","11p",-0.233890124555845,-1,"LUAD","CD4_T"
"923","11p15.4",-0.345256587995585,-0.935555798164529,0.351978039783789,"con","ALL","11","p","11p",-0.127151857817832,-1,"LUAD","CD4_T"
"924","11p15.3",-0.317311218261633,-0.735978708670923,0.463636553785529,"con","ALL","11","p","11p",-0.0637893754722837,-1,"LUAD","CD4_T"
"925","11p15.2",-0.28028916034838,-0.600258279437068,0.549826065959675,"con","ALL","11","p","11p",-0.0297072157670749,-1,"LUAD","CD4_T"
"926","11p15.1",-0.287498305751913,-0.554681049709925,0.580473614388682,"con","ALL","11","p","11p",-0.0113049482774874,-1,"LUAD","CD4_T"
"927","11p14.3",-0.325157892208931,-0.548463888963833,0.584716495165941,"con","ALL","11","p","11p",-0.00994112691179873,-1,"LUAD","CD4_T"
"928","11p13",-0.144783357731509,-0.19080177967179,1,"con","ALL","11","p","11p",0,-1,"LUAD","CD4_T"
"929","11p12",0.0845817257194639,0.096889058552898,1,"con","ALL","11","p","11p",0,-1,"LUAD","CD4_T"
"930","11p11.2",0.085372143240527,0.0833376132574049,1,"con","ALL","11","p","11p",0,1,"LUAD","CD4_T"
"931","11q12.1",-0.107070075638547,-0.0918692498245679,1,"con","ALL","11","q","11q",0,1,"LUAD","CD4_T"
"932","11q12.2",0.0569209745451884,0.0566077742606928,1,"con","ALL","11","q","11q",0,1,"LUAD","CD4_T"
"933","11q12.3",-0.194437844546473,-0.223100581269293,1,"con","ALL","11","q","11q",0,1,"LUAD","CD4_T"
"934","11q13.1",0.125236371243345,0.178351772354228,1,"con","ALL","11","q","11q",0,1,"LUAD","CD4_T"
"935","11q13.2",-0.30637991952523,-0.658361705278456,0.51196796507984,"con","ALL","11","q","11q",-0.0443925486292258,1,"LUAD","CD4_T"
"936","11q13.3",-0.343345695970187,-0.902223554132515,0.369320015534926,"con","ALL","11","q","11q",-0.115235451268747,1,"LUAD","CD4_T"
"937","11q13.4",-0.271065252528967,-0.672023307802254,0.503271499963698,"con","ALL","11","q","11q",-0.0491455449545875,1,"LUAD","CD4_T"
"938","11q13.5",-0.168876585123057,-0.401912778734985,0.68869062174197,"con","ALL","11","q","11q",0,1,"LUAD","CD4_T"
"939","11q14.1",-0.00708756003540429,-0.0138206590313323,0.989003316037757,"con","ALL","11","q","11q",0,-1,"LUAD","CD4_T"
"940","11q14.2",0.0961516049422598,0.165222785139763,1,"con","ALL","11","q","11q",0,-1,"LUAD","CD4_T"
"941","11q14.3",0.238890797544275,0.391173845418872,1,"con","ALL","11","q","11q",0,-1,"LUAD","CD4_T"
"942","11q21",0.402128601041324,0.621678748020839,1,"con","ALL","11","q","11q",0,-1,"LUAD","CD4_T"
"943","11q22.2",0.492078062791676,0.757124618036505,1,"con","ALL","11","q","11q",0,-1,"LUAD","CD4_T"
"944","11q22.3",0.691793410870443,1.1175908749213,1,"con","ALL","11","q","11q",0,-1,"LUAD","CD4_T"
"945","11q23.1",0.743234232408962,1.34123752781573,0.183181288525799,"con","ALL","11","q","11q",0.213418189903967,-1,"LUAD","CD4_T"
"946","11q23.2",0.738174763814305,1.42270465929487,0.158240820392368,"con","ALL","11","q","11q",0.232587650651009,-1,"LUAD","CD4_T"
"947","11q23.3",0.681398510215882,1.45637960028451,0.148729442057048,"con","ALL","11","q","11q",0.233890124555845,-1,"LUAD","CD4_T"
"948","11q24.1",0.537573493634196,1.39322910502993,0.166944448402122,"con","ALL","11","q","11q",0.218637892745985,-1,"LUAD","CD4_T"
"949","11q24.2",0.492938907778361,1.32212503895072,0.189440204135813,"con","ALL","11","q","11q",0.210996390680778,1,"LUAD","CD4_T"
"950","11q24.3",0.434387689219213,1.23125224147236,0.221401149692503,"con","ALL","11","q","11q",0.180544552073422,1,"LUAD","CD4_T"
"951","11q25",0.399610187967059,1.172431255758,0.244084094705115,"con","ALL","11","q","11q",0.155268230484755,1,"LUAD","CD4_T"
"952","12p13.33",0.227824334758964,1.04454895395764,0.298998319387611,"con","ALL","12","p","12p",0.140209568213104,1,"LUAD","CD4_T"
"953","12p13.32",0.240873906724053,1.07917319207101,0.283362641175368,"con","ALL","12","p","12p",0.144727659865837,1,"LUAD","CD4_T"
"954","12p13.31",0.246553376859562,0.994970058056025,0.322389180845802,"con","ALL","12","p","12p",0.13778055172061,-1,"LUAD","CD4_T"
"955","12p13.2",0.306031197099269,0.994991389111527,0.322378862791833,"con","ALL","12","p","12p",0.13778055172061,-1,"LUAD","CD4_T"
"956","12p13.1",0.332480810795061,0.994774744328457,0.322483666315938,"con","ALL","12","p","12p",0.13778055172061,-1,"LUAD","CD4_T"
"957","12p12.3",0.336716385282779,0.95350269735364,0.342861372801308,"con","ALL","12","p","12p",0.133015047839994,-1,"LUAD","CD4_T"
"958","12p12.1",0.324991939796575,0.77357500917776,0.441187106638542,"con","ALL","12","p","12p",0.0744811856572612,1,"LUAD","CD4_T"
"959","12p11.23",0.340250474523058,0.712866844321894,1,"con","ALL","12","p","12p",0,1,"LUAD","CD4_T"
"960","12p11.22",0.319485574177046,0.607113847460163,1,"con","ALL","12","p","12p",0,1,"LUAD","CD4_T"
"961","12q12",0.341414463368451,0.566267135954669,1,"con","ALL","12","q","12q",0,1,"LUAD","CD4_T"
"962","12q13.11",0.329048197754329,0.517771607975966,1,"con","ALL","12","q","12q",0,1,"LUAD","CD4_T"
"963","12q13.12",0.156013334175479,0.236618459838554,0.813484610717123,"con","ALL","12","q","12q",0,1,"LUAD","CD4_T"
"964","12q13.13",-0.633356900532466,-1.17379617627966,0.243539598294657,"con","ALL","12","q","12q",-0.155268230484755,1,"LUAD","CD4_T"
"965","12q13.2",-0.730446893905495,-1.8839224392101,0.0627683494902537,"con","ALL","12","q","12q",-0.366225117064231,1,"LUAD","CD4_T"
"966","12q13.3",-0.641826389727395,-2.16118930742909,0.0333062191964485,"con","ALL","12","q","12q",-0.500513648064494,1,"LUAD","CD4_T"
"967","12q14.1",-0.562618789285174,-2.09511871577618,0.038938614970459,"con","ALL","12","q","12q",-0.474051169353245,1,"LUAD","CD4_T"
"968","12q14.3",-0.537119494206135,-2.00920159003165,0.0474785480399013,"con","ALL","12","q","12q",-0.423601647761488,1,"LUAD","CD4_T"
"969","12q15",-0.544692716793617,-2.00134015713981,0.0483344639748592,"con","ALL","12","q","12q",-0.423601647761488,1,"LUAD","CD4_T"
"970","12q21.1",-0.593746924193329,-1.93934237548654,0.0555573594377303,"con","ALL","12","q","12q",-0.386636862620307,-1,"LUAD","CD4_T"
"971","12q21.2",-0.60634074162469,-1.78625067559805,0.0773892550388527,"con","ALL","12","q","12q",-0.338478300551702,-1,"LUAD","CD4_T"
"972","12q21.31",-0.597852288985096,-1.60354836471442,0.112279032578112,"con","ALL","12","q","12q",-0.273770317654862,-1,"LUAD","CD4_T"
"973","12q21.33",-0.522944653725032,-1.30525371800423,0.195097139255141,"con","ALL","12","q","12q",-0.209613371706257,-1,"LUAD","CD4_T"
"974","12q22",-0.512922821585874,-1.22787325678992,0.222661130749947,"con","ALL","12","q","12q",-0.180544552073422,-1,"LUAD","CD4_T"
"975","12q23.1",-0.439439696601816,-1.04443325647711,0.299051529299788,"con","ALL","12","q","12q",-0.140209568213104,-1,"LUAD","CD4_T"
"976","12q23.2",-0.355004423635869,-0.849415860558679,0.397879061979232,"con","ALL","12","q","12q",-0.0963603210442019,-1,"LUAD","CD4_T"
"977","12q23.3",-0.183841465458346,-0.452343590635738,0.652097962769073,"con","ALL","12","q","12q",0,-1,"LUAD","CD4_T"
"978","12q24.11",0.00816490169850096,0.021712326592637,0.982724969015036,"con","ALL","12","q","12q",0,-1,"LUAD","CD4_T"
"979","12q24.13",0.013815317490686,0.037559181776393,0.97012142572148,"con","ALL","12","q","12q",0,-1,"LUAD","CD4_T"
"980","12q24.23",0.0132787638790164,0.0359280382168645,0.971418433908515,"con","ALL","12","q","12q",0,-1,"LUAD","CD4_T"
"981","12q24.31",0.0277059909357354,0.0722659586165111,0.942548851336375,"con","ALL","12","q","12q",0,-1,"LUAD","CD4_T"
"982","12q24.33",-0.0119818009819643,-0.0295998669031567,0.976450992061686,"con","ALL","12","q","12q",0,-1,"LUAD","CD4_T"
"983","13q12.11",0.232561576923098,0.962423388564518,0.33838743366676,"con","ALL","13","q","13q",0.13377479818924,-1,"LUAD","CD4_T"
"984","13q12.2",0.249819153007374,1.04612861689424,0.29827246621442,"con","ALL","13","q","13q",0.140209568213104,-1,"LUAD","CD4_T"
"985","13q12.3",0.246238167161816,1.01402520285632,0.313259285048118,"con","ALL","13","q","13q",0.13778055172061,-1,"LUAD","CD4_T"
"986","13q13.1",0.243431328005233,0.978028435108666,0.330653184751862,"con","ALL","13","q","13q",0.137134729514401,-1,"LUAD","CD4_T"
"987","13q13.3",0.255410556996565,0.998690139510522,0.320593050101667,"con","ALL","13","q","13q",0.13778055172061,-1,"LUAD","CD4_T"
"988","13q14.11",0.260099037458568,0.995162813151787,0.322295951148424,"con","ALL","13","q","13q",0.13778055172061,-1,"LUAD","CD4_T"
"989","13q14.12",0.232396812159769,0.872514851278218,0.38522397387671,"con","ALL","13","q","13q",0.105134458734303,-1,"LUAD","CD4_T"
"990","13q14.13",0.226253801609833,0.843410431269257,0.401210483590932,"con","ALL","13","q","13q",0.0963603210442019,-1,"LUAD","CD4_T"
"991","13q14.2",0.216072262402673,0.778625937500169,0.438220078431346,"con","ALL","13","q","13q",0.0759519106737905,-1,"LUAD","CD4_T"
"992","13q14.3",0.119021361200282,0.391117751378702,0.696624448387659,"con","ALL","13","q","13q",0,-1,"LUAD","CD4_T"
"993","13q21.33",0.0893410369744961,0.286708374074393,0.774987394711739,"con","ALL","13","q","13q",0,-1,"LUAD","CD4_T"
"994","13q22.2",0.0302746610343841,0.0953481352685825,0.924247962067996,"con","ALL","13","q","13q",0,-1,"LUAD","CD4_T"
"995","13q22.3",0.00988314675413258,0.030605764681171,0.975650970184315,"con","ALL","13","q","13q",0,-1,"LUAD","CD4_T"
"996","13q31.1",-0.0186001859313578,-0.0571109968829293,0.954581991932332,"con","ALL","13","q","13q",0,-1,"LUAD","CD4_T"
"997","13q32.1",-0.0379241100725472,-0.116297797403337,0.907672800808188,"con","ALL","13","q","13q",0,-1,"LUAD","CD4_T"
"998","13q32.2",-0.0798641771346012,-0.241885501230741,0.809413145340219,"con","ALL","13","q","13q",0,-1,"LUAD","CD4_T"
"999","13q32.3",-0.0876429066507481,-0.266311584597398,0.790601740236732,"con","ALL","13","q","13q",0,-1,"LUAD","CD4_T"
"1000","13q33.3",-0.147776817062349,-0.446112653384335,0.656575566806307,"con","ALL","13","q","13q",0,-1,"LUAD","CD4_T"
"1001","13q34",-0.224416728103041,-0.683662524111036,0.495925449036093,"con","ALL","13","q","13q",-0.0505377448040655,-1,"LUAD","CD4_T"
"1002","14q11.2",-0.246296016396718,-0.6386671739939,0.524643663665805,"con","ALL","14","q","14q",-0.0383200241255079,1,"LUAD","CD4_T"
"1003","14q12",-0.445266895864242,-1.21039301266957,0.229262648229606,"con","ALL","14","q","14q",-0.172356158866826,1,"LUAD","CD4_T"
"1004","14q13.1",-0.486974703323346,-1.36727379217615,0.174907329326627,"con","ALL","14","q","14q",-0.218637892745985,1,"LUAD","CD4_T"
"1005","14q13.2",-0.53118092751092,-1.54544738461908,0.125708791927834,"con","ALL","14","q","14q",-0.270460886535128,1,"LUAD","CD4_T"
"1006","14q13.3",-0.555105204492042,-1.66025323446779,0.100305711569821,"con","ALL","14","q","14q",-0.284954755606815,1,"LUAD","CD4_T"
"1007","14q21.1",-0.567761141832249,-1.70424720662485,0.0917472534597366,"con","ALL","14","q","14q",-0.302054484754463,1,"LUAD","CD4_T"
"1008","14q21.2",-0.59882710001812,-1.84111476020071,0.0688629942911263,"con","ALL","14","q","14q",-0.362316635140696,1,"LUAD","CD4_T"
"1009","14q21.3",-0.664114973644794,-2.11383623200072,0.0372649860352056,"con","ALL","14","q","14q",-0.486500127430322,1,"LUAD","CD4_T"
"1010","14q22.1",-0.718780962170722,-2.36314478105398,0.0202495161549769,"con","ALL","14","q","14q",-0.643809717076071,1,"LUAD","CD4_T"
"1011","14q22.3",-0.749220530342989,-2.54354261358377,0.0126605627597201,"con","ALL","14","q","14q",-0.760503190774812,1,"LUAD","CD4_T"
"1012","14q23.1",-0.745330502109761,-2.65500237775451,0.00936227261127114,"con","ALL","14","q","14q",-0.826833732125213,1,"LUAD","CD4_T"
"1013","14q23.2",-0.728984549173733,-2.64332191241472,0.00966709278460634,"con","ALL","14","q","14q",-0.826833732125213,1,"LUAD","CD4_T"
"1014","14q23.3",-0.723726799779449,-2.62324230153908,0.0102121834666623,"con","ALL","14","q","14q",-0.826833732125213,1,"LUAD","CD4_T"
"1015","14q24.1",-0.68287073597753,-2.47345425707592,0.0152372384504241,"con","ALL","14","q","14q",-0.735821911503405,1,"LUAD","CD4_T"
"1016","14q24.2",-0.631044577155778,-2.25623050927053,0.0264513348977138,"con","ALL","14","q","14q",-0.562802828993292,1,"LUAD","CD4_T"
"1017","14q24.3",-0.57022255058911,-1.86054795958635,0.066037544131634,"con","ALL","14","q","14q",-0.362316635140696,1,"LUAD","CD4_T"
"1018","14q32.11",-0.495294218423648,-1.46625843010032,0.14602506626427,"con","ALL","14","q","14q",-0.238822813711233,1,"LUAD","CD4_T"
"1019","14q32.12",-0.462441846943406,-1.3273422296554,0.187716001355159,"con","ALL","14","q","14q",-0.210996390680778,1,"LUAD","CD4_T"
"1020","14q32.2",-0.363762875137749,-1.00570628218262,0.317223641381701,"con","ALL","14","q","14q",-0.13778055172061,1,"LUAD","CD4_T"
"1021","14q32.31",-0.318187311577723,-0.871774590349192,0.385625617299692,"con","ALL","14","q","14q",-0.105134458734303,1,"LUAD","CD4_T"
"1022","14q32.32",-0.274251913325098,-0.742873634511864,0.459471648049683,"con","ALL","14","q","14q",-0.0655025990442385,1,"LUAD","CD4_T"
"1023","14q32.33",-0.248812615756869,-0.710802460965972,0.479024517401108,"con","ALL","14","q","14q",-0.0558770972371297,1,"LUAD","CD4_T"
"1024","15q14",0.427685808945485,1.66497036474414,0.099358147574582,"con","ALL","15","q","15q",0.284954755606815,-1,"LUAD","CD4_T"
"1025","15q15.1",0.396537192976857,1.59469003623574,0.114248990108574,"con","ALL","15","q","15q",0.270460886535128,-1,"LUAD","CD4_T"
"1026","15q15.2",0.375868877437594,1.55628773965914,0.123110840194148,"con","ALL","15","q","15q",0.270460886535128,-1,"LUAD","CD4_T"
"1027","15q15.3",0.373648922469462,1.55517594899552,0.123375309870747,"con","ALL","15","q","15q",0.270460886535128,-1,"LUAD","CD4_T"
"1028","15q21.1",0.380383803627611,1.56827718130638,0.120287337483818,"con","ALL","15","q","15q",0.270460886535128,-1,"LUAD","CD4_T"
"1029","15q21.2",0.391872739723903,1.56993380166589,0.119901289601301,"con","ALL","15","q","15q",0.270460886535128,-1,"LUAD","CD4_T"
"1030","15q21.3",0.405254845388698,1.61164528857842,0.110502305650216,"con","ALL","15","q","15q",0.273770317654862,-1,"LUAD","CD4_T"
"1031","15q22.1",0.432101934377309,1.70253893383837,0.092068073702409,"con","ALL","15","q","15q",0.302054484754463,-1,"LUAD","CD4_T"
"1032","15q22.2",0.470252914124199,1.78696743512089,0.0772724704290995,"con","ALL","15","q","15q",0.338478300551702,-1,"LUAD","CD4_T"
"1033","15q22.31",0.538075832859999,1.89354811414975,0.0614621893936687,"con","ALL","15","q","15q",0.366225117064231,-1,"LUAD","CD4_T"
"1034","15q23",0.58223699581562,1.86904484432965,0.0648330211919579,"con","ALL","15","q","15q",0.362316635140696,-1,"LUAD","CD4_T"
"1035","15q24.1",0.657207652984493,1.9993372504412,0.0485546253723123,"con","ALL","15","q","15q",0.423601647761488,-1,"LUAD","CD4_T"
"1036","15q24.2",0.691237762794479,2.03810533991256,0.0444421412225631,"con","ALL","15","q","15q",0.435941849259189,-1,"LUAD","CD4_T"
"1037","15q24.3",0.70645481704957,2.02959759277316,0.0453181103579719,"con","ALL","15","q","15q",0.433713980949781,-1,"LUAD","CD4_T"
"1038","15q25.1",0.697800983279665,1.96857336685009,0.052045232337475,"con","ALL","15","q","15q",0.408666989294963,-1,"LUAD","CD4_T"
"1039","15q25.3",0.612608336664585,1.75431136290102,0.0827434932378543,"con","ALL","15","q","15q",0.327153881755376,-1,"LUAD","CD4_T"
"1040","15q26.1",0.559394603596184,1.62302605400015,0.108043237284605,"con","ALL","15","q","15q",0.27483734684801,-1,"LUAD","CD4_T"
"1041","15q26.3",0.501317406764131,1.52873090967404,0.129799874508193,"con","ALL","15","q","15q",0.26515236939081,-1,"LUAD","CD4_T"
"1042","16p13.3",-0.342986827383217,-1.31958250340586,0.190284761716258,"con","ALL","16","p","16p",-0.210996390680778,1,"LUAD","CD4_T"
"1043","16p13.2",-0.413885183037992,-1.34715415572682,0.181275645169721,"con","ALL","16","p","16p",-0.214434978739201,1,"LUAD","CD4_T"
"1044","16p13.13",-0.437505053051589,-1.38541852360511,0.169310993992937,"con","ALL","16","p","16p",-0.218637892745985,1,"LUAD","CD4_T"
"1045","16p12.3",-0.458732015539394,-1.32256542694031,0.189294205614278,"con","ALL","16","p","16p",-0.210996390680778,1,"LUAD","CD4_T"
"1046","16p12.2",-0.452258078933734,-1.16104291277217,0.248661043633261,"con","ALL","16","p","16p",-0.150309977212917,1,"LUAD","CD4_T"
"1047","16p12.1",-0.435654074055537,-1.03654784549627,0.302693216400369,"con","ALL","16","p","16p",-0.13999875981785,1,"LUAD","CD4_T"
"1048","16p11.2",-0.460893230679666,-0.870554665254244,0.386288079317935,"con","ALL","16","p","16p",-0.105134458734303,1,"LUAD","CD4_T"
"1049","16q11.2",-0.245225427289245,-0.385806661460482,1,"con","ALL","16","q","16q",0,1,"LUAD","CD4_T"
"1050","16q12.1",-0.213048761504565,-0.320178295529879,1,"con","ALL","16","q","16q",0,1,"LUAD","CD4_T"
"1051","16q12.2",-0.11790523765979,-0.175381461355445,1,"con","ALL","16","q","16q",0,1,"LUAD","CD4_T"
"1052","16q13",0.00475373453984425,0.00716477648775124,1,"con","ALL","16","q","16q",0,-1,"LUAD","CD4_T"
"1053","16q21",-0.0861074388559688,-0.136380252986241,1,"con","ALL","16","q","16q",0,-1,"LUAD","CD4_T"
"1054","16q22.1",-0.0379361781076506,-0.0702285279354808,1,"con","ALL","16","q","16q",0,-1,"LUAD","CD4_T"
"1055","16q22.2",-0.01609052888862,-0.0389156469125669,0.969042889850377,"con","ALL","16","q","16q",0,-1,"LUAD","CD4_T"
"1056","16q23.1",-0.0218005014251197,-0.0567539600411381,0.954865619497005,"con","ALL","16","q","16q",0,-1,"LUAD","CD4_T"
"1057","16q23.3",-0.099413785290859,-0.30157245053028,0.763666088939084,"con","ALL","16","q","16q",0,-1,"LUAD","CD4_T"
"1058","16q24.1",-0.110663462382993,-0.368423294025231,0.713413318523888,"con","ALL","16","q","16q",0,-1,"LUAD","CD4_T"
"1059","16q24.2",-0.132071371818738,-0.475267419799593,0.635735173628551,"con","ALL","16","q","16q",0,-1,"LUAD","CD4_T"
"1060","16q24.3",-0.189809711582622,-0.759787999966034,0.449345201453863,"con","ALL","16","q","16q",-0.0723145683305374,-1,"LUAD","CD4_T"
"1061","17p13.3",0.871575843496607,2.64108602189426,0.00972645728589346,"con","ALL","17","p","17p",0.826833732125213,-1,"LUAD","CD4_T"
"1062","17p13.2",0.86694092838599,2.84649170258851,0.0054623084129024,"con","ALL","17","p","17p",0.938875280129321,-1,"LUAD","CD4_T"
"1063","17p13.1",0.97923485000166,2.74859401295426,0.00721755100899604,"con","ALL","17","p","17p",0.833655903070216,-1,"LUAD","CD4_T"
"1064","17p12",1.10416712786133,2.47005388529603,0.0153734222152167,"con","ALL","17","p","17p",0.735821911503405,-1,"LUAD","CD4_T"
"1065","17p11.2",1.24183743447146,2.21601030951324,0.0291845826746239,"con","ALL","17","p","17p",0.535609101787275,-1,"LUAD","CD4_T"
"1066","17q11.1",1.1289850140045,1.71067503655007,1,"con","ALL","17","q","17q",0,1,"LUAD","CD4_T"
"1067","17q11.2",0.376937190760393,0.528756806015434,1,"con","ALL","17","q","17q",0,1,"LUAD","CD4_T"
"1068","17q12",-0.309061152626785,-0.828088108906591,0.40978711593778,"con","ALL","17","q","17q",-0.0902113306541475,1,"LUAD","CD4_T"
"1069","17q21.1",-0.254566323232674,-0.707757302759477,0.480904779786678,"con","ALL","17","q","17q",-0.0557846396127322,1,"LUAD","CD4_T"
"1070","17q21.2",-0.264227731391477,-0.757047947200394,0.450976855462971,"con","ALL","17","q","17q",-0.0721761080400069,1,"LUAD","CD4_T"
"1071","17q21.31",-0.309722440695251,-0.81575441407424,0.416770730476243,"con","ALL","17","q","17q",-0.0858883652039058,1,"LUAD","CD4_T"
"1072","17q21.32",-0.415372702906439,-0.978534204109143,0.330404473623165,"con","ALL","17","q","17q",-0.137134729514401,1,"LUAD","CD4_T"
"1073","17q21.33",-0.443833400367919,-1.08868626310265,0.279167097642594,"con","ALL","17","q","17q",-0.146359503905998,1,"LUAD","CD4_T"
"1074","17q22",-0.387453266136801,-0.969763408700009,0.334734942145735,"con","ALL","17","q","17q",-0.136827191301294,1,"LUAD","CD4_T"
"1075","17q23.1",-0.306570903498908,-0.786845997139409,0.43341644962307,"con","ALL","17","q","17q",-0.0778009208933635,1,"LUAD","CD4_T"
"1076","17q23.3",-0.310013170620866,-0.802521802748854,0.424342135865155,"con","ALL","17","q","17q",-0.0810645645806162,1,"LUAD","CD4_T"
"1077","17q24.2",-0.307018154125565,-0.79704471237014,0.427499775912929,"con","ALL","17","q","17q",-0.0793346936378201,1,"LUAD","CD4_T"
"1078","17q25.1",-0.268953196411478,-0.69610591975771,0.488136624696546,"con","ALL","17","q","17q",-0.0518906773303622,1,"LUAD","CD4_T"
"1079","17q25.3",-0.32384413550717,-1.03311174819586,0.30428943564514,"con","ALL","17","q","17q",-0.13999875981785,1,"LUAD","CD4_T"
"1080","18p11.32",-0.126096999844952,-0.408904499793435,0.683570489412359,"con","ALL","18","p","18p",0,-1,"LUAD","CD4_T"
"1081","18p11.31",-0.102607694864205,-0.324122570798052,0.746589052715438,"con","ALL","18","p","18p",0,-1,"LUAD","CD4_T"
"1082","18p11.22",-0.0301934060823892,-0.0870378484676642,0.9308326642339,"con","ALL","18","p","18p",0,-1,"LUAD","CD4_T"
"1083","18p11.21",0.119002500562411,0.29347401693315,0.76982811075116,"con","ALL","18","p","18p",0,-1,"LUAD","CD4_T"
"1084","18q11.1",0.206822600983689,0.471360419818667,0.638511492732284,"con","ALL","18","q","18q",0,-1,"LUAD","CD4_T"
"1085","18q11.2",0.288320007817108,0.621255402071861,0.535984731848602,"con","ALL","18","q","18q",0.033590760046582,-1,"LUAD","CD4_T"
"1086","18q12.2",0.380065298231713,0.722514030403169,1,"con","ALL","18","q","18q",0,-1,"LUAD","CD4_T"
"1087","18q21.1",0.402150236100789,0.759729015620879,1,"con","ALL","18","q","18q",0,-1,"LUAD","CD4_T"
"1088","18q21.31",0.397844056349924,0.767570308244875,1,"con","ALL","18","q","18q",0,-1,"LUAD","CD4_T"
"1089","18q21.32",0.3929484401187,0.764537393532158,0.446525098072951,"con","ALL","18","q","18q",0.0736083546679276,-1,"LUAD","CD4_T"
"1090","18q21.33",0.446618851765255,0.874345706575178,0.384231723460636,"con","ALL","18","q","18q",0.105134458734303,-1,"LUAD","CD4_T"
"1091","18q22.3",0.503207246479564,0.983217763684508,0.328107189390342,"con","ALL","18","q","18q",0.137134729514401,-1,"LUAD","CD4_T"
"1092","18q23",0.450576727511264,0.883964028461385,0.379045130954508,"con","ALL","18","q","18q",0.107105893412848,-1,"LUAD","CD4_T"
"1093","19p13.3",0.0613363312226709,0.226451165626449,0.821358425740489,"con","ALL","19","p","19p",0,1,"LUAD","CD4_T"
"1094","19p13.2",0.506489121191374,1.37776319400143,0.171655234632971,"con","ALL","19","p","19p",0.218637892745985,-1,"LUAD","CD4_T"
"1095","19p13.13",0.69862183158584,1.821090493785,0.0718792957889538,"con","ALL","19","p","19p",0.352071747333659,-1,"LUAD","CD4_T"
"1096","19p13.12",0.73758359644258,1.73824642907804,0.0855498498169406,"con","ALL","19","p","19p",0.325505706837789,-1,"LUAD","CD4_T"
"1097","19p13.11",0.361232705381009,0.682229716441254,0.496826610406131,"con","ALL","19","p","19p",0.0505377448040655,-1,"LUAD","CD4_T"
"1098","19q12",-0.186232407922734,-0.503643452624757,0.615729011020434,"con","ALL","19","q","19q",0,1,"LUAD","CD4_T"
"1099","19q13.11",-0.173842712914734,-0.532614411635705,0.59559871793669,"con","ALL","19","q","19q",-0.00462346966054537,1,"LUAD","CD4_T"
"1100","19q13.12",-0.174159996222169,-0.622704772678024,0.535035924895557,"con","ALL","19","q","19q",-0.033590760046582,1,"LUAD","CD4_T"
"1101","19q13.2",-0.173862484887399,-0.588375150390598,0.557738030051302,"con","ALL","19","q","19q",-0.0247967525919265,1,"LUAD","CD4_T"
"1102","19q13.31",-0.256382514141339,-0.768432940514498,0.44421965687323,"con","ALL","19","q","19q",-0.0736083546679276,1,"LUAD","CD4_T"
"1103","19q13.32",-0.275700630123222,-0.846605987627766,0.399435682183404,"con","ALL","19","q","19q",-0.0963603210442019,-1,"LUAD","CD4_T"
"1104","19q13.33",-0.302246434761303,-1.14180385522597,0.256531152173139,"con","ALL","19","q","19q",-0.149614842244018,-1,"LUAD","CD4_T"
"1105","19q13.41",-0.309155671096764,-1.30309608584022,0.195829580435295,"con","ALL","19","q","19q",-0.209613371706257,-1,"LUAD","CD4_T"
"1106","19q13.42",-0.286299467252556,-1.3829499277901,0.170064254465933,"con","ALL","19","q","19q",-0.218637892745985,1,"LUAD","CD4_T"
"1107","19q13.43",-0.268544944689966,-1.38076963128633,0.170731665162337,"con","ALL","19","q","19q",-0.218637892745985,1,"LUAD","CD4_T"
"1108","20p13",0.318420454935411,1.0872663439397,0.279790582698375,"con","ALL","20","p","20p",0.146359503905998,-1,"LUAD","CD4_T"
"1109","20p12.3",0.268946833023055,0.811201782188784,0.419366460499798,"con","ALL","20","p","20p",0.0846920373781805,-1,"LUAD","CD4_T"
"1110","20p12.1",0.153164378983603,0.418844304504067,0.676316876927914,"con","ALL","20","p","20p",0,-1,"LUAD","CD4_T"
"1111","20p11.23",0.103747530747382,0.263522707927073,0.792743520858278,"con","ALL","20","p","20p",0,-1,"LUAD","CD4_T"
"1112","20p11.22",0.0352216465950758,0.0840890388406481,0.933170351354625,"con","ALL","20","p","20p",0,-1,"LUAD","CD4_T"
"1113","20p11.21",0.000875775182330358,0.00200289468800167,0.998406306541755,"con","ALL","20","p","20p",0,-1,"LUAD","CD4_T"
"1114","20q11.21",-0.175253087253021,-0.351246492773725,0.726215363426778,"con","ALL","20","q","20q",0,1,"LUAD","CD4_T"
"1115","20q11.22",-0.455558530412536,-0.837304682063387,0.404614953488319,"con","ALL","20","q","20q",-0.0942118376381478,1,"LUAD","CD4_T"
"1116","20q12",-0.693836804848356,-1.31402550238316,1,"con","ALL","20","q","20q",0,1,"LUAD","CD4_T"
"1117","20q13.11",-0.692316954325925,-1.32384813149161,1,"con","ALL","20","q","20q",0,1,"LUAD","CD4_T"
"1118","20q13.12",-0.72684609969843,-1.47626426162284,0.143325079111321,"con","ALL","20","q","20q",-0.243901580905149,1,"LUAD","CD4_T"
"1119","20q13.13",-0.500883562064465,-1.36925352097738,0.174289988812835,"con","ALL","20","q","20q",-0.218637892745985,1,"LUAD","CD4_T"
"1120","20q13.2",-0.437176325017423,-1.35354534770716,0.179234000217535,"con","ALL","20","q","20q",-0.216776617670843,1,"LUAD","CD4_T"
"1121","20q13.32",-0.420845852485501,-1.55665102428487,0.12302452067674,"con","ALL","20","q","20q",-0.270460886535128,1,"LUAD","CD4_T"
"1122","20q13.33",-0.363086547308047,-1.54285147633969,0.126337315778859,"con","ALL","20","q","20q",-0.270460886535128,1,"LUAD","CD4_T"
"1123","21q21.3",-0.168365407170112,-0.653308581188794,0.515204672534156,"con","ALL","21","q","21q",-0.0434529507047419,1,"LUAD","CD4_T"
"1124","21q22.11",-0.183639362387181,-0.729848611468269,0.467357347335761,"con","ALL","21","q","21q",-0.0637893754722837,1,"LUAD","CD4_T"
"1125","21q22.12",-0.19639042085189,-0.786840106048386,0.433419881130756,"con","ALL","21","q","21q",-0.0778009208933635,1,"LUAD","CD4_T"
"1126","21q22.13",-0.23168622723472,-0.945548971977252,0.346882615946359,"con","ALL","21","q","21q",-0.129586834555786,1,"LUAD","CD4_T"
"1127","21q22.2",-0.258190204120563,-1.07302673351682,0.286096386951656,"con","ALL","21","q","21q",-0.142483799521925,1,"LUAD","CD4_T"
"1128","21q22.3",-0.293755342564298,-1.27495657365879,0.205570257887056,"con","ALL","21","q","21q",-0.198915366779639,1,"LUAD","CD4_T"
"1129","22q11.21",0.634734451762335,1.42844226314442,0.156587953107412,"con","ALL","22","q","22q",0.232587650651009,1,"LUAD","CD4_T"
"1130","22q11.22",0.701516535895401,1.42758804168091,0.156833187371601,"con","ALL","22","q","22q",0.232587650651009,1,"LUAD","CD4_T"
"1131","22q11.23",0.813155963323442,1.59002860963671,1,"con","ALL","22","q","22q",0,1,"LUAD","CD4_T"
"1132","22q12.1",0.968633963285257,1.80855776202185,0.0738225246593122,"con","ALL","22","q","22q",0.345181788591842,1,"LUAD","CD4_T"
"1133","22q12.2",1.08764069084364,1.99498201744036,0.0490363126704161,"con","ALL","22","q","22q",0.423601647761488,-1,"LUAD","CD4_T"
"1134","22q12.3",1.04531560559119,2.05405168146831,0.0428393656773074,"con","ALL","22","q","22q",0.439119504698801,-1,"LUAD","CD4_T"
"1135","22q13.1",0.801143428621971,1.75773837609655,0.0821547558261361,"con","ALL","22","q","22q",0.327153881755376,-1,"LUAD","CD4_T"
"1136","22q13.2",0.743047746773102,1.61236588259389,0.110345283991738,"con","ALL","22","q","22q",0.273770317654862,-1,"LUAD","CD4_T"
"1137","22q13.31",0.703290956746939,1.51133609037592,0.134167787179763,"con","ALL","22","q","22q",0.260254276814259,-1,"LUAD","CD4_T"
"1138","22q13.33",0.712564542747655,1.52979183445923,0.129537145512293,"con","ALL","22","q","22q",0.26515236939081,-1,"LUAD","CD4_T"
"1139","1p36.33",0.169482329656898,0.652512783124966,0.515715392595666,"con","ALL","1","p","1p",0.107537794340646,1,"LUAD","CD8_T"
"1140","1p36.32",0.167440422468356,0.619786451685031,0.536947234360395,"con","ALL","1","p","1p",0.0926720091046505,1,"LUAD","CD8_T"
"1141","1p36.31",0.160556028387436,0.579823232868707,0.563466663248338,"con","ALL","1","p","1p",0.0783507312825574,1,"LUAD","CD8_T"
"1142","1p36.23",0.177452451240339,0.618044108562329,0.538090016583774,"con","ALL","1","p","1p",0.0926720091046505,1,"LUAD","CD8_T"
"1143","1p36.22",0.236938216632979,0.73430854294509,0.464648630897156,"con","ALL","1","p","1p",0.141685456672102,1,"LUAD","CD8_T"
"1144","1p36.21",0.237615803814813,0.692251334477945,0.490542172243051,"con","ALL","1","p","1p",0.125920215501645,1,"LUAD","CD8_T"
"1145","1p36.13",0.215678758299246,0.602888440615185,0.548082494593751,"con","ALL","1","p","1p",0.0881051653124281,1,"LUAD","CD8_T"
"1146","1p36.12",0.192174803858634,0.526478352512743,0.599836798757656,"con","ALL","1","p","1p",0.0579192353146806,1,"LUAD","CD8_T"
"1147","1p36.11",0.122716820637929,0.320378276548921,0.749416094200311,"con","ALL","1","p","1p",0,1,"LUAD","CD8_T"
"1148","1p35.3",0.0463665546476924,0.108708675362622,0.913672908269669,"con","ALL","1","p","1p",0,1,"LUAD","CD8_T"
"1149","1p35.2",0.0352486733364732,0.0823428723189097,0.934554913273025,"con","ALL","1","p","1p",0,1,"LUAD","CD8_T"
"1150","1p35.1",0.0781818898834603,0.18617071581295,0.852725270388459,"con","ALL","1","p","1p",0,1,"LUAD","CD8_T"
"1151","1p34.3",0.213790431317069,0.555107787995206,0.580182926723611,"con","ALL","1","p","1p",0.0706090893929887,1,"LUAD","CD8_T"
"1152","1p34.2",0.194064186707631,0.566131284948917,0.572698033258659,"con","ALL","1","p","1p",0.0724227714378133,1,"LUAD","CD8_T"
"1153","1p34.1",0.152198177526734,0.481706357008281,0.631171006075945,"con","ALL","1","p","1p",0.042435878933698,1,"LUAD","CD8_T"
"1154","1p33",0.1042801309722,0.324093342033957,0.746611107845071,"con","ALL","1","p","1p",0,1,"LUAD","CD8_T"
"1155","1p32.3",0.0433860403485695,0.126763261556129,0.899407449515208,"con","ALL","1","p","1p",0,1,"LUAD","CD8_T"
"1156","1p32.1",-0.0100406518854776,-0.028646559330413,0.977209209548059,"con","ALL","1","p","1p",0,1,"LUAD","CD8_T"
"1157","1p31.3",-0.051206426458806,-0.135318187282296,0.892659178805761,"con","ALL","1","p","1p",0,1,"LUAD","CD8_T"
"1158","1p31.1",-0.0911850547637104,-0.218648349899204,0.827413606056619,"con","ALL","1","p","1p",0,1,"LUAD","CD8_T"
"1159","1p22.3",-0.0473324258671545,-0.108761145732468,1,"con","ALL","1","p","1p",0,-1,"LUAD","CD8_T"
"1160","1p22.2",0.0375379782903868,0.0868851419239866,0.930953708579411,"con","ALL","1","p","1p",0,-1,"LUAD","CD8_T"
"1161","1p22.1",0.094567553530055,0.214282029733665,0.830806561395022,"con","ALL","1","p","1p",0,-1,"LUAD","CD8_T"
"1162","1p21.3",0.157756836724343,0.337730046484107,0.736344467229967,"con","ALL","1","p","1p",0,-1,"LUAD","CD8_T"
"1163","1p21.2",0.226891097254821,0.457023576616143,0.64874323753438,"con","ALL","1","p","1p",0.0348748811157752,-1,"LUAD","CD8_T"
"1164","1p13.3",0.0314486979025388,0.0462072110961044,1,"con","ALL","1","p","1p",0,-1,"LUAD","CD8_T"
"1165","1p13.2",-1.21810661811589,-1.5634120211901,1,"con","ALL","1","p","1p",0,1,"LUAD","CD8_T"
"1166","1p13.1",-1.41327861254523,-2.25885578587241,0.0262810100109499,"con","ALL","1","p","1p",-0.939189034241933,1,"LUAD","CD8_T"
"1167","1p12",-1.35160749305587,-2.47888721507028,0.0150218900727718,"con","ALL","1","p","1p",-1.11348613281711,1,"LUAD","CD8_T"
"1168","1q21.1",-1.20307717258712,-2.50260049009415,0.0141135248532152,"con","ALL","1","q","1q",-1.12055810650988,1,"LUAD","CD8_T"
"1169","1q21.2",-1.02405015483975,-2.70738043480293,0.00809978622861525,"con","ALL","1","q","1q",-1.26069346263481,1,"LUAD","CD8_T"
"1170","1q21.3",-0.704461107168968,-3.01608624709686,0.00331914373646951,"con","ALL","1","q","1q",-1.46422436303649,1,"LUAD","CD8_T"
"1171","1q22",-0.573546585607772,-3.04638467828999,0.0030303502356272,"con","ALL","1","q","1q",-1.4876707778024,1,"LUAD","CD8_T"
"1172","1q23.1",-0.54767424392222,-2.82901465957934,0.00574367567800463,"con","ALL","1","q","1q",-1.28504637318241,1,"LUAD","CD8_T"
"1173","1q23.2",-0.553135741256267,-2.82465605647364,0.00581588580205781,"con","ALL","1","q","1q",-1.28504637318241,1,"LUAD","CD8_T"
"1174","1q23.3",-0.556652504603521,-2.68128849619979,0.00870793410901023,"con","ALL","1","q","1q",-1.24449185205127,1,"LUAD","CD8_T"
"1175","1q24.1",-0.556731636340252,-2.54509342505541,0.0126082729163154,"con","ALL","1","q","1q",-1.15706935740582,1,"LUAD","CD8_T"
"1176","1q24.2",-0.55101724430966,-2.45838858427153,0.0158489280886408,"con","ALL","1","q","1q",-1.09796628220212,1,"LUAD","CD8_T"
"1177","1q24.3",-0.552987306674746,-2.41869357376634,0.0175669997174091,"con","ALL","1","q","1q",-1.06644418002049,1,"LUAD","CD8_T"
"1178","1q25.1",-0.568621465775944,-2.43246355042935,0.0169530652609824,"con","ALL","1","q","1q",-1.07633734011711,1,"LUAD","CD8_T"
"1179","1q25.2",-0.619955769594574,-2.6603708332415,0.00922511989797059,"con","ALL","1","q","1q",-1.22439838640491,1,"LUAD","CD8_T"
"1180","1q25.3",-0.644881773292513,-2.75834854491835,0.00702200139837568,"con","ALL","1","q","1q",-1.28504637318241,1,"LUAD","CD8_T"
"1181","1q31.1",-0.6541975214477,-2.78624886978043,0.00648908265276697,"con","ALL","1","q","1q",-1.28504637318241,1,"LUAD","CD8_T"
"1182","1q31.2",-0.657305734188304,-2.81078442053743,0.0060512734146941,"con","ALL","1","q","1q",-1.28504637318241,1,"LUAD","CD8_T"
"1183","1q32.1",-0.635401792605496,-2.76827364671521,0.0068280074091787,"con","ALL","1","q","1q",-1.28504637318241,1,"LUAD","CD8_T"
"1184","1q32.2",-0.610073088008851,-2.60614270719774,0.0106981416475794,"con","ALL","1","q","1q",-1.18406233833301,1,"LUAD","CD8_T"
"1185","1q32.3",-0.556857223012093,-2.27753729275627,0.0250965565381465,"con","ALL","1","q","1q",-0.952483566595384,1,"LUAD","CD8_T"
"1186","1q41",-0.474034275726744,-1.8739300035969,0.0641488788698773,"con","ALL","1","q","1q",-0.697314562717509,1,"LUAD","CD8_T"
"1187","1q42.11",-0.447311134976433,-1.73866035550545,0.0854765722441575,"con","ALL","1","q","1q",-0.620536673623865,1,"LUAD","CD8_T"
"1188","1q42.12",-0.384386324630542,-1.45932287664436,0.147919671004875,"con","ALL","1","q","1q",-0.489835149358421,1,"LUAD","CD8_T"
"1189","1q42.13",-0.354048061543672,-1.30289520766378,0.195897875705887,"con","ALL","1","q","1q",-0.396902802942323,1,"LUAD","CD8_T"
"1190","1q42.2",-0.286502260239581,-1.03295040359775,0.304364526763717,"con","ALL","1","q","1q",-0.26528438199492,1,"LUAD","CD8_T"
"1191","1q42.3",-0.265041118669463,-0.956573583821196,0.341316931024341,"con","ALL","1","q","1q",-0.241929599819828,1,"LUAD","CD8_T"
"1192","1q43",-0.292386071275903,-1.05430087855077,0.294536436321763,"con","ALL","1","q","1q",-0.271293043285766,1,"LUAD","CD8_T"
"1193","1q44",-0.325855138527071,-1.1880482518148,0.237905914672314,"con","ALL","1","q","1q",-0.336829824680042,1,"LUAD","CD8_T"
"1194","2p25.3",1.20182947689936,2.59180093949523,0.0111217362969877,"con","ALL","2","p","2p",1.18098637316317,1,"LUAD","CD8_T"
"1195","2p25.1",1.34120364650464,2.58309843438792,0.0113860965163004,"con","ALL","2","p","2p",1.17667920078705,1,"LUAD","CD8_T"
"1196","2p24.1",1.4085098768581,2.4488851257228,0.0162459852379632,"con","ALL","2","p","2p",1.09104653066785,1,"LUAD","CD8_T"
"1197","2p23.3",1.83504368004463,2.86636544960038,1,"con","ALL","2","p","2p",0,1,"LUAD","CD8_T"
"1198","2p23.2",2.39285787822736,3.57437512450491,1,"con","ALL","2","p","2p",0,1,"LUAD","CD8_T"
"1199","2p22.3",2.54745895078624,3.8982431559155,1,"con","ALL","2","p","2p",0,1,"LUAD","CD8_T"
"1200","2p22.2",2.63134831870743,4.36792610925043,1,"con","ALL","2","p","2p",0,1,"LUAD","CD8_T"
"1201","2p22.1",2.59907641935212,4.73768785456561,1,"con","ALL","2","p","2p",0,1,"LUAD","CD8_T"
"1202","2p21",2.61300185295706,5.19699039828487,1,"con","ALL","2","p","2p",0,-1,"LUAD","CD8_T"
"1203","2p16.2",2.58762484313635,5.75438910973766,1,"con","ALL","2","p","2p",0,-1,"LUAD","CD8_T"
"1204","2p16.1",2.57648733166681,5.95204306186015,1,"con","ALL","2","p","2p",0,-1,"LUAD","CD8_T"
"1205","2p15",2.5066658119489,6.04397650065142,1,"con","ALL","2","p","2p",0,1,"LUAD","CD8_T"
"1206","2p14",2.47924345647789,5.91357518769176,1,"con","ALL","2","p","2p",0,1,"LUAD","CD8_T"
"1207","2p13.3",2.5299550776587,6.0199589283672,1,"con","ALL","2","p","2p",0,1,"LUAD","CD8_T"
"1208","2p13.2",2.58799360113991,6.02575663308102,1,"con","ALL","2","p","2p",0,1,"LUAD","CD8_T"
"1209","2p13.1",2.6809973694979,5.9570579608255,1,"con","ALL","2","p","2p",0,1,"LUAD","CD8_T"
"1210","2p12",2.75799398289548,5.84157048190252,1,"con","ALL","2","p","2p",0,1,"LUAD","CD8_T"
"1211","2p11.2",2.79422519015533,5.845816937703,1,"con","ALL","2","p","2p",0,1,"LUAD","CD8_T"
"1212","2q11.1",2.79959396507266,5.72986727531222,1,"con","ALL","2","q","2q",0,1,"LUAD","CD8_T"
"1213","2q11.2",2.90760981799566,5.59099818856804,1,"con","ALL","2","q","2q",0,1,"LUAD","CD8_T"
"1214","2q12.2",2.91672659083155,5.16968795145082,1,"con","ALL","2","q","2q",0,1,"LUAD","CD8_T"
"1215","2q12.3",2.91991626259864,5.12999015549909,1,"con","ALL","2","q","2q",0,1,"LUAD","CD8_T"
"1216","2q13",2.93814873651669,5.11530207714993,1,"con","ALL","2","q","2q",0,1,"LUAD","CD8_T"
"1217","2q14.1",2.90267097003049,4.95751776501904,1,"con","ALL","2","q","2q",0,1,"LUAD","CD8_T"
"1218","2q14.2",2.92667279779145,4.90382087115435,1,"con","ALL","2","q","2q",0,1,"LUAD","CD8_T"
"1219","2q14.3",2.90716169094417,4.90644405452113,1,"con","ALL","2","q","2q",0,1,"LUAD","CD8_T"
"1220","2q21.1",2.8654858463958,4.66383030635802,1,"con","ALL","2","q","2q",0,1,"LUAD","CD8_T"
"1221","2q21.3",2.71818463988069,4.46234853805423,1,"con","ALL","2","q","2q",0,1,"LUAD","CD8_T"
"1222","2q23.2",2.59411456768265,4.255463664856,1,"con","ALL","2","q","2q",0,1,"LUAD","CD8_T"
"1223","2q23.3",2.49422564285998,4.06075000474723,1,"con","ALL","2","q","2q",0,1,"LUAD","CD8_T"
"1224","2q24.2",2.40868602065748,3.87808000428022,1,"con","ALL","2","q","2q",0,1,"LUAD","CD8_T"
"1225","2q31.1",2.60608982899218,4.23647517528284,1,"con","ALL","2","q","2q",0,1,"LUAD","CD8_T"
"1226","2q31.2",2.59985969579444,3.78096520993615,1,"con","ALL","2","q","2q",0,1,"LUAD","CD8_T"
"1227","2q31.3",2.36225929845598,3.30043412857852,1,"con","ALL","2","q","2q",0,1,"LUAD","CD8_T"
"1228","2q32.1",2.40820399248917,3.30506448900366,1,"con","ALL","2","q","2q",0,1,"LUAD","CD8_T"
"1229","2q32.3",2.28416931063382,3.07736242959388,1,"con","ALL","2","q","2q",0,1,"LUAD","CD8_T"
"1230","2q33.1",2.16534797056288,2.67529339922914,1,"con","ALL","2","q","2q",0,1,"LUAD","CD8_T"
"1231","2q33.2",1.43572407905183,1.66628551160738,1,"con","ALL","2","q","2q",0,1,"LUAD","CD8_T"
"1232","2q34",0.227123279853597,0.284389021299427,1,"con","ALL","2","q","2q",0,1,"LUAD","CD8_T"
"1233","2q35",-0.294985586310033,-0.405107335966079,1,"con","ALL","2","q","2q",0,1,"LUAD","CD8_T"
"1234","2q36.1",-0.648836554998414,-0.989361555198164,0.325109671345832,"con","ALL","2","q","2q",-0.251395072199577,1,"LUAD","CD8_T"
"1235","2q36.3",-0.613994015368573,-0.963024334419594,0.338087420914792,"con","ALL","2","q","2q",-0.244775421439566,1,"LUAD","CD8_T"
"1236","2q37.1",-0.546244501129938,-0.933771469551016,0.352892896164324,"con","ALL","2","q","2q",-0.235063912703291,1,"LUAD","CD8_T"
"1237","2q37.3",-0.50069935289635,-0.927076838843029,0.356338965727845,"con","ALL","2","q","2q",-0.232100517272881,1,"LUAD","CD8_T"
"1238","3p26.2",-0.599594281237107,-1.65272570669323,0.101832975586808,"con","ALL","3","p","3p",-0.572612226017889,-1,"LUAD","CD8_T"
"1239","3p26.1",-0.602347182786276,-1.66868496465333,0.0986170898208229,"con","ALL","3","p","3p",-0.579159757504412,-1,"LUAD","CD8_T"
"1240","3p25.3",-0.608612818889522,-1.72087330365601,0.088672267420658,"con","ALL","3","p","3p",-0.613070265198556,-1,"LUAD","CD8_T"
"1241","3p25.2",-0.587218492456248,-1.68131881392947,0.0961301690651239,"con","ALL","3","p","3p",-0.586310482791672,-1,"LUAD","CD8_T"
"1242","3p25.1",-0.547596258016301,-1.57760316217341,0.118126910077873,"con","ALL","3","p","3p",-0.537399642174113,-1,"LUAD","CD8_T"
"1243","3p24.3",-0.512113673675397,-1.52268713389755,0.131304593815376,"con","ALL","3","p","3p",-0.519223259117307,-1,"LUAD","CD8_T"
"1244","3p24.2",-0.514381045168918,-1.53866624856971,0.127355882562071,"con","ALL","3","p","3p",-0.527258550139557,-1,"LUAD","CD8_T"
"1245","3p24.1",-0.519582497609162,-1.57244729501036,0.119317446044363,"con","ALL","3","p","3p",-0.537399642174113,-1,"LUAD","CD8_T"
"1246","3p23",-0.518922434107348,-1.5755757530308,0.11859392212614,"con","ALL","3","p","3p",-0.537399642174113,-1,"LUAD","CD8_T"
"1247","3p22.3",-0.516414517998151,-1.5645096495586,0.121168981274413,"con","ALL","3","p","3p",-0.535061365125934,-1,"LUAD","CD8_T"
"1248","3p22.2",-0.503475544031452,-1.51066437612898,0.134338747100595,"con","ALL","3","p","3p",-0.51636016151659,-1,"LUAD","CD8_T"
"1249","3p22.1",-0.509822820673617,-1.48816838400585,0.140163747701403,"con","ALL","3","p","3p",-0.504792212884118,-1,"LUAD","CD8_T"
"1250","3p21.33",-0.558867165359056,-1.57414711487025,0.118923890755885,"con","ALL","3","p","3p",-0.537399642174113,-1,"LUAD","CD8_T"
"1251","3p21.31",-0.794157150029962,-2.00650432909877,0.0477707418750415,"con","ALL","3","p","3p",-0.76984573037346,-1,"LUAD","CD8_T"
"1252","3p21.2",-0.921517466894212,-1.94402088368176,1,"con","ALL","3","p","3p",0,-1,"LUAD","CD8_T"
"1253","3p21.1",-0.986290158617467,-1.83931987318203,1,"con","ALL","3","p","3p",0,-1,"LUAD","CD8_T"
"1254","3p14.3",-0.966467464840329,-1.63946169356934,1,"con","ALL","3","p","3p",0,-1,"LUAD","CD8_T"
"1255","3p14.1",-0.877110683322136,-1.40990079709014,1,"con","ALL","3","p","3p",0,-1,"LUAD","CD8_T"
"1256","3p13",-0.766514945258999,-1.22838415742968,1,"con","ALL","3","p","3p",0,-1,"LUAD","CD8_T"
"1257","3p11.2",-0.700149241536884,-1.09549029036888,1,"con","ALL","3","p","3p",0,-1,"LUAD","CD8_T"
"1258","3p11.1",-0.68668251390129,-1.05863911208474,1,"con","ALL","3","p","3p",0,-1,"LUAD","CD8_T"
"1259","3q11.2",-0.581327232035294,-0.871530384667211,1,"con","ALL","3","q","3q",0,-1,"LUAD","CD8_T"
"1260","3q12.2",-0.0529896604552128,-0.0827712431264862,1,"con","ALL","3","q","3q",0,1,"LUAD","CD8_T"
"1261","3q12.3",0.0307848784808648,0.0478950566721993,1,"con","ALL","3","q","3q",0,1,"LUAD","CD8_T"
"1262","3q13.12",0.158887194169763,0.253081227462068,1,"con","ALL","3","q","3q",0,1,"LUAD","CD8_T"
"1263","3q13.13",0.230812760103377,0.372244051475092,1,"con","ALL","3","q","3q",0,1,"LUAD","CD8_T"
"1264","3q13.2",0.287513441636323,0.467064003262534,1,"con","ALL","3","q","3q",0,1,"LUAD","CD8_T"
"1265","3q13.31",0.342855583046523,0.563646498634445,1,"con","ALL","3","q","3q",0,1,"LUAD","CD8_T"
"1266","3q13.33",0.581878388446158,1.04431964769577,0.299103784858566,"con","ALL","3","q","3q",0.267376378767123,1,"LUAD","CD8_T"
"1267","3q21.1",0.787244888425019,1.5593428002044,0.12238642799621,"con","ALL","3","q","3q",0.535061365125934,1,"LUAD","CD8_T"
"1268","3q21.3",0.968139108097072,2.10564097905676,0.0379899489142413,"con","ALL","3","q","3q",0.827159813657815,1,"LUAD","CD8_T"
"1269","3q22.1",1.05141031391967,2.34372120427175,0.0212698757968803,"con","ALL","3","q","3q",1.01403279271811,1,"LUAD","CD8_T"
"1270","3q22.2",1.10319847343438,2.49516894048925,0.0143927524961544,"con","ALL","3","q","3q",1.12016763194614,-1,"LUAD","CD8_T"
"1271","3q22.3",1.17798830530803,2.76818999616588,0.00682962176585648,"con","ALL","3","q","3q",1.28504637318241,-1,"LUAD","CD8_T"
"1272","3q23",1.26753389215842,3.27282548702439,0.00150581434416939,"con","ALL","3","q","3q",1.74835754112982,-1,"LUAD","CD8_T"
"1273","3q24",1.2635850316846,3.67407455122355,0.000402917682557644,"con","ALL","3","q","3q",2.20787313029671,-1,"LUAD","CD8_T"
"1274","3q25.1",1.25476022559744,4.14902685292212,7.49703211913615e-05,"con","ALL","3","q","3q",2.73172619814766,-1,"LUAD","CD8_T"
"1275","3q25.2",1.21969001375564,4.50182183163754,1.99025202516673e-05,"con","ALL","3","q","3q",3.26819895383421,-1,"LUAD","CD8_T"
"1276","3q25.31",1.20015879303177,4.69259533218926,9.47501573343397e-06,"con","ALL","3","q","3q",3.54706139476325,-1,"LUAD","CD8_T"
"1277","3q25.32",1.18825396043866,4.75058282332696,7.53664531598404e-06,"con","ALL","3","q","3q",3.59815857767552,-1,"LUAD","CD8_T"
"1278","3q25.33",1.15500349261387,4.96713924500731,3.16478967886107e-06,"con","ALL","3","q","3q",3.79728129908388,-1,"LUAD","CD8_T"
"1279","3q26.1",1.13083253585802,5.09070050812343,1.91217387051062e-06,"con","ALL","3","q","3q",3.93359559923704,-1,"LUAD","CD8_T"
"1280","3q26.2",1.09178967690941,5.23427203879141,1.05676049533542e-06,"con","ALL","3","q","3q",4.12400115083003,-1,"LUAD","CD8_T"
"1281","3q26.31",1.07793681852483,5.27140350497546,9.05335503986006e-07,"con","ALL","3","q","3q",4.13317622145496,-1,"LUAD","CD8_T"
"1282","3q26.32",1.02925888279325,5.38529157657724,5.61586042133068e-07,"con","ALL","3","q","3q",4.27362267884816,-1,"LUAD","CD8_T"
"1283","3q26.33",0.916149804500354,5.55254913033658,2.76183505924746e-07,"con","ALL","3","q","3q",4.50265999961348,-1,"LUAD","CD8_T"
"1284","3q27.1",0.821187923654269,5.63516181209858,1.93835235029229e-07,"con","ALL","3","q","3q",4.55951499975241,-1,"LUAD","CD8_T"
"1285","3q27.2",0.789662689465089,5.6689844257199,1.67570701993582e-07,"con","ALL","3","q","3q",4.55951499975241,-1,"LUAD","CD8_T"
"1286","3q27.3",0.783152257434803,5.68964513216415,1.53282246026843e-07,"con","ALL","3","q","3q",4.55951499975241,-1,"LUAD","CD8_T"
"1287","3q29",0.728468940310268,5.84809842020222,7.70375657521288e-08,"con","ALL","3","q","3q",4.55951499975241,-1,"LUAD","CD8_T"
"1288","4p16.3",-0.912212351660672,-2.21761327502406,0.0290710946064158,"con","ALL","4","p","4p",-0.90527799011578,-1,"LUAD","CD8_T"
"1289","4p16.1",-1.00725594759208,-2.3705037440651,0.0198744223260924,"con","ALL","4","p","4p",-1.03148566352053,1,"LUAD","CD8_T"
"1290","4p15.32",-1.09490897547786,-2.52759103101543,0.0132098478606928,"con","ALL","4","p","4p",-1.14102325707889,1,"LUAD","CD8_T"
"1291","4p15.2",-1.16779770754604,-2.68482117167516,0.00862323572923139,"con","ALL","4","p","4p",-1.24449185205127,1,"LUAD","CD8_T"
"1292","4p14",-1.40059811655763,-3.02652766895379,0.00321685908562956,"con","ALL","4","p","4p",-1.4698494563599,1,"LUAD","CD8_T"
"1293","4p13",-1.585724969454,-3.25912556560649,0.00157237158262621,"con","ALL","4","p","4p",-1.73852862739162,1,"LUAD","CD8_T"
"1294","4p12",-1.66593539491219,-3.38343224785511,0.00105738723782004,"con","ALL","4","p","4p",-1.864106345726,1,"LUAD","CD8_T"
"1295","4p11",-1.69542332193451,-3.43103486357449,0.000906010820300472,"con","ALL","4","p","4p",-1.9005382059274,1,"LUAD","CD8_T"
"1296","4q12",-1.84334529625237,-3.67429176764157,1,"con","ALL","4","q","4q",0,1,"LUAD","CD8_T"
"1297","4q13.2",-1.97510052365844,-3.8000622568729,1,"con","ALL","4","q","4q",0,1,"LUAD","CD8_T"
"1298","4q21.1",-2.52396755448717,-4.29004169371266,1,"con","ALL","4","q","4q",0,1,"LUAD","CD8_T"
"1299","4q21.22",-2.75109905814036,-4.5690200678411,1,"con","ALL","4","q","4q",0,1,"LUAD","CD8_T"
"1300","4q21.23",-2.85627698721122,-4.74670314241008,1,"con","ALL","4","q","4q",0,1,"LUAD","CD8_T"
"1301","4q22.1",-2.81552921579556,-4.66550972042388,1,"con","ALL","4","q","4q",0,1,"LUAD","CD8_T"
"1302","4q22.3",-2.83606105619896,-4.70782172140314,1,"con","ALL","4","q","4q",0,-1,"LUAD","CD8_T"
"1303","4q23",-2.4140515477514,-4.19830516111409,1,"con","ALL","4","q","4q",0,-1,"LUAD","CD8_T"
"1304","4q24",-2.49709774670366,-4.490382564296,1,"con","ALL","4","q","4q",0,-1,"LUAD","CD8_T"
"1305","4q25",-2.49216772483357,-4.60323505000475,1,"con","ALL","4","q","4q",0,-1,"LUAD","CD8_T"
"1306","4q27",-2.39813453857318,-4.34999474500018,1,"con","ALL","4","q","4q",0,-1,"LUAD","CD8_T"
"1307","4q31.1",-2.21751459831376,-4.02921634296981,1,"con","ALL","4","q","4q",0,-1,"LUAD","CD8_T"
"1308","4q31.21",-1.96067731000941,-3.53335704056203,1,"con","ALL","4","q","4q",0,-1,"LUAD","CD8_T"
"1309","4q31.22",-1.85407850138003,-3.33128163159458,1,"con","ALL","4","q","4q",0,-1,"LUAD","CD8_T"
"1310","4q32.1",-1.79033703420739,-3.10841326720026,1,"con","ALL","4","q","4q",0,1,"LUAD","CD8_T"
"1311","4q32.2",-1.77156453554559,-3.05428093641218,1,"con","ALL","4","q","4q",0,1,"LUAD","CD8_T"
"1312","4q34.1",-1.67804325979923,-2.95781808225587,1,"con","ALL","4","q","4q",0,1,"LUAD","CD8_T"
"1313","4q34.2",-1.6176122347853,-2.86722920203811,1,"con","ALL","4","q","4q",0,1,"LUAD","CD8_T"
"1314","4q35.1",-1.46562682665111,-2.62709328702302,1,"con","ALL","4","q","4q",0,1,"LUAD","CD8_T"
"1315","5p15.33",-0.0874611552978719,-0.41595611630008,0.678421436066772,"con","ALL","5","p","5p",-0.0186932178876605,1,"LUAD","CD8_T"
"1316","5p15.31",-0.106028626598899,-0.462962651419261,0.64449638393668,"con","ALL","5","p","5p",-0.0356222206988174,1,"LUAD","CD8_T"
"1317","5p15.2",-0.132402419095271,-0.553806264942641,0.581069721252545,"con","ALL","5","p","5p",-0.0706090893929887,1,"LUAD","CD8_T"
"1318","5p15.1",-0.200367491855411,-0.769796451744298,0.443414345802734,"con","ALL","5","p","5p",-0.154380494619051,1,"LUAD","CD8_T"
"1319","5p13.3",-0.261568037696791,-0.94696278411219,0.34616559945861,"con","ALL","5","p","5p",-0.23708274339785,1,"LUAD","CD8_T"
"1320","5p13.1",-0.549180626946837,-1.73528946531403,0.0860748250406016,"con","ALL","5","p","5p",-0.619641752418897,1,"LUAD","CD8_T"
"1321","5p12",-0.595363092043909,-1.82417251741862,0.0714080012875798,"con","ALL","5","p","5p",-0.662982462814075,1,"LUAD","CD8_T"
"1322","5q11.1",-0.745412168699677,-2.09216484246843,0.0392085803377587,"con","ALL","5","q","5q",-0.821768331327057,1,"LUAD","CD8_T"
"1323","5q11.2",-0.770578946776329,-2.12309094187079,0.0364607237585746,"con","ALL","5","q","5q",-0.841424940392866,1,"LUAD","CD8_T"
"1324","5q12.1",-0.721483110587782,-2.0266067885961,0.0456295424008493,"con","ALL","5","q","5q",-0.781541272573138,1,"LUAD","CD8_T"
"1325","5q12.3",-0.609169919002588,-1.76758383770692,0.0804825587633461,"con","ALL","5","q","5q",-0.633652184411323,1,"LUAD","CD8_T"
"1326","5q13.1",-0.578353014458088,-1.72630925746105,0.0876853965482593,"con","ALL","5","q","5q",-0.615827683602398,1,"LUAD","CD8_T"
"1327","5q13.2",-0.573180805108146,-1.86458315473499,0.0654631952107603,"con","ALL","5","q","5q",-0.691341624249475,1,"LUAD","CD8_T"
"1328","5q13.3",-0.56019865613886,-1.9303436174148,0.0566781879631572,"con","ALL","5","q","5q",-0.73020966884112,-1,"LUAD","CD8_T"
"1329","5q14.1",-0.564082260782352,-1.98586536235614,0.0500578223654816,"con","ALL","5","q","5q",-0.752241656798164,-1,"LUAD","CD8_T"
"1330","5q14.2",-0.545739694358176,-1.97789761003952,0.050965395246539,"con","ALL","5","q","5q",-0.751767673507223,-1,"LUAD","CD8_T"
"1331","5q14.3",-0.536659882655698,-1.95729858608319,0.0533768862010666,"con","ALL","5","q","5q",-0.747182287696787,-1,"LUAD","CD8_T"
"1332","5q15",-0.491371536034568,-1.77248566946118,0.0796605469794284,"con","ALL","5","q","5q",-0.635900520847775,-1,"LUAD","CD8_T"
"1333","5q21.1",-0.462820552503279,-1.65369811013849,0.101634631900512,"con","ALL","5","q","5q",-0.572612226017889,-1,"LUAD","CD8_T"
"1334","5q21.3",-0.439648799709818,-1.55080705748155,0.124418939508395,"con","ALL","5","q","5q",-0.532158052807642,-1,"LUAD","CD8_T"
"1335","5q22.2",-0.377418534427416,-1.293113778533,0.199244903987044,"con","ALL","5","q","5q",-0.391104714457096,-1,"LUAD","CD8_T"
"1336","5q22.3",-0.332005464390203,-1.10922944342269,0.270254014912117,"con","ALL","5","q","5q",-0.301666295523592,-1,"LUAD","CD8_T"
"1337","5q23.1",-0.296574660737579,-0.983720331919113,0.327861307115356,"con","ALL","5","q","5q",-0.251395072199577,-1,"LUAD","CD8_T"
"1338","5q23.2",-0.258823333106441,-0.856133073962552,0.394172934342325,"con","ALL","5","q","5q",-0.195743596696523,-1,"LUAD","CD8_T"
"1339","5q31.1",-0.250833417309711,-0.890858361459861,0.375354500957281,"con","ALL","5","q","5q",-0.213271532611097,1,"LUAD","CD8_T"
"1340","5q31.2",-0.338977007021314,-1.32268042779355,0.189256094131444,"con","ALL","5","q","5q",-0.410317629794249,1,"LUAD","CD8_T"
"1341","5q31.3",-0.45583430298628,-1.88661705769412,0.0624003715221673,"con","ALL","5","q","5q",-0.700120560501482,1,"LUAD","CD8_T"
"1342","5q32",-0.553614787615164,-2.54649114465126,0.0125613115847621,"con","ALL","5","q","5q",-1.15706935740582,1,"LUAD","CD8_T"
"1343","5q33.1",-0.587875630290948,-2.76641196348493,0.00686401825615554,"con","ALL","5","q","5q",-1.28504637318241,1,"LUAD","CD8_T"
"1344","5q33.2",-0.626057292123926,-2.97376559572724,0.0037653163257047,"con","ALL","5","q","5q",-1.4172742932916,1,"LUAD","CD8_T"
"1345","5q33.3",-0.63679899133458,-3.10156146931778,0.00256342978163103,"con","ALL","5","q","5q",-1.54363648411051,1,"LUAD","CD8_T"
"1346","5q34",-0.642305236216427,-3.19477176932428,0.00192350098926606,"con","ALL","5","q","5q",-1.65976532393826,1,"LUAD","CD8_T"
"1347","5q35.1",-0.649293515253073,-3.28668599738106,0.00144116851884671,"con","ALL","5","q","5q",-1.75827082479597,1,"LUAD","CD8_T"
"1348","5q35.2",-0.663469089222523,-3.40128949119825,0.000998007803823885,"con","ALL","5","q","5q",-1.87527762557538,1,"LUAD","CD8_T"
"1349","5q35.3",-0.666850752504142,-3.72328313903002,0.000340493546340458,"con","ALL","5","q","5q",-2.23129278870329,1,"LUAD","CD8_T"
"1350","6p25.2",0.695025837936853,1.54882380399773,0.124894998400878,"con","ALL","6","p","6p",0.532158052807642,1,"LUAD","CD8_T"
"1351","6p25.1",0.67702048889519,1.55659625287857,0.123037531751855,"con","ALL","6","p","6p",0.535061365125934,1,"LUAD","CD8_T"
"1352","6p24.3",0.647308676435234,1.53892796699889,0.127291997858936,"con","ALL","6","p","6p",0.527258550139557,1,"LUAD","CD8_T"
"1353","6p24.2",0.619075127044486,1.51966087109584,0.132063190833553,"con","ALL","6","p","6p",0.5185576281982,1,"LUAD","CD8_T"
"1354","6p23",0.651715166727536,1.61899827415264,0.108908446350397,"con","ALL","6","p","6p",0.550248851832765,1,"LUAD","CD8_T"
"1355","6p22.3",0.562505877087874,1.59560873698652,0.11404340819337,"con","ALL","6","p","6p",0.540000063971045,1,"LUAD","CD8_T"
"1356","6p22.2",0.510638683076148,1.52258860085204,0.131329239011494,"con","ALL","6","p","6p",0.519223259117307,1,"LUAD","CD8_T"
"1357","6p22.1",0.474051758946424,1.50283556133351,0.136343931081081,"con","ALL","6","p","6p",0.51337244331833,1,"LUAD","CD8_T"
"1358","6p21.33",0.399464591817666,1.41805047248225,0.159591420112465,"con","ALL","6","p","6p",0.473241958480866,1,"LUAD","CD8_T"
"1359","6p21.32",0.348154325449303,1.28383890052274,0.202457659975551,"con","ALL","6","p","6p",0.388802628998767,1,"LUAD","CD8_T"
"1360","6p21.31",0.358225961160177,1.23434928310092,0.220250870876622,"con","ALL","6","p","6p",0.361362587067072,1,"LUAD","CD8_T"
"1361","6p21.2",0.493757011924232,1.48489067449245,0.141028706922284,"con","ALL","6","p","6p",0.503820174992069,1,"LUAD","CD8_T"
"1362","6p21.1",0.787315106297645,1.97657254037809,0.0511176788025771,"con","ALL","6","p","6p",0.751767673507223,1,"LUAD","CD8_T"
"1363","6p12.1",1.08531497952645,2.4754207527127,0.0151589746450325,"con","ALL","6","p","6p",1.11343592971947,1,"LUAD","CD8_T"
"1364","6q12",0.961606582016279,2.32071533370824,0.0225371036765637,"con","ALL","6","q","6q",0.995793351994923,1,"LUAD","CD8_T"
"1365","6q13",0.948146867577034,2.36917505723622,0.0199416872465431,"con","ALL","6","q","6q",1.03148566352053,1,"LUAD","CD8_T"
"1366","6q14.1",0.883987854353148,2.41160703892742,0.0178906107159235,"con","ALL","6","q","6q",1.06644418002049,1,"LUAD","CD8_T"
"1367","6q14.3",0.828229928559881,2.58048459067811,0.0114665985645779,"con","ALL","6","q","6q",1.17667920078705,1,"LUAD","CD8_T"
"1368","6q15",0.813058524286655,2.71432024676246,0.007944674371852,"con","ALL","6","q","6q",1.2638897244887,1,"LUAD","CD8_T"
"1369","6q16.1",0.802889854772416,2.80781293917349,0.00610281757741565,"con","ALL","6","q","6q",1.28504637318241,1,"LUAD","CD8_T"
"1370","6q16.2",0.766773872469103,2.78700910595056,0.00647509330175829,"con","ALL","6","q","6q",1.28504637318241,1,"LUAD","CD8_T"
"1371","6q21",0.722069213109727,2.75986682487285,0.00699200307077687,"con","ALL","6","q","6q",1.28504637318241,-1,"LUAD","CD8_T"
"1372","6q22.1",0.701448736592332,2.75146420976368,0.00715950232035439,"con","ALL","6","q","6q",1.28504637318241,-1,"LUAD","CD8_T"
"1373","6q22.31",0.702295835401515,2.70046007590125,0.00825720253602644,"con","ALL","6","q","6q",1.25747372204075,-1,"LUAD","CD8_T"
"1374","6q22.33",0.698032301102639,2.6219127578468,0.0102492393861116,"con","ALL","6","q","6q",1.19798392411203,-1,"LUAD","CD8_T"
"1375","6q23.2",0.690651759761953,2.57244057205462,0.0117175728158878,"con","ALL","6","q","6q",1.17168526718881,-1,"LUAD","CD8_T"
"1376","6q23.3",0.676370066313409,2.48309594825513,0.0148569443373811,"con","ALL","6","q","6q",1.11435092251989,-1,"LUAD","CD8_T"
"1377","6q24.1",0.650067475895087,2.35634197806982,0.020601832750753,"con","ALL","6","q","6q",1.02088698787258,-1,"LUAD","CD8_T"
"1378","6q24.2",0.591819401395964,2.13842036445363,0.0351616162625986,"con","ALL","6","q","6q",0.848038016326298,-1,"LUAD","CD8_T"
"1379","6q25.1",0.565829619168469,2.08882956830363,0.0395153439133227,"con","ALL","6","q","6q",0.821308235936611,-1,"LUAD","CD8_T"
"1380","6q25.3",0.538996105377938,2.08295864915181,0.040060357196638,"con","ALL","6","q","6q",0.818264175315703,1,"LUAD","CD8_T"
"1381","6q27",0.488305511726095,1.92621906816861,0.0571982746135484,"con","ALL","6","q","6q",0.73020966884112,1,"LUAD","CD8_T"
"1382","7p22.3",-0.272295853698549,-1.80208156400073,0.0748436634129642,"con","ALL","7","p","7p",-0.651910639686218,1,"LUAD","CD8_T"
"1383","7p22.1",-0.262913362175975,-1.77777508612272,0.0787813339686215,"con","ALL","7","p","7p",-0.638499014720441,1,"LUAD","CD8_T"
"1384","7p21.3",-0.264319771100836,-1.80402535917453,0.0745359497247479,"con","ALL","7","p","7p",-0.651910639686218,1,"LUAD","CD8_T"
"1385","7p21.1",-0.264531086695667,-1.7995352932777,0.0752483473860202,"con","ALL","7","p","7p",-0.651910639686218,1,"LUAD","CD8_T"
"1386","7p15.3",-0.257258212043339,-1.72906327835857,0.0871888651701107,"con","ALL","7","p","7p",-0.616180569635831,1,"LUAD","CD8_T"
"1387","7p15.2",-0.254765723536617,-1.70163944714222,0.0922373686189775,"con","ALL","7","p","7p",-0.600127114962718,1,"LUAD","CD8_T"
"1388","7p14.3",-0.246512424706468,-1.60641422672591,0.11164756934825,"con","ALL","7","p","7p",-0.547286479346981,1,"LUAD","CD8_T"
"1389","7p14.2",-0.243731960768774,-1.56605433127073,0.120806889220897,"con","ALL","7","p","7p",-0.535061365125934,1,"LUAD","CD8_T"
"1390","7p14.1",-0.23929171718647,-1.51177499670935,0.134056172290029,"con","ALL","7","p","7p",-0.51636016151659,1,"LUAD","CD8_T"
"1391","7p13",-0.238501123694976,-1.46481253313499,0.146418480386951,"con","ALL","7","p","7p",-0.49259160249691,1,"LUAD","CD8_T"
"1392","7p12.3",-0.255651562173214,-1.50825597076644,0.134953125148797,"con","ALL","7","p","7p",-0.51610532829377,1,"LUAD","CD8_T"
"1393","7p11.2",-0.277582637961149,-1.5788918136791,0.117830833311256,"con","ALL","7","p","7p",-0.537399642174113,1,"LUAD","CD8_T"
"1394","7q11.21",-0.331960352691782,-1.78586087273256,0.0774528285800784,"con","ALL","7","q","7q",-0.643652180700251,1,"LUAD","CD8_T"
"1395","7q11.23",-0.553012846654856,-2.50697466283467,0.013951453965763,"con","ALL","7","q","7q",-1.12145756224066,1,"LUAD","CD8_T"
"1396","7q21.12",-0.655697262406431,-2.73013258555587,0.00760130362812853,"con","ALL","7","q","7q",-1.27248467205126,1,"LUAD","CD8_T"
"1397","7q21.2",-0.676413425291739,-2.62453308718953,0.010176323806246,"con","ALL","7","q","7q",-1.19798392411203,1,"LUAD","CD8_T"
"1398","7q21.3",-0.693704648507102,-2.56847318338031,0.0118431705932224,"con","ALL","7","q","7q",-1.17141974854856,1,"LUAD","CD8_T"
"1399","7q22.1",-0.584015040351512,-1.97784914627376,0.0509709581302231,"con","ALL","7","q","7q",-0.751767673507223,1,"LUAD","CD8_T"
"1400","7q22.3",-0.351881999630732,-1.07068132907298,0.287144306409615,"con","ALL","7","q","7q",-0.279547913260971,1,"LUAD","CD8_T"
"1401","7q31.1",-0.342285127711731,-1.00028404974034,0.319825516296348,"con","ALL","7","q","7q",-0.253192224029269,1,"LUAD","CD8_T"
"1402","7q31.2",-0.353049816851531,-1.01647683227379,0.312097320274729,"con","ALL","7","q","7q",-0.259800216187375,1,"LUAD","CD8_T"
"1403","7q31.31",-0.34272692612655,-0.982678957037938,0.328370936401743,"con","ALL","7","q","7q",-0.251395072199577,1,"LUAD","CD8_T"
"1404","7q31.32",-0.35562415785202,-1.01103569926689,0.314680091087069,"con","ALL","7","q","7q",-0.257563476603866,1,"LUAD","CD8_T"
"1405","7q32.1",-0.373662632569433,-1.03857738277229,0.301753070434972,"con","ALL","7","q","7q",-0.266397569646303,-1,"LUAD","CD8_T"
"1406","7q32.2",-0.360591655370892,-0.991057316673644,0.324285519294645,"con","ALL","7","q","7q",-0.251395072199577,-1,"LUAD","CD8_T"
"1407","7q33",-0.372028945092212,-1.01658682503672,0.312045256296267,"con","ALL","7","q","7q",-0.259800216187375,-1,"LUAD","CD8_T"
"1408","7q34",-0.441180415169429,-1.22063533819521,0.225377601121305,"con","ALL","7","q","7q",-0.354376033700198,1,"LUAD","CD8_T"
"1409","7q36.1",-0.553828938155831,-1.61079148354454,0.110688586922536,"con","ALL","7","q","7q",-0.547286479346981,1,"LUAD","CD8_T"
"1410","7q36.3",-0.626460845243375,-1.89977077356803,0.0606300365165117,"con","ALL","7","q","7q",-0.710173170162995,1,"LUAD","CD8_T"
"1411","8p23.3",-0.361836994645146,-1.1451197207961,0.255162334977006,"con","ALL","8","p","8p",-0.312287429978787,1,"LUAD","CD8_T"
"1412","8p22",-0.322377215948444,-0.987620345065457,0.325957352085369,"con","ALL","8","p","8p",-0.251395072199577,1,"LUAD","CD8_T"
"1413","8p21.3",-0.289096061760402,-0.8451078992266,0.400267116924624,"con","ALL","8","p","8p",-0.190312525941799,1,"LUAD","CD8_T"
"1414","8p21.2",-0.247862605210286,-0.696630684155583,0.487809633643101,"con","ALL","8","p","8p",-0.127180300640057,1,"LUAD","CD8_T"
"1415","8p21.1",-0.261176244960353,-0.72007205377387,0.473326111077277,"con","ALL","8","p","8p",-0.135575089255648,1,"LUAD","CD8_T"
"1416","8p12",-0.276844035105948,-0.745035554472288,0.458170131474947,"con","ALL","8","p","8p",-0.144962343527677,1,"LUAD","CD8_T"
"1417","8p11.23",-0.290727873131093,-0.753445446049146,0.453127261429653,"con","ALL","8","p","8p",-0.148574167279972,1,"LUAD","CD8_T"
"1418","8p11.22",-0.333359300805593,-0.868546978035545,0.387379860184339,"con","ALL","8","p","8p",-0.200818739884378,1,"LUAD","CD8_T"
"1419","8p11.21",-0.527320898959051,-1.42122066567325,0.158670502144237,"con","ALL","8","p","8p",-0.473241958480866,1,"LUAD","CD8_T"
"1420","8q11.21",-0.633650310214928,-1.83236339790684,0.0701679736465383,"con","ALL","8","q","8q",-0.668261742933388,1,"LUAD","CD8_T"
"1421","8q11.23",-0.688791429678011,-2.07561132641482,0.0407515506653737,"con","ALL","8","q","8q",-0.813720541868678,1,"LUAD","CD8_T"
"1422","8q12.1",-0.76417349687811,-2.49655232959179,0.0143404018507573,"con","ALL","8","q","8q",-1.12016763194614,1,"LUAD","CD8_T"
"1423","8q12.3",-0.761828158007317,-2.63767916526897,0.00981754698535471,"con","ALL","8","q","8q",-1.20712725462648,1,"LUAD","CD8_T"
"1424","8q13.1",-0.762585134397709,-2.75143478595055,0.0071600952388964,"con","ALL","8","q","8q",-1.28504637318241,1,"LUAD","CD8_T"
"1425","8q13.3",-0.763249070882734,-2.84723670189193,0.00545060036924738,"con","ALL","8","q","8q",-1.29377322731319,1,"LUAD","CD8_T"
"1426","8q21.11",-0.743857595578752,-2.92480412789728,0.00435032292354688,"con","ALL","8","q","8q",-1.3697942314295,1,"LUAD","CD8_T"
"1427","8q21.13",-0.664662516094339,-2.88623916253398,0.00486887617037288,"con","ALL","8","q","8q",-1.32831101592764,1,"LUAD","CD8_T"
"1428","8q21.3",-0.573649764997168,-2.74934830370156,0.00720225430279027,"con","ALL","8","q","8q",-1.28504637318241,1,"LUAD","CD8_T"
"1429","8q22.1",-0.475641809418482,-2.54635963188931,0.0125657235022915,"con","ALL","8","q","8q",-1.15706935740582,1,"LUAD","CD8_T"
"1430","8q22.2",-0.424790010725158,-2.41038511197668,0.0179469443014779,"con","ALL","8","q","8q",-1.06644418002049,1,"LUAD","CD8_T"
"1431","8q22.3",-0.380343143412588,-2.23254863408711,0.0280321140716644,"con","ALL","8","q","8q",-0.914503177485549,1,"LUAD","CD8_T"
"1432","8q23.1",-0.322749312394842,-1.94233565244421,0.0551887210222185,"con","ALL","8","q","8q",-0.736033514425915,1,"LUAD","CD8_T"
"1433","8q23.2",-0.317590799588306,-1.92346965262944,0.0575471999632087,"con","ALL","8","q","8q",-0.73020966884112,1,"LUAD","CD8_T"
"1434","8q24.11",-0.305235144843977,-1.86172898145807,0.0658690082544066,"con","ALL","8","q","8q",-0.691024432005213,1,"LUAD","CD8_T"
"1435","8q24.12",-0.282531115849744,-1.7505609905253,0.0833917603885462,"con","ALL","8","q","8q",-0.626264644801598,1,"LUAD","CD8_T"
"1436","8q24.13",-0.26433403711363,-1.6685075434063,0.0986523828213607,"con","ALL","8","q","8q",-0.579159757504412,1,"LUAD","CD8_T"
"1437","8q24.22",-0.239484055045737,-1.55873980384777,0.122529140912451,"con","ALL","8","q","8q",-0.535061365125934,1,"LUAD","CD8_T"
"1438","8q24.3",-0.214572503371994,-1.45104908927781,0.150204756223177,"con","ALL","8","q","8q",-0.486505340134178,1,"LUAD","CD8_T"
"1439","9p24.1",0.851953700998188,4.75327116649804,7.45682575469786e-06,"con","ALL","9","p","9p",3.59815857767552,-1,"LUAD","CD8_T"
"1440","9p22.3",0.865036002833656,4.78311953975061,6.62400233799084e-06,"con","ALL","9","p","9p",3.5998585155963,-1,"LUAD","CD8_T"
"1441","9p22.1",0.862546157341548,4.82236466499156,5.66549024082067e-06,"con","ALL","9","p","9p",3.62282271738541,-1,"LUAD","CD8_T"
"1442","9p21.1",0.970814454558828,4.95210326843666,3.36347094610086e-06,"con","ALL","9","p","9p",3.79728129908388,-1,"LUAD","CD8_T"
"1443","9p13.3",1.08243340167614,4.61019113723826,1.30829146407379e-05,"con","ALL","9","p","9p",3.4292132214138,-1,"LUAD","CD8_T"
"1444","9p13.2",1.1300407602643,4.00133124953548,0.000128167001436716,"con","ALL","9","p","9p",2.57438209850526,-1,"LUAD","CD8_T"
"1445","9q21.12",1.17204047578821,3.64791929098394,0.000440376426721219,"con","ALL","9","q","9q",2.19212827742277,-1,"LUAD","CD8_T"
"1446","9q21.13",1.20016213067523,3.36224471237135,0.00113214864987446,"con","ALL","9","q","9q",1.84419679439565,-1,"LUAD","CD8_T"
"1447","9q21.2",1.29447065673172,3.1259123522132,1,"con","ALL","9","q","9q",0,-1,"LUAD","CD8_T"
"1448","9q21.31",1.27940169288016,3.04705736043651,1,"con","ALL","9","q","9q",0,-1,"LUAD","CD8_T"
"1449","9q21.32",1.23827563550004,2.88907132912392,1,"con","ALL","9","q","9q",0,-1,"LUAD","CD8_T"
"1450","9q21.33",1.0994561246685,2.5159189022988,1,"con","ALL","9","q","9q",0,-1,"LUAD","CD8_T"
"1451","9q22.2",1.0471150220525,2.39429780342964,1,"con","ALL","9","q","9q",0,-1,"LUAD","CD8_T"
"1452","9q22.31",1.01525551777721,2.3818702163203,1,"con","ALL","9","q","9q",0,-1,"LUAD","CD8_T"
"1453","9q22.32",1.02473629495052,2.43345105127963,1,"con","ALL","9","q","9q",0,-1,"LUAD","CD8_T"
"1454","9q22.33",0.999939482770676,2.49834588126058,1,"con","ALL","9","q","9q",0,-1,"LUAD","CD8_T"
"1455","9q31.1",0.956665958428745,2.59988589642739,0.0108811151218519,"con","ALL","9","q","9q",1.18134218205842,-1,"LUAD","CD8_T"
"1456","9q31.2",0.93328203690261,2.73061714863024,0.00759099800141014,"con","ALL","9","q","9q",1.27248467205126,-1,"LUAD","CD8_T"
"1457","9q31.3",0.909384793614159,2.77008609583589,0.00679311476212738,"con","ALL","9","q","9q",1.28504637318241,-1,"LUAD","CD8_T"
"1458","9q32",0.927896815042474,2.76312802655286,0.00692796308543907,"con","ALL","9","q","9q",1.28504637318241,-1,"LUAD","CD8_T"
"1459","9q33.2",0.968488490090278,2.6469307414778,0.0095719681060152,"con","ALL","9","q","9q",1.21327649738373,-1,"LUAD","CD8_T"
"1460","9q33.3",0.795293031349948,2.05303208116836,0.0429403391083484,"con","ALL","9","q","9q",0.802353961952053,-1,"LUAD","CD8_T"
"1461","9q34.11",0.533043860811583,1.2727072739804,0.206364051445289,"con","ALL","9","q","9q",0.382040123551418,-1,"LUAD","CD8_T"
"1462","9q34.13",0.260784874771442,0.613453282664569,0.541107015375574,"con","ALL","9","q","9q",0.0913881656864035,-1,"LUAD","CD8_T"
"1463","9q34.3",-0.0912018487320937,-0.246511961259603,0.805841171584416,"con","ALL","9","q","9q",0,1,"LUAD","CD8_T"
"1464","10p15.3",1.04453554929325,5.07398126667532,2.04782166994084e-06,"con","ALL","10","p","10p",3.93359559923704,-1,"LUAD","CD8_T"
"1465","10p14",1.19576397994774,4.81373283324028,5.8639877164401e-06,"con","ALL","10","p","10p",3.62282271738541,-1,"LUAD","CD8_T"
"1466","10p13",1.31696006061323,4.72717712725592,8.26757802658844e-06,"con","ALL","10","p","10p",3.5827819363796,-1,"LUAD","CD8_T"
"1467","10p12.2",1.39116519950728,4.26305209217308,4.91695562561476e-05,"con","ALL","10","p","10p",2.89561412552636,-1,"LUAD","CD8_T"
"1468","10p12.1",1.33842000826833,3.65637375563064,0.000427920932101941,"con","ALL","10","p","10p",2.19330779934887,-1,"LUAD","CD8_T"
"1469","10p11.22",1.24459508729606,3.07935355411217,0.00274268169297084,"con","ALL","10","p","10p",1.52271566956513,-1,"LUAD","CD8_T"
"1470","10q11.21",1.07578909635204,2.35226370923942,0.0208156413639032,"con","ALL","10","q","10q",1.019919622016,-1,"LUAD","CD8_T"
"1471","10q11.22",0.99380854191612,2.09269257819364,0.0391602304152567,"con","ALL","10","q","10q",0.821768331327057,-1,"LUAD","CD8_T"
"1472","10q21.1",0.851645136969494,1.74979019683362,0.0835255119499057,"con","ALL","10","q","10q",0.626264644801598,-1,"LUAD","CD8_T"
"1473","10q21.3",0.517598720246301,0.99455429161375,1,"con","ALL","10","q","10q",0,-1,"LUAD","CD8_T"
"1474","10q22.1",-0.0591382235037633,-0.100285722806903,1,"con","ALL","10","q","10q",0,1,"LUAD","CD8_T"
"1475","10q22.2",-0.683363063631357,-1.06223650163308,1,"con","ALL","10","q","10q",0,1,"LUAD","CD8_T"
"1476","10q22.3",-0.903009869013735,-1.4042125640964,1,"con","ALL","10","q","10q",0,1,"LUAD","CD8_T"
"1477","10q23.1",-0.985897305595774,-1.52939825352212,1,"con","ALL","10","q","10q",0,1,"LUAD","CD8_T"
"1478","10q23.2",-0.986152496895971,-1.52793648295933,1,"con","ALL","10","q","10q",0,1,"LUAD","CD8_T"
"1479","10q23.31",-1.01908821638808,-1.56656600590831,1,"con","ALL","10","q","10q",0,-1,"LUAD","CD8_T"
"1480","10q23.32",-1.00904304684788,-1.5469824339459,1,"con","ALL","10","q","10q",0,-1,"LUAD","CD8_T"
"1481","10q24.1",-0.547674176722029,-0.861390124062465,1,"con","ALL","10","q","10q",0,-1,"LUAD","CD8_T"
"1482","10q24.2",-0.386091420083004,-0.611719768636899,1,"con","ALL","10","q","10q",0,-1,"LUAD","CD8_T"
"1483","10q24.31",-0.146661384054576,-0.242987364859019,1,"con","ALL","10","q","10q",0,-1,"LUAD","CD8_T"
"1484","10q24.32",0.224660457128613,0.382392434873673,0.703061933435156,"con","ALL","10","q","10q",0.00748855868601259,-1,"LUAD","CD8_T"
"1485","10q25.1",0.491354323927738,0.838204036768043,0.404112387156953,"con","ALL","10","q","10q",0.188151199924574,-1,"LUAD","CD8_T"
"1486","10q25.2",0.659091108764797,1.11777926222837,0.266603583944001,"con","ALL","10","q","10q",0.303071176937531,-1,"LUAD","CD8_T"
"1487","10q25.3",0.70076657791344,1.18790070117843,1,"con","ALL","10","q","10q",0,-1,"LUAD","CD8_T"
"1488","10q26.11",0.702738824325146,1.17905544755883,1,"con","ALL","10","q","10q",0,-1,"LUAD","CD8_T"
"1489","10q26.13",0.708695172429275,1.35821795485181,1,"con","ALL","10","q","10q",0,-1,"LUAD","CD8_T"
"1490","10q26.3",0.570299009281735,1.21135645475998,0.228895150750959,"con","ALL","10","q","10q",0.350633993009683,-1,"LUAD","CD8_T"
"1491","11p15.5",-0.609317923132257,-2.80656986888981,0.00612449923280837,"con","ALL","11","p","11p",-1.28504637318241,-1,"LUAD","CD8_T"
"1492","11p15.4",-0.733405549634969,-2.18135423428754,0.0317347206014462,"con","ALL","11","p","11p",-0.880761649547775,-1,"LUAD","CD8_T"
"1493","11p15.3",-0.71646071486354,-1.81324308301564,0.0730910043468809,"con","ALL","11","p","11p",-0.657485608192579,-1,"LUAD","CD8_T"
"1494","11p15.2",-0.658859129625817,-1.5334570960339,0.128632703746374,"con","ALL","11","p","11p",-0.524702419747255,-1,"LUAD","CD8_T"
"1495","11p15.1",-0.648156400674124,-1.35569582643661,0.17855095921147,"con","ALL","11","p","11p",-0.427694449987227,-1,"LUAD","CD8_T"
"1496","11p14.3",-0.621996117258257,-1.13406409194864,0.259746337640551,"con","ALL","11","p","11p",-0.30600948910231,-1,"LUAD","CD8_T"
"1497","11p13",-0.216758755048419,-0.307216140800395,1,"con","ALL","11","p","11p",0,-1,"LUAD","CD8_T"
"1498","11p12",0.0986851754666847,0.121542542997815,1,"con","ALL","11","p","11p",0,-1,"LUAD","CD8_T"
"1499","11p11.2",0.437730550734026,0.459922535754325,1,"con","ALL","11","p","11p",0,1,"LUAD","CD8_T"
"1500","11q12.1",1.06575760884796,0.988381033944647,1,"con","ALL","11","q","11q",0,1,"LUAD","CD8_T"
"1501","11q12.2",1.17588500654436,1.26832749890963,1,"con","ALL","11","q","11q",0,1,"LUAD","CD8_T"
"1502","11q12.3",0.944692781073152,1.17387172449761,1,"con","ALL","11","q","11q",0,1,"LUAD","CD8_T"
"1503","11q13.1",0.575538026186439,0.88485230494634,1,"con","ALL","11","q","11q",0,1,"LUAD","CD8_T"
"1504","11q13.2",-0.202703256503343,-0.467756667244271,0.641076900517124,"con","ALL","11","q","11q",-0.036768111836649,1,"LUAD","CD8_T"
"1505","11q13.3",-0.322773050540982,-0.911983650363831,0.364187002794105,"con","ALL","11","q","11q",-0.223892765881225,1,"LUAD","CD8_T"
"1506","11q13.4",-0.398390809965475,-1.06587022387481,0.289302127066989,"con","ALL","11","q","11q",-0.277690700853855,1,"LUAD","CD8_T"
"1507","11q13.5",-0.432173365458787,-1.1123287265593,0.268926739358741,"con","ALL","11","q","11q",-0.30167757253491,1,"LUAD","CD8_T"
"1508","11q14.1",-0.55480030511018,-1.17188819883827,0.244300973385971,"con","ALL","11","q","11q",-0.328254247296186,-1,"LUAD","CD8_T"
"1509","11q14.2",-0.6763440485209,-1.26019623664613,1,"con","ALL","11","q","11q",0,-1,"LUAD","CD8_T"
"1510","11q14.3",-0.692179129643298,-1.22759754922975,1,"con","ALL","11","q","11q",0,-1,"LUAD","CD8_T"
"1511","11q21",-0.725383256995097,-1.21281780558803,1,"con","ALL","11","q","11q",0,-1,"LUAD","CD8_T"
"1512","11q22.2",-0.720433287432322,-1.19735597589632,1,"con","ALL","11","q","11q",0,-1,"LUAD","CD8_T"
"1513","11q22.3",-0.618745577071181,-1.07413678427965,1,"con","ALL","11","q","11q",0,-1,"LUAD","CD8_T"
"1514","11q23.1",-0.508081997007109,-0.981328196720453,0.329032750740147,"con","ALL","11","q","11q",-0.251395072199577,-1,"LUAD","CD8_T"
"1515","11q23.2",-0.434954434393196,-0.895348708609855,0.372962934553931,"con","ALL","11","q","11q",-0.214801304237606,-1,"LUAD","CD8_T"
"1516","11q23.3",-0.446693948060696,-1.02050848163262,0.310192781345995,"con","ALL","11","q","11q",-0.259800216187375,-1,"LUAD","CD8_T"
"1517","11q24.1",-0.378277080723744,-1.04927255487223,0.296831393105114,"con","ALL","11","q","11q",-0.269307551340251,-1,"LUAD","CD8_T"
"1518","11q24.2",-0.388546531055671,-1.11741747391178,0.266757350970737,"con","ALL","11","q","11q",-0.303071176937531,1,"LUAD","CD8_T"
"1519","11q24.3",-0.388063695719395,-1.18183770855269,0.240349266400126,"con","ALL","11","q","11q",-0.333866948680579,1,"LUAD","CD8_T"
"1520","11q25",-0.386080465296308,-1.21857773450465,0.226154216287412,"con","ALL","11","q","11q",-0.354376033700198,1,"LUAD","CD8_T"
"1521","12p13.33",0.75496373876267,4.01349355008233,0.000122684681177012,"con","ALL","12","p","12p",2.57438209850526,1,"LUAD","CD8_T"
"1522","12p13.32",0.778114095630418,4.04538185844257,0.000109356991094154,"con","ALL","12","p","12p",2.58625242299948,1,"LUAD","CD8_T"
"1523","12p13.31",0.842389006150582,3.93187154335498,0.000164261123357337,"con","ALL","12","p","12p",2.49175094292721,-1,"LUAD","CD8_T"
"1524","12p13.2",1.00634712769618,3.76087684857496,0.000299120723661604,"con","ALL","12","p","12p",2.27419120909045,-1,"LUAD","CD8_T"
"1525","12p13.1",1.07858085693671,3.70154702129482,0.000366840228800358,"con","ALL","12","p","12p",2.21188969500142,-1,"LUAD","CD8_T"
"1526","12p12.3",1.13332686508947,3.67997289939925,0.000394898706371369,"con","ALL","12","p","12p",2.20787313029671,-1,"LUAD","CD8_T"
"1527","12p12.1",1.26763711093498,3.4369157342882,0.00088879477610814,"con","ALL","12","p","12p",1.9005382059274,1,"LUAD","CD8_T"
"1528","12p11.23",1.40954095467321,3.35651698973799,1,"con","ALL","12","p","12p",0,1,"LUAD","CD8_T"
"1529","12p11.22",1.436022515554,3.07647805513034,1,"con","ALL","12","p","12p",0,1,"LUAD","CD8_T"
"1530","12q12",1.33552835540824,2.45480869231839,1,"con","ALL","12","q","12q",0,1,"LUAD","CD8_T"
"1531","12q13.11",1.18185956071602,2.04172578348189,1,"con","ALL","12","q","12q",0,1,"LUAD","CD8_T"
"1532","12q13.12",0.815821112085328,1.34299829965794,0.182612603774897,"con","ALL","12","q","12q",0.41951963175744,1,"LUAD","CD8_T"
"1533","12q13.13",-0.359797626241736,-0.713536605996553,0.477339775385022,"con","ALL","12","q","12q",-0.133086475348501,1,"LUAD","CD8_T"
"1534","12q13.2",-0.485346554264379,-1.3331645757577,0.185805736327915,"con","ALL","12","q","12q",-0.416737697954916,1,"LUAD","CD8_T"
"1535","12q13.3",-0.353984759393619,-1.26071298661888,0.210635145422451,"con","ALL","12","q","12q",-0.37467523676653,1,"LUAD","CD8_T"
"1536","12q14.1",-0.292143965896412,-1.15070483696032,0.252868437720995,"con","ALL","12","q","12q",-0.314749557528017,1,"LUAD","CD8_T"
"1537","12q14.3",-0.259757053902639,-1.02817716677127,0.306591689688203,"con","ALL","12","q","12q",-0.263477333002921,1,"LUAD","CD8_T"
"1538","12q15",-0.242148571067906,-0.940729568777044,0.349333997044099,"con","ALL","12","q","12q",-0.235266924852718,1,"LUAD","CD8_T"
"1539","12q21.1",-0.190526219689013,-0.657214656388709,0.51270174376417,"con","ALL","12","q","12q",-0.107894541271448,-1,"LUAD","CD8_T"
"1540","12q21.2",-0.1239384499785,-0.386161812343609,0.70027822089717,"con","ALL","12","q","12q",-0.00748855868601259,-1,"LUAD","CD8_T"
"1541","12q21.31",-0.024749592438536,-0.0703854038084919,0.944041357339778,"con","ALL","12","q","12q",0,-1,"LUAD","CD8_T"
"1542","12q21.33",0.094780366568876,0.252084841084979,0.801543959044303,"con","ALL","12","q","12q",0,-1,"LUAD","CD8_T"
"1543","12q22",0.161641949235488,0.413008916482242,0.680571627148742,"con","ALL","12","q","12q",0.0183952592005089,-1,"LUAD","CD8_T"
"1544","12q23.1",0.181213340149694,0.460845765969692,0.64600876214672,"con","ALL","12","q","12q",0.0356222206988174,-1,"LUAD","CD8_T"
"1545","12q23.2",0.163015196693481,0.418101659794366,0.676857781152963,"con","ALL","12","q","12q",0.0186932178876605,-1,"LUAD","CD8_T"
"1546","12q23.3",0.189650022227092,0.501828837383363,0.616999944153291,"con","ALL","12","q","12q",0.0511997045075777,-1,"LUAD","CD8_T"
"1547","12q24.11",0.243564435734404,0.698222321898278,0.486818588034391,"con","ALL","12","q","12q",0.127180300640057,-1,"LUAD","CD8_T"
"1548","12q24.13",0.250037963826229,0.732995841848536,0.465444969872093,"con","ALL","12","q","12q",0.141685456672102,-1,"LUAD","CD8_T"
"1549","12q24.23",0.281647109141013,0.822339473164901,0.41303328209554,"con","ALL","12","q","12q",0.181570901334171,-1,"LUAD","CD8_T"
"1550","12q24.31",0.355032204725417,1.00105730198759,0.319453603790265,"con","ALL","12","q","12q",0.253192224029269,-1,"LUAD","CD8_T"
"1551","12q24.33",0.388027719771132,1.03667620529461,0.302633697476796,"con","ALL","12","q","12q",0.266397569646303,-1,"LUAD","CD8_T"
"1552","13q12.11",0.0199548534317236,0.0883408616120997,0.929799884468883,"con","ALL","13","q","13q",0,-1,"LUAD","CD8_T"
"1553","13q12.2",0.0264647925971512,0.118448836918252,0.905973105401198,"con","ALL","13","q","13q",0,-1,"LUAD","CD8_T"
"1554","13q12.3",0.0156021411923553,0.0686932908716231,0.945384476943953,"con","ALL","13","q","13q",0,-1,"LUAD","CD8_T"
"1555","13q13.1",-0.00546492817291238,-0.0234831056517018,0.981316331718772,"con","ALL","13","q","13q",0,-1,"LUAD","CD8_T"
"1556","13q13.3",-0.030540519623177,-0.127704315085315,0.898664759315945,"con","ALL","13","q","13q",0,-1,"LUAD","CD8_T"
"1557","13q14.11",-0.0666300569386548,-0.272720576980851,0.785685923126584,"con","ALL","13","q","13q",0,-1,"LUAD","CD8_T"
"1558","13q14.12",-0.107707692550643,-0.433404552052368,0.665746536684864,"con","ALL","13","q","13q",-0.0247231903744628,-1,"LUAD","CD8_T"
"1559","13q14.13",-0.12604586990091,-0.503908067909095,0.615543775599046,"con","ALL","13","q","13q",-0.0511997045075777,-1,"LUAD","CD8_T"
"1560","13q14.2",-0.168525471619032,-0.652276561377286,0.515867044232312,"con","ALL","13","q","13q",-0.107537794340646,-1,"LUAD","CD8_T"
"1561","13q14.3",-0.315009833813357,-1.11963975538691,0.26581381753536,"con","ALL","13","q","13q",-0.303071176937531,-1,"LUAD","CD8_T"
"1562","13q21.33",-0.353548842976877,-1.22937664000245,0.222099895132074,"con","ALL","13","q","13q",-0.359237222871861,-1,"LUAD","CD8_T"
"1563","13q22.2",-0.429823685724977,-1.47258646753644,0.144312939642195,"con","ALL","13","q","13q",-0.496632522061476,-1,"LUAD","CD8_T"
"1564","13q22.3",-0.499208787735988,-1.68790306939223,0.0948544494482824,"con","ALL","13","q","13q",-0.590049320678596,-1,"LUAD","CD8_T"
"1565","13q31.1",-0.525128950994564,-1.7628599839462,0.0812813389855288,"con","ALL","13","q","13q",-0.631562074531479,-1,"LUAD","CD8_T"
"1566","13q32.1",-0.535748641072777,-1.79731818307093,0.0756021946748698,"con","ALL","13","q","13q",-0.651910639686218,-1,"LUAD","CD8_T"
"1567","13q32.2",-0.588766769630864,-1.95647368573345,0.053475440076344,"con","ALL","13","q","13q",-0.747182287696787,-1,"LUAD","CD8_T"
"1568","13q32.3",-0.590555666343217,-1.96920934925196,0.0519709661704121,"con","ALL","13","q","13q",-0.749235030960701,-1,"LUAD","CD8_T"
"1569","13q33.3",-0.611686906279494,-2.0274592731301,0.0455405870555187,"con","ALL","13","q","13q",-0.781541272573138,-1,"LUAD","CD8_T"
"1570","13q34",-0.643176904518915,-2.15411798407889,0.0338731156259658,"con","ALL","13","q","13q",-0.861160624692444,-1,"LUAD","CD8_T"
"1571","14q11.2",0.389108975971514,1.08942271923801,0.278844099049312,"con","ALL","14","q","14q",0.29088796913498,1,"LUAD","CD8_T"
"1572","14q12",-0.175179992099752,-0.508632620273276,0.612240704822238,"con","ALL","14","q","14q",-0.0523580836912468,1,"LUAD","CD8_T"
"1573","14q13.1",-0.286418077514052,-0.859318399524786,0.392422923334282,"con","ALL","14","q","14q",-0.196440481365886,1,"LUAD","CD8_T"
"1574","14q13.2",-0.397509405280731,-1.23772429927476,0.219002318003323,"con","ALL","14","q","14q",-0.362320918737504,1,"LUAD","CD8_T"
"1575","14q13.3",-0.490731644429803,-1.57570109570534,0.118565006927677,"con","ALL","14","q","14q",-0.537399642174113,1,"LUAD","CD8_T"
"1576","14q21.1",-0.543121405556227,-1.75440555499594,0.0827272653482963,"con","ALL","14","q","14q",-0.626264644801598,1,"LUAD","CD8_T"
"1577","14q21.2",-0.607388945837287,-2.01487259938109,0.0468691876534478,"con","ALL","14","q","14q",-0.772657394256602,1,"LUAD","CD8_T"
"1578","14q21.3",-0.698015779406844,-2.40509317935492,0.0181927417542965,"con","ALL","14","q","14q",-1.06417082489736,1,"LUAD","CD8_T"
"1579","14q22.1",-0.825154918375386,-2.96471912770573,0.00386761087240419,"con","ALL","14","q","14q",-1.41331981685219,1,"LUAD","CD8_T"
"1580","14q22.3",-0.895944868829607,-3.34887226022821,0.00118186135741158,"con","ALL","14","q","14q",-1.83507903226296,1,"LUAD","CD8_T"
"1581","14q23.1",-0.930800344158425,-3.68111637280767,0.00039336176313501,"con","ALL","14","q","14q",-2.20787313029671,1,"LUAD","CD8_T"
"1582","14q23.2",-0.96066480759158,-3.89897832413914,0.000184570602444789,"con","ALL","14","q","14q",-2.45584645855076,1,"LUAD","CD8_T"
"1583","14q23.3",-0.980966204540469,-3.9963738170888,0.000130468298993756,"con","ALL","14","q","14q",-2.57438209850526,1,"LUAD","CD8_T"
"1584","14q24.1",-0.977516386281354,-3.99498852942417,0.000131118407673785,"con","ALL","14","q","14q",-2.57438209850526,1,"LUAD","CD8_T"
"1585","14q24.2",-0.959512727669738,-3.8740891428666,0.000201510300989633,"con","ALL","14","q","14q",-2.43195217572828,1,"LUAD","CD8_T"
"1586","14q24.3",-0.929788786332859,-3.39848717125094,0.00100711383865846,"con","ALL","14","q","14q",-1.87527762557538,1,"LUAD","CD8_T"
"1587","14q32.11",-0.851037997182143,-2.78937010832462,0.00643182336401629,"con","ALL","14","q","14q",-1.28504637318241,1,"LUAD","CD8_T"
"1588","14q32.12",-0.78778014192903,-2.4884420335962,0.014649764257633,"con","ALL","14","q","14q",-1.1164835954174,1,"LUAD","CD8_T"
"1589","14q32.2",-0.604435500496168,-1.81895879121065,0.0722067828639435,"con","ALL","14","q","14q",-0.660467587210045,1,"LUAD","CD8_T"
"1590","14q32.31",-0.551471231187309,-1.64149650367245,0.104146192982231,"con","ALL","14","q","14q",-0.565700828077263,1,"LUAD","CD8_T"
"1591","14q32.32",-0.536976806602215,-1.58034741632433,0.11749711055636,"con","ALL","14","q","14q",-0.537399642174113,1,"LUAD","CD8_T"
"1592","14q32.33",-0.517209705776989,-1.6064935817133,0.111630124902446,"con","ALL","14","q","14q",-0.547286479346981,1,"LUAD","CD8_T"
"1593","15q14",0.271114220685411,1.12560394150663,0.263293106379791,"con","ALL","15","q","15q",0.303825995904137,-1,"LUAD","CD8_T"
"1594","15q15.1",0.226939432880785,0.972812688129915,0.333225201355306,"con","ALL","15","q","15q",0.247194701581499,-1,"LUAD","CD8_T"
"1595","15q15.2",0.212368355881768,0.937545053750302,0.350959915096869,"con","ALL","15","q","15q",0.235063912703291,-1,"LUAD","CD8_T"
"1596","15q15.3",0.211828762989694,0.94008877828674,0.349660774186032,"con","ALL","15","q","15q",0.235266924852718,-1,"LUAD","CD8_T"
"1597","15q21.1",0.223829170553643,0.984217598058274,0.327618138555029,"con","ALL","15","q","15q",0.251395072199577,-1,"LUAD","CD8_T"
"1598","15q21.2",0.258432401541059,1.10571580507572,0.271764253688261,"con","ALL","15","q","15q",0.300653881482769,-1,"LUAD","CD8_T"
"1599","15q21.3",0.295958455815491,1.25855836933802,0.211409231478094,"con","ALL","15","q","15q",0.374608646155459,-1,"LUAD","CD8_T"
"1600","15q22.1",0.336424197918077,1.41841407442164,0.159485588219698,"con","ALL","15","q","15q",0.473241958480866,-1,"LUAD","CD8_T"
"1601","15q22.2",0.387972954856201,1.5791869093372,0.117763116362617,"con","ALL","15","q","15q",0.537399642174113,-1,"LUAD","CD8_T"
"1602","15q22.31",0.497380281687158,1.88140150577387,0.0631142586092775,"con","ALL","15","q","15q",0.700032753698859,-1,"LUAD","CD8_T"
"1603","15q23",0.597576174599963,2.07109668392204,0.0411813387038257,"con","ALL","15","q","15q",0.812030861194972,-1,"LUAD","CD8_T"
"1604","15q24.1",0.657034943820015,2.15637301877618,0.0336914291092706,"con","ALL","15","q","15q",0.861160624692444,-1,"LUAD","CD8_T"
"1605","15q24.2",0.693440889327397,2.20647375586488,0.0298678032654887,"con","ALL","15","q","15q",0.900018220063579,-1,"LUAD","CD8_T"
"1606","15q24.3",0.689645848191385,2.13509779884893,0.0354397303184548,"con","ALL","15","q","15q",0.847685669560009,-1,"LUAD","CD8_T"
"1607","15q25.1",0.676393599882198,2.05533424437988,0.0427126402634806,"con","ALL","15","q","15q",0.802353961952053,-1,"LUAD","CD8_T"
"1608","15q25.3",0.599868078105134,1.85029956375831,0.0675152464934432,"con","ALL","15","q","15q",0.682657604432107,-1,"LUAD","CD8_T"
"1609","15q26.1",0.531906067344947,1.66031806343442,0.100292639450068,"con","ALL","15","q","15q",0.57403244595283,-1,"LUAD","CD8_T"
"1610","15q26.3",0.435807189802834,1.42650747898759,0.157143824748853,"con","ALL","15","q","15q",0.4735049439423,-1,"LUAD","CD8_T"
"1611","16p13.3",-0.323945129384294,-1.34037204405889,0.183461306434867,"con","ALL","16","p","16p",-0.419093814615378,1,"LUAD","CD8_T"
"1612","16p13.2",-0.557996435660675,-1.97449244028912,0.0513575153127191,"con","ALL","16","p","16p",-0.751767673507223,1,"LUAD","CD8_T"
"1613","16p13.13",-0.599047976265401,-2.06508253974937,0.0417599362728771,"con","ALL","16","p","16p",-0.808819337176381,1,"LUAD","CD8_T"
"1614","16p12.3",-0.699179360222677,-2.20324508260208,0.0301022593154281,"con","ALL","16","p","16p",-0.899827549324816,1,"LUAD","CD8_T"
"1615","16p12.2",-0.789731832572028,-2.22169149031226,0.028784100862213,"con","ALL","16","p","16p",-0.906308996997678,1,"LUAD","CD8_T"
"1616","16p12.1",-0.845544487712149,-2.2071114978231,0.0298216816628029,"con","ALL","16","p","16p",-0.900018220063579,1,"LUAD","CD8_T"
"1617","16p11.2",-1.12264972782814,-2.33758274956018,0.0216016759046392,"con","ALL","16","p","16p",-1.01077083276125,1,"LUAD","CD8_T"
"1618","16q11.2",-1.22741384330914,-2.12532504639691,1,"con","ALL","16","q","16q",0,1,"LUAD","CD8_T"
"1619","16q12.1",-1.28553553217369,-2.1269290034245,1,"con","ALL","16","q","16q",0,1,"LUAD","CD8_T"
"1620","16q12.2",-1.21969850775323,-1.99235336621945,1,"con","ALL","16","q","16q",0,1,"LUAD","CD8_T"
"1621","16q13",-1.01333636209968,-1.66693208071149,1,"con","ALL","16","q","16q",0,-1,"LUAD","CD8_T"
"1622","16q21",-0.767991587846259,-1.32010160797502,1,"con","ALL","16","q","16q",0,-1,"LUAD","CD8_T"
"1623","16q22.1",-0.216000447257746,-0.430337992146359,1,"con","ALL","16","q","16q",0,-1,"LUAD","CD8_T"
"1624","16q22.2",0.0126155622866613,0.0328038531916101,0.973902849611082,"con","ALL","16","q","16q",0,-1,"LUAD","CD8_T"
"1625","16q23.1",-0.0231313200162225,-0.0647437393714574,0.948520052478835,"con","ALL","16","q","16q",0,-1,"LUAD","CD8_T"
"1626","16q23.3",-0.0834229781298675,-0.272054387889456,0.7861965020012,"con","ALL","16","q","16q",0,-1,"LUAD","CD8_T"
"1627","16q24.1",-0.104302040278065,-0.373344439029355,0.709760419568944,"con","ALL","16","q","16q",-0.00443611983212987,-1,"LUAD","CD8_T"
"1628","16q24.2",-0.133726008461707,-0.517500021901626,0.606062868728995,"con","ALL","16","q","16q",-0.0556561234460659,-1,"LUAD","CD8_T"
"1629","16q24.3",-0.183247774045872,-0.788832315770509,0.432260347725497,"con","ALL","16","q","16q",-0.164236783692942,-1,"LUAD","CD8_T"
"1630","17p13.3",0.498277547716706,1.58597761425241,0.116213381778521,"con","ALL","17","p","17p",0.537399642174113,-1,"LUAD","CD8_T"
"1631","17p13.2",0.506430493615802,1.74141522711593,0.0849901890539669,"con","ALL","17","p","17p",0.620870307756584,-1,"LUAD","CD8_T"
"1632","17p13.1",0.547503577565313,1.61011801895422,0.110835699688732,"con","ALL","17","p","17p",0.547286479346981,-1,"LUAD","CD8_T"
"1633","17p12",0.612978957865256,1.44346711895839,0.152322713174747,"con","ALL","17","p","17p",0.482855094440694,-1,"LUAD","CD8_T"
"1634","17p11.2",0.870905166029768,1.65175283614816,0.102031727894122,"con","ALL","17","p","17p",0.572612226017889,-1,"LUAD","CD8_T"
"1635","17q11.1",1.07395123530622,1.75085662233432,1,"con","ALL","17","q","17q",0,1,"LUAD","CD8_T"
"1636","17q11.2",1.21958027841705,1.87153469336448,1,"con","ALL","17","q","17q",0,1,"LUAD","CD8_T"
"1637","17q12",0.340594747949515,0.982646360765541,0.328386896829678,"con","ALL","17","q","17q",0.251395072199577,1,"LUAD","CD8_T"
"1638","17q21.1",0.321926952417829,0.964545741326074,0.337328659084368,"con","ALL","17","q","17q",0.244775421439566,1,"LUAD","CD8_T"
"1639","17q21.2",0.246231023295185,0.758504836460858,0.450108879013255,"con","ALL","17","q","17q",0.149077355434966,1,"LUAD","CD8_T"
"1640","17q21.31",0.135695837620212,0.383165629324917,0.702490592215157,"con","ALL","17","q","17q",0.00748855868601259,1,"LUAD","CD8_T"
"1641","17q21.32",-0.234119438821364,-0.591016843840061,0.555974292640287,"con","ALL","17","q","17q",-0.0830317966076443,1,"LUAD","CD8_T"
"1642","17q21.33",-0.4865941032502,-1.28652745899484,0.201522436394689,"con","ALL","17","q","17q",-0.388802628998767,1,"LUAD","CD8_T"
"1643","17q22",-0.690039478915838,-1.88301359563081,0.0628928720654794,"con","ALL","17","q","17q",-0.700032753698859,1,"LUAD","CD8_T"
"1644","17q23.1",-0.714106342346322,-2.00686736656547,0.0477313248217524,"con","ALL","17","q","17q",-0.76984573037346,1,"LUAD","CD8_T"
"1645","17q23.3",-0.740589892846015,-2.10327466622536,0.0382015316405819,"con","ALL","17","q","17q",-0.827159813657815,1,"LUAD","CD8_T"
"1646","17q24.2",-0.763725468926193,-2.17898745191615,0.0319157585192687,"con","ALL","17","q","17q",-0.880761649547775,1,"LUAD","CD8_T"
"1647","17q25.1",-0.662388838683494,-1.87344740535409,0.0642161935384749,"con","ALL","17","q","17q",-0.697314562717509,1,"LUAD","CD8_T"
"1648","17q25.3",-0.416442195781557,-1.43603575628136,0.154420950585802,"con","ALL","17","q","17q",-0.479427385981412,1,"LUAD","CD8_T"
"1649","18p11.32",0.409436611941645,1.44237803936369,0.152628826820076,"con","ALL","18","p","18p",0.482855094440694,-1,"LUAD","CD8_T"
"1650","18p11.31",0.4404397557494,1.51366680529734,0.133575916281202,"con","ALL","18","p","18p",0.51636016151659,-1,"LUAD","CD8_T"
"1651","18p11.22",0.54450152770285,1.71453416705823,0.0898345796572038,"con","ALL","18","p","18p",0.609507528519791,-1,"LUAD","CD8_T"
"1652","18p11.21",0.716685159211753,1.93814149663778,0.0557058393418893,"con","ALL","18","p","18p",0.734515458210588,-1,"LUAD","CD8_T"
"1653","18q11.1",0.785870715859567,1.96360050097873,0.0526290505558663,"con","ALL","18","q","18q",0.748971480047838,-1,"LUAD","CD8_T"
"1654","18q11.2",0.832591579580932,1.96516435310361,0.0524448561811948,"con","ALL","18","q","18q",0.748971480047838,-1,"LUAD","CD8_T"
"1655","18q12.2",0.755624374335504,1.56045559681097,1,"con","ALL","18","q","18q",0,-1,"LUAD","CD8_T"
"1656","18q21.1",0.708326188503973,1.45064253953192,1,"con","ALL","18","q","18q",0,-1,"LUAD","CD8_T"
"1657","18q21.31",0.700331805033701,1.46499122153719,1,"con","ALL","18","q","18q",0,-1,"LUAD","CD8_T"
"1658","18q21.32",0.689150121226516,1.45357076273542,0.149505430136775,"con","ALL","18","q","18q",0.486871274131526,-1,"LUAD","CD8_T"
"1659","18q21.33",0.734698251752259,1.56040624016838,0.122135062346355,"con","ALL","18","q","18q",0.535061365125934,-1,"LUAD","CD8_T"
"1660","18q22.3",0.707948457696444,1.49748100670901,0.13772885724641,"con","ALL","18","q","18q",0.51069650611998,-1,"LUAD","CD8_T"
"1661","18q23",0.658696538554537,1.39822054955898,0.165445367206057,"con","ALL","18","q","18q",0.459202413908304,-1,"LUAD","CD8_T"
"1662","19p13.3",0.130959301518981,0.520453033105582,0.60401184411996,"con","ALL","19","p","19p",0.0560190361784914,1,"LUAD","CD8_T"
"1663","19p13.2",0.321466867893636,0.934972927754068,0.35227671957274,"con","ALL","19","p","19p",0.235063912703291,-1,"LUAD","CD8_T"
"1664","19p13.13",0.406219316930229,1.12602270123308,0.26311675337305,"con","ALL","19","p","19p",0.303825995904137,-1,"LUAD","CD8_T"
"1665","19p13.12",0.496303898863322,1.24768082548136,0.215349123922872,"con","ALL","19","p","19p",0.368110657416111,-1,"LUAD","CD8_T"
"1666","19p13.11",0.78914672104359,1.62121968491486,0.108430577744413,"con","ALL","19","p","19p",0.550248851832765,-1,"LUAD","CD8_T"
"1667","19q12",0.384688739073225,1.12469818298358,0.263674833630373,"con","ALL","19","q","19q",0.303825995904137,1,"LUAD","CD8_T"
"1668","19q13.11",0.33562611357319,1.11129349659944,0.269369572195704,"con","ALL","19","q","19q",0.30167757253491,1,"LUAD","CD8_T"
"1669","19q13.12",0.269156684362988,1.03857953932519,0.301752072503369,"con","ALL","19","q","19q",0.266397569646303,1,"LUAD","CD8_T"
"1670","19q13.2",0.327967677967412,1.20041648954289,0.233093228600553,"con","ALL","19","q","19q",0.344225696586592,1,"LUAD","CD8_T"
"1671","19q13.31",0.299178307210637,0.965880460516919,0.336663919774981,"con","ALL","19","q","19q",0.244775421439566,1,"LUAD","CD8_T"
"1672","19q13.32",0.183865846665078,0.605871558908995,0.546108310149966,"con","ALL","19","q","19q",0.0885339240198369,-1,"LUAD","CD8_T"
"1673","19q13.33",-0.0316457764294026,-0.127632537645256,0.898721403722126,"con","ALL","19","q","19q",0,-1,"LUAD","CD8_T"
"1674","19q13.41",-0.123167886221923,-0.553960093852769,0.580964876117886,"con","ALL","19","q","19q",-0.0706090893929887,-1,"LUAD","CD8_T"
"1675","19q13.42",-0.146446251727293,-0.755038589424635,0.452175556910735,"con","ALL","19","q","19q",-0.148574167279972,1,"LUAD","CD8_T"
"1676","19q13.43",-0.145544051665487,-0.799061008575887,0.426335730383691,"con","ALL","19","q","19q",-0.169019028684925,1,"LUAD","CD8_T"
"1677","20p13",0.516887929366236,1.92329621183241,0.0575692713395415,"con","ALL","20","p","20p",0.73020966884112,-1,"LUAD","CD8_T"
"1678","20p12.3",0.409876733403203,1.33734306173346,0.184443839328203,"con","ALL","20","p","20p",0.418356273648727,-1,"LUAD","CD8_T"
"1679","20p12.1",0.282525643541073,0.833008416374101,0.407020978908231,"con","ALL","20","p","20p",0.186720937120952,-1,"LUAD","CD8_T"
"1680","20p11.23",0.206009949371773,0.563357639768498,0.574576930348908,"con","ALL","20","p","20p",0.072126853486925,-1,"LUAD","CD8_T"
"1681","20p11.22",0.139253443417336,0.357675524922612,0.721414402459176,"con","ALL","20","p","20p",0,-1,"LUAD","CD8_T"
"1682","20p11.21",0.110507476356933,0.271830849764786,0.786367846455204,"con","ALL","20","p","20p",0,-1,"LUAD","CD8_T"
"1683","20q11.21",0.0837536860437765,0.180384425694678,0.857251886525234,"con","ALL","20","q","20q",0,1,"LUAD","CD8_T"
"1684","20q11.22",0.110462234365508,0.21750279831252,0.828303470759493,"con","ALL","20","q","20q",0,1,"LUAD","CD8_T"
"1685","20q12",0.0406799916960464,0.0820591705685303,1,"con","ALL","20","q","20q",0,1,"LUAD","CD8_T"
"1686","20q13.11",0.0438665512597053,0.0893323591008824,1,"con","ALL","20","q","20q",0,1,"LUAD","CD8_T"
"1687","20q13.12",0.0459017470589368,0.0990604905075987,0.921308133179413,"con","ALL","20","q","20q",0,1,"LUAD","CD8_T"
"1688","20q13.13",-0.0720086600883595,-0.209543187981151,0.834492623392794,"con","ALL","20","q","20q",0,1,"LUAD","CD8_T"
"1689","20q13.2",-0.110473210262433,-0.364356656019367,0.716436981705334,"con","ALL","20","q","20q",-0.00143304604328018,1,"LUAD","CD8_T"
"1690","20q13.32",-0.16347349157587,-0.643070947493398,0.521795208974768,"con","ALL","20","q","20q",-0.103728996638266,1,"LUAD","CD8_T"
"1691","20q13.33",-0.184974090463539,-0.837433076326582,0.404543182541242,"con","ALL","20","q","20q",-0.188151199924574,1,"LUAD","CD8_T"
"1692","21q21.3",-0.49853673532091,-2.12587076181961,0.0362221041290868,"con","ALL","21","q","21q",-0.841424940392866,1,"LUAD","CD8_T"
"1693","21q22.11",-0.516487723535401,-2.26151035210526,0.0261097652163567,"con","ALL","21","q","21q",-0.939189034241933,1,"LUAD","CD8_T"
"1694","21q22.12",-0.544990249656227,-2.41334411772424,0.017810798522314,"con","ALL","21","q","21q",-1.06644418002049,1,"LUAD","CD8_T"
"1695","21q22.13",-0.57299093109083,-2.59268270603201,0.0110952620669331,"con","ALL","21","q","21q",-1.18098637316317,1,"LUAD","CD8_T"
"1696","21q22.2",-0.588550334377693,-2.71725158958726,0.00787997201899927,"con","ALL","21","q","21q",-1.2638897244887,1,"LUAD","CD8_T"
"1697","21q22.3",-0.591177884806075,-2.85407139937686,0.00534425936287344,"con","ALL","21","q","21q",-1.29515145721355,1,"LUAD","CD8_T"
"1698","22q11.21",0.110023215995131,0.263372589155028,0.792858853205876,"con","ALL","22","q","22q",0,1,"LUAD","CD8_T"
"1699","22q11.22",0.340903899317612,0.739869524739448,0.461283668302332,"con","ALL","22","q","22q",0.143212519329432,1,"LUAD","CD8_T"
"1700","22q11.23",0.475083096762297,0.990475919307782,1,"con","ALL","22","q","22q",0,1,"LUAD","CD8_T"
"1701","22q12.1",0.645627369706433,1.28486039159402,0.202101953083084,"con","ALL","22","q","22q",0.388802628998767,1,"LUAD","CD8_T"
"1702","22q12.2",0.75359979415152,1.47188352856192,0.144502352512406,"con","ALL","22","q","22q",0.496632522061476,-1,"LUAD","CD8_T"
"1703","22q12.3",0.682158267842994,1.42449841614207,0.157722644807738,"con","ALL","22","q","22q",0.4735049439423,-1,"LUAD","CD8_T"
"1704","22q13.1",0.304984953135392,0.709472093024995,0.479845463668074,"con","ALL","22","q","22q",0.131988064217737,-1,"LUAD","CD8_T"
"1705","22q13.2",0.057791728034561,0.132954642726003,0.894522814756306,"con","ALL","22","q","22q",0,-1,"LUAD","CD8_T"
"1706","22q13.31",-0.0427115948451398,-0.0974712721167579,0.922566510151383,"con","ALL","22","q","22q",0,-1,"LUAD","CD8_T"
"1707","22q13.33",-0.0326753636064111,-0.0744720549452156,0.94079824040526,"con","ALL","22","q","22q",0,-1,"LUAD","CD8_T"
"1708","1p36.33",-0.120608873219553,-1.18830005083507,0.237807229384176,"con","ALL","1","p","1p",-0.102269166028647,1,"LUAD","DN_T"
"1709","1p36.32",-0.125139638425554,-1.18561270835973,0.238861972575766,"con","ALL","1","p","1p",-0.102269166028647,1,"LUAD","DN_T"
"1710","1p36.31",-0.132134141763827,-1.22228242049518,0.224757328303314,"con","ALL","1","p","1p",-0.102269166028647,1,"LUAD","DN_T"
"1711","1p36.23",-0.0979677311370063,-0.870288111330334,0.386432921388039,"con","ALL","1","p","1p",-0.0210554984696642,1,"LUAD","DN_T"
"1712","1p36.22",-0.0309449154125321,-0.243468928760002,0.808190162164131,"con","ALL","1","p","1p",0,1,"LUAD","DN_T"
"1713","1p36.21",-0.0458006165571163,-0.338957726369059,0.735422497980239,"con","ALL","1","p","1p",0,1,"LUAD","DN_T"
"1714","1p36.13",-0.0713133612075252,-0.507107359114171,0.613306187894716,"con","ALL","1","p","1p",0,1,"LUAD","DN_T"
"1715","1p36.12",-0.0887013415063986,-0.618896743055436,0.537530628705128,"con","ALL","1","p","1p",0,1,"LUAD","DN_T"
"1716","1p36.11",-0.117352724669592,-0.782013080197281,0.436236944680476,"con","ALL","1","p","1p",-0.0185126989184776,1,"LUAD","DN_T"
"1717","1p35.3",-0.0830535908620404,-0.4962822910231,0.620891897760326,"con","ALL","1","p","1p",0,1,"LUAD","DN_T"
"1718","1p35.2",-0.0287223863950357,-0.170808486397266,0.864753570345604,"con","ALL","1","p","1p",0,1,"LUAD","DN_T"
"1719","1p35.1",0.000487676472426654,0.00295533418258323,0.997648456988688,"con","ALL","1","p","1p",0,1,"LUAD","DN_T"
"1720","1p34.3",-0.00305305829072177,-0.0201438888562332,0.983972691651817,"con","ALL","1","p","1p",0,1,"LUAD","DN_T"
"1721","1p34.2",-0.0363686852146911,-0.269688015576376,0.788010885148736,"con","ALL","1","p","1p",0,1,"LUAD","DN_T"
"1722","1p34.1",-0.0447002844149404,-0.359907874404254,0.719749962336402,"con","ALL","1","p","1p",0,1,"LUAD","DN_T"
"1723","1p33",-0.0476130199968791,-0.376733674241809,0.707248567768354,"con","ALL","1","p","1p",0,1,"LUAD","DN_T"
"1724","1p32.3",0.0387094629482184,0.287986591358134,0.774011881221901,"con","ALL","1","p","1p",0,1,"LUAD","DN_T"
"1725","1p32.1",0.183711233941178,1.34736694985406,0.181207387573682,"con","ALL","1","p","1p",0.129726634574062,1,"LUAD","DN_T"
"1726","1p31.3",0.181623590100332,1.23169382732489,0.221236872361055,"con","ALL","1","p","1p",0.102269166028647,1,"LUAD","DN_T"
"1727","1p31.1",0.0956730559079731,0.584877821538091,0.560077285185576,"con","ALL","1","p","1p",0,1,"LUAD","DN_T"
"1728","1p22.3",0.0226139534821606,0.132268759806472,1,"con","ALL","1","p","1p",0,-1,"LUAD","DN_T"
"1729","1p22.2",0.0575208818307306,0.339085024090466,0.735326921434282,"con","ALL","1","p","1p",0,-1,"LUAD","DN_T"
"1730","1p22.1",0.0726191499948185,0.419137266018603,0.676103545497431,"con","ALL","1","p","1p",0,-1,"LUAD","DN_T"
"1731","1p21.3",0.0795308262353753,0.433556134498158,0.665636841661033,"con","ALL","1","p","1p",0,-1,"LUAD","DN_T"
"1732","1p21.2",0.0946845649041433,0.485530543638446,0.628467012014215,"con","ALL","1","p","1p",0,-1,"LUAD","DN_T"
"1733","1p13.3",0.199900775329806,0.749905465032766,1,"con","ALL","1","p","1p",0,-1,"LUAD","DN_T"
"1734","1p13.2",0.365652987411124,1.18794284051853,1,"con","ALL","1","p","1p",0,1,"LUAD","DN_T"
"1735","1p13.1",0.361901374945073,1.44914183591805,0.150735369728933,"con","ALL","1","p","1p",0.170476284026198,1,"LUAD","DN_T"
"1736","1p12",0.338115535821736,1.54766160490439,0.125174642137946,"con","ALL","1","p","1p",0.21277411345793,1,"LUAD","DN_T"
"1737","1q21.1",0.313896946165852,1.63094985006086,0.106357270500885,"con","ALL","1","q","1q",0.251216596282116,1,"LUAD","DN_T"
"1738","1q21.2",0.211128300595349,1.38104826528121,0.170646261502602,"con","ALL","1","q","1q",0.146329863726591,1,"LUAD","DN_T"
"1739","1q21.3",0.0489033179486619,0.508867833597869,0.612076468807872,"con","ALL","1","q","1q",0,1,"LUAD","DN_T"
"1740","1q22",-0.00700228923086764,-0.0901862425586409,0.92833742520754,"con","ALL","1","q","1q",0,1,"LUAD","DN_T"
"1741","1q23.1",-0.0131577645215464,-0.165885608871871,0.868614970413039,"con","ALL","1","q","1q",0,1,"LUAD","DN_T"
"1742","1q23.2",-0.0102576141300634,-0.127856065511273,0.898545004575147,"con","ALL","1","q","1q",0,1,"LUAD","DN_T"
"1743","1q23.3",0.00274052604327946,0.0323471976626456,0.97426601355628,"con","ALL","1","q","1q",0,1,"LUAD","DN_T"
"1744","1q24.1",0.0266500318054178,0.299771713390288,0.765034953406057,"con","ALL","1","q","1q",0,1,"LUAD","DN_T"
"1745","1q24.2",0.0356877498263051,0.392791148162562,0.695392343330119,"con","ALL","1","q","1q",0,1,"LUAD","DN_T"
"1746","1q24.3",0.0451926692002398,0.488343001594741,0.626481614018019,"con","ALL","1","q","1q",0,1,"LUAD","DN_T"
"1747","1q25.1",0.0559245631860645,0.591195822412503,0.5558548970111,"con","ALL","1","q","1q",0,1,"LUAD","DN_T"
"1748","1q25.2",0.0537298377552183,0.566303203215462,0.572581671622141,"con","ALL","1","q","1q",0,1,"LUAD","DN_T"
"1749","1q25.3",0.0458060850355021,0.479685286167766,0.632602091236636,"con","ALL","1","q","1q",0,1,"LUAD","DN_T"
"1750","1q31.1",0.0395878328796123,0.412338123533503,0.681061387883275,"con","ALL","1","q","1q",0,1,"LUAD","DN_T"
"1751","1q31.2",0.0336563350590071,0.351637744229937,0.725922876543066,"con","ALL","1","q","1q",0,1,"LUAD","DN_T"
"1752","1q32.1",-0.0043923956169328,-0.0467802247415712,0.962790900830762,"con","ALL","1","q","1q",0,1,"LUAD","DN_T"
"1753","1q32.2",-0.020055133836924,-0.210411195975114,0.833817172622563,"con","ALL","1","q","1q",0,1,"LUAD","DN_T"
"1754","1q32.3",-0.0214622670395896,-0.21738237689022,0.828397027179105,"con","ALL","1","q","1q",0,1,"LUAD","DN_T"
"1755","1q41",-0.0156777363861168,-0.154815531426903,0.877309608950286,"con","ALL","1","q","1q",0,1,"LUAD","DN_T"
"1756","1q42.11",-0.0141765105175311,-0.137998976660121,0.890546127499188,"con","ALL","1","q","1q",0,1,"LUAD","DN_T"
"1757","1q42.12",-0.0106660699206243,-0.101892376681574,0.919066283770518,"con","ALL","1","q","1q",0,1,"LUAD","DN_T"
"1758","1q42.13",0.00245034095175603,0.0227412261690505,0.981906482587587,"con","ALL","1","q","1q",0,1,"LUAD","DN_T"
"1759","1q42.2",0.0270027043016254,0.246447575918224,0.80589085383525,"con","ALL","1","q","1q",0,1,"LUAD","DN_T"
"1760","1q42.3",0.0330145879963837,0.301931285491792,0.763393403299071,"con","ALL","1","q","1q",0,1,"LUAD","DN_T"
"1761","1q43",0.0557294365092874,0.509126972468472,0.611895549895409,"con","ALL","1","q","1q",0,1,"LUAD","DN_T"
"1762","1q44",0.0711971973907924,0.657219910790636,0.512698381200641,"con","ALL","1","q","1q",0,1,"LUAD","DN_T"
"1763","2p25.3",0.3551091290292,1.91875583178341,0.0581496118503116,"con","ALL","2","p","2p",0.453468767053839,1,"LUAD","DN_T"
"1764","2p25.1",0.4860653958722,2.36991582557029,0.0199041608906574,"con","ALL","2","p","2p",0.636139940090045,1,"LUAD","DN_T"
"1765","2p24.1",0.712842471948633,3.22554371200176,0.00174734541048932,"con","ALL","2","p","2p",1.20662895263925,1,"LUAD","DN_T"
"1766","2p23.3",0.885766845223511,3.60565429480763,1,"con","ALL","2","p","2p",0,1,"LUAD","DN_T"
"1767","2p23.2",0.9541671492719,3.63565332652521,1,"con","ALL","2","p","2p",0,1,"LUAD","DN_T"
"1768","2p22.3",0.888588452574393,3.40150081349721,1,"con","ALL","2","p","2p",0,1,"LUAD","DN_T"
"1769","2p22.2",0.791144545709294,3.20639614163189,1,"con","ALL","2","p","2p",0,1,"LUAD","DN_T"
"1770","2p22.1",0.680688626763652,2.96182488561453,1,"con","ALL","2","p","2p",0,1,"LUAD","DN_T"
"1771","2p21",0.235072394675035,1.0513601313262,1,"con","ALL","2","p","2p",0,-1,"LUAD","DN_T"
"1772","2p16.2",0.168875359376274,0.821548397519989,1,"con","ALL","2","p","2p",0,-1,"LUAD","DN_T"
"1773","2p16.1",0.179736905503338,0.900649327880584,1,"con","ALL","2","p","2p",0,-1,"LUAD","DN_T"
"1774","2p15",0.173650497628188,0.904299673796938,1,"con","ALL","2","p","2p",0,1,"LUAD","DN_T"
"1775","2p14",0.163727754549416,0.848207367783712,1,"con","ALL","2","p","2p",0,1,"LUAD","DN_T"
"1776","2p13.3",0.140628716893944,0.722366554896471,1,"con","ALL","2","p","2p",0,1,"LUAD","DN_T"
"1777","2p13.2",0.131893055391339,0.662456139004472,1,"con","ALL","2","p","2p",0,1,"LUAD","DN_T"
"1778","2p13.1",0.127802600053424,0.614362538562836,1,"con","ALL","2","p","2p",0,1,"LUAD","DN_T"
"1779","2p12",0.140870751407486,0.649177094241889,1,"con","ALL","2","p","2p",0,1,"LUAD","DN_T"
"1780","2p11.2",0.158698513721787,0.722629699324141,1,"con","ALL","2","p","2p",0,1,"LUAD","DN_T"
"1781","2q11.1",0.178555663514191,0.800208903667576,1,"con","ALL","2","q","2q",0,1,"LUAD","DN_T"
"1782","2q11.2",0.19247050907109,0.81570183999212,1,"con","ALL","2","q","2q",0,1,"LUAD","DN_T"
"1783","2q12.2",0.202936844221142,0.807827319660954,1,"con","ALL","2","q","2q",0,1,"LUAD","DN_T"
"1784","2q12.3",0.203177027362263,0.803058252453812,1,"con","ALL","2","q","2q",0,1,"LUAD","DN_T"
"1785","2q13",0.199109892630179,0.780206621125408,1,"con","ALL","2","q","2q",0,1,"LUAD","DN_T"
"1786","2q14.1",0.194519277376156,0.75268644369241,1,"con","ALL","2","q","2q",0,1,"LUAD","DN_T"
"1787","2q14.2",0.176021569199519,0.669309678178448,1,"con","ALL","2","q","2q",0,1,"LUAD","DN_T"
"1788","2q14.3",0.164879717240076,0.631247315428501,1,"con","ALL","2","q","2q",0,1,"LUAD","DN_T"
"1789","2q21.1",0.126309626803978,0.47067492933205,1,"con","ALL","2","q","2q",0,1,"LUAD","DN_T"
"1790","2q21.3",0.104713950786566,0.396685981494147,1,"con","ALL","2","q","2q",0,1,"LUAD","DN_T"
"1791","2q23.2",0.0874666986331823,0.333740425719587,1,"con","ALL","2","q","2q",0,1,"LUAD","DN_T"
"1792","2q23.3",0.0942372265494738,0.359576140561746,1,"con","ALL","2","q","2q",0,1,"LUAD","DN_T"
"1793","2q24.2",0.108095338716058,0.410756915308591,1,"con","ALL","2","q","2q",0,1,"LUAD","DN_T"
"1794","2q31.1",0.103036218747896,0.389970416817986,1,"con","ALL","2","q","2q",0,1,"LUAD","DN_T"
"1795","2q31.2",0.00480080042685456,0.0165209384806973,1,"con","ALL","2","q","2q",0,1,"LUAD","DN_T"
"1796","2q31.3",-0.0495533294614529,-0.16656494345354,1,"con","ALL","2","q","2q",0,1,"LUAD","DN_T"
"1797","2q32.1",-0.0873986481290522,-0.288619692835187,1,"con","ALL","2","q","2q",0,1,"LUAD","DN_T"
"1798","2q32.3",-0.189252002032496,-0.618952753137962,1,"con","ALL","2","q","2q",0,1,"LUAD","DN_T"
"1799","2q33.1",-0.323031047343,-0.983320273688647,1,"con","ALL","2","q","2q",0,1,"LUAD","DN_T"
"1800","2q33.2",-0.429454879237126,-1.26061141156116,1,"con","ALL","2","q","2q",0,1,"LUAD","DN_T"
"1801","2q34",-0.27869285704962,-0.891713919583221,1,"con","ALL","2","q","2q",0,1,"LUAD","DN_T"
"1802","2q35",-0.143140535870156,-0.50059916295651,1,"con","ALL","2","q","2q",0,1,"LUAD","DN_T"
"1803","2q36.1",-0.0461267770861091,-0.178105574582711,0.859035951770223,"con","ALL","2","q","2q",0,1,"LUAD","DN_T"
"1804","2q36.3",-0.0257213546324493,-0.102174447674317,0.918843019101728,"con","ALL","2","q","2q",0,1,"LUAD","DN_T"
"1805","2q37.1",0.0136573582669208,0.0591439202594132,0.952967164356765,"con","ALL","2","q","2q",0,1,"LUAD","DN_T"
"1806","2q37.3",0.0163300476395095,0.0766039454430488,0.939106790408338,"con","ALL","2","q","2q",0,1,"LUAD","DN_T"
"1807","3p26.2",0.0214557621679892,0.148343976693007,0.882399534061508,"con","ALL","3","p","3p",0,-1,"LUAD","DN_T"
"1808","3p26.1",0.0164473842445257,0.114251747882034,0.909289934875799,"con","ALL","3","p","3p",0,-1,"LUAD","DN_T"
"1809","3p25.3",-0.0103322941832309,-0.0731838997908649,0.941820399665391,"con","ALL","3","p","3p",0,-1,"LUAD","DN_T"
"1810","3p25.2",-0.0283816547078858,-0.203749487894215,0.839004216421407,"con","ALL","3","p","3p",0,-1,"LUAD","DN_T"
"1811","3p25.1",0.0663867284929763,0.480908910299864,0.631735496758401,"con","ALL","3","p","3p",0,-1,"LUAD","DN_T"
"1812","3p24.3",0.13480597331256,1.01316011827416,0.313669987292791,"con","ALL","3","p","3p",0.0407605213137267,-1,"LUAD","DN_T"
"1813","3p24.2",0.136082854376622,1.02884340886145,0.306280167773126,"con","ALL","3","p","3p",0.0488034686491024,-1,"LUAD","DN_T"
"1814","3p24.1",0.152838588897924,1.1703876795479,0.244900945322955,"con","ALL","3","p","3p",0.0939433752196644,-1,"LUAD","DN_T"
"1815","3p23",0.155573269421525,1.1955394959687,0.234982499375855,"con","ALL","3","p","3p",0.102269166028647,-1,"LUAD","DN_T"
"1816","3p22.3",0.154977980727374,1.18845559715151,0.237746282224778,"con","ALL","3","p","3p",0.102269166028647,-1,"LUAD","DN_T"
"1817","3p22.2",0.145240042632391,1.102892224776,0.272982140211454,"con","ALL","3","p","3p",0.0738778968307864,-1,"LUAD","DN_T"
"1818","3p22.1",0.116452843565482,0.858350759559215,0.392954035547747,"con","ALL","3","p","3p",0.0210554984696642,-1,"LUAD","DN_T"
"1819","3p21.33",0.105627744301477,0.749496228121241,0.455491376573824,"con","ALL","3","p","3p",0.0129188357062705,-1,"LUAD","DN_T"
"1820","3p21.31",-0.0884273964163844,-0.557458272477428,0.578583056615906,"con","ALL","3","p","3p",0,-1,"LUAD","DN_T"
"1821","3p21.2",-0.156411253289338,-0.826045406668436,1,"con","ALL","3","p","3p",0,-1,"LUAD","DN_T"
"1822","3p21.1",-0.212131847072006,-0.994099191679009,1,"con","ALL","3","p","3p",0,-1,"LUAD","DN_T"
"1823","3p14.3",-0.281857302478077,-1.20902425593063,1,"con","ALL","3","p","3p",0,-1,"LUAD","DN_T"
"1824","3p14.1",-0.312015052445687,-1.27411674364707,1,"con","ALL","3","p","3p",0,-1,"LUAD","DN_T"
"1825","3p13",-0.309858691977593,-1.26456494320176,1,"con","ALL","3","p","3p",0,-1,"LUAD","DN_T"
"1826","3p11.2",-0.309146881067126,-1.23336016916507,1,"con","ALL","3","p","3p",0,-1,"LUAD","DN_T"
"1827","3p11.1",-0.302029094143863,-1.18705738266612,1,"con","ALL","3","p","3p",0,-1,"LUAD","DN_T"
"1828","3q11.2",-0.284985814585547,-1.09005753241075,1,"con","ALL","3","q","3q",0,-1,"LUAD","DN_T"
"1829","3q12.2",0.287733165324199,1.15228425061665,1,"con","ALL","3","q","3q",0,1,"LUAD","DN_T"
"1830","3q12.3",0.334721318580876,1.33849567655991,1,"con","ALL","3","q","3q",0,1,"LUAD","DN_T"
"1831","3q13.12",0.369402212958985,1.51595300261585,1,"con","ALL","3","q","3q",0,1,"LUAD","DN_T"
"1832","3q13.13",0.379444573991737,1.57760152227788,1,"con","ALL","3","q","3q",0,1,"LUAD","DN_T"
"1833","3q13.2",0.398020147024816,1.6687884537604,1,"con","ALL","3","q","3q",0,1,"LUAD","DN_T"
"1834","3q13.31",0.408082454747122,1.7325518044392,1,"con","ALL","3","q","3q",0,1,"LUAD","DN_T"
"1835","3q13.33",0.46778437164639,2.17899602235065,0.0319151013365986,"con","ALL","3","q","3q",0.573400418574458,1,"LUAD","DN_T"
"1836","3q21.1",0.503116884246896,2.59430480676295,0.0110467085698584,"con","ALL","3","q","3q",0.783153331537702,1,"LUAD","DN_T"
"1837","3q21.3",0.527021810771481,2.9852800157092,0.00363873034800319,"con","ALL","3","q","3q",1.12536487512418,1,"LUAD","DN_T"
"1838","3q22.1",0.54801648953831,3.18331110450272,0.00199324412891666,"con","ALL","3","q","3q",1.17896486163013,1,"LUAD","DN_T"
"1839","3q22.2",0.564329741463754,3.32901624135076,0.0012594720310905,"con","ALL","3","q","3q",1.32079046503286,-1,"LUAD","DN_T"
"1840","3q22.3",0.576737572880766,3.53297678505312,0.000647743742537496,"con","ALL","3","q","3q",1.50766334341593,-1,"LUAD","DN_T"
"1841","3q23",0.569701645375435,3.81420004907089,0.000248564833736777,"con","ALL","3","q","3q",1.69454608774627,-1,"LUAD","DN_T"
"1842","3q24",0.541005173791705,4.06095566132293,0.000103363795093421,"con","ALL","3","q","3q",1.74720701466477,-1,"LUAD","DN_T"
"1843","3q25.1",0.491471473102709,4.13417748279075,7.91645903124601e-05,"con","ALL","3","q","3q",1.74720701466477,-1,"LUAD","DN_T"
"1844","3q25.2",0.439579314368697,4.05880098247736,0.000104173779728791,"con","ALL","3","q","3q",1.74720701466477,-1,"LUAD","DN_T"
"1845","3q25.31",0.409514257528957,3.95964442350835,0.000148794224593335,"con","ALL","3","q","3q",1.74720701466477,-1,"LUAD","DN_T"
"1846","3q25.32",0.400126276859722,3.94409764600089,0.000157271751435733,"con","ALL","3","q","3q",1.74720701466477,-1,"LUAD","DN_T"
"1847","3q25.33",0.367162528606449,3.84327495681716,0.000224544044921415,"con","ALL","3","q","3q",1.69454608774627,-1,"LUAD","DN_T"
"1848","3q26.1",0.344254037268503,3.73773964716766,0.000323977848309298,"con","ALL","3","q","3q",1.63746240386532,-1,"LUAD","DN_T"
"1849","3q26.2",0.313537782827235,3.58317989222942,0.000547811547481947,"con","ALL","3","q","3q",1.50766334341593,-1,"LUAD","DN_T"
"1850","3q26.31",0.30383231195083,3.52950900957984,0.000655247897711947,"con","ALL","3","q","3q",1.50766334341593,-1,"LUAD","DN_T"
"1851","3q26.32",0.276430247786883,3.40387980301953,0.000989659639088504,"con","ALL","3","q","3q",1.39552991032317,-1,"LUAD","DN_T"
"1852","3q26.33",0.225451204779415,3.16723526929589,0.00209505475107786,"con","ALL","3","q","3q",1.17896486163013,-1,"LUAD","DN_T"
"1853","3q27.1",0.189186991132074,2.98084030627802,0.00368706581404975,"con","ALL","3","q","3q",1.12536487512418,-1,"LUAD","DN_T"
"1854","3q27.2",0.177414757489453,2.91410195490815,0.0044888759512732,"con","ALL","3","q","3q",1.06677017674788,-1,"LUAD","DN_T"
"1855","3q27.3",0.172053926039153,2.85206433863726,0.00537528799769131,"con","ALL","3","q","3q",1.03299993560077,-1,"LUAD","DN_T"
"1856","3q29",0.143131192291984,2.58330618630381,0.01137972003235,"con","ALL","3","q","3q",0.783153331537702,-1,"LUAD","DN_T"
"1857","4p16.3",0.00378976087958215,0.022841585582053,0.981826648007535,"con","ALL","4","p","4p",0,-1,"LUAD","DN_T"
"1858","4p16.1",0.0073236055751341,0.0425766135109202,0.96613232008232,"con","ALL","4","p","4p",0,1,"LUAD","DN_T"
"1859","4p15.32",0.0212707321204112,0.120827195589862,0.90409429816174,"con","ALL","4","p","4p",0,1,"LUAD","DN_T"
"1860","4p15.2",0.0268764333954969,0.151416435726317,0.879982393573819,"con","ALL","4","p","4p",0,1,"LUAD","DN_T"
"1861","4p14",0.152630986973477,0.803032765288494,0.424048265362366,"con","ALL","4","p","4p",0.0185126989184776,1,"LUAD","DN_T"
"1862","4p13",0.338318563081315,1.70128647348239,0.0923038721847128,"con","ALL","4","p","4p",0.298596823850771,1,"LUAD","DN_T"
"1863","4p12",0.318667260922239,1.57357888871934,0.119055335566407,"con","ALL","4","p","4p",0.214461848936922,1,"LUAD","DN_T"
"1864","4p11",0.297908437945564,1.46082704420812,0.14750716015617,"con","ALL","4","p","4p",0.176445176775491,1,"LUAD","DN_T"
"1865","4q12",0.251666286560993,1.20093771187659,1,"con","ALL","4","q","4q",0,1,"LUAD","DN_T"
"1866","4q13.2",0.22767865516432,1.04200227983825,1,"con","ALL","4","q","4q",0,1,"LUAD","DN_T"
"1867","4q21.1",0.028022053257145,0.110576367628908,1,"con","ALL","4","q","4q",0,1,"LUAD","DN_T"
"1868","4q21.22",-0.027256223053054,-0.103923288043675,1,"con","ALL","4","q","4q",0,1,"LUAD","DN_T"
"1869","4q21.23",-0.0377000194120981,-0.142789847610401,1,"con","ALL","4","q","4q",0,1,"LUAD","DN_T"
"1870","4q22.1",-0.052752494429356,-0.199921449372476,1,"con","ALL","4","q","4q",0,1,"LUAD","DN_T"
"1871","4q22.3",-0.0429923259128151,-0.162921465439116,1,"con","ALL","4","q","4q",0,-1,"LUAD","DN_T"
"1872","4q23",0.337767714345693,1.38282692119022,1,"con","ALL","4","q","4q",0,-1,"LUAD","DN_T"
"1873","4q24",0.113808839147642,0.471896008239225,1,"con","ALL","4","q","4q",0,-1,"LUAD","DN_T"
"1874","4q25",-0.0530422494306963,-0.224659372471531,1,"con","ALL","4","q","4q",0,-1,"LUAD","DN_T"
"1875","4q27",-0.0840783720996445,-0.353449301665431,1,"con","ALL","4","q","4q",0,-1,"LUAD","DN_T"
"1876","4q31.1",-0.0844421278762613,-0.360021019786795,1,"con","ALL","4","q","4q",0,-1,"LUAD","DN_T"
"1877","4q31.21",-0.0947515645605889,-0.407943113665979,1,"con","ALL","4","q","4q",0,-1,"LUAD","DN_T"
"1878","4q31.22",-0.0906264206429506,-0.391623965034183,1,"con","ALL","4","q","4q",0,-1,"LUAD","DN_T"
"1879","4q32.1",-0.0877761563223311,-0.369100844134208,1,"con","ALL","4","q","4q",0,1,"LUAD","DN_T"
"1880","4q32.2",-0.0923360161726151,-0.38622404356088,1,"con","ALL","4","q","4q",0,1,"LUAD","DN_T"
"1881","4q34.1",-0.086414421332593,-0.370596551822158,1,"con","ALL","4","q","4q",0,1,"LUAD","DN_T"
"1882","4q34.2",-0.0911420457379933,-0.394137974551564,1,"con","ALL","4","q","4q",0,1,"LUAD","DN_T"
"1883","4q35.1",-0.216127112570629,-0.955447544377668,1,"con","ALL","4","q","4q",0,1,"LUAD","DN_T"
"1884","5p15.33",-0.17090693515541,-2.11725712190265,0.0369659292883721,"con","ALL","5","p","5p",-0.569180707873623,1,"LUAD","DN_T"
"1885","5p15.31",-0.180070164188143,-2.04435712850531,0.0438077418793082,"con","ALL","5","p","5p",-0.532755791775168,1,"LUAD","DN_T"
"1886","5p15.2",-0.185808588745892,-2.01865331336155,0.0464666696119611,"con","ALL","5","p","5p",-0.527136193679714,1,"LUAD","DN_T"
"1887","5p15.1",-0.197344900357122,-1.96395537967811,0.0525872039167817,"con","ALL","5","p","5p",-0.487795481139025,1,"LUAD","DN_T"
"1888","5p13.3",-0.205706488907291,-1.92433396995882,0.0574373170196721,"con","ALL","5","p","5p",-0.454176536975547,1,"LUAD","DN_T"
"1889","5p13.1",-0.21428365883664,-1.7230596733172,0.0882742541989212,"con","ALL","5","p","5p",-0.306274385759502,1,"LUAD","DN_T"
"1890","5p12",-0.22057334506658,-1.7167696627671,0.089423275269917,"con","ALL","5","p","5p",-0.306274385759502,1,"LUAD","DN_T"
"1891","5q11.1",-0.212672673965653,-1.50238871428438,0.136459086138446,"con","ALL","5","q","5q",-0.195339364358389,1,"LUAD","DN_T"
"1892","5q11.2",-0.259994629894899,-1.81160501099468,0.0733460685412208,"con","ALL","5","q","5q",-0.366282627900635,1,"LUAD","DN_T"
"1893","5q12.1",-0.316170531572156,-2.27312697511403,0.0253718637131073,"con","ALL","5","q","5q",-0.622784725008875,1,"LUAD","DN_T"
"1894","5q12.3",-0.272463861591997,-2.02265468825796,0.0460438843188853,"con","ALL","5","q","5q",-0.527136193679714,1,"LUAD","DN_T"
"1895","5q13.1",-0.259200356554348,-1.97909660557001,0.0508279337553931,"con","ALL","5","q","5q",-0.497826670696472,1,"LUAD","DN_T"
"1896","5q13.2",-0.244641067699704,-2.03269597978881,0.0449973982522779,"con","ALL","5","q","5q",-0.527136193679714,1,"LUAD","DN_T"
"1897","5q13.3",-0.23261506856652,-2.04515614999032,0.0437272242167586,"con","ALL","5","q","5q",-0.532755791775168,-1,"LUAD","DN_T"
"1898","5q14.1",-0.225540433491137,-2.0226512971836,0.0460442412208758,"con","ALL","5","q","5q",-0.527136193679714,-1,"LUAD","DN_T"
"1899","5q14.2",-0.2227210596887,-2.05812306432447,0.042438198631217,"con","ALL","5","q","5q",-0.536208884802729,-1,"LUAD","DN_T"
"1900","5q14.3",-0.229255713747413,-2.13650450003882,0.0353217508921104,"con","ALL","5","q","5q",-0.569241270813366,-1,"LUAD","DN_T"
"1901","5q15",-0.244853625262636,-2.27218732502591,0.0254308620415047,"con","ALL","5","q","5q",-0.622784725008875,-1,"LUAD","DN_T"
"1902","5q21.1",-0.250309420643857,-2.30777902055685,0.0232785924189014,"con","ALL","5","q","5q",-0.623040968227758,-1,"LUAD","DN_T"
"1903","5q21.3",-0.255172239124514,-2.32772820051739,0.0221439242458104,"con","ALL","5","q","5q",-0.623040968227758,-1,"LUAD","DN_T"
"1904","5q22.2",-0.259288764349413,-2.30526094151152,0.0234254025053223,"con","ALL","5","q","5q",-0.623040968227758,-1,"LUAD","DN_T"
"1905","5q22.3",-0.269204642835685,-2.34152472733971,0.0213880793077338,"con","ALL","5","q","5q",-0.623040968227758,-1,"LUAD","DN_T"
"1906","5q23.1",-0.267257558500272,-2.30935105596578,0.0231873511881079,"con","ALL","5","q","5q",-0.623040968227758,-1,"LUAD","DN_T"
"1907","5q23.2",-0.262543319018021,-2.2627431655713,0.0260305709463005,"con","ALL","5","q","5q",-0.622784725008875,-1,"LUAD","DN_T"
"1908","5q31.1",-0.232928290106586,-2.14913187150319,0.0342778685952567,"con","ALL","5","q","5q",-0.569241270813366,1,"LUAD","DN_T"
"1909","5q31.2",-0.208035811799658,-2.09542719716831,0.038910514499081,"con","ALL","5","q","5q",-0.557544707438915,1,"LUAD","DN_T"
"1910","5q31.3",-0.206437895107781,-2.18891765697252,0.0311621732681298,"con","ALL","5","q","5q",-0.577334798298688,1,"LUAD","DN_T"
"1911","5q32",-0.189618080595293,-2.20132978720156,0.0302421004858821,"con","ALL","5","q","5q",-0.583819717048204,1,"LUAD","DN_T"
"1912","5q33.1",-0.190758672236137,-2.25496725652963,0.026533638187116,"con","ALL","5","q","5q",-0.622784725008875,1,"LUAD","DN_T"
"1913","5q33.2",-0.193396642756026,-2.29606525133825,0.0239684951561203,"con","ALL","5","q","5q",-0.623040968227758,1,"LUAD","DN_T"
"1914","5q33.3",-0.187004688072316,-2.26611913736184,0.0258147826067974,"con","ALL","5","q","5q",-0.622784725008875,1,"LUAD","DN_T"
"1915","5q34",-0.178830822248324,-2.20341409451585,0.0300899464412456,"con","ALL","5","q","5q",-0.583819717048204,1,"LUAD","DN_T"
"1916","5q35.1",-0.172102746042346,-2.14906379998608,0.0342834233186925,"con","ALL","5","q","5q",-0.569241270813366,1,"LUAD","DN_T"
"1917","5q35.2",-0.169848050758944,-2.13946691855806,0.0350744079349299,"con","ALL","5","q","5q",-0.569241270813366,1,"LUAD","DN_T"
"1918","5q35.3",-0.104744979414605,-1.40162152609816,0.164429864521723,"con","ALL","5","q","5q",-0.152758675607144,1,"LUAD","DN_T"
"1919","6p25.2",0.0495462248460887,0.277522064813149,0.782008763789523,"con","ALL","6","p","6p",0,1,"LUAD","DN_T"
"1920","6p25.1",0.111246363917254,0.644011326023184,0.521188001382512,"con","ALL","6","p","6p",0,1,"LUAD","DN_T"
"1921","6p24.3",0.137128655693377,0.822272483256121,0.413071201320529,"con","ALL","6","p","6p",0.0207149454175028,1,"LUAD","DN_T"
"1922","6p24.2",0.160364579592631,0.99488118491474,0.322432172068083,"con","ALL","6","p","6p",0.0393433189206664,1,"LUAD","DN_T"
"1923","6p23",0.383299970572899,2.46822428075674,0.0154471470228565,"con","ALL","6","p","6p",0.708413329037102,1,"LUAD","DN_T"
"1924","6p22.3",0.32525204412208,2.38767121091074,0.019023253141602,"con","ALL","6","p","6p",0.646844183897662,1,"LUAD","DN_T"
"1925","6p22.2",0.297848205444152,2.2960559430732,0.023969050474397,"con","ALL","6","p","6p",0.623040968227758,1,"LUAD","DN_T"
"1926","6p22.1",0.27482195904325,2.25076344062813,0.0268091461691931,"con","ALL","6","p","6p",0.622784725008875,1,"LUAD","DN_T"
"1927","6p21.33",0.234656699326124,2.14986139734971,0.0342183874163543,"con","ALL","6","p","6p",0.569241270813366,1,"LUAD","DN_T"
"1928","6p21.32",0.257300376485388,2.47259588125991,0.0152715138570166,"con","ALL","6","p","6p",0.708413329037102,1,"LUAD","DN_T"
"1929","6p21.31",0.2983785523934,2.69708395024642,0.00833500419890492,"con","ALL","6","p","6p",0.892183634724363,1,"LUAD","DN_T"
"1930","6p21.2",0.377526882197571,2.99272854208916,0.00355895137345253,"con","ALL","6","p","6p",1.12536487512418,1,"LUAD","DN_T"
"1931","6p21.1",0.470986666628203,3.09869951809792,0.00258590276947727,"con","ALL","6","p","6p",1.17469822314546,1,"LUAD","DN_T"
"1932","6p12.1",0.00186664817097519,0.0104895618064913,0.991653656330533,"con","ALL","6","p","6p",0,1,"LUAD","DN_T"
"1933","6q12",-0.0460786522088785,-0.275151193777489,0.783823852412088,"con","ALL","6","q","6q",0,1,"LUAD","DN_T"
"1934","6q13",-0.0489548202993821,-0.302336233999195,0.763085710918374,"con","ALL","6","q","6q",0,1,"LUAD","DN_T"
"1935","6q14.1",-0.0450928928861029,-0.30373028133702,0.762026761906784,"con","ALL","6","q","6q",0,1,"LUAD","DN_T"
"1936","6q14.3",-0.0453773787170618,-0.347612144284722,0.728934218571764,"con","ALL","6","q","6q",0,1,"LUAD","DN_T"
"1937","6q15",-0.0695743573930929,-0.569650526871447,0.570318336950482,"con","ALL","6","q","6q",0,1,"LUAD","DN_T"
"1938","6q16.1",-0.0813665224642599,-0.696663994247391,0.487788881523647,"con","ALL","6","q","6q",-0.000700632577598663,1,"LUAD","DN_T"
"1939","6q16.2",-0.0739378401889781,-0.658165574467257,0.512093392440166,"con","ALL","6","q","6q",0,1,"LUAD","DN_T"
"1940","6q21",-0.0704894101171368,-0.660341461091724,0.510702806863382,"con","ALL","6","q","6q",0,-1,"LUAD","DN_T"
"1941","6q22.1",-0.0575621597842133,-0.553137668068618,0.581525521216014,"con","ALL","6","q","6q",0,-1,"LUAD","DN_T"
"1942","6q22.31",-0.0569779534108301,-0.537434385198572,0.592279404551138,"con","ALL","6","q","6q",0,-1,"LUAD","DN_T"
"1943","6q22.33",-0.0584241670316244,-0.539469550255276,0.590880467158605,"con","ALL","6","q","6q",0,-1,"LUAD","DN_T"
"1944","6q23.2",-0.0574708487594765,-0.526871196489335,0.599565052165813,"con","ALL","6","q","6q",0,-1,"LUAD","DN_T"
"1945","6q23.3",-0.051604772379861,-0.46723526801891,0.641448431712559,"con","ALL","6","q","6q",0,-1,"LUAD","DN_T"
"1946","6q24.1",-0.0467921479514356,-0.41953093075586,0.675816924683497,"con","ALL","6","q","6q",0,-1,"LUAD","DN_T"
"1947","6q24.2",0.000657098948050481,0.00589712648528688,0.995307709766026,"con","ALL","6","q","6q",0,-1,"LUAD","DN_T"
"1948","6q25.1",0.0801490788028946,0.737893681898795,0.462477667406821,"con","ALL","6","q","6q",0.0115691794084594,-1,"LUAD","DN_T"
"1949","6q25.3",0.129175975008116,1.25205667044377,0.213757756475206,"con","ALL","6","q","6q",0.102486571821237,1,"LUAD","DN_T"
"1950","6q27",0.141370232399551,1.40642243600943,0.163004486032456,"con","ALL","6","q","6q",0.153262108061226,1,"LUAD","DN_T"
"1951","7p22.3",-0.0590367572785635,-0.982391876675834,0.328511519916757,"con","ALL","7","p","7p",-0.0381341987516736,1,"LUAD","DN_T"
"1952","7p22.1",-0.0555242031829826,-0.944064146301586,0.347636680869074,"con","ALL","7","p","7p",-0.0342498402301964,1,"LUAD","DN_T"
"1953","7p21.3",-0.0547611214197725,-0.939295819417837,0.350065423970525,"con","ALL","7","p","7p",-0.0342498402301964,1,"LUAD","DN_T"
"1954","7p21.1",-0.0535143364321305,-0.914746061987719,0.362742470912561,"con","ALL","7","p","7p",-0.0342498402301964,1,"LUAD","DN_T"
"1955","7p15.3",-0.0523122535026224,-0.884374736721366,0.378824639437093,"con","ALL","7","p","7p",-0.0224753722525592,1,"LUAD","DN_T"
"1956","7p15.2",-0.0517651224750839,-0.869987068945813,0.386596544570572,"con","ALL","7","p","7p",-0.0210554984696642,1,"LUAD","DN_T"
"1957","7p14.3",-0.0503596889677032,-0.826812557517137,0.410506065923933,"con","ALL","7","p","7p",-0.0207149454175028,1,"LUAD","DN_T"
"1958","7p14.2",-0.0507105652820196,-0.821437298688739,0.413544128356163,"con","ALL","7","p","7p",-0.0207149454175028,1,"LUAD","DN_T"
"1959","7p14.1",-0.0344650397555258,-0.548302780163,0.584826637945673,"con","ALL","7","p","7p",0,1,"LUAD","DN_T"
"1960","7p13",-0.00958372721593664,-0.148105096278323,0.882587511112096,"con","ALL","7","p","7p",0,1,"LUAD","DN_T"
"1961","7p12.3",-0.00223608929448764,-0.0331672204063223,0.973613878887574,"con","ALL","7","p","7p",0,1,"LUAD","DN_T"
"1962","7p11.2",-0.00201566795786584,-0.0287915260533452,0.977093908242948,"con","ALL","7","p","7p",0,1,"LUAD","DN_T"
"1963","7q11.21",-0.00177684303127546,-0.023915749994489,0.980972176237181,"con","ALL","7","q","7q",0,1,"LUAD","DN_T"
"1964","7q11.23",-0.0337238749400381,-0.376652318889299,0.707308824571345,"con","ALL","7","q","7q",0,1,"LUAD","DN_T"
"1965","7q21.12",-0.108483230062678,-1.11284665900441,0.268705377926101,"con","ALL","7","q","7q",-0.0738778968307864,1,"LUAD","DN_T"
"1966","7q21.2",-0.115984741226154,-1.11193397772997,0.269095538244892,"con","ALL","7","q","7q",-0.0738778968307864,1,"LUAD","DN_T"
"1967","7q21.3",-0.124576419747392,-1.14177256616421,0.25654409320038,"con","ALL","7","q","7q",-0.0802035300340024,1,"LUAD","DN_T"
"1968","7q22.1",-0.101575559087309,-0.860859405971164,0.391578019232073,"con","ALL","7","q","7q",-0.0210554984696642,1,"LUAD","DN_T"
"1969","7q22.3",-0.0481287399938508,-0.370705654937707,0.711718316329124,"con","ALL","7","q","7q",0,1,"LUAD","DN_T"
"1970","7q31.1",-0.0327250470632916,-0.242177170391286,0.809187834789934,"con","ALL","7","q","7q",0,1,"LUAD","DN_T"
"1971","7q31.2",-0.0273141000894562,-0.199087312320934,0.84263860084202,"con","ALL","7","q","7q",0,1,"LUAD","DN_T"
"1972","7q31.31",-0.0245544499631078,-0.178291070777706,0.858890703160944,"con","ALL","7","q","7q",0,1,"LUAD","DN_T"
"1973","7q31.32",-0.0255844725491512,-0.184144718850695,0.854309655504882,"con","ALL","7","q","7q",0,1,"LUAD","DN_T"
"1974","7q32.1",-0.0328811618172961,-0.231327625915476,0.817579632566265,"con","ALL","7","q","7q",0,-1,"LUAD","DN_T"
"1975","7q32.2",-0.0356016817812918,-0.247811339271311,0.804838691166026,"con","ALL","7","q","7q",0,-1,"LUAD","DN_T"
"1976","7q33",-0.0381694444134946,-0.264088840481437,0.792308617429731,"con","ALL","7","q","7q",0,-1,"LUAD","DN_T"
"1977","7q34",-0.0417001219240367,-0.291430694863255,0.771385209661142,"con","ALL","7","q","7q",0,1,"LUAD","DN_T"
"1978","7q36.1",-0.0477034177142454,-0.348457783278995,0.728301285314525,"con","ALL","7","q","7q",0,1,"LUAD","DN_T"
"1979","7q36.3",-0.0564495717891742,-0.427770238781655,0.669829036593461,"con","ALL","7","q","7q",0,1,"LUAD","DN_T"
"1980","8p23.3",0.198645130571889,1.61127550602267,0.110582953058921,"con","ALL","8","p","8p",0.238626048184925,1,"LUAD","DN_T"
"1981","8p22",0.250138239422059,1.98160234349692,0.0505416768698211,"con","ALL","8","p","8p",0.497826670696472,1,"LUAD","DN_T"
"1982","8p21.3",0.275417796559203,2.08975396678291,0.0394301151204746,"con","ALL","8","p","8p",0.557544707438915,1,"LUAD","DN_T"
"1983","8p21.2",0.376718109873958,2.80135216646721,0.00621627781991715,"con","ALL","8","p","8p",0.982836234789856,1,"LUAD","DN_T"
"1984","8p21.1",0.397958391040093,2.91166072219732,0.00452104481045358,"con","ALL","8","p","8p",1.06677017674788,1,"LUAD","DN_T"
"1985","8p12",0.428138238390418,3.07171066859759,0.00280701696851911,"con","ALL","8","p","8p",1.17222276906823,1,"LUAD","DN_T"
"1986","8p11.23",0.452150514429935,3.12927024255463,0.00235504731267448,"con","ALL","8","p","8p",1.17469822314546,1,"LUAD","DN_T"
"1987","8p11.22",0.440484032777714,3.0546937854978,0.00295532313255852,"con","ALL","8","p","8p",1.17222276906823,1,"LUAD","DN_T"
"1988","8p11.21",0.36661428105781,2.57675705367461,0.0115822888985113,"con","ALL","8","p","8p",0.783153331537702,1,"LUAD","DN_T"
"1989","8q11.21",0.286658389777813,2.12278674340687,0.036486918614172,"con","ALL","8","q","8q",0.569241270813366,1,"LUAD","DN_T"
"1990","8q11.23",0.223141687905978,1.69873625892115,0.092785520599805,"con","ALL","8","q","8q",0.298596823850771,1,"LUAD","DN_T"
"1991","8q12.1",0.106626186855407,0.861275552037305,0.391350046977136,"con","ALL","8","q","8q",0.0210554984696642,1,"LUAD","DN_T"
"1992","8q12.3",0.0471916830738458,0.401207107445847,0.689208205784657,"con","ALL","8","q","8q",0,1,"LUAD","DN_T"
"1993","8q13.1",-0.0181821653971902,-0.160464008083809,0.872871243984973,"con","ALL","8","q","8q",0,1,"LUAD","DN_T"
"1994","8q13.3",-0.0360347434459537,-0.328062592148893,0.743617971475765,"con","ALL","8","q","8q",0,1,"LUAD","DN_T"
"1995","8q21.11",-0.110605698739124,-1.06491864177986,0.289730231448997,"con","ALL","8","q","8q",-0.0570517695203012,1,"LUAD","DN_T"
"1996","8q21.13",-0.112598892018738,-1.20063222575697,0.233009909427998,"con","ALL","8","q","8q",-0.102269166028647,1,"LUAD","DN_T"
"1997","8q21.3",-0.0932895017341016,-1.10081220222312,0.273881734127578,"con","ALL","8","q","8q",-0.0738778968307864,1,"LUAD","DN_T"
"1998","8q22.1",-0.0804642137119164,-1.06596646500293,0.289258853569246,"con","ALL","8","q","8q",-0.0570517695203012,1,"LUAD","DN_T"
"1999","8q22.2",-0.0704432102637246,-0.991741789627143,0.323953252715199,"con","ALL","8","q","8q",-0.0393433189206664,1,"LUAD","DN_T"
"2000","8q22.3",-0.0625533209613926,-0.914184332348838,0.363035917173016,"con","ALL","8","q","8q",-0.0342498402301964,1,"LUAD","DN_T"
"2001","8q23.1",-0.0489503250625301,-0.736950025258134,0.463048535689069,"con","ALL","8","q","8q",-0.0115691794084594,1,"LUAD","DN_T"
"2002","8q23.2",-0.0485452336649736,-0.735784477753095,0.463754188502145,"con","ALL","8","q","8q",-0.0115691794084594,1,"LUAD","DN_T"
"2003","8q24.11",-0.044920546095669,-0.686250915138751,0.494299736273972,"con","ALL","8","q","8q",-0.000178522557929645,1,"LUAD","DN_T"
"2004","8q24.12",-0.0394993441459457,-0.613986342466835,0.540756258794412,"con","ALL","8","q","8q",0,1,"LUAD","DN_T"
"2005","8q24.13",-0.0513434302327783,-0.81554906760336,0.416887603041344,"con","ALL","8","q","8q",-0.0207149454175028,1,"LUAD","DN_T"
"2006","8q24.22",-0.0610289711849538,-1.00335051612075,0.318352324702301,"con","ALL","8","q","8q",-0.0393433189206664,1,"LUAD","DN_T"
"2007","8q24.3",-0.0549804835930429,-0.94015786479933,0.349625533386019,"con","ALL","8","q","8q",-0.0342498402301964,1,"LUAD","DN_T"
"2008","9p24.1",0.0745867868680214,0.952774185697586,0.343228428705642,"con","ALL","9","p","9p",0.0342498402301964,-1,"LUAD","DN_T"
"2009","9p22.3",0.0733345237153233,0.926998549390223,0.356379392467061,"con","ALL","9","p","9p",0.0342498402301964,-1,"LUAD","DN_T"
"2010","9p22.1",0.119034375321234,1.53111677452539,0.129209625043521,"con","ALL","9","p","9p",0.21277411345793,-1,"LUAD","DN_T"
"2011","9p21.1",0.162783224215265,1.91321908210056,0.0588639852701617,"con","ALL","9","p","9p",0.452761677082457,-1,"LUAD","DN_T"
"2012","9p13.3",0.212858720621075,2.12879948717694,0.0359721674278632,"con","ALL","9","p","9p",0.569241270813366,-1,"LUAD","DN_T"
"2013","9p13.2",0.268010324789267,2.29084924705239,0.0242814578986156,"con","ALL","9","p","9p",0.623040968227758,-1,"LUAD","DN_T"
"2014","9q21.12",0.322829539931108,2.46748553099955,0.0154770048377455,"con","ALL","9","q","9q",0.708413329037102,-1,"LUAD","DN_T"
"2015","9q21.13",0.35676294490501,2.47905065583835,0.0150154541388694,"con","ALL","9","q","9q",0.708413329037102,-1,"LUAD","DN_T"
"2016","9q21.2",0.196063172143643,1.15355260404366,1,"con","ALL","9","q","9q",0,-1,"LUAD","DN_T"
"2017","9q21.31",0.197200424926255,1.14697570319485,1,"con","ALL","9","q","9q",0,-1,"LUAD","DN_T"
"2018","9q21.32",0.201702068862424,1.15479939136818,1,"con","ALL","9","q","9q",0,-1,"LUAD","DN_T"
"2019","9q21.33",0.200168215751715,1.13531908871236,1,"con","ALL","9","q","9q",0,-1,"LUAD","DN_T"
"2020","9q22.2",0.19284985784166,1.09581223140588,1,"con","ALL","9","q","9q",0,-1,"LUAD","DN_T"
"2021","9q22.31",0.183518666944001,1.06993471036055,1,"con","ALL","9","q","9q",0,-1,"LUAD","DN_T"
"2022","9q22.32",0.177690759559127,1.04697881611233,1,"con","ALL","9","q","9q",0,-1,"LUAD","DN_T"
"2023","9q22.33",0.159591976279569,0.98707258318238,1,"con","ALL","9","q","9q",0,-1,"LUAD","DN_T"
"2024","9q31.1",0.142617762059563,0.95660796724479,0.341299664226799,"con","ALL","9","q","9q",0.0342498402301964,-1,"LUAD","DN_T"
"2025","9q31.2",0.127246685386202,0.915240799429763,0.362484146292468,"con","ALL","9","q","9q",0.0342498402301964,-1,"LUAD","DN_T"
"2026","9q31.3",0.120892574474054,0.904191346830593,0.368281453470667,"con","ALL","9","q","9q",0.032816324269829,-1,"LUAD","DN_T"
"2027","9q32",0.115685240199099,0.84554424362983,0.400024837961371,"con","ALL","9","q","9q",0.0207149454175028,-1,"LUAD","DN_T"
"2028","9q33.2",0.111724356025535,0.75125026028469,0.454440492460326,"con","ALL","9","q","9q",0.0129188357062705,-1,"LUAD","DN_T"
"2029","9q33.3",0.0893795163713659,0.575194883655081,0.566579014433264,"con","ALL","9","q","9q",0,-1,"LUAD","DN_T"
"2030","9q34.11",0.0618237578546507,0.372711919156707,0.710229552999046,"con","ALL","9","q","9q",0,-1,"LUAD","DN_T"
"2031","9q34.13",0.0368003620512371,0.219949362473382,0.826403252392232,"con","ALL","9","q","9q",0,-1,"LUAD","DN_T"
"2032","9q34.3",-0.0221007301256407,-0.152020940733629,0.879506955279299,"con","ALL","9","q","9q",0,1,"LUAD","DN_T"
"2033","10p15.3",0.0709641853277326,0.777239558715964,0.439033304991079,"con","ALL","10","p","10p",0.0185126989184776,-1,"LUAD","DN_T"
"2034","10p14",0.075279531262351,0.690464210028257,0.491659664989114,"con","ALL","10","p","10p",0.000178522557929645,-1,"LUAD","DN_T"
"2035","10p13",0.0812588796634375,0.666849935762807,0.506555317081455,"con","ALL","10","p","10p",0,-1,"LUAD","DN_T"
"2036","10p12.2",0.0888972578643851,0.634457945353983,0.527373830554756,"con","ALL","10","p","10p",0,-1,"LUAD","DN_T"
"2037","10p12.1",0.0892490008155091,0.580565714125921,0.562968159746404,"con","ALL","10","p","10p",0,-1,"LUAD","DN_T"
"2038","10p11.22",0.10046515227623,0.603311571002869,0.547802254986827,"con","ALL","10","p","10p",0,-1,"LUAD","DN_T"
"2039","10q11.21",0.0910738602220783,0.492794735224214,0.623344623845358,"con","ALL","10","q","10q",0,-1,"LUAD","DN_T"
"2040","10q11.22",0.0876608774591087,0.459470307307276,0.646992237036558,"con","ALL","10","q","10q",0,-1,"LUAD","DN_T"
"2041","10q21.1",0.0865156001503062,0.445513874602144,0.657006518690372,"con","ALL","10","q","10q",0,-1,"LUAD","DN_T"
"2042","10q21.3",0.0709990681099887,0.345602963330803,1,"con","ALL","10","q","10q",0,-1,"LUAD","DN_T"
"2043","10q22.1",0.0743861319253482,0.321245600015944,1,"con","ALL","10","q","10q",0,1,"LUAD","DN_T"
"2044","10q22.2",0.0787710269641329,0.309914298029177,1,"con","ALL","10","q","10q",0,1,"LUAD","DN_T"
"2045","10q22.3",0.0905329747049024,0.354768112649675,1,"con","ALL","10","q","10q",0,1,"LUAD","DN_T"
"2046","10q23.1",0.116461854370192,0.45457587844285,1,"con","ALL","10","q","10q",0,1,"LUAD","DN_T"
"2047","10q23.2",0.137647237660926,0.536867425627713,1,"con","ALL","10","q","10q",0,1,"LUAD","DN_T"
"2048","10q23.31",0.141869283562863,0.548676273697843,1,"con","ALL","10","q","10q",0,-1,"LUAD","DN_T"
"2049","10q23.32",0.154774823915124,0.597367092164821,1,"con","ALL","10","q","10q",0,-1,"LUAD","DN_T"
"2050","10q24.1",0.184899001456412,0.739438183353895,1,"con","ALL","10","q","10q",0,-1,"LUAD","DN_T"
"2051","10q24.2",0.196802172097121,0.79479584322195,1,"con","ALL","10","q","10q",0,-1,"LUAD","DN_T"
"2052","10q24.31",0.203175324110034,0.860019086499566,1,"con","ALL","10","q","10q",0,-1,"LUAD","DN_T"
"2053","10q24.32",0.210592009543099,0.915841839922202,0.362170473692912,"con","ALL","10","q","10q",0.0342498402301964,-1,"LUAD","DN_T"
"2054","10q25.1",0.220790939898406,0.95985540000394,0.339671418567252,"con","ALL","10","q","10q",0.0342498402301964,-1,"LUAD","DN_T"
"2055","10q25.2",0.211300283686044,0.910058134468453,0.365196060817674,"con","ALL","10","q","10q",0.0342498402301964,-1,"LUAD","DN_T"
"2056","10q25.3",0.208209797702947,0.895413433396047,1,"con","ALL","10","q","10q",0,-1,"LUAD","DN_T"
"2057","10q26.11",0.170558746628757,0.724978161804771,1,"con","ALL","10","q","10q",0,-1,"LUAD","DN_T"
"2058","10q26.13",0.539828962141858,2.7103008282705,1,"con","ALL","10","q","10q",0,-1,"LUAD","DN_T"
"2059","10q26.3",0.557124435837578,3.14648683559059,0.00223362924984821,"con","ALL","10","q","10q",1.17469822314546,-1,"LUAD","DN_T"
"2060","11p15.5",-0.29870875015374,-3.58974789444877,0.000535873172642739,"con","ALL","11","p","11p",-1.50766334341593,-1,"LUAD","DN_T"
"2061","11p15.4",-0.400515367183099,-3.10888633690346,0.00250673677030734,"con","ALL","11","p","11p",-1.17469822314546,-1,"LUAD","DN_T"
"2062","11p15.3",-0.460972757549934,-3.06412177500361,0.00287228141549468,"con","ALL","11","p","11p",-1.17222276906823,-1,"LUAD","DN_T"
"2063","11p15.2",-0.472017712551121,-2.88433721093068,0.00489586468891408,"con","ALL","11","p","11p",-1.05350544080609,-1,"LUAD","DN_T"
"2064","11p15.1",-0.505163403454491,-2.772927791065,0.00673873520213386,"con","ALL","11","p","11p",-0.972611843219614,-1,"LUAD","DN_T"
"2065","11p14.3",-0.516018603989945,-2.45556817110017,0.0159658507652797,"con","ALL","11","p","11p",-0.70695474133636,-1,"LUAD","DN_T"
"2066","11p13",-0.0818143890608799,-0.295142664961271,1,"con","ALL","11","p","11p",0,-1,"LUAD","DN_T"
"2067","11p12",-0.065196993562472,-0.204418723212197,1,"con","ALL","11","p","11p",0,-1,"LUAD","DN_T"
"2068","11p11.2",-0.150000174763871,-0.401052431507256,1,"con","ALL","11","p","11p",0,1,"LUAD","DN_T"
"2069","11q12.1",-0.152372749304948,-0.358024294505709,1,"con","ALL","11","q","11q",0,1,"LUAD","DN_T"
"2070","11q12.2",-0.0344157207257161,-0.0936680602173502,1,"con","ALL","11","q","11q",0,1,"LUAD","DN_T"
"2071","11q12.3",-0.00901247055736276,-0.0282920586507899,1,"con","ALL","11","q","11q",0,1,"LUAD","DN_T"
"2072","11q13.1",-0.0169657078121476,-0.0661105989288233,1,"con","ALL","11","q","11q",0,1,"LUAD","DN_T"
"2073","11q13.2",-0.177136910216308,-1.04542168686967,0.298597151666388,"con","ALL","11","q","11q",-0.0531033016571481,1,"LUAD","DN_T"
"2074","11q13.3",-0.194934749758509,-1.41076172247136,0.161724329574303,"con","ALL","11","q","11q",-0.153383669805465,1,"LUAD","DN_T"
"2075","11q13.4",-0.19644592748919,-1.34262778312046,0.182732160573631,"con","ALL","11","q","11q",-0.129200780056017,1,"LUAD","DN_T"
"2076","11q13.5",-0.181648202956536,-1.19120315986736,0.236671562656063,"con","ALL","11","q","11q",-0.102269166028647,1,"LUAD","DN_T"
"2077","11q14.1",-0.159258570280711,-0.853261939315049,0.395754436682802,"con","ALL","11","q","11q",-0.0210554984696642,-1,"LUAD","DN_T"
"2078","11q14.2",-0.110290839204534,-0.519335445974722,1,"con","ALL","11","q","11q",0,-1,"LUAD","DN_T"
"2079","11q14.3",-0.0716385385032189,-0.320933856489484,1,"con","ALL","11","q","11q",0,-1,"LUAD","DN_T"
"2080","11q21",-0.00557692647657219,-0.0235447794949441,1,"con","ALL","11","q","11q",0,-1,"LUAD","DN_T"
"2081","11q22.2",0.1009004478327,0.423944433435397,1,"con","ALL","11","q","11q",0,-1,"LUAD","DN_T"
"2082","11q22.3",0.174842830986472,0.770234161785764,1,"con","ALL","11","q","11q",0,-1,"LUAD","DN_T"
"2083","11q23.1",0.201577435613781,0.991106171048842,0.324261796236582,"con","ALL","11","q","11q",0.0393433189206664,-1,"LUAD","DN_T"
"2084","11q23.2",0.199954746695375,1.0493972188338,0.296774349161026,"con","ALL","11","q","11q",0.0531033016571481,-1,"LUAD","DN_T"
"2085","11q23.3",0.165490481339759,0.961738071632956,0.3387297793492,"con","ALL","11","q","11q",0.0342498402301964,-1,"LUAD","DN_T"
"2086","11q24.1",0.12925770759077,0.911272284580612,0.364559584304431,"con","ALL","11","q","11q",0.0342498402301964,-1,"LUAD","DN_T"
"2087","11q24.2",0.114891014720025,0.838538334008238,0.403925676141072,"con","ALL","11","q","11q",0.0207149454175028,1,"LUAD","DN_T"
"2088","11q24.3",0.101214451566272,0.781256394851637,0.436679518703284,"con","ALL","11","q","11q",0.0185126989184776,1,"LUAD","DN_T"
"2089","11q25",0.0983914006440353,0.786759640580642,0.433466753143052,"con","ALL","11","q","11q",0.0185126989184776,1,"LUAD","DN_T"
"2090","12p13.33",0.0619083650747883,0.774702532782652,0.440523761536899,"con","ALL","12","p","12p",0.0185126989184776,1,"LUAD","DN_T"
"2091","12p13.32",0.0666493801657165,0.814953393969747,0.417226740737476,"con","ALL","12","p","12p",0.0207149454175028,1,"LUAD","DN_T"
"2092","12p13.31",0.0781774025153415,0.862214115734407,0.390836185765386,"con","ALL","12","p","12p",0.0210554984696642,-1,"LUAD","DN_T"
"2093","12p13.2",0.109831854368208,0.977048248794699,0.331135540366922,"con","ALL","12","p","12p",0.0381341987516736,-1,"LUAD","DN_T"
"2094","12p13.1",0.120604430774774,0.987426227030879,0.326051945811716,"con","ALL","12","p","12p",0.0390969751857671,-1,"LUAD","DN_T"
"2095","12p12.3",0.125925624529215,0.976095657367225,0.331604759424417,"con","ALL","12","p","12p",0.0381341987516736,-1,"LUAD","DN_T"
"2096","12p12.1",0.143250557165242,0.934532846519935,0.352502338045908,"con","ALL","12","p","12p",0.0342498402301964,1,"LUAD","DN_T"
"2097","12p11.23",0.142589119834978,0.818269397362788,1,"con","ALL","12","p","12p",0,1,"LUAD","DN_T"
"2098","12p11.22",0.132905672404716,0.691577024103263,1,"con","ALL","12","p","12p",0,1,"LUAD","DN_T"
"2099","12q12",0.0982268837504807,0.445550352510262,1,"con","ALL","12","q","12q",0,1,"LUAD","DN_T"
"2100","12q13.11",0.0365247722096576,0.157073866845724,1,"con","ALL","12","q","12q",0,1,"LUAD","DN_T"
"2101","12q13.12",-0.1058406315101,-0.439626725693398,0.661249762720504,"con","ALL","12","q","12q",0,1,"LUAD","DN_T"
"2102","12q13.13",-0.250085582770402,-1.26999605752993,0.207323863246068,"con","ALL","12","q","12q",-0.112113942451619,1,"LUAD","DN_T"
"2103","12q13.2",-0.157884225217185,-1.10050882844464,0.2740131128778,"con","ALL","12","q","12q",-0.0738778968307864,1,"LUAD","DN_T"
"2104","12q13.3",-0.0947836783962794,-0.85525576372688,0.394655768698673,"con","ALL","12","q","12q",-0.0210554984696642,1,"LUAD","DN_T"
"2105","12q14.1",-0.0699807236823858,-0.698428108985153,0.486690533888976,"con","ALL","12","q","12q",-0.000700632577598663,1,"LUAD","DN_T"
"2106","12q14.3",-0.0595294269153632,-0.597484567066292,0.551667804743441,"con","ALL","12","q","12q",0,1,"LUAD","DN_T"
"2107","12q15",-0.0530596575926313,-0.522937283611535,0.602288857379398,"con","ALL","12","q","12q",0,1,"LUAD","DN_T"
"2108","12q21.1",-0.0393765814000294,-0.345142608199103,0.730783659928531,"con","ALL","12","q","12q",0,-1,"LUAD","DN_T"
"2109","12q21.2",-0.0225955480913732,-0.179085066462271,0.858269037682559,"con","ALL","12","q","12q",0,-1,"LUAD","DN_T"
"2110","12q21.31",-2.15903376012558e-05,-0.000156283966478038,0.999875645532524,"con","ALL","12","q","12q",0,-1,"LUAD","DN_T"
"2111","12q21.33",0.0235605569108472,0.159468623662984,0.873653089391801,"con","ALL","12","q","12q",0,-1,"LUAD","DN_T"
"2112","12q22",0.0425808302738959,0.276788355272684,0.782570347850791,"con","ALL","12","q","12q",0,-1,"LUAD","DN_T"
"2113","12q23.1",0.0463223545341234,0.299651380031087,0.765126453744352,"con","ALL","12","q","12q",0,-1,"LUAD","DN_T"
"2114","12q23.2",0.043400020348707,0.283185187177929,0.777678095728642,"con","ALL","12","q","12q",0,-1,"LUAD","DN_T"
"2115","12q23.3",0.0386520463463525,0.260069067677532,0.795398024598608,"con","ALL","12","q","12q",0,-1,"LUAD","DN_T"
"2116","12q24.11",0.0411577345342781,0.299666043110928,0.76511530390002,"con","ALL","12","q","12q",0,-1,"LUAD","DN_T"
"2117","12q24.13",0.10946060769301,0.81736444152484,0.415855067372321,"con","ALL","12","q","12q",0.0207149454175028,-1,"LUAD","DN_T"
"2118","12q24.23",0.199253880572231,1.49332512682779,0.138811332331175,"con","ALL","12","q","12q",0.192367922383729,-1,"LUAD","DN_T"
"2119","12q24.31",0.240887428477498,1.74803891306986,0.0838300590623929,"con","ALL","12","q","12q",0.316673200822056,-1,"LUAD","DN_T"
"2120","12q24.33",0.254258970859543,1.74754017058301,0.0839169570604801,"con","ALL","12","q","12q",0.316673200822056,-1,"LUAD","DN_T"
"2121","13q12.11",0.115594298004473,1.31483032133479,0.191870853199823,"con","ALL","13","q","13q",0.125628875737532,-1,"LUAD","DN_T"
"2122","13q12.2",0.113405171957641,1.30386696308019,0.195567659523567,"con","ALL","13","q","13q",0.125628875737532,-1,"LUAD","DN_T"
"2123","13q12.3",0.115586651910466,1.30743454376987,0.194358901950138,"con","ALL","13","q","13q",0.125628875737532,-1,"LUAD","DN_T"
"2124","13q13.1",0.120067233905016,1.32587127063552,0.188200934922751,"con","ALL","13","q","13q",0.125628875737532,-1,"LUAD","DN_T"
"2125","13q13.3",0.121710948658552,1.30741412508575,0.194365804257488,"con","ALL","13","q","13q",0.125628875737532,-1,"LUAD","DN_T"
"2126","13q14.11",0.123906226851385,1.30234408243683,0.196085340323005,"con","ALL","13","q","13q",0.125628875737532,-1,"LUAD","DN_T"
"2127","13q14.12",0.120516503434737,1.24353141050063,0.216866144078534,"con","ALL","13","q","13q",0.102269166028647,-1,"LUAD","DN_T"
"2128","13q14.13",0.119955559091157,1.22903754129873,0.222226395752412,"con","ALL","13","q","13q",0.102269166028647,-1,"LUAD","DN_T"
"2129","13q14.2",0.123502255411355,1.22384229695658,0.224171040261399,"con","ALL","13","q","13q",0.102269166028647,-1,"LUAD","DN_T"
"2130","13q14.3",0.115842853908887,1.04714214399214,0.297807382304329,"con","ALL","13","q","13q",0.0531033016571481,-1,"LUAD","DN_T"
"2131","13q21.33",0.109974592936257,0.970372975613313,0.334432779257841,"con","ALL","13","q","13q",0.0365492410570729,-1,"LUAD","DN_T"
"2132","13q22.2",0.0983916134929901,0.851352891873998,0.396808147847246,"con","ALL","13","q","13q",0.0210554984696642,-1,"LUAD","DN_T"
"2133","13q22.3",0.0904910847031424,0.769373258796829,0.443664199391719,"con","ALL","13","q","13q",0.0185126989184776,-1,"LUAD","DN_T"
"2134","13q31.1",0.0880210073284157,0.741835926208508,0.460097114866429,"con","ALL","13","q","13q",0.0115691794084594,-1,"LUAD","DN_T"
"2135","13q32.1",0.0841581566917137,0.7081594204959,0.480656254366578,"con","ALL","13","q","13q",0.00254743032661691,-1,"LUAD","DN_T"
"2136","13q32.2",0.0791270626694491,0.657187161549145,0.512719339324459,"con","ALL","13","q","13q",0,-1,"LUAD","DN_T"
"2137","13q32.3",0.0817970138299698,0.681655801237258,0.497187821874495,"con","ALL","13","q","13q",0.000178522557929645,-1,"LUAD","DN_T"
"2138","13q33.3",0.0858724833602863,0.710619565456187,0.479137332712199,"con","ALL","13","q","13q",0.00254743032661691,-1,"LUAD","DN_T"
"2139","13q34",0.0792988059305261,0.660995405249723,0.510285270674383,"con","ALL","13","q","13q",0,-1,"LUAD","DN_T"
"2140","14q11.2",-0.0271615128680343,-0.192356069872632,0.847891916672495,"con","ALL","14","q","14q",0,1,"LUAD","DN_T"
"2141","14q12",-0.0827284904689657,-0.611789343323089,0.542202640243856,"con","ALL","14","q","14q",0,1,"LUAD","DN_T"
"2142","14q13.1",-0.085479900039297,-0.651667412013594,0.516258219590404,"con","ALL","14","q","14q",0,1,"LUAD","DN_T"
"2143","14q13.2",-0.0865396518445841,-0.68190753669261,0.497029366792336,"con","ALL","14","q","14q",-0.000178522557929645,1,"LUAD","DN_T"
"2144","14q13.3",-0.0839808280913442,-0.678912864624219,0.498916137066411,"con","ALL","14","q","14q",-0.000178522557929645,1,"LUAD","DN_T"
"2145","14q21.1",-0.0838427260277775,-0.679715547706468,0.498410033440178,"con","ALL","14","q","14q",-0.000178522557929645,1,"LUAD","DN_T"
"2146","14q21.2",-0.0851790639256616,-0.705623696221793,0.482224626452815,"con","ALL","14","q","14q",-0.00254743032661691,1,"LUAD","DN_T"
"2147","14q21.3",-0.0902759579279996,-0.770229106018488,0.443158990741866,"con","ALL","14","q","14q",-0.0185126989184776,1,"LUAD","DN_T"
"2148","14q22.1",-0.0873944692606699,-0.765697017209661,0.445838093238846,"con","ALL","14","q","14q",-0.0185126989184776,1,"LUAD","DN_T"
"2149","14q22.3",-0.0804249688782794,-0.724054665357681,0.470889523317386,"con","ALL","14","q","14q",-0.00653760957920988,1,"LUAD","DN_T"
"2150","14q23.1",-0.0813077945252673,-0.766056306649301,0.445625360879647,"con","ALL","14","q","14q",-0.0185126989184776,1,"LUAD","DN_T"
"2151","14q23.2",-0.0839291096908064,-0.805453898381941,0.422657441947257,"con","ALL","14","q","14q",-0.0185126989184776,1,"LUAD","DN_T"
"2152","14q23.3",-0.0855844977454775,-0.821583762446093,0.413461169037359,"con","ALL","14","q","14q",-0.0207149454175028,1,"LUAD","DN_T"
"2153","14q24.1",-0.086949024581594,-0.837502104848555,0.404504599574787,"con","ALL","14","q","14q",-0.0207149454175028,1,"LUAD","DN_T"
"2154","14q24.2",-0.0814543049032246,-0.778171974079027,0.43848626876934,"con","ALL","14","q","14q",-0.0185126989184776,1,"LUAD","DN_T"
"2155","14q24.3",-0.0761085794786652,-0.668659405184875,0.50540544887265,"con","ALL","14","q","14q",0,1,"LUAD","DN_T"
"2156","14q32.11",-0.0795326169122767,-0.638277592113493,0.524896042777578,"con","ALL","14","q","14q",0,1,"LUAD","DN_T"
"2157","14q32.12",-0.0483981601977292,-0.37683120948003,0.707176329599063,"con","ALL","14","q","14q",0,1,"LUAD","DN_T"
"2158","14q32.2",0.0543179042230717,0.409083675314641,0.683439469701124,"con","ALL","14","q","14q",0,1,"LUAD","DN_T"
"2159","14q32.31",0.0633905319304324,0.473906466440626,0.636701680940083,"con","ALL","14","q","14q",0,1,"LUAD","DN_T"
"2160","14q32.32",-0.0356090160666821,-0.263266318984016,0.79294050059884,"con","ALL","14","q","14q",0,1,"LUAD","DN_T"
"2161","14q32.33",-0.11614130121546,-0.909586206927733,0.365443642899911,"con","ALL","14","q","14q",-0.0342498402301964,1,"LUAD","DN_T"
"2162","15q14",0.139073978767524,1.47697458785246,0.143134893532686,"con","ALL","15","q","15q",0.186052227308735,-1,"LUAD","DN_T"
"2163","15q15.1",0.136623487238036,1.50128450336278,0.136743974905911,"con","ALL","15","q","15q",0.195339364358389,-1,"LUAD","DN_T"
"2164","15q15.2",0.136574950580322,1.5473103338115,0.12525926116787,"con","ALL","15","q","15q",0.21277411345793,-1,"LUAD","DN_T"
"2165","15q15.3",0.137078301925796,1.5615219708695,0.121871777849696,"con","ALL","15","q","15q",0.21277411345793,-1,"LUAD","DN_T"
"2166","15q21.1",0.141209210626883,1.59393225644705,0.114418785078307,"con","ALL","15","q","15q",0.227783086735257,-1,"LUAD","DN_T"
"2167","15q21.2",0.140855826718219,1.54361231439061,0.126152843755893,"con","ALL","15","q","15q",0.21277411345793,-1,"LUAD","DN_T"
"2168","15q21.3",0.141161165803684,1.53429479763066,0.128426694079179,"con","ALL","15","q","15q",0.21277411345793,-1,"LUAD","DN_T"
"2169","15q22.1",0.142893850801416,1.53636259532901,0.127919292011653,"con","ALL","15","q","15q",0.21277411345793,-1,"LUAD","DN_T"
"2170","15q22.2",0.143138893675695,1.48060873023057,0.142164951907158,"con","ALL","15","q","15q",0.186052227308735,-1,"LUAD","DN_T"
"2171","15q22.31",0.149754641983669,1.43043329109503,0.1560175061789,"con","ALL","15","q","15q",0.162304112150128,-1,"LUAD","DN_T"
"2172","15q23",0.159287278814164,1.38766873737004,0.168626588566878,"con","ALL","15","q","15q",0.146329863726591,-1,"LUAD","DN_T"
"2173","15q24.1",0.16103617842411,1.32476064230463,0.188567699721284,"con","ALL","15","q","15q",0.125628875737532,-1,"LUAD","DN_T"
"2174","15q24.2",0.161304962077999,1.28431855949094,0.202290573882857,"con","ALL","15","q","15q",0.115003346202393,-1,"LUAD","DN_T"
"2175","15q24.3",0.156916533605815,1.2164690342416,0.226952129484745,"con","ALL","15","q","15q",0.102269166028647,-1,"LUAD","DN_T"
"2176","15q25.1",0.219524105386712,1.68554271104158,0.0953101814251712,"con","ALL","15","q","15q",0.291054302632345,-1,"LUAD","DN_T"
"2177","15q25.3",0.313847963907535,2.50075291474926,0.0141824866749604,"con","ALL","15","q","15q",0.708413329037102,-1,"LUAD","DN_T"
"2178","15q26.1",0.352117344506696,2.87902233737221,0.00497201317889434,"con","ALL","15","q","15q",1.05350544080609,-1,"LUAD","DN_T"
"2179","15q26.3",0.396072027115389,3.47324470308513,0.000789090533426342,"con","ALL","15","q","15q",1.46170425264925,-1,"LUAD","DN_T"
"2180","16p13.3",-0.124645869637724,-1.31222797228908,0.192743592662923,"con","ALL","16","p","16p",-0.125628875737532,1,"LUAD","DN_T"
"2181","16p13.2",-0.127980938206189,-1.13677438700225,0.258617238444557,"con","ALL","16","p","16p",-0.0802035300340024,1,"LUAD","DN_T"
"2182","16p13.13",-0.131027771895592,-1.13156776864571,0.26078936237924,"con","ALL","16","p","16p",-0.0790178634023202,1,"LUAD","DN_T"
"2183","16p12.3",-0.140093850443506,-1.1021479957505,0.273303777278963,"con","ALL","16","p","16p",-0.0738778968307864,1,"LUAD","DN_T"
"2184","16p12.2",-0.144007720616253,-1.00993300770515,0.315205247130926,"con","ALL","16","p","16p",-0.0407605213137267,1,"LUAD","DN_T"
"2185","16p12.1",-0.141088521649312,-0.917503167120619,0.361304355462581,"con","ALL","16","p","16p",-0.0342498402301964,1,"LUAD","DN_T"
"2186","16p11.2",-0.0761610351378869,-0.392384917617642,0.695691371763978,"con","ALL","16","p","16p",0,1,"LUAD","DN_T"
"2187","16q11.2",0.103225103050045,0.444552793934641,1,"con","ALL","16","q","16q",0,1,"LUAD","DN_T"
"2188","16q12.1",0.0958128779405814,0.39416705150125,1,"con","ALL","16","q","16q",0,1,"LUAD","DN_T"
"2189","16q12.2",0.095119354561853,0.387455332941888,1,"con","ALL","16","q","16q",0,1,"LUAD","DN_T"
"2190","16q13",0.0915825576131596,0.378040860816954,1,"con","ALL","16","q","16q",0,-1,"LUAD","DN_T"
"2191","16q21",0.095498576876136,0.414276319282657,1,"con","ALL","16","q","16q",0,-1,"LUAD","DN_T"
"2192","16q22.1",0.10437215657148,0.529564247406411,1,"con","ALL","16","q","16q",0,-1,"LUAD","DN_T"
"2193","16q22.2",0.10821250061634,0.718245471553973,0.474445980087972,"con","ALL","16","q","16q",0.00486360937289469,-1,"LUAD","DN_T"
"2194","16q23.1",-0.0323755953165706,-0.230719534330669,0.818050612574556,"con","ALL","16","q","16q",0,-1,"LUAD","DN_T"
"2195","16q23.3",-0.0611388933736441,-0.508017070396121,0.612670601839885,"con","ALL","16","q","16q",0,-1,"LUAD","DN_T"
"2196","16q24.1",-0.0711220222656167,-0.648998427942945,0.517973993427823,"con","ALL","16","q","16q",0,-1,"LUAD","DN_T"
"2197","16q24.2",-0.0834100036565807,-0.823453018248069,0.41240327383139,"con","ALL","16","q","16q",-0.0207149454175028,-1,"LUAD","DN_T"
"2198","16q24.3",-0.0993679883659472,-1.09217660682159,0.277638575802341,"con","ALL","16","q","16q",-0.0709208698794806,-1,"LUAD","DN_T"
"2199","17p13.3",0.0959900908290311,0.769648849940276,0.443501480790245,"con","ALL","17","p","17p",0.0185126989184776,-1,"LUAD","DN_T"
"2200","17p13.2",0.0957684708290889,0.827689714196495,0.41001158479786,"con","ALL","17","p","17p",0.0207149454175028,-1,"LUAD","DN_T"
"2201","17p13.1",0.126662953641405,0.939439140349184,0.34999226442798,"con","ALL","17","p","17p",0.0342498402301964,-1,"LUAD","DN_T"
"2202","17p12",0.184370765086093,1.09991118006628,0.274272057946367,"con","ALL","17","p","17p",0.0738778968307864,-1,"LUAD","DN_T"
"2203","17p11.2",0.249279344560188,1.19503168483895,0.235179849189824,"con","ALL","17","p","17p",0.102269166028647,-1,"LUAD","DN_T"
"2204","17q11.1",0.293459841659455,1.20732209068157,1,"con","ALL","17","q","17q",0,1,"LUAD","DN_T"
"2205","17q11.2",0.254512508005316,0.980687207255649,1,"con","ALL","17","q","17q",0,1,"LUAD","DN_T"
"2206","17q12",0.0311280038714565,0.227454355457216,0.820580701494027,"con","ALL","17","q","17q",0,1,"LUAD","DN_T"
"2207","17q21.1",0.0243180439100717,0.184552055896713,0.853991058586612,"con","ALL","17","q","17q",0,1,"LUAD","DN_T"
"2208","17q21.2",0.00315415154384783,0.0246537676895078,0.980385113839131,"con","ALL","17","q","17q",0,1,"LUAD","DN_T"
"2209","17q21.31",-0.0185003005791588,-0.132874955955653,0.894585657511405,"con","ALL","17","q","17q",0,1,"LUAD","DN_T"
"2210","17q21.32",0.191678572312469,1.23963139000981,0.218299097924606,"con","ALL","17","q","17q",0.102269166028647,1,"LUAD","DN_T"
"2211","17q21.33",0.180593143591357,1.21417499967469,0.227822486991372,"con","ALL","17","q","17q",0.102269166028647,1,"LUAD","DN_T"
"2212","17q22",0.145971891937325,1.00017214551512,0.319879362906718,"con","ALL","17","q","17q",0.0393433189206664,1,"LUAD","DN_T"
"2213","17q23.1",0.109960876656365,0.772254934539997,0.441964472190683,"con","ALL","17","q","17q",0.0185126989184776,1,"LUAD","DN_T"
"2214","17q23.3",0.0753282101412984,0.532594108645577,0.59561271797955,"con","ALL","17","q","17q",0,1,"LUAD","DN_T"
"2215","17q24.2",-0.0843249044146335,-0.598182379041001,0.551204169193042,"con","ALL","17","q","17q",0,1,"LUAD","DN_T"
"2216","17q25.1",-0.168577079893031,-1.20025144178417,0.233156985958449,"con","ALL","17","q","17q",-0.102269166028647,1,"LUAD","DN_T"
"2217","17q25.3",-0.118101081865664,-1.03103316725038,0.305257781857958,"con","ALL","17","q","17q",-0.0488034686491024,1,"LUAD","DN_T"
"2218","18p11.32",-0.0420977743543293,-0.373532123452508,0.709621237483392,"con","ALL","18","p","18p",0,-1,"LUAD","DN_T"
"2219","18p11.31",-0.0460933009210588,-0.398577689634041,0.691138088041478,"con","ALL","18","p","18p",0,-1,"LUAD","DN_T"
"2220","18p11.22",-0.0568324380334957,-0.448819808358893,0.654628629563774,"con","ALL","18","p","18p",0,-1,"LUAD","DN_T"
"2221","18p11.21",-0.0544949551585416,-0.367878802476226,0.713817899755101,"con","ALL","18","p","18p",0,-1,"LUAD","DN_T"
"2222","18q11.1",-0.0507644532883858,-0.316403788910518,0.752420686248431,"con","ALL","18","q","18q",0,-1,"LUAD","DN_T"
"2223","18q11.2",-0.053891340149364,-0.317287564424574,0.751752247151915,"con","ALL","18","q","18q",0,-1,"LUAD","DN_T"
"2224","18q12.2",-0.0274428534733021,-0.142377446286767,1,"con","ALL","18","q","18q",0,-1,"LUAD","DN_T"
"2225","18q21.1",-0.0155669371372578,-0.0802294059328355,1,"con","ALL","18","q","18q",0,-1,"LUAD","DN_T"
"2226","18q21.31",0.00796938170759724,0.0419421204951417,1,"con","ALL","18","q","18q",0,-1,"LUAD","DN_T"
"2227","18q21.32",0.0199343659558762,0.105808262918229,0.915967371698155,"con","ALL","18","q","18q",0,-1,"LUAD","DN_T"
"2228","18q21.33",0.0168197908612613,0.0897401821191505,0.928690904506002,"con","ALL","18","q","18q",0,-1,"LUAD","DN_T"
"2229","18q22.3",0.0276274161337197,0.146966246974365,0.883483773645854,"con","ALL","18","q","18q",0,-1,"LUAD","DN_T"
"2230","18q23",0.0316025751934191,0.168973041659051,0.866192875432822,"con","ALL","18","q","18q",0,-1,"LUAD","DN_T"
"2231","19p13.3",0.139288464998631,1.42246847076444,0.158309147415735,"con","ALL","19","p","19p",0.159325075930011,1,"LUAD","DN_T"
"2232","19p13.2",0.281471341787655,2.12464468967601,0.0363271828121357,"con","ALL","19","p","19p",0.569241270813366,-1,"LUAD","DN_T"
"2233","19p13.13",0.241438151580124,1.71901360853616,0.0890119678233618,"con","ALL","19","p","19p",0.306274385759502,-1,"LUAD","DN_T"
"2234","19p13.12",0.122794510290639,0.781730632897237,0.436402113163674,"con","ALL","19","p","19p",0.0185126989184776,-1,"LUAD","DN_T"
"2235","19p13.11",-0.064384443257522,-0.332121791693631,0.740561074114158,"con","ALL","19","p","19p",0,-1,"LUAD","DN_T"
"2236","19q12",-0.24124275706597,-1.81491605022621,0.0728312685099379,"con","ALL","19","q","19q",-0.366282627900635,1,"LUAD","DN_T"
"2237","19q13.11",-0.202574654460087,-1.72328261903296,0.0882337508872855,"con","ALL","19","q","19q",-0.306274385759502,1,"LUAD","DN_T"
"2238","19q13.12",-0.15542032220935,-1.53709896179399,0.127738983428572,"con","ALL","19","q","19q",-0.21277411345793,1,"LUAD","DN_T"
"2239","19q13.2",-0.0372291436423744,-0.344355773587906,0.731373257172572,"con","ALL","19","q","19q",0,1,"LUAD","DN_T"
"2240","19q13.31",-0.0121608443603457,-0.0994301317945183,0.921015471922793,"con","ALL","19","q","19q",0,1,"LUAD","DN_T"
"2241","19q13.32",-0.0374953332812028,-0.314029167938695,0.754217652479393,"con","ALL","19","q","19q",0,-1,"LUAD","DN_T"
"2242","19q13.33",-0.0828983043018213,-0.854357254635246,0.395150646766046,"con","ALL","19","q","19q",-0.0210554984696642,-1,"LUAD","DN_T"
"2243","19q13.41",-0.101230441886932,-1.16555052689824,0.246842199636218,"con","ALL","19","q","19q",-0.0930175740851593,-1,"LUAD","DN_T"
"2244","19q13.42",-0.181354435999159,-2.44951840072936,0.0162192530708874,"con","ALL","19","q","19q",-0.70695474133636,1,"LUAD","DN_T"
"2245","19q13.43",-0.19168596702865,-2.78045373346667,0.0065966324036178,"con","ALL","19","q","19q",-0.972611843219614,1,"LUAD","DN_T"
"2246","20p13",-0.128517392998112,-1.20264090423373,0.232235171210483,"con","ALL","20","p","20p",-0.102269166028647,-1,"LUAD","DN_T"
"2247","20p12.3",-0.1630951653785,-1.35485625285664,0.178817392265591,"con","ALL","20","p","20p",-0.129726634574062,-1,"LUAD","DN_T"
"2248","20p12.1",-0.183192798553332,-1.38396691986985,0.169753623621571,"con","ALL","20","p","20p",-0.146329863726591,-1,"LUAD","DN_T"
"2249","20p11.23",-0.192184214537207,-1.34867569796154,0.180788009134522,"con","ALL","20","p","20p",-0.129726634574062,-1,"LUAD","DN_T"
"2250","20p11.22",-0.192525185488304,-1.26889740693914,0.207713738305651,"con","ALL","20","p","20p",-0.112113942451619,-1,"LUAD","DN_T"
"2251","20p11.21",-0.192781758653594,-1.21632872024046,0.227005295363623,"con","ALL","20","p","20p",-0.102269166028647,-1,"LUAD","DN_T"
"2252","20q11.21",-0.0557370139476575,-0.305658345694195,0.760562908333616,"con","ALL","20","q","20q",0,1,"LUAD","DN_T"
"2253","20q11.22",0.0265885631812618,0.133237861071575,0.894299467934472,"con","ALL","20","q","20q",0,1,"LUAD","DN_T"
"2254","20q12",-0.061379198726484,-0.315312208598177,1,"con","ALL","20","q","20q",0,1,"LUAD","DN_T"
"2255","20q13.11",-0.0634070279465216,-0.328854531805354,1,"con","ALL","20","q","20q",0,1,"LUAD","DN_T"
"2256","20q13.12",0.0843083741304304,0.46364242228124,0.644011048164807,"con","ALL","20","q","20q",0,1,"LUAD","DN_T"
"2257","20q13.13",0.206610766660807,1.55005908982291,0.124598311913874,"con","ALL","20","q","20q",0.21277411345793,1,"LUAD","DN_T"
"2258","20q13.2",0.169343235953231,1.43662425048924,0.154253980155047,"con","ALL","20","q","20q",0.163861324472488,1,"LUAD","DN_T"
"2259","20q13.32",0.130830632651426,1.31948348644326,0.190317709252681,"con","ALL","20","q","20q",0.125628875737532,1,"LUAD","DN_T"
"2260","20q13.33",0.0986132002834671,1.14009011850369,0.257240625298998,"con","ALL","20","q","20q",0.0802035300340024,1,"LUAD","DN_T"
"2261","21q21.3",-0.00899583576053556,-0.0953081883518,0.924279601984728,"con","ALL","21","q","21q",0,1,"LUAD","DN_T"
"2262","21q22.11",0.01500928181513,0.162794743940769,0.871041014076077,"con","ALL","21","q","21q",0,1,"LUAD","DN_T"
"2263","21q22.12",0.00663913480246106,0.0725496789043408,0.942323693844671,"con","ALL","21","q","21q",0,1,"LUAD","DN_T"
"2264","21q22.13",-0.00514623029507827,-0.0571972855859621,0.954513445667312,"con","ALL","21","q","21q",0,1,"LUAD","DN_T"
"2265","21q22.2",-0.0481484058636141,-0.545064445479547,0.587042616968039,"con","ALL","21","q","21q",0,1,"LUAD","DN_T"
"2266","21q22.3",-0.0871025162384627,-1.03142380674565,0.305075636658862,"con","ALL","21","q","21q",-0.0488034686491024,1,"LUAD","DN_T"
"2267","22q11.21",-0.0434946070818498,-0.265018371786259,0.791594693338451,"con","ALL","22","q","22q",0,1,"LUAD","DN_T"
"2268","22q11.22",0.138438052466448,0.764927600199433,0.446293856564807,"con","ALL","22","q","22q",0.0185126989184776,1,"LUAD","DN_T"
"2269","22q11.23",0.160774358021979,0.852001238912721,1,"con","ALL","22","q","22q",0,1,"LUAD","DN_T"
"2270","22q12.1",0.208514420628315,1.0531468490195,0.295062070405995,"con","ALL","22","q","22q",0.0531033016571481,1,"LUAD","DN_T"
"2271","22q12.2",0.257287609243888,1.27538686327207,0.205418663030812,"con","ALL","22","q","22q",0.112113942451619,-1,"LUAD","DN_T"
"2272","22q12.3",0.305735494856626,1.63057023517854,0.10643755575679,"con","ALL","22","q","22q",0.251216596282116,-1,"LUAD","DN_T"
"2273","22q13.1",0.344362080258051,2.08125090256187,0.0402201039193095,"con","ALL","22","q","22q",0.554258397611454,-1,"LUAD","DN_T"
"2274","22q13.2",0.384247205804756,2.31518956728735,0.0228512401479757,"con","ALL","22","q","22q",0.623040968227758,-1,"LUAD","DN_T"
"2275","22q13.31",0.36158249805428,2.15306496484879,0.0339582478923147,"con","ALL","22","q","22q",0.569241270813366,-1,"LUAD","DN_T"
"2276","22q13.33",0.351925345200541,2.089985178029,0.0394088224477833,"con","ALL","22","q","22q",0.557544707438915,-1,"LUAD","DN_T"
"2277","1p36.33",-0.0931777693644922,-1.29496499460739,0.198608213412404,"con","ALL","1","p","1p",0,1,"LUAD","Endothelial"
"2278","1p36.32",-0.0968452227729386,-1.29430310054333,0.198835685398683,"con","ALL","1","p","1p",0,1,"LUAD","Endothelial"
"2279","1p36.31",-0.10426262901049,-1.36114095228284,0.176830268597484,"con","ALL","1","p","1p",0,1,"LUAD","Endothelial"
"2280","1p36.23",-0.119150019109538,-1.50306148118368,0.136285739262257,"con","ALL","1","p","1p",0,1,"LUAD","Endothelial"
"2281","1p36.22",-0.148910317425931,-1.67497581712687,0.0973723099540826,"con","ALL","1","p","1p",-0.0567327648490968,1,"LUAD","Endothelial"
"2282","1p36.21",-0.151641969560257,-1.60190047028279,0.112643423561516,"con","ALL","1","p","1p",-0.0444402408519597,1,"LUAD","Endothelial"
"2283","1p36.13",-0.144791723764683,-1.46521282534915,0.146309482445347,"con","ALL","1","p","1p",0,1,"LUAD","Endothelial"
"2284","1p36.12",-0.128890585924839,-1.27532625844957,0.205440009650035,"con","ALL","1","p","1p",0,1,"LUAD","Endothelial"
"2285","1p36.11",-0.121742677242693,-1.14710741599496,0.25434427655411,"con","ALL","1","p","1p",0,1,"LUAD","Endothelial"
"2286","1p35.3",-0.143132203857655,-1.21277380586197,0.228355288374481,"con","ALL","1","p","1p",0,1,"LUAD","Endothelial"
"2287","1p35.2",-0.173284210400485,-1.46838777112656,0.14544719184994,"con","ALL","1","p","1p",0,1,"LUAD","Endothelial"
"2288","1p35.1",-0.189839080676125,-1.64435620468901,0.103553104096213,"con","ALL","1","p","1p",-0.0567327648490968,1,"LUAD","Endothelial"
"2289","1p34.3",-0.193944776574258,-1.83551061732837,0.0696963130087219,"con","ALL","1","p","1p",-0.133699568874446,1,"LUAD","Endothelial"
"2290","1p34.2",-0.165554097628134,-1.75762886873728,0.0821735148909415,"con","ALL","1","p","1p",-0.100123222489096,1,"LUAD","Endothelial"
"2291","1p34.1",-0.127418781736404,-1.46088781890704,0.147490511788344,"con","ALL","1","p","1p",0,1,"LUAD","Endothelial"
"2292","1p33",-0.107643412542261,-1.20834681183436,0.230044571107834,"con","ALL","1","p","1p",0,1,"LUAD","Endothelial"
"2293","1p32.3",-0.103954745367624,-1.09604104528811,0.275952996922771,"con","ALL","1","p","1p",0,1,"LUAD","Endothelial"
"2294","1p32.1",-0.0937066963362508,-0.963412850073999,0.337893553050136,"con","ALL","1","p","1p",0,1,"LUAD","Endothelial"
"2295","1p31.3",-0.0909077878512525,-0.864760556462488,0.389444115941899,"con","ALL","1","p","1p",0,1,"LUAD","Endothelial"
"2296","1p31.1",-0.0856286119855555,-0.738164845139532,0.462313700139509,"con","ALL","1","p","1p",0,1,"LUAD","Endothelial"
"2297","1p22.3",-0.0682086999653911,-0.562873597801883,1,"con","ALL","1","p","1p",0,-1,"LUAD","Endothelial"
"2298","1p22.2",-0.0686414970571743,-0.570622082506301,0.569662220029419,"con","ALL","1","p","1p",0,-1,"LUAD","Endothelial"
"2299","1p22.1",-0.0547422624372789,-0.445101076769981,0.657303684283655,"con","ALL","1","p","1p",0,-1,"LUAD","Endothelial"
"2300","1p21.3",-0.0605861986837883,-0.465295470174711,0.642831466124462,"con","ALL","1","p","1p",0,-1,"LUAD","Endothelial"
"2301","1p21.2",-0.0567544677565422,-0.409782401814873,0.682928627877043,"con","ALL","1","p","1p",0,-1,"LUAD","Endothelial"
"2302","1p13.3",-0.0909869427350863,-0.479909739559428,1,"con","ALL","1","p","1p",0,-1,"LUAD","Endothelial"
"2303","1p13.2",-0.00943273016350722,-0.0428355090853922,1,"con","ALL","1","p","1p",0,1,"LUAD","Endothelial"
"2304","1p13.1",0.0419679895090292,0.23409532143492,0.815436840995482,"con","ALL","1","p","1p",0,1,"LUAD","Endothelial"
"2305","1p12",0.0405546285523165,0.258193894038276,0.796840313806198,"con","ALL","1","p","1p",0,1,"LUAD","Endothelial"
"2306","1q21.1",0.0307073934755752,0.221582050970528,0.825135735932875,"con","ALL","1","q","1q",0,1,"LUAD","Endothelial"
"2307","1q21.2",0.033227320675075,0.303144746705664,0.762471491851227,"con","ALL","1","q","1q",0,1,"LUAD","Endothelial"
"2308","1q21.3",0.022911888429504,0.335549341458918,0.737983095270036,"con","ALL","1","q","1q",0,1,"LUAD","Endothelial"
"2309","1q22",0.00682764904885188,0.123869958834659,0.901691435223035,"con","ALL","1","q","1q",0,1,"LUAD","Endothelial"
"2310","1q23.1",-0.0116933358756071,-0.207672797466433,0.835948511437533,"con","ALL","1","q","1q",0,1,"LUAD","Endothelial"
"2311","1q23.2",-0.0144882084746296,-0.254438273354866,0.799731065298924,"con","ALL","1","q","1q",0,1,"LUAD","Endothelial"
"2312","1q23.3",-0.0233488479285788,-0.388510644640311,0.698545655848273,"con","ALL","1","q","1q",0,1,"LUAD","Endothelial"
"2313","1q24.1",-0.0282176280044876,-0.447356213119588,0.655680925569908,"con","ALL","1","q","1q",0,1,"LUAD","Endothelial"
"2314","1q24.2",-0.0231912814089948,-0.359488445141995,0.720062586121772,"con","ALL","1","q","1q",0,1,"LUAD","Endothelial"
"2315","1q24.3",-0.0166282059583078,-0.252850553090288,0.800953996739855,"con","ALL","1","q","1q",0,1,"LUAD","Endothelial"
"2316","1q25.1",-0.0138421592789285,-0.205768333935469,0.83743150872966,"con","ALL","1","q","1q",0,1,"LUAD","Endothelial"
"2317","1q25.2",-0.00173536938693488,-0.0257181919803245,0.979538427665201,"con","ALL","1","q","1q",0,1,"LUAD","Endothelial"
"2318","1q25.3",0.00322843020867201,0.0475618786778794,0.962169641396057,"con","ALL","1","q","1q",0,1,"LUAD","Endothelial"
"2319","1q31.1",0.00447409181255313,0.0655811358162571,0.947855168420878,"con","ALL","1","q","1q",0,1,"LUAD","Endothelial"
"2320","1q31.2",0.00657488535832479,0.0966989273788641,0.923178140519829,"con","ALL","1","q","1q",0,1,"LUAD","Endothelial"
"2321","1q32.1",0.0013964402298632,0.0209486665670024,0.983332470201615,"con","ALL","1","q","1q",0,1,"LUAD","Endothelial"
"2322","1q32.2",-0.00633110758549145,-0.0935439246097556,0.925677106099195,"con","ALL","1","q","1q",0,1,"LUAD","Endothelial"
"2323","1q32.3",-0.0273230112628208,-0.390035942893488,0.697421406475256,"con","ALL","1","q","1q",0,1,"LUAD","Endothelial"
"2324","1q41",-0.042042105180833,-0.585805075038566,0.559456603236135,"con","ALL","1","q","1q",0,1,"LUAD","Endothelial"
"2325","1q42.11",-0.0500967387130747,-0.688615005518244,0.492817437324214,"con","ALL","1","q","1q",0,1,"LUAD","Endothelial"
"2326","1q42.12",-0.0614481880533061,-0.829920129848519,0.408755850788288,"con","ALL","1","q","1q",0,1,"LUAD","Endothelial"
"2327","1q42.13",-0.0757323938114083,-0.995397862943926,0.32218228901068,"con","ALL","1","q","1q",0,1,"LUAD","Endothelial"
"2328","1q42.2",-0.07757024646917,-1.00237300908982,0.318821447199745,"con","ALL","1","q","1q",0,1,"LUAD","Endothelial"
"2329","1q42.3",-0.0753462099321696,-0.97517151882635,0.332060380755921,"con","ALL","1","q","1q",0,1,"LUAD","Endothelial"
"2330","1q43",-0.0817655487738313,-1.05711408089238,0.293257761591487,"con","ALL","1","q","1q",0,1,"LUAD","Endothelial"
"2331","1q44",-0.0839464885813445,-1.09609335503509,0.275930229395133,"con","ALL","1","q","1q",0,1,"LUAD","Endothelial"
"2332","2p25.3",-0.370020998373093,-2.88433549481588,0.00489588910241738,"con","ALL","2","p","2p",-0.55505616163116,1,"LUAD","Endothelial"
"2333","2p25.1",-0.421358768313866,-2.93866110472213,0.00417678099459466,"con","ALL","2","p","2p",-0.567632997547546,1,"LUAD","Endothelial"
"2334","2p24.1",-0.408906994542338,-2.55599163976283,0.0122462587782277,"con","ALL","2","p","2p",-0.371427642455084,1,"LUAD","Endothelial"
"2335","2p23.3",-0.428300011902478,-2.36681620967105,1,"con","ALL","2","p","2p",0,1,"LUAD","Endothelial"
"2336","2p23.2",-0.396226215022144,-2.03170687032847,1,"con","ALL","2","p","2p",0,1,"LUAD","Endothelial"
"2337","2p22.3",-0.359635702065272,-1.86093185379594,1,"con","ALL","2","p","2p",0,1,"LUAD","Endothelial"
"2338","2p22.2",-0.303462282665598,-1.66698581708266,1,"con","ALL","2","p","2p",0,1,"LUAD","Endothelial"
"2339","2p22.1",-0.23357361546591,-1.3814471576192,1,"con","ALL","2","p","2p",0,1,"LUAD","Endothelial"
"2340","2p21",-0.180040232881185,-1.13534892789742,1,"con","ALL","2","p","2p",0,-1,"LUAD","Endothelial"
"2341","2p16.2",-0.144421616530096,-0.991297722726571,1,"con","ALL","2","p","2p",0,-1,"LUAD","Endothelial"
"2342","2p16.1",-0.13683875726673,-0.966485819469546,1,"con","ALL","2","p","2p",0,-1,"LUAD","Endothelial"
"2343","2p15",-0.124411858262536,-0.912665040814289,1,"con","ALL","2","p","2p",0,1,"LUAD","Endothelial"
"2344","2p14",-0.141737453889551,-1.03628501497848,1,"con","ALL","2","p","2p",0,1,"LUAD","Endothelial"
"2345","2p13.3",-0.143331231538974,-1.04022436492741,1,"con","ALL","2","p","2p",0,1,"LUAD","Endothelial"
"2346","2p13.2",-0.156676816729122,-1.11329488407367,1,"con","ALL","2","p","2p",0,1,"LUAD","Endothelial"
"2347","2p13.1",-0.161026600672538,-1.09522881807517,1,"con","ALL","2","p","2p",0,1,"LUAD","Endothelial"
"2348","2p12",-0.157183079153674,-1.02378554980887,1,"con","ALL","2","p","2p",0,1,"LUAD","Endothelial"
"2349","2p11.2",-0.129985005543197,-0.834500242374662,1,"con","ALL","2","p","2p",0,1,"LUAD","Endothelial"
"2350","2q11.1",-0.0910350004025077,-0.573689371014106,1,"con","ALL","2","q","2q",0,1,"LUAD","Endothelial"
"2351","2q11.2",-0.0187152160194047,-0.111323554313029,1,"con","ALL","2","q","2q",0,1,"LUAD","Endothelial"
"2352","2q12.2",-0.0158675686576325,-0.0886568843219069,1,"con","ALL","2","q","2q",0,1,"LUAD","Endothelial"
"2353","2q12.3",-0.0133623905522092,-0.0741333480263455,1,"con","ALL","2","q","2q",0,1,"LUAD","Endothelial"
"2354","2q13",-0.0238964999980385,-0.13146857801933,1,"con","ALL","2","q","2q",0,1,"LUAD","Endothelial"
"2355","2q14.1",-0.0352757285831065,-0.191710004043041,1,"con","ALL","2","q","2q",0,1,"LUAD","Endothelial"
"2356","2q14.2",-0.0411360029473967,-0.219841462769126,1,"con","ALL","2","q","2q",0,1,"LUAD","Endothelial"
"2357","2q14.3",-0.0786060357041527,-0.423393438409751,1,"con","ALL","2","q","2q",0,1,"LUAD","Endothelial"
"2358","2q21.1",-0.120177453579574,-0.631402376749151,1,"con","ALL","2","q","2q",0,1,"LUAD","Endothelial"
"2359","2q21.3",-0.172016150657941,-0.921361396700446,1,"con","ALL","2","q","2q",0,1,"LUAD","Endothelial"
"2360","2q23.2",-0.185746200752119,-1.00319667000699,1,"con","ALL","2","q","2q",0,1,"LUAD","Endothelial"
"2361","2q23.3",-0.20457249104712,-1.10607485668159,1,"con","ALL","2","q","2q",0,1,"LUAD","Endothelial"
"2362","2q24.2",-0.244822912225434,-1.32170368411474,1,"con","ALL","2","q","2q",0,1,"LUAD","Endothelial"
"2363","2q31.1",-0.291708467513902,-1.57486998795933,1,"con","ALL","2","q","2q",0,1,"LUAD","Endothelial"
"2364","2q31.2",-0.347934199873992,-1.71352565573816,1,"con","ALL","2","q","2q",0,1,"LUAD","Endothelial"
"2365","2q31.3",-0.339739804016545,-1.63166167279076,1,"con","ALL","2","q","2q",0,1,"LUAD","Endothelial"
"2366","2q32.1",-0.340233659998171,-1.6041024634213,1,"con","ALL","2","q","2q",0,1,"LUAD","Endothelial"
"2367","2q32.3",-0.29183047011871,-1.35503510228222,1,"con","ALL","2","q","2q",0,1,"LUAD","Endothelial"
"2368","2q33.1",-0.201502205506837,-0.862943759721775,1,"con","ALL","2","q","2q",0,1,"LUAD","Endothelial"
"2369","2q33.2",0.0123373449165686,0.0505719294417833,1,"con","ALL","2","q","2q",0,1,"LUAD","Endothelial"
"2370","2q34",0.177686039388015,0.800135511066544,1,"con","ALL","2","q","2q",0,1,"LUAD","Endothelial"
"2371","2q35",0.256510998822107,1.27305425885761,1,"con","ALL","2","q","2q",0,1,"LUAD","Endothelial"
"2372","2q36.1",0.283811586711273,1.56392356462786,0.121306592309942,"con","ALL","2","q","2q",0.0264862603079663,1,"LUAD","Endothelial"
"2373","2q36.3",0.290037714034045,1.64676607215224,0.103055430058098,"con","ALL","2","q","2q",0.0567327648490968,1,"LUAD","Endothelial"
"2374","2q37.1",0.264663582210297,1.63800971074336,0.10487304584234,"con","ALL","2","q","2q",0.0567327648490968,1,"LUAD","Endothelial"
"2375","2q37.3",0.240635162418978,1.61251524794387,0.110312758835179,"con","ALL","2","q","2q",0.0444402408519597,1,"LUAD","Endothelial"
"2376","3p26.2",0.074988234416416,0.732352252995217,0.465835679102523,"con","ALL","3","p","3p",0,-1,"LUAD","Endothelial"
"2377","3p26.1",0.0808121158119878,0.793387906016875,0.429615713354,"con","ALL","3","p","3p",0,-1,"LUAD","Endothelial"
"2378","3p25.3",0.0856549517881257,0.857996289542761,0.393148705614086,"con","ALL","3","p","3p",0,-1,"LUAD","Endothelial"
"2379","3p25.2",0.0852902164926266,0.865800359995486,0.388876566408067,"con","ALL","3","p","3p",0,-1,"LUAD","Endothelial"
"2380","3p25.1",0.0852508767148296,0.872398987821993,0.385286820758297,"con","ALL","3","p","3p",0,-1,"LUAD","Endothelial"
"2381","3p24.3",0.073512624880911,0.77643713693465,0.439504394517814,"con","ALL","3","p","3p",0,-1,"LUAD","Endothelial"
"2382","3p24.2",0.0701171443081359,0.744655370792464,0.458398856765055,"con","ALL","3","p","3p",0,-1,"LUAD","Endothelial"
"2383","3p24.1",0.0671391346624181,0.720845005391984,0.472852663523533,"con","ALL","3","p","3p",0,-1,"LUAD","Endothelial"
"2384","3p23",0.0620943675935667,0.668556783606189,0.50547062467556,"con","ALL","3","p","3p",0,-1,"LUAD","Endothelial"
"2385","3p22.3",0.0597932820924935,0.642363156589119,0.522252477299835,"con","ALL","3","p","3p",0,-1,"LUAD","Endothelial"
"2386","3p22.2",0.0576846889658449,0.614185530642081,0.540625221423608,"con","ALL","3","p","3p",0,-1,"LUAD","Endothelial"
"2387","3p22.1",0.0640964128718922,0.664393754924232,0.508118387044842,"con","ALL","3","p","3p",0,-1,"LUAD","Endothelial"
"2388","3p21.33",0.058768022309475,0.586669199085539,0.558878484266608,"con","ALL","3","p","3p",0,-1,"LUAD","Endothelial"
"2389","3p21.31",0.101499258658428,0.903786644363804,0.368494896344646,"con","ALL","3","p","3p",0,-1,"LUAD","Endothelial"
"2390","3p21.2",0.171672838087077,1.2837788742227,1,"con","ALL","3","p","3p",0,-1,"LUAD","Endothelial"
"2391","3p21.1",0.177880091850779,1.17669036710148,1,"con","ALL","3","p","3p",0,-1,"LUAD","Endothelial"
"2392","3p14.3",0.170378243349516,1.02716457015701,1,"con","ALL","3","p","3p",0,-1,"LUAD","Endothelial"
"2393","3p14.1",0.141916254275959,0.812028654915034,1,"con","ALL","3","p","3p",0,-1,"LUAD","Endothelial"
"2394","3p13",0.13127709589644,0.750413468520772,1,"con","ALL","3","p","3p",0,-1,"LUAD","Endothelial"
"2395","3p11.2",0.139732855995673,0.781363387885813,1,"con","ALL","3","p","3p",0,-1,"LUAD","Endothelial"
"2396","3p11.1",0.128510704162643,0.707938525436637,1,"con","ALL","3","p","3p",0,-1,"LUAD","Endothelial"
"2397","3q11.2",0.105712467745269,0.566863033043198,1,"con","ALL","3","q","3q",0,-1,"LUAD","Endothelial"
"2398","3q12.2",0.0319516526244726,0.178966335428721,1,"con","ALL","3","q","3q",0,1,"LUAD","Endothelial"
"2399","3q12.3",0.0131104750221911,0.0731321892337512,1,"con","ALL","3","q","3q",0,1,"LUAD","Endothelial"
"2400","3q13.12",-0.0178277918073392,-0.101781801890241,1,"con","ALL","3","q","3q",0,1,"LUAD","Endothelial"
"2401","3q13.13",-0.030249694477656,-0.174807902920331,1,"con","ALL","3","q","3q",0,1,"LUAD","Endothelial"
"2402","3q13.2",-0.0460850083742989,-0.268200246053745,1,"con","ALL","3","q","3q",0,1,"LUAD","Endothelial"
"2403","3q13.31",-0.056753150227499,-0.334137058972494,1,"con","ALL","3","q","3q",0,1,"LUAD","Endothelial"
"2404","3q13.33",-0.133407478180015,-0.856778733707459,0.393817822836059,"con","ALL","3","q","3q",0,1,"LUAD","Endothelial"
"2405","3q21.1",-0.159929857752497,-1.12871369889472,0.261985466416355,"con","ALL","3","q","3q",0,1,"LUAD","Endothelial"
"2406","3q21.3",-0.155874205659053,-1.1962119425572,0.234721351010945,"con","ALL","3","q","3q",0,1,"LUAD","Endothelial"
"2407","3q22.1",-0.142064073784928,-1.11004582944534,0.269903953426789,"con","ALL","3","q","3q",0,1,"LUAD","Endothelial"
"2408","3q22.2",-0.131187047154085,-1.03523528501128,0.303302289396984,"con","ALL","3","q","3q",0,-1,"LUAD","Endothelial"
"2409","3q22.3",-0.11320121723531,-0.92021806851091,0.359891810062504,"con","ALL","3","q","3q",0,-1,"LUAD","Endothelial"
"2410","3q23",-0.0882392691378385,-0.775211109200661,0.440224746016775,"con","ALL","3","q","3q",0,-1,"LUAD","Endothelial"
"2411","3q24",-0.0581848287885057,-0.567040086807358,0.572083046608265,"con","ALL","3","q","3q",0,-1,"LUAD","Endothelial"
"2412","3q25.1",-0.0247907568177337,-0.269622679161662,0.788060997581182,"con","ALL","3","q","3q",0,-1,"LUAD","Endothelial"
"2413","3q25.2",-0.00859181458142709,-0.102829387810671,0.918324646379342,"con","ALL","3","q","3q",0,-1,"LUAD","Endothelial"
"2414","3q25.31",-0.00171576761951407,-0.021582699351358,0.982828088413419,"con","ALL","3","q","3q",0,-1,"LUAD","Endothelial"
"2415","3q25.32",-0.00393199357245186,-0.0504520414545731,0.959872742510642,"con","ALL","3","q","3q",0,-1,"LUAD","Endothelial"
"2416","3q25.33",0.0041172176299395,0.0563079511061923,0.955219934027087,"con","ALL","3","q","3q",0,-1,"LUAD","Endothelial"
"2417","3q26.1",0.00831994156572866,0.118480746778436,0.905947894336016,"con","ALL","3","q","3q",0,-1,"LUAD","Endothelial"
"2418","3q26.2",0.0158771967476756,0.239335227937045,0.811383879721842,"con","ALL","3","q","3q",0,-1,"LUAD","Endothelial"
"2419","3q26.31",0.0172662671204087,0.265071837898236,0.79155363422809,"con","ALL","3","q","3q",0,-1,"LUAD","Endothelial"
"2420","3q26.32",0.0224835006297716,0.36755969636195,0.71405504770225,"con","ALL","3","q","3q",0,-1,"LUAD","Endothelial"
"2421","3q26.33",0.028146411201378,0.529405517148691,0.59781332039967,"con","ALL","3","q","3q",0,-1,"LUAD","Endothelial"
"2422","3q27.1",0.0281145086436082,0.596723291073693,0.552173828698866,"con","ALL","3","q","3q",0,-1,"LUAD","Endothelial"
"2423","3q27.2",0.0288147491722753,0.639007604282165,0.524423177697861,"con","ALL","3","q","3q",0,-1,"LUAD","Endothelial"
"2424","3q27.3",0.0289658101686693,0.6494875348861,0.517659343611861,"con","ALL","3","q","3q",0,-1,"LUAD","Endothelial"
"2425","3q29",0.0241454166241922,0.5936429986719,0.554223676364814,"con","ALL","3","q","3q",0,-1,"LUAD","Endothelial"
"2426","4p16.3",0.0622945344500009,0.529674336631045,0.597627650106493,"con","ALL","4","p","4p",0,-1,"LUAD","Endothelial"
"2427","4p16.1",0.0686455180944584,0.563101523821965,0.574750575485532,"con","ALL","4","p","4p",0,1,"LUAD","Endothelial"
"2428","4p15.32",0.0584641759728619,0.468314196757938,0.640679725214168,"con","ALL","4","p","4p",0,1,"LUAD","Endothelial"
"2429","4p15.2",0.0603983497923182,0.47984153545503,0.632491403846314,"con","ALL","4","p","4p",0,1,"LUAD","Endothelial"
"2430","4p14",0.0584116383900993,0.431795768902545,0.66691120563115,"con","ALL","4","p","4p",0,1,"LUAD","Endothelial"
"2431","4p13",0.071439533265853,0.498840232945103,0.619095667265606,"con","ALL","4","p","4p",0,1,"LUAD","Endothelial"
"2432","4p12",0.085217795551654,0.585931298537623,0.55937213840217,"con","ALL","4","p","4p",0,1,"LUAD","Endothelial"
"2433","4p11",0.0934373868912249,0.639372371166701,0.524186983252427,"con","ALL","4","p","4p",0,1,"LUAD","Endothelial"
"2434","4q12",0.135355160813269,0.906747111674644,1,"con","ALL","4","q","4q",0,1,"LUAD","Endothelial"
"2435","4q13.2",0.15524365423598,1.00031481846252,1,"con","ALL","4","q","4q",0,1,"LUAD","Endothelial"
"2436","4q21.1",0.160193035600862,0.894239864312621,1,"con","ALL","4","q","4q",0,1,"LUAD","Endothelial"
"2437","4q21.22",0.217483628134846,1.17680659984218,1,"con","ALL","4","q","4q",0,1,"LUAD","Endothelial"
"2438","4q21.23",0.244599690021958,1.31716853953413,1,"con","ALL","4","q","4q",0,1,"LUAD","Endothelial"
"2439","4q22.1",0.218329303306406,1.17401798287356,1,"con","ALL","4","q","4q",0,1,"LUAD","Endothelial"
"2440","4q22.3",0.187150349645802,1.0043517405742,1,"con","ALL","4","q","4q",0,-1,"LUAD","Endothelial"
"2441","4q23",0.100120344620621,0.572419154103858,1,"con","ALL","4","q","4q",0,-1,"LUAD","Endothelial"
"2442","4q24",0.0855979503209241,0.500006965009088,1,"con","ALL","4","q","4q",0,-1,"LUAD","Endothelial"
"2443","4q25",0.095304084710364,0.569434065535246,1,"con","ALL","4","q","4q",0,-1,"LUAD","Endothelial"
"2444","4q27",0.0839781691381623,0.497598116190617,1,"con","ALL","4","q","4q",0,-1,"LUAD","Endothelial"
"2445","4q31.1",0.083780737986198,0.503483462485727,1,"con","ALL","4","q","4q",0,-1,"LUAD","Endothelial"
"2446","4q31.21",0.0843971654006191,0.512090287268569,1,"con","ALL","4","q","4q",0,-1,"LUAD","Endothelial"
"2447","4q31.22",0.0711156560547098,0.432950423997422,1,"con","ALL","4","q","4q",0,-1,"LUAD","Endothelial"
"2448","4q32.1",0.0669762059706258,0.39674989572979,1,"con","ALL","4","q","4q",0,1,"LUAD","Endothelial"
"2449","4q32.2",0.0647498804398424,0.38148355995307,1,"con","ALL","4","q","4q",0,1,"LUAD","Endothelial"
"2450","4q34.1",0.0667229642704568,0.40311389635969,1,"con","ALL","4","q","4q",0,1,"LUAD","Endothelial"
"2451","4q34.2",0.07826611049058,0.476927466884436,1,"con","ALL","4","q","4q",0,1,"LUAD","Endothelial"
"2452","4q35.1",0.0710101832782454,0.440443806073466,1,"con","ALL","4","q","4q",0,1,"LUAD","Endothelial"
"2453","5p15.33",-0.0349300236454163,-0.596203990878998,0.552519142989055,"con","ALL","5","p","5p",0,1,"LUAD","Endothelial"
"2454","5p15.31",-0.0385891794411072,-0.604613280339006,0.546940583584285,"con","ALL","5","p","5p",0,1,"LUAD","Endothelial"
"2455","5p15.2",-0.0404690613376564,-0.607102163994776,0.545294958731618,"con","ALL","5","p","5p",0,1,"LUAD","Endothelial"
"2456","5p15.1",-0.0387650927194316,-0.533072952006014,0.595282569448449,"con","ALL","5","p","5p",0,1,"LUAD","Endothelial"
"2457","5p13.3",-0.0440846778816218,-0.570441707527392,0.569784004288646,"con","ALL","5","p","5p",0,1,"LUAD","Endothelial"
"2458","5p13.1",-0.0343509037750363,-0.383182278386506,0.702478291501805,"con","ALL","5","p","5p",0,1,"LUAD","Endothelial"
"2459","5p12",-0.0369472591144039,-0.399003489977547,0.690825429589382,"con","ALL","5","p","5p",0,1,"LUAD","Endothelial"
"2460","5q11.1",-0.0330565968469289,-0.325115570748225,0.745839890844034,"con","ALL","5","q","5q",0,1,"LUAD","Endothelial"
"2461","5q11.2",0.0119854691511605,0.115576597078017,0.908242771135184,"con","ALL","5","q","5q",0,1,"LUAD","Endothelial"
"2462","5q12.1",0.0412047463266668,0.406282254359762,0.685489077923454,"con","ALL","5","q","5q",0,1,"LUAD","Endothelial"
"2463","5q12.3",0.0812629261484072,0.834427235054996,0.406225444128318,"con","ALL","5","q","5q",0,1,"LUAD","Endothelial"
"2464","5q13.1",0.089513589881721,0.947278303888138,0.346005714310466,"con","ALL","5","q","5q",0,1,"LUAD","Endothelial"
"2465","5q13.2",0.0922096119374855,1.06201131640971,0.291040884439844,"con","ALL","5","q","5q",0,1,"LUAD","Endothelial"
"2466","5q13.3",0.0864017299463128,1.052587056484,0.295317273077951,"con","ALL","5","q","5q",0,-1,"LUAD","Endothelial"
"2467","5q14.1",0.0812925926858912,1.01017623525807,0.315089359898616,"con","ALL","5","q","5q",0,-1,"LUAD","Endothelial"
"2468","5q14.2",0.0734703255244155,0.939323288521761,0.350051401339292,"con","ALL","5","q","5q",0,-1,"LUAD","Endothelial"
"2469","5q14.3",0.0747821459306403,0.962790377795669,0.338204199424411,"con","ALL","5","q","5q",0,-1,"LUAD","Endothelial"
"2470","5q15",0.0718795982705175,0.918206223445235,0.360938221196737,"con","ALL","5","q","5q",0,-1,"LUAD","Endothelial"
"2471","5q21.1",0.0732708005122587,0.929234536890576,0.355225940403746,"con","ALL","5","q","5q",0,-1,"LUAD","Endothelial"
"2472","5q21.3",0.0794815845529153,0.997574672955423,0.321130920763336,"con","ALL","5","q","5q",0,-1,"LUAD","Endothelial"
"2473","5q22.2",0.0868800030803379,1.06412948184818,0.29008559297232,"con","ALL","5","q","5q",0,-1,"LUAD","Endothelial"
"2474","5q22.3",0.101650180957986,1.21931698439587,0.225874973099923,"con","ALL","5","q","5q",0,-1,"LUAD","Endothelial"
"2475","5q23.1",0.109793446664877,1.31102147866271,0.193149214352818,"con","ALL","5","q","5q",0,-1,"LUAD","Endothelial"
"2476","5q23.2",0.119862523445947,1.4316790301265,0.155661407013509,"con","ALL","5","q","5q",0,-1,"LUAD","Endothelial"
"2477","5q31.1",0.142512770137349,1.84015573034318,0.0690050060232964,"con","ALL","5","q","5q",0.133699568874446,1,"LUAD","Endothelial"
"2478","5q31.2",0.149856957058693,2.12764022393903,0.0360709193687284,"con","ALL","5","q","5q",0.244033022697679,1,"LUAD","Endothelial"
"2479","5q31.3",0.142982214788241,2.1327936690325,0.0356337151615128,"con","ALL","5","q","5q",0.244033022697679,1,"LUAD","Endothelial"
"2480","5q32",0.109720214288878,1.7783691442672,0.0786830921341926,"con","ALL","5","q","5q",0.104881170536097,1,"LUAD","Endothelial"
"2481","5q33.1",0.0899865178918081,1.47549516516874,0.143531222204335,"con","ALL","5","q","5q",0,1,"LUAD","Endothelial"
"2482","5q33.2",0.0758372493126081,1.24343924729759,0.216899927322438,"con","ALL","5","q","5q",0,1,"LUAD","Endothelial"
"2483","5q33.3",0.0612879865859684,1.02364254533816,0.308717658990911,"con","ALL","5","q","5q",0,1,"LUAD","Endothelial"
"2484","5q34",0.0468980053427128,0.795801356968849,0.428218525294392,"con","ALL","5","q","5q",0,1,"LUAD","Endothelial"
"2485","5q35.1",0.0356636756578068,0.613211363867005,0.541266237518145,"con","ALL","5","q","5q",0,1,"LUAD","Endothelial"
"2486","5q35.2",0.0229805576258979,0.398202739579264,0.691413452277982,"con","ALL","5","q","5q",0,1,"LUAD","Endothelial"
"2487","5q35.3",0.00733822472937889,0.136858766317771,0.891444768211149,"con","ALL","5","q","5q",0,1,"LUAD","Endothelial"
"2488","6p25.2",-0.0421159008924295,-0.332345726515317,0.740392554157498,"con","ALL","6","p","6p",0,1,"LUAD","Endothelial"
"2489","6p25.1",-0.0446112679366616,-0.363209101440808,0.717291042498699,"con","ALL","6","p","6p",0,1,"LUAD","Endothelial"
"2490","6p24.3",-0.0513096179152289,-0.432216702695001,0.66660639415325,"con","ALL","6","p","6p",0,1,"LUAD","Endothelial"
"2491","6p24.2",-0.0550342993887898,-0.478928957908428,0.633137994315046,"con","ALL","6","p","6p",0,1,"LUAD","Endothelial"
"2492","6p23",-0.0779466766704738,-0.686230916685691,0.494312285756213,"con","ALL","6","p","6p",0,1,"LUAD","Endothelial"
"2493","6p22.3",-0.0687180705527213,-0.691106251398195,0.491258035334164,"con","ALL","6","p","6p",0,1,"LUAD","Endothelial"
"2494","6p22.2",-0.0653564138501594,-0.691771979193512,0.490841777838231,"con","ALL","6","p","6p",0,1,"LUAD","Endothelial"
"2495","6p22.1",-0.0639612705212241,-0.720183192769203,0.473258020017143,"con","ALL","6","p","6p",0,1,"LUAD","Endothelial"
"2496","6p21.33",-0.0599484535191349,-0.757073857576859,0.450961410332201,"con","ALL","6","p","6p",0,1,"LUAD","Endothelial"
"2497","6p21.32",-0.061797860656955,-0.812669845747266,0.418528375006833,"con","ALL","6","p","6p",0,1,"LUAD","Endothelial"
"2498","6p21.31",-0.0454160782467433,-0.55738429924593,0.578633374763219,"con","ALL","6","p","6p",0,1,"LUAD","Endothelial"
"2499","6p21.2",-0.0253858408772618,-0.27056917122217,0.787335134043582,"con","ALL","6","p","6p",0,1,"LUAD","Endothelial"
"2500","6p21.1",-0.00784272775260052,-0.0691264521207733,0.945040638747704,"con","ALL","6","p","6p",0,1,"LUAD","Endothelial"
"2501","6p12.1",0.0313776490699844,0.248450351413951,0.804345807751002,"con","ALL","6","p","6p",0,1,"LUAD","Endothelial"
"2502","6q12",0.0376302735732621,0.316551780785206,0.75230874017718,"con","ALL","6","q","6q",0,1,"LUAD","Endothelial"
"2503","6q13",0.0340768249840572,0.296430430676889,0.767576867382888,"con","ALL","6","q","6q",0,1,"LUAD","Endothelial"
"2504","6q14.1",0.00811673350217317,0.0769719958878949,0.938814805839635,"con","ALL","6","q","6q",0,1,"LUAD","Endothelial"
"2505","6q14.3",-0.0123143849719296,-0.132800450176451,0.894644415030358,"con","ALL","6","q","6q",0,1,"LUAD","Endothelial"
"2506","6q15",-0.0204532199508495,-0.235536231989432,0.814321820408467,"con","ALL","6","q","6q",0,1,"LUAD","Endothelial"
"2507","6q16.1",-0.0256005339582225,-0.308088372185223,0.758719188932808,"con","ALL","6","q","6q",0,1,"LUAD","Endothelial"
"2508","6q16.2",-0.0327588255382128,-0.410151126538058,0.682659111187929,"con","ALL","6","q","6q",0,1,"LUAD","Endothelial"
"2509","6q21",-0.0404411527889369,-0.533193532834427,0.595199445867091,"con","ALL","6","q","6q",0,-1,"LUAD","Endothelial"
"2510","6q22.1",-0.0528275199550245,-0.715853653136539,0.475914627217548,"con","ALL","6","q","6q",0,-1,"LUAD","Endothelial"
"2511","6q22.31",-0.0579940456738649,-0.771805792941737,0.442229144295318,"con","ALL","6","q","6q",0,-1,"LUAD","Endothelial"
"2512","6q22.33",-0.0647897761786177,-0.84461840815025,0.400539012102166,"con","ALL","6","q","6q",0,-1,"LUAD","Endothelial"
"2513","6q23.2",-0.0682880222586425,-0.88425018921999,0.378891495129712,"con","ALL","6","q","6q",0,-1,"LUAD","Endothelial"
"2514","6q23.3",-0.0700070764401273,-0.895675433152863,0.372789295722904,"con","ALL","6","q","6q",0,-1,"LUAD","Endothelial"
"2515","6q24.1",-0.072221604894225,-0.915390233421982,0.362406143135249,"con","ALL","6","q","6q",0,-1,"LUAD","Endothelial"
"2516","6q24.2",-0.0710882187629992,-0.902651640755585,0.369093922471304,"con","ALL","6","q","6q",0,-1,"LUAD","Endothelial"
"2517","6q25.1",-0.0711676758535768,-0.924463625612399,0.357689952249241,"con","ALL","6","q","6q",0,-1,"LUAD","Endothelial"
"2518","6q25.3",-0.0666087284880605,-0.905712820768112,0.367479717696631,"con","ALL","6","q","6q",0,1,"LUAD","Endothelial"
"2519","6q27",-0.0671002660954057,-0.934683766070459,0.35242495495381,"con","ALL","6","q","6q",0,1,"LUAD","Endothelial"
"2520","7p22.3",-0.0920894755416668,-2.20367838423501,0.030070701197736,"con","ALL","7","p","7p",-0.285258118253701,1,"LUAD","Endothelial"
"2521","7p22.1",-0.0907443347185835,-2.22053662788954,0.0288651185353607,"con","ALL","7","p","7p",-0.285258118253701,1,"LUAD","Endothelial"
"2522","7p21.3",-0.0934360328332351,-2.31162500640764,0.0230559292140066,"con","ALL","7","p","7p",-0.313468867656837,1,"LUAD","Endothelial"
"2523","7p21.1",-0.0947897865888029,-2.33916566963487,0.0215156793985137,"con","ALL","7","p","7p",-0.321179817812016,1,"LUAD","Endothelial"
"2524","7p15.3",-0.0978271766415789,-2.39136455459255,0.0188444272597809,"con","ALL","7","p","7p",-0.331432627184026,1,"LUAD","Endothelial"
"2525","7p15.2",-0.099951757256559,-2.43173231253205,0.0169851799011705,"con","ALL","7","p","7p",-0.355143339684053,1,"LUAD","Endothelial"
"2526","7p14.3",-0.104948011024905,-2.49959716803292,0.0142257791030861,"con","ALL","7","p","7p",-0.370565273838244,1,"LUAD","Endothelial"
"2527","7p14.2",-0.108244874303285,-2.54687839906205,0.0125483282831601,"con","ALL","7","p","7p",-0.371427642455084,1,"LUAD","Endothelial"
"2528","7p14.1",-0.112258793598811,-2.60328068812093,0.0107814903247304,"con","ALL","7","p","7p",-0.371427642455084,1,"LUAD","Endothelial"
"2529","7p13",-0.118001449829068,-2.66678310124763,0.00906369017806955,"con","ALL","7","p","7p",-0.371427642455084,1,"LUAD","Endothelial"
"2530","7p12.3",-0.121760408553801,-2.63948830627172,0.00976907990598476,"con","ALL","7","p","7p",-0.371427642455084,1,"LUAD","Endothelial"
"2531","7p11.2",-0.124477770074095,-2.59549869079994,0.0110110953349207,"con","ALL","7","p","7p",-0.371427642455084,1,"LUAD","Endothelial"
"2532","7q11.21",-0.128040095705642,-2.51011831310821,0.0138360096181089,"con","ALL","7","q","7q",-0.370565273838244,1,"LUAD","Endothelial"
"2533","7q11.23",-0.145218430165047,-2.35108919538643,0.0208775803501587,"con","ALL","7","q","7q",-0.321179817812016,1,"LUAD","Endothelial"
"2534","7q21.12",-0.144765042584808,-2.1287841661082,0.0359734710249092,"con","ALL","7","q","7q",-0.244033022697679,1,"LUAD","Endothelial"
"2535","7q21.2",-0.14522556005879,-1.98983215665128,0.0496111404796522,"con","ALL","7","q","7q",-0.192761199214445,1,"LUAD","Endothelial"
"2536","7q21.3",-0.134775782606881,-1.75665164867923,0.0823410731321788,"con","ALL","7","q","7q",-0.100123222489096,1,"LUAD","Endothelial"
"2537","7q22.1",-0.0880317327578438,-1.0529997575952,0.295129113062441,"con","ALL","7","q","7q",0,1,"LUAD","Endothelial"
"2538","7q22.3",-0.0643747106700314,-0.699769547016351,0.485856257297077,"con","ALL","7","q","7q",0,1,"LUAD","Endothelial"
"2539","7q31.1",-0.0824377088373608,-0.862550244009224,0.390652257764372,"con","ALL","7","q","7q",0,1,"LUAD","Endothelial"
"2540","7q31.2",-0.10673471813743,-1.10288046684753,0.272987219645467,"con","ALL","7","q","7q",0,1,"LUAD","Endothelial"
"2541","7q31.31",-0.120335661804313,-1.24090616474156,0.217829958530828,"con","ALL","7","q","7q",0,1,"LUAD","Endothelial"
"2542","7q31.32",-0.132631499209784,-1.35794503321843,0.177838668172357,"con","ALL","7","q","7q",0,1,"LUAD","Endothelial"
"2543","7q32.1",-0.171677312356193,-1.72845235106947,0.0872988116887256,"con","ALL","7","q","7q",-0.0936961323489411,-1,"LUAD","Endothelial"
"2544","7q32.2",-0.183861152685002,-1.83511098559911,0.0697560571080634,"con","ALL","7","q","7q",-0.133699568874446,-1,"LUAD","Endothelial"
"2545","7q33",-0.207632484851193,-2.06980789438241,0.0413047436852041,"con","ALL","7","q","7q",-0.209080174324606,-1,"LUAD","Endothelial"
"2546","7q34",-0.223204370095888,-2.25684322785258,0.0264114959378164,"con","ALL","7","q","7q",-0.285492731314007,1,"LUAD","Endothelial"
"2547","7q36.1",-0.229004039721866,-2.42986605829996,0.0170673885166694,"con","ALL","7","q","7q",-0.355143339684053,1,"LUAD","Endothelial"
"2548","7q36.3",-0.230374103027663,-2.54228589810969,0.0127030793968906,"con","ALL","7","q","7q",-0.371427642455084,1,"LUAD","Endothelial"
"2549","8p23.3",0.0124604964888637,0.140392263641739,0.888660358274316,"con","ALL","8","p","8p",0,1,"LUAD","Endothelial"
"2550","8p22",0.0355624025591061,0.388858669058246,0.698289078686885,"con","ALL","8","p","8p",0,1,"LUAD","Endothelial"
"2551","8p21.3",0.0542946437803015,0.56784138141455,0.571541074940752,"con","ALL","8","p","8p",0,1,"LUAD","Endothelial"
"2552","8p21.2",0.047224341969187,0.475193325293311,0.635787777063285,"con","ALL","8","p","8p",0,1,"LUAD","Endothelial"
"2553","8p21.1",0.0618687593306194,0.611081006280185,0.542669387533318,"con","ALL","8","p","8p",0,1,"LUAD","Endothelial"
"2554","8p12",0.0715062848810982,0.689647395979516,0.492170882737111,"con","ALL","8","p","8p",0,1,"LUAD","Endothelial"
"2555","8p11.23",0.107078005135566,0.997251909762215,0.321286666774605,"con","ALL","8","p","8p",0,1,"LUAD","Endothelial"
"2556","8p11.22",0.122172258990973,1.1447081604732,0.25533194940532,"con","ALL","8","p","8p",0,1,"LUAD","Endothelial"
"2557","8p11.21",0.116403379107429,1.12018143269597,0.265584187364696,"con","ALL","8","p","8p",0,1,"LUAD","Endothelial"
"2558","8q11.21",0.111381074147537,1.14215783370354,0.256384780224917,"con","ALL","8","q","8q",0,1,"LUAD","Endothelial"
"2559","8q11.23",0.103465191663041,1.09952132858213,0.274441061727601,"con","ALL","8","q","8q",0,1,"LUAD","Endothelial"
"2560","8q12.1",0.0954536758268213,1.08866742170355,0.279175364588945,"con","ALL","8","q","8q",0,1,"LUAD","Endothelial"
"2561","8q12.3",0.094845488754846,1.14289992702202,0.256078112161343,"con","ALL","8","q","8q",0,1,"LUAD","Endothelial"
"2562","8q13.1",0.0868901401866913,1.08697529635372,0.279918500114999,"con","ALL","8","q","8q",0,1,"LUAD","Endothelial"
"2563","8q13.3",0.0831489618769895,1.07235764692583,0.286395064645997,"con","ALL","8","q","8q",0,1,"LUAD","Endothelial"
"2564","8q21.11",0.0735552661352326,0.99677857667938,0.321515159400315,"con","ALL","8","q","8q",0,1,"LUAD","Endothelial"
"2565","8q21.13",0.0468326757489947,0.699769027141877,0.485856580468654,"con","ALL","8","q","8q",0,1,"LUAD","Endothelial"
"2566","8q21.3",0.0243630338015735,0.402627229598309,0.688166749105199,"con","ALL","8","q","8q",0,1,"LUAD","Endothelial"
"2567","8q22.1",0.0120396919700126,0.223335539190736,0.823774954211126,"con","ALL","8","q","8q",0,1,"LUAD","Endothelial"
"2568","8q22.2",0.00988266838685007,0.194969800779453,0.845851232752625,"con","ALL","8","q","8q",0,1,"LUAD","Endothelial"
"2569","8q22.3",0.00708878466944549,0.145277294787117,0.884813240267219,"con","ALL","8","q","8q",0,1,"LUAD","Endothelial"
"2570","8q23.1",0.007161293918471,0.151430697044525,0.879971176655202,"con","ALL","8","q","8q",0,1,"LUAD","Endothelial"
"2571","8q23.2",0.00746621404082728,0.158947632792281,0.874062362572812,"con","ALL","8","q","8q",0,1,"LUAD","Endothelial"
"2572","8q24.11",0.00817541338415083,0.175500190581916,0.861076549105217,"con","ALL","8","q","8q",0,1,"LUAD","Endothelial"
"2573","8q24.12",0.00943570994809052,0.206217022036469,0.837082064214199,"con","ALL","8","q","8q",0,1,"LUAD","Endothelial"
"2574","8q24.13",0.0120454391988635,0.268630905560825,0.788821788254864,"con","ALL","8","q","8q",0,1,"LUAD","Endothelial"
"2575","8q24.22",0.0161882843029177,0.373110682141013,0.709933781611517,"con","ALL","8","q","8q",0,1,"LUAD","Endothelial"
"2576","8q24.3",0.025893858334481,0.621997405000396,0.535498884096802,"con","ALL","8","q","8q",0,1,"LUAD","Endothelial"
"2577","9p24.1",0.0180709897282829,0.323729198009995,0.74688589744786,"con","ALL","9","p","9p",0,-1,"LUAD","Endothelial"
"2578","9p22.3",0.0155286799363367,0.275310217477882,0.783702069696374,"con","ALL","9","p","9p",0,-1,"LUAD","Endothelial"
"2579","9p22.1",0.0103298804989667,0.1848275983418,0.853775557969224,"con","ALL","9","p","9p",0,-1,"LUAD","Endothelial"
"2580","9p21.1",0.00638133674821236,0.103587222647085,0.917724878504729,"con","ALL","9","p","9p",0,-1,"LUAD","Endothelial"
"2581","9p13.3",-0.0106007782437891,-0.145765871202373,0.884428620990687,"con","ALL","9","p","9p",0,-1,"LUAD","Endothelial"
"2582","9p13.2",-0.0287765916031058,-0.337099062962274,0.736818476709369,"con","ALL","9","p","9p",0,-1,"LUAD","Endothelial"
"2583","9q21.12",-0.0125768204137524,-0.131101422501395,0.895984478681967,"con","ALL","9","q","9q",0,-1,"LUAD","Endothelial"
"2584","9q21.13",0.00790694196484636,0.0749055290782082,0.940454298145316,"con","ALL","9","q","9q",0,-1,"LUAD","Endothelial"
"2585","9q21.2",0.0491714938910082,0.404921375309827,1,"con","ALL","9","q","9q",0,-1,"LUAD","Endothelial"
"2586","9q21.31",0.0532673272203845,0.433726862477788,1,"con","ALL","9","q","9q",0,-1,"LUAD","Endothelial"
"2587","9q21.32",0.0526620619808505,0.422023748558257,1,"con","ALL","9","q","9q",0,-1,"LUAD","Endothelial"
"2588","9q21.33",0.0778819217257957,0.61914947749889,1,"con","ALL","9","q","9q",0,-1,"LUAD","Endothelial"
"2589","9q22.2",0.103336059216917,0.824738894190092,1,"con","ALL","9","q","9q",0,-1,"LUAD","Endothelial"
"2590","9q22.31",0.142770947186281,1.17393340596529,1,"con","ALL","9","q","9q",0,-1,"LUAD","Endothelial"
"2591","9q22.32",0.157081709877507,1.3080393425108,1,"con","ALL","9","q","9q",0,-1,"LUAD","Endothelial"
"2592","9q22.33",0.169018375344476,1.48223495696269,1,"con","ALL","9","q","9q",0,-1,"LUAD","Endothelial"
"2593","9q31.1",0.173195183685549,1.65242045419613,0.101895303300196,"con","ALL","9","q","9q",0.0567327648490968,-1,"LUAD","Endothelial"
"2594","9q31.2",0.174605797620469,1.79169201943146,0.0765063214177552,"con","ALL","9","q","9q",0.104881170536097,-1,"LUAD","Endothelial"
"2595","9q31.3",0.172299590886698,1.84041526804254,0.0689665499449995,"con","ALL","9","q","9q",0.133699568874446,-1,"LUAD","Endothelial"
"2596","9q32",0.183207356376214,1.91632909682739,0.05846181242773,"con","ALL","9","q","9q",0.140773290098807,-1,"LUAD","Endothelial"
"2597","9q33.2",0.199280133434994,1.91934431340406,0.0580741159176287,"con","ALL","9","q","9q",0.140773290098807,-1,"LUAD","Endothelial"
"2598","9q33.3",0.187992998568974,1.72871972924654,0.0872506785550592,"con","ALL","9","q","9q",0.0936961323489411,-1,"LUAD","Endothelial"
"2599","9q34.11",0.160966668760141,1.38005943655571,0.170949493009176,"con","ALL","9","q","9q",0,-1,"LUAD","Endothelial"
"2600","9q34.13",0.141423156868178,1.19966635167605,0.233383105449779,"con","ALL","9","q","9q",0,-1,"LUAD","Endothelial"
"2601","9q34.3",0.09982820432656,0.972110482290669,0.333572476724891,"con","ALL","9","q","9q",0,1,"LUAD","Endothelial"
"2602","10p15.3",-0.0443664748893838,-0.683950357054739,0.49574452412512,"con","ALL","10","p","10p",0,-1,"LUAD","Endothelial"
"2603","10p14",-0.0659164089601051,-0.852764083460277,0.396029065705522,"con","ALL","10","p","10p",0,-1,"LUAD","Endothelial"
"2604","10p13",-0.0558776541375798,-0.645813649106042,0.520025265778952,"con","ALL","10","p","10p",0,-1,"LUAD","Endothelial"
"2605","10p12.2",-0.0290549126600939,-0.291578671091053,0.771272413901778,"con","ALL","10","p","10p",0,-1,"LUAD","Endothelial"
"2606","10p12.1",-0.011025637428988,-0.100844109970878,0.919896063936542,"con","ALL","10","p","10p",0,-1,"LUAD","Endothelial"
"2607","10p11.22",0.0400048196484156,0.337925822520691,0.736197416445719,"con","ALL","10","p","10p",0,-1,"LUAD","Endothelial"
"2608","10q11.21",0.116819642173253,0.893062173622898,0.374179545806243,"con","ALL","10","q","10q",0,-1,"LUAD","Endothelial"
"2609","10q11.22",0.148978070977141,1.10598067125507,0.271650204075572,"con","ALL","10","q","10q",0,-1,"LUAD","Endothelial"
"2610","10q21.1",0.163779381413408,1.19596043790217,0.234818999770241,"con","ALL","10","q","10q",0,-1,"LUAD","Endothelial"
"2611","10q21.3",0.192804086445344,1.33394734871321,1,"con","ALL","10","q","10q",0,-1,"LUAD","Endothelial"
"2612","10q22.1",0.227574119343991,1.39835002493048,1,"con","ALL","10","q","10q",0,1,"LUAD","Endothelial"
"2613","10q22.2",0.23118390073893,1.29219882214236,1,"con","ALL","10","q","10q",0,1,"LUAD","Endothelial"
"2614","10q22.3",0.262488478774813,1.46482588186376,1,"con","ALL","10","q","10q",0,1,"LUAD","Endothelial"
"2615","10q23.1",0.284687058994479,1.58484799305331,1,"con","ALL","10","q","10q",0,1,"LUAD","Endothelial"
"2616","10q23.2",0.283051886004915,1.57356944776851,1,"con","ALL","10","q","10q",0,1,"LUAD","Endothelial"
"2617","10q23.31",0.279085098196594,1.53742122840297,1,"con","ALL","10","q","10q",0,-1,"LUAD","Endothelial"
"2618","10q23.32",0.272357860284844,1.4958327462881,1,"con","ALL","10","q","10q",0,-1,"LUAD","Endothelial"
"2619","10q24.1",0.277846611300083,1.58175264177708,1,"con","ALL","10","q","10q",0,-1,"LUAD","Endothelial"
"2620","10q24.2",0.268620884791045,1.54257327134192,1,"con","ALL","10","q","10q",0,-1,"LUAD","Endothelial"
"2621","10q24.31",0.251627582179195,1.5128961148586,1,"con","ALL","10","q","10q",0,-1,"LUAD","Endothelial"
"2622","10q24.32",0.220342313547508,1.35710181133194,0.178105451880487,"con","ALL","10","q","10q",0,-1,"LUAD","Endothelial"
"2623","10q25.1",0.209481129781272,1.28789884983208,0.201046628955728,"con","ALL","10","q","10q",0,-1,"LUAD","Endothelial"
"2624","10q25.2",0.236719959664096,1.44592709959341,0.151633021285516,"con","ALL","10","q","10q",0,-1,"LUAD","Endothelial"
"2625","10q25.3",0.228394386685564,1.39205351163518,1,"con","ALL","10","q","10q",0,-1,"LUAD","Endothelial"
"2626","10q26.11",0.251379081171867,1.51966835214593,1,"con","ALL","10","q","10q",0,-1,"LUAD","Endothelial"
"2627","10q26.13",0.159746317964846,1.09382763486754,1,"con","ALL","10","q","10q",0,-1,"LUAD","Endothelial"
"2628","10q26.3",0.124629477431866,0.946176089243436,0.346564454174454,"con","ALL","10","q","10q",0,-1,"LUAD","Endothelial"
"2629","11p15.5",0.0688757390676706,1.09840183118136,0.274926774829133,"con","ALL","11","p","11p",0,-1,"LUAD","Endothelial"
"2630","11p15.4",0.0950992992671961,0.9939537146571,0.322881050562428,"con","ALL","11","p","11p",0,-1,"LUAD","Endothelial"
"2631","11p15.3",0.106860919987088,0.957373028263043,0.34091561004022,"con","ALL","11","p","11p",0,-1,"LUAD","Endothelial"
"2632","11p15.2",0.115930615349787,0.95996369239405,0.339617208712822,"con","ALL","11","p","11p",0,-1,"LUAD","Endothelial"
"2633","11p15.1",0.102876198318407,0.766269607227636,0.445499095158421,"con","ALL","11","p","11p",0,-1,"LUAD","Endothelial"
"2634","11p14.3",0.0924873634585882,0.601556295436063,0.548965245446549,"con","ALL","11","p","11p",0,-1,"LUAD","Endothelial"
"2635","11p13",0.0263364508311325,0.133774038621106,1,"con","ALL","11","p","11p",0,-1,"LUAD","Endothelial"
"2636","11p12",0.0498555419976333,0.220191155050012,1,"con","ALL","11","p","11p",0,-1,"LUAD","Endothelial"
"2637","11p11.2",0.129280986296525,0.487083396338707,1,"con","ALL","11","p","11p",0,1,"LUAD","Endothelial"
"2638","11q12.1",0.289702092511875,0.963008859887599,1,"con","ALL","11","q","11q",0,1,"LUAD","Endothelial"
"2639","11q12.2",0.153499905481944,0.589558646702737,1,"con","ALL","11","q","11q",0,1,"LUAD","Endothelial"
"2640","11q12.3",0.0253196157769081,0.111965224906922,1,"con","ALL","11","q","11q",0,1,"LUAD","Endothelial"
"2641","11q13.1",-0.0210229171686865,-0.11539600788579,1,"con","ALL","11","q","11q",0,1,"LUAD","Endothelial"
"2642","11q13.2",0.0867573260873816,0.718957987504229,0.474008963981783,"con","ALL","11","q","11q",0,1,"LUAD","Endothelial"
"2643","11q13.3",0.0936173192064988,0.948718049619433,0.345276750831315,"con","ALL","11","q","11q",0,1,"LUAD","Endothelial"
"2644","11q13.4",0.115768915627077,1.11108802964999,0.269457523775108,"con","ALL","11","q","11q",0,1,"LUAD","Endothelial"
"2645","11q13.5",0.140509263643613,1.29978531182068,0.196957453814422,"con","ALL","11","q","11q",0,1,"LUAD","Endothelial"
"2646","11q14.1",0.204748786601053,1.55946200118732,0.122358231987002,"con","ALL","11","q","11q",0.0264862603079663,-1,"LUAD","Endothelial"
"2647","11q14.2",0.263754849850155,1.77684571927756,1,"con","ALL","11","q","11q",0,-1,"LUAD","Endothelial"
"2648","11q14.3",0.29180083245424,1.87552424945357,1,"con","ALL","11","q","11q",0,-1,"LUAD","Endothelial"
"2649","11q21",0.313559584087628,1.90131974050563,1,"con","ALL","11","q","11q",0,-1,"LUAD","Endothelial"
"2650","11q22.2",0.333420176172989,2.01480756121156,1,"con","ALL","11","q","11q",0,-1,"LUAD","Endothelial"
"2651","11q22.3",0.308924808695101,1.95022739476917,1,"con","ALL","11","q","11q",0,-1,"LUAD","Endothelial"
"2652","11q23.1",0.263209779265057,1.84678323666284,0.0680285916387676,"con","ALL","11","q","11q",0.133699568874446,-1,"LUAD","Endothelial"
"2653","11q23.2",0.238781279406905,1.7850364462471,0.077587428013845,"con","ALL","11","q","11q",0.104881170536097,-1,"LUAD","Endothelial"
"2654","11q23.3",0.194699673459094,1.60810778659157,0.111275751811203,"con","ALL","11","q","11q",0.0444402408519597,-1,"LUAD","Endothelial"
"2655","11q24.1",0.135655659485361,1.35446752716572,0.178940853530079,"con","ALL","11","q","11q",0,-1,"LUAD","Endothelial"
"2656","11q24.2",0.126850200903349,1.31128999187135,0.193058885435616,"con","ALL","11","q","11q",0,1,"LUAD","Endothelial"
"2657","11q24.3",0.123016705361887,1.34624198348149,0.181568460880044,"con","ALL","11","q","11q",0,1,"LUAD","Endothelial"
"2658","11q25",0.116846341735981,1.3241882965223,0.18875691561651,"con","ALL","11","q","11q",0,1,"LUAD","Endothelial"
"2659","12p13.33",0.0106652303430158,0.187408634736478,0.851757480668397,"con","ALL","12","p","12p",0,1,"LUAD","Endothelial"
"2660","12p13.32",0.0103917389675246,0.178360663496183,0.858836211405354,"con","ALL","12","p","12p",0,1,"LUAD","Endothelial"
"2661","12p13.31",0.010290574377915,0.159237227810002,0.873834862078103,"con","ALL","12","p","12p",0,-1,"LUAD","Endothelial"
"2662","12p13.2",0.0145182945656615,0.181005898993577,0.856765476193542,"con","ALL","12","p","12p",0,-1,"LUAD","Endothelial"
"2663","12p13.1",0.0215998337594761,0.247857162747842,0.804803343934234,"con","ALL","12","p","12p",0,-1,"LUAD","Endothelial"
"2664","12p12.3",0.0219753772055673,0.238762575123139,0.81182656715729,"con","ALL","12","p","12p",0,-1,"LUAD","Endothelial"
"2665","12p12.1",0.0292604116068292,0.26770278668356,0.789533934819867,"con","ALL","12","p","12p",0,1,"LUAD","Endothelial"
"2666","12p11.23",0.0304417298467564,0.245249533975974,1,"con","ALL","12","p","12p",0,1,"LUAD","Endothelial"
"2667","12p11.22",0.0375760327798944,0.27480659604866,1,"con","ALL","12","p","12p",0,1,"LUAD","Endothelial"
"2668","12q12",0.0868573370161815,0.555279470193597,1,"con","ALL","12","q","12q",0,1,"LUAD","Endothelial"
"2669","12q13.11",0.136620071093211,0.830595242856713,1,"con","ALL","12","q","12q",0,1,"LUAD","Endothelial"
"2670","12q13.12",0.222649118057413,1.3135542469648,0.192298435343065,"con","ALL","12","q","12q",0,1,"LUAD","Endothelial"
"2671","12q13.13",0.161695714966139,1.1548725370723,0.251166238239116,"con","ALL","12","q","12q",0,1,"LUAD","Endothelial"
"2672","12q13.2",0.0270147627381697,0.263589484217046,0.792692219852658,"con","ALL","12","q","12q",0,1,"LUAD","Endothelial"
"2673","12q13.3",-0.0206762977540317,-0.261841004868849,0.794035792396812,"con","ALL","12","q","12q",0,1,"LUAD","Endothelial"
"2674","12q14.1",-0.0353430788299449,-0.496193222542399,0.620954484667293,"con","ALL","12","q","12q",0,1,"LUAD","Endothelial"
"2675","12q14.3",-0.0411683158507741,-0.581958362268732,0.562033716552246,"con","ALL","12","q","12q",0,1,"LUAD","Endothelial"
"2676","12q15",-0.0424865617235955,-0.590053986238977,0.556616827918345,"con","ALL","12","q","12q",0,1,"LUAD","Endothelial"
"2677","12q21.1",-0.0488490911401747,-0.6039192906295,0.547399887796917,"con","ALL","12","q","12q",0,-1,"LUAD","Endothelial"
"2678","12q21.2",-0.0620145499791901,-0.694028466288019,0.489432305780001,"con","ALL","12","q","12q",0,-1,"LUAD","Endothelial"
"2679","12q21.31",-0.0677501659741022,-0.692603010761384,0.490322431870858,"con","ALL","12","q","12q",0,-1,"LUAD","Endothelial"
"2680","12q21.33",-0.0740712451784358,-0.708025590499759,0.480738958950518,"con","ALL","12","q","12q",0,-1,"LUAD","Endothelial"
"2681","12q22",-0.0884980551302365,-0.812892551764509,0.418401324597734,"con","ALL","12","q","12q",0,-1,"LUAD","Endothelial"
"2682","12q23.1",-0.0931405273722371,-0.851630800571993,0.396654647394976,"con","ALL","12","q","12q",0,-1,"LUAD","Endothelial"
"2683","12q23.2",-0.0881014394240598,-0.812303874750445,0.418737206045494,"con","ALL","12","q","12q",0,-1,"LUAD","Endothelial"
"2684","12q23.3",-0.0770957163390368,-0.732553333281212,0.465713587609946,"con","ALL","12","q","12q",0,-1,"LUAD","Endothelial"
"2685","12q24.11",-0.0468819969692959,-0.481179527433995,0.631543909811622,"con","ALL","12","q","12q",0,-1,"LUAD","Endothelial"
"2686","12q24.13",-0.0404826943308245,-0.424664710678138,0.672083490180786,"con","ALL","12","q","12q",0,-1,"LUAD","Endothelial"
"2687","12q24.23",-0.0444830501319985,-0.46449016890897,0.643405998954081,"con","ALL","12","q","12q",0,-1,"LUAD","Endothelial"
"2688","12q24.31",-0.0317644892559149,-0.319542022446495,0.750047957632287,"con","ALL","12","q","12q",0,-1,"LUAD","Endothelial"
"2689","12q24.33",-0.02310521607979,-0.22008280852254,0.826299635982414,"con","ALL","12","q","12q",0,-1,"LUAD","Endothelial"
"2690","13q12.11",0.0206853822998215,0.328507275342295,0.743282888519308,"con","ALL","13","q","13q",0,-1,"LUAD","Endothelial"
"2691","13q12.2",0.0287719561381556,0.462207530694923,0.64503569786114,"con","ALL","13","q","13q",0,-1,"LUAD","Endothelial"
"2692","13q12.3",0.0356964874985002,0.564459666820379,0.573830050404417,"con","ALL","13","q","13q",0,-1,"LUAD","Endothelial"
"2693","13q13.1",0.0416422683144959,0.643010597470979,0.521834189942818,"con","ALL","13","q","13q",0,-1,"LUAD","Endothelial"
"2694","13q13.3",0.0457147006342338,0.687067279110476,0.493787597285313,"con","ALL","13","q","13q",0,-1,"LUAD","Endothelial"
"2695","13q14.11",0.0514541745509472,0.757154025961238,0.450913624024265,"con","ALL","13","q","13q",0,-1,"LUAD","Endothelial"
"2696","13q14.12",0.0516572775855611,0.746769829005616,0.45712758687566,"con","ALL","13","q","13q",0,-1,"LUAD","Endothelial"
"2697","13q14.13",0.0501538177299535,0.719920374467135,0.473419048639069,"con","ALL","13","q","13q",0,-1,"LUAD","Endothelial"
"2698","13q14.2",0.0519066153899523,0.720678364107743,0.472954712065045,"con","ALL","13","q","13q",0,-1,"LUAD","Endothelial"
"2699","13q14.3",0.0558058554051685,0.708249570413554,0.480600547745017,"con","ALL","13","q","13q",0,-1,"LUAD","Endothelial"
"2700","13q21.33",0.0575609256319808,0.713720571005606,0.477226537177198,"con","ALL","13","q","13q",0,-1,"LUAD","Endothelial"
"2701","13q22.2",0.0594620766051792,0.72392441058625,0.47096910257704,"con","ALL","13","q","13q",0,-1,"LUAD","Endothelial"
"2702","13q22.3",0.0627627065866581,0.751529373179526,0.454273397207845,"con","ALL","13","q","13q",0,-1,"LUAD","Endothelial"
"2703","13q31.1",0.0633285040801674,0.751854147840697,0.454079010158243,"con","ALL","13","q","13q",0,-1,"LUAD","Endothelial"
"2704","13q32.1",0.063255508303747,0.749989574578234,0.455195660029817,"con","ALL","13","q","13q",0,-1,"LUAD","Endothelial"
"2705","13q32.2",0.0650516131380162,0.761642455084826,0.448242839553081,"con","ALL","13","q","13q",0,-1,"LUAD","Endothelial"
"2706","13q32.3",0.064763713766562,0.76068919587756,0.448809299621736,"con","ALL","13","q","13q",0,-1,"LUAD","Endothelial"
"2707","13q33.3",0.0647588536669536,0.755117202120813,0.452128625378049,"con","ALL","13","q","13q",0,-1,"LUAD","Endothelial"
"2708","13q34",0.0695184797497569,0.817254427496088,0.415917596656571,"con","ALL","13","q","13q",0,-1,"LUAD","Endothelial"
"2709","14q11.2",0.0128749665884951,0.128418169838396,0.898101437124118,"con","ALL","14","q","14q",0,1,"LUAD","Endothelial"
"2710","14q12",0.05509998077589,0.573810611515636,0.567511499180198,"con","ALL","14","q","14q",0,1,"LUAD","Endothelial"
"2711","14q13.1",0.0521806276926676,0.55999567028453,0.576858332291789,"con","ALL","14","q","14q",0,1,"LUAD","Endothelial"
"2712","14q13.2",0.0458765929092884,0.508614226322061,0.612253549101774,"con","ALL","14","q","14q",0,1,"LUAD","Endothelial"
"2713","14q13.3",0.0418194417014826,0.475588599269037,0.63550717369323,"con","ALL","14","q","14q",0,1,"LUAD","Endothelial"
"2714","14q21.1",0.0419041698304346,0.477904412991271,0.633864256892302,"con","ALL","14","q","14q",0,1,"LUAD","Endothelial"
"2715","14q21.2",0.0372458616133781,0.43386989960498,0.665409803711491,"con","ALL","14","q","14q",0,1,"LUAD","Endothelial"
"2716","14q21.3",0.0266462968518413,0.319370091571605,0.750177887658638,"con","ALL","14","q","14q",0,1,"LUAD","Endothelial"
"2717","14q22.1",0.0217691600902499,0.267897512086079,0.789384506981306,"con","ALL","14","q","14q",0,1,"LUAD","Endothelial"
"2718","14q22.3",0.011760298942742,0.148724164529793,0.882100374875414,"con","ALL","14","q","14q",0,1,"LUAD","Endothelial"
"2719","14q23.1",0.0039243795756925,0.0519143541253861,0.95871072662559,"con","ALL","14","q","14q",0,1,"LUAD","Endothelial"
"2720","14q23.2",-0.000396345856800184,-0.00533872098441147,0.995752023484183,"con","ALL","14","q","14q",0,1,"LUAD","Endothelial"
"2721","14q23.3",-0.00147989767090714,-0.0199370990335949,0.984137200006787,"con","ALL","14","q","14q",0,1,"LUAD","Endothelial"
"2722","14q24.1",-0.00440553515293388,-0.0595440494673041,0.952649349567955,"con","ALL","14","q","14q",0,1,"LUAD","Endothelial"
"2723","14q24.2",-0.00403251088596894,-0.0540855467252828,0.956985569826815,"con","ALL","14","q","14q",0,1,"LUAD","Endothelial"
"2724","14q24.3",0.00133483915349844,0.0164783602690435,0.986888840750626,"con","ALL","14","q","14q",0,1,"LUAD","Endothelial"
"2725","14q32.11",0.0120548964776292,0.135981336339252,0.892136398857589,"con","ALL","14","q","14q",0,1,"LUAD","Endothelial"
"2726","14q32.12",0.0167547563221867,0.183643413024439,0.854701782847268,"con","ALL","14","q","14q",0,1,"LUAD","Endothelial"
"2727","14q32.2",0.0423292286269333,0.449126508182805,0.654408206741763,"con","ALL","14","q","14q",0,1,"LUAD","Endothelial"
"2728","14q32.31",0.0548260101794604,0.577686017763404,0.564902800331805,"con","ALL","14","q","14q",0,1,"LUAD","Endothelial"
"2729","14q32.32",0.0879967550576474,0.920292020779435,0.359853382568701,"con","ALL","14","q","14q",0,1,"LUAD","Endothelial"
"2730","14q32.33",0.113645682115328,1.25884141132493,0.211307424295609,"con","ALL","14","q","14q",0,1,"LUAD","Endothelial"
"2731","15q14",0.000413903334200589,0.0061187042993885,0.995131404486544,"con","ALL","15","q","15q",0,-1,"LUAD","Endothelial"
"2732","15q15.1",-0.0125839684923409,-0.192445724188048,0.847821901347893,"con","ALL","15","q","15q",0,-1,"LUAD","Endothelial"
"2733","15q15.2",-0.0196443558135886,-0.309607126569758,0.757567580548125,"con","ALL","15","q","15q",0,-1,"LUAD","Endothelial"
"2734","15q15.3",-0.0214898042249091,-0.340505241697992,0.734260889044973,"con","ALL","15","q","15q",0,-1,"LUAD","Endothelial"
"2735","15q21.1",-0.0248702655640682,-0.390344862622459,0.697193793566952,"con","ALL","15","q","15q",0,-1,"LUAD","Endothelial"
"2736","15q21.2",-0.0327172894621051,-0.499228516621702,0.618823209502893,"con","ALL","15","q","15q",0,-1,"LUAD","Endothelial"
"2737","15q21.3",-0.0395418538075057,-0.598875006147214,0.550744171221177,"con","ALL","15","q","15q",0,-1,"LUAD","Endothelial"
"2738","15q22.1",-0.0452935442973047,-0.678938349577514,0.4989000641578,"con","ALL","15","q","15q",0,-1,"LUAD","Endothelial"
"2739","15q22.2",-0.0407935513174217,-0.588446708451018,0.557690217573667,"con","ALL","15","q","15q",0,-1,"LUAD","Endothelial"
"2740","15q22.31",-0.0376317885549815,-0.501406706016593,0.617295767006351,"con","ALL","15","q","15q",0,-1,"LUAD","Endothelial"
"2741","15q23",-0.0339408219841016,-0.412537182559246,0.680916036221852,"con","ALL","15","q","15q",0,-1,"LUAD","Endothelial"
"2742","15q24.1",-0.0427249449091454,-0.491020292580687,0.624594187022042,"con","ALL","15","q","15q",0,-1,"LUAD","Endothelial"
"2743","15q24.2",-0.0497857699344499,-0.554292164645185,0.580738577397388,"con","ALL","15","q","15q",0,-1,"LUAD","Endothelial"
"2744","15q24.3",-0.0560552179520177,-0.608421495995738,0.54442364386974,"con","ALL","15","q","15q",0,-1,"LUAD","Endothelial"
"2745","15q25.1",-0.0733107646085742,-0.783405248367827,0.43542337310839,"con","ALL","15","q","15q",0,-1,"LUAD","Endothelial"
"2746","15q25.3",-0.0910701596051473,-0.994071714615325,0.322823917771442,"con","ALL","15","q","15q",0,-1,"LUAD","Endothelial"
"2747","15q26.1",-0.095942727502118,-1.0643989622923,0.289964211452898,"con","ALL","15","q","15q",0,-1,"LUAD","Endothelial"
"2748","15q26.3",-0.101159060097136,-1.1831136709443,0.239845815802462,"con","ALL","15","q","15q",0,-1,"LUAD","Endothelial"
"2749","16p13.3",-0.00212791769866259,-0.0312604587256988,0.975130284916279,"con","ALL","16","p","16p",0,1,"LUAD","Endothelial"
"2750","16p13.2",0.0115212167987556,0.143150098165438,0.886488141787656,"con","ALL","16","p","16p",0,1,"LUAD","Endothelial"
"2751","16p13.13",0.0111209974398724,0.13435295713231,0.893420182863729,"con","ALL","16","p","16p",0,1,"LUAD","Endothelial"
"2752","16p12.3",0.0047076836086508,0.0518241775202655,0.958782382239528,"con","ALL","16","p","16p",0,1,"LUAD","Endothelial"
"2753","16p12.2",-0.0096923310659697,-0.0952168217931712,0.924351969236659,"con","ALL","16","p","16p",0,1,"LUAD","Endothelial"
"2754","16p12.1",-0.0179697120424041,-0.163869792116056,0.870197059360653,"con","ALL","16","p","16p",0,1,"LUAD","Endothelial"
"2755","16p11.2",-0.0751813526428127,-0.546021993456342,0.586386959325287,"con","ALL","16","p","16p",0,1,"LUAD","Endothelial"
"2756","16q11.2",-0.0952516451367208,-0.578246755593791,1,"con","ALL","16","q","16q",0,1,"LUAD","Endothelial"
"2757","16q12.1",-0.0897249891079146,-0.520261514778582,1,"con","ALL","16","q","16q",0,1,"LUAD","Endothelial"
"2758","16q12.2",-0.0697798282377729,-0.400390970188787,1,"con","ALL","16","q","16q",0,1,"LUAD","Endothelial"
"2759","16q13",-0.0844884685068368,-0.491513806696803,1,"con","ALL","16","q","16q",0,-1,"LUAD","Endothelial"
"2760","16q21",-0.135984149185383,-0.833298069202309,1,"con","ALL","16","q","16q",0,-1,"LUAD","Endothelial"
"2761","16q22.1",-0.123261917136008,-0.883336363191869,1,"con","ALL","16","q","16q",0,-1,"LUAD","Endothelial"
"2762","16q22.2",-0.141552832795159,-1.33247724399111,0.186030480884781,"con","ALL","16","q","16q",0,-1,"LUAD","Endothelial"
"2763","16q23.1",-0.120572987422248,-1.21980044138237,0.22569248811433,"con","ALL","16","q","16q",0,-1,"LUAD","Endothelial"
"2764","16q23.3",-0.114896984258204,-1.35636945504348,0.17833740485948,"con","ALL","16","q","16q",0,-1,"LUAD","Endothelial"
"2765","16q24.1",-0.111513791420754,-1.44636580716354,0.151510277566137,"con","ALL","16","q","16q",0,-1,"LUAD","Endothelial"
"2766","16q24.2",-0.106744924052094,-1.49697955154856,0.137859118431507,"con","ALL","16","q","16q",0,-1,"LUAD","Endothelial"
"2767","16q24.3",-0.0911591273813876,-1.41755137344648,0.159736778420815,"con","ALL","16","q","16q",0,-1,"LUAD","Endothelial"
"2768","17p13.3",0.348648748547127,4.30621064275326,4.1841326180983e-05,"con","ALL","17","p","17p",2.22534228368277,-1,"LUAD","Endothelial"
"2769","17p13.2",0.318451313173223,4.22389285400141,5.68770440583481e-05,"con","ALL","17","p","17p",2.18892072023517,-1,"LUAD","Endothelial"
"2770","17p13.1",0.403066078126199,4.66481767937145,1.05673075432279e-05,"con","ALL","17","p","17p",2.69804464132675,-1,"LUAD","Endothelial"
"2771","17p12",0.509730270639514,4.75435203626185,7.42496575920798e-06,"con","ALL","17","p","17p",2.69804464132675,-1,"LUAD","Endothelial"
"2772","17p11.2",0.655016317793197,4.94293406466458,3.49054302283891e-06,"con","ALL","17","p","17p",2.70199473831412,-1,"LUAD","Endothelial"
"2773","17q11.1",0.7586386696787,4.90409703225069,1,"con","ALL","17","q","17q",0,1,"LUAD","Endothelial"
"2774","17q11.2",0.446589828117921,2.49207066604603,1,"con","ALL","17","q","17q",0,1,"LUAD","Endothelial"
"2775","17q12",-0.114374541166881,-1.1859234277658,0.238739848415239,"con","ALL","17","q","17q",0,1,"LUAD","Endothelial"
"2776","17q21.1",-0.139873134872382,-1.51363099869734,0.133584993591776,"con","ALL","17","q","17q",0,1,"LUAD","Endothelial"
"2777","17q21.2",-0.182806941204125,-2.05900394677236,0.0423518285958851,"con","ALL","17","q","17q",-0.209080174324606,1,"LUAD","Endothelial"
"2778","17q21.31",-0.218111797196219,-2.26786582458679,0.0257037547947624,"con","ALL","17","q","17q",-0.285492731314007,1,"LUAD","Endothelial"
"2779","17q21.32",-0.250940967172944,-2.3337477417089,0.0218112855628903,"con","ALL","17","q","17q",-0.321179817812016,1,"LUAD","Endothelial"
"2780","17q21.33",-0.216350854278,-2.08024543220229,0.0403144146559613,"con","ALL","17","q","17q",-0.209080174324606,1,"LUAD","Endothelial"
"2781","17q22",-0.138015397403523,-1.33771959192597,0.184321486439158,"con","ALL","17","q","17q",0,1,"LUAD","Endothelial"
"2782","17q23.1",-0.0866244404322208,-0.857570210495399,0.393382780968621,"con","ALL","17","q","17q",0,1,"LUAD","Endothelial"
"2783","17q23.3",-0.0534653815826385,-0.5324617287741,0.595704005016828,"con","ALL","17","q","17q",0,1,"LUAD","Endothelial"
"2784","17q24.2",-0.0362628435099416,-0.361890415701238,0.718272910440067,"con","ALL","17","q","17q",0,1,"LUAD","Endothelial"
"2785","17q25.1",-0.0258090065839098,-0.25690295109893,0.797833652550272,"con","ALL","17","q","17q",0,1,"LUAD","Endothelial"
"2786","17q25.3",-0.0875202873320874,-1.07679302200669,0.284419122280677,"con","ALL","17","q","17q",0,1,"LUAD","Endothelial"
"2787","18p11.32",-0.0232747046735337,-0.290803324591859,0.771863480925801,"con","ALL","18","p","18p",0,-1,"LUAD","Endothelial"
"2788","18p11.31",-0.0199492672951594,-0.242851845239945,0.808666719079068,"con","ALL","18","p","18p",0,-1,"LUAD","Endothelial"
"2789","18p11.22",-0.0109126700979543,-0.121265998165815,0.903747721170591,"con","ALL","18","p","18p",0,-1,"LUAD","Endothelial"
"2790","18p11.21",-0.00185163472284112,-0.0175937805930991,0.98600143592725,"con","ALL","18","p","18p",0,-1,"LUAD","Endothelial"
"2791","18q11.1",-0.00022711969701922,-0.00199285346815315,0.998414296280312,"con","ALL","18","q","18q",0,-1,"LUAD","Endothelial"
"2792","18q11.2",0.0128272720758238,0.106324318656922,0.915559076789698,"con","ALL","18","q","18q",0,-1,"LUAD","Endothelial"
"2793","18q12.2",0.0402982797855769,0.294601143487476,1,"con","ALL","18","q","18q",0,-1,"LUAD","Endothelial"
"2794","18q21.1",0.0645367185529874,0.469054865643461,1,"con","ALL","18","q","18q",0,-1,"LUAD","Endothelial"
"2795","18q21.31",0.0781044352049989,0.580064158982906,1,"con","ALL","18","q","18q",0,-1,"LUAD","Endothelial"
"2796","18q21.32",0.0783607538508865,0.586930770971764,0.558703544798456,"con","ALL","18","q","18q",0,-1,"LUAD","Endothelial"
"2797","18q21.33",0.0948270749770052,0.714614835546804,0.476676292663068,"con","ALL","18","q","18q",0,-1,"LUAD","Endothelial"
"2798","18q22.3",0.0939719160196681,0.70597167929241,0.482009227968482,"con","ALL","18","q","18q",0,-1,"LUAD","Endothelial"
"2799","18q23",0.0909470857935946,0.686617770551602,0.494069556930634,"con","ALL","18","q","18q",0,-1,"LUAD","Endothelial"
"2800","19p13.3",0.126840084103806,1.83780542129464,0.069354070750521,"con","ALL","19","p","19p",0.133699568874446,1,"LUAD","Endothelial"
"2801","19p13.2",0.269909277228869,2.93031484062886,0.00428052704662639,"con","ALL","19","p","19p",0.567632997547546,-1,"LUAD","Endothelial"
"2802","19p13.13",0.322611332245025,3.37785849892372,0.00107659136163217,"con","ALL","19","p","19p",1.05793488282327,-1,"LUAD","Endothelial"
"2803","19p13.12",0.357688650025347,3.39292150183546,0.00102543157375004,"con","ALL","19","p","19p",1.05793488282327,-1,"LUAD","Endothelial"
"2804","19p13.11",0.233836288936953,1.72557621498048,0.0878179491766117,"con","ALL","19","p","19p",0.0936961323489411,-1,"LUAD","Endothelial"
"2805","19q12",-0.0172438157399963,-0.179543109733293,0.85791044952695,"con","ALL","19","q","19q",0,1,"LUAD","Endothelial"
"2806","19q13.11",-0.03262530978385,-0.385020289150273,0.701120814168374,"con","ALL","19","q","19q",0,1,"LUAD","Endothelial"
"2807","19q13.12",-0.0420002809211477,-0.578702426836723,0.564219584295082,"con","ALL","19","q","19q",0,1,"LUAD","Endothelial"
"2808","19q13.2",-0.0793503373959948,-1.03927348019066,0.301431071606332,"con","ALL","19","q","19q",0,1,"LUAD","Endothelial"
"2809","19q13.31",-0.100092480709008,-1.16119031576263,0.248601415517826,"con","ALL","19","q","19q",0,1,"LUAD","Endothelial"
"2810","19q13.32",-0.130974454418742,-1.56490506831479,0.121076208253461,"con","ALL","19","q","19q",-0.0264862603079663,-1,"LUAD","Endothelial"
"2811","19q13.33",-0.150318050749678,-2.23214712093115,0.0280596141298922,"con","ALL","19","q","19q",-0.285258118253701,-1,"LUAD","Endothelial"
"2812","19q13.41",-0.146568964970061,-2.4351749689435,0.016834456981234,"con","ALL","19","q","19q",-0.355143339684053,-1,"LUAD","Endothelial"
"2813","19q13.42",-0.116741742014834,-2.20812899588641,0.0297482249089147,"con","ALL","19","q","19q",-0.285258118253701,1,"LUAD","Endothelial"
"2814","19q13.43",-0.101714740298903,-2.04029819670796,0.0442187298370227,"con","ALL","19","q","19q",-0.204251925309328,1,"LUAD","Endothelial"
"2815","20p13",-0.100079416627129,-1.3212909408174,0.189716957603011,"con","ALL","20","p","20p",0,-1,"LUAD","Endothelial"
"2816","20p12.3",-0.140250309167749,-1.64888108233426,0.102620243151958,"con","ALL","20","p","20p",-0.0567327648490968,-1,"LUAD","Endothelial"
"2817","20p12.1",-0.173662734583471,-1.86341600644112,0.0656288891385233,"con","ALL","20","p","20p",-0.133699568874446,-1,"LUAD","Endothelial"
"2818","20p11.23",-0.200266505144783,-2.00283398236032,0.0481708167376686,"con","ALL","20","p","20p",-0.192761199214445,-1,"LUAD","Endothelial"
"2819","20p11.22",-0.216010395352389,-2.03246277380978,0.0450214693709334,"con","ALL","20","p","20p",-0.204251925309328,-1,"LUAD","Endothelial"
"2820","20p11.21",-0.221243931368361,-1.9925293457752,0.049309367494912,"con","ALL","20","p","20p",-0.192761199214445,-1,"LUAD","Endothelial"
"2821","20q11.21",-0.234112684312906,-1.84081924002992,0.068906728440191,"con","ALL","20","q","20q",-0.133699568874446,1,"LUAD","Endothelial"
"2822","20q11.22",-0.175458930836595,-1.2489175059199,0.214898502175384,"con","ALL","20","q","20q",0,1,"LUAD","Endothelial"
"2823","20q12",-0.0741704522456378,-0.537252457293879,1,"con","ALL","20","q","20q",0,1,"LUAD","Endothelial"
"2824","20q13.11",-0.0629137129852973,-0.459870184625178,1,"con","ALL","20","q","20q",0,1,"LUAD","Endothelial"
"2825","20q13.12",-0.0315298262317239,-0.244028800860744,0.807757850660669,"con","ALL","20","q","20q",0,1,"LUAD","Endothelial"
"2826","20q13.13",-0.0169797693017683,-0.177141504155871,0.85979092335443,"con","ALL","20","q","20q",0,1,"LUAD","Endothelial"
"2827","20q13.2",-0.0159252603206779,-0.18821483194188,0.851127327553119,"con","ALL","20","q","20q",0,1,"LUAD","Endothelial"
"2828","20q13.32",-0.0121019071818965,-0.170325482076838,0.865132284984221,"con","ALL","20","q","20q",0,1,"LUAD","Endothelial"
"2829","20q13.33",-0.00978268421371246,-0.158204756032566,0.874646001183459,"con","ALL","20","q","20q",0,1,"LUAD","Endothelial"
"2830","21q21.3",-0.0484925085922087,-0.725725156213157,0.46986960454232,"con","ALL","21","q","21q",0,1,"LUAD","Endothelial"
"2831","21q22.11",-0.0533621821165256,-0.818124685681679,0.41542311742463,"con","ALL","21","q","21q",0,1,"LUAD","Endothelial"
"2832","21q22.12",-0.0621460028867577,-0.961382848855933,0.338907317503069,"con","ALL","21","q","21q",0,1,"LUAD","Endothelial"
"2833","21q22.13",-0.0656378022939433,-1.033580046375,0.304071556604548,"con","ALL","21","q","21q",0,1,"LUAD","Endothelial"
"2834","21q22.2",-0.069788767396268,-1.11863053513447,0.266242021077872,"con","ALL","21","q","21q",0,1,"LUAD","Endothelial"
"2835","21q22.3",-0.0799839510536456,-1.33937408942278,0.183784583869129,"con","ALL","21","q","21q",0,1,"LUAD","Endothelial"
"2836","22q11.21",-0.0442008794165548,-0.379511303244762,0.705192404645605,"con","ALL","22","q","22q",0,1,"LUAD","Endothelial"
"2837","22q11.22",-0.045887664983289,-0.356245215284857,0.722481547516461,"con","ALL","22","q","22q",0,1,"LUAD","Endothelial"
"2838","22q11.23",-0.0035874068450312,-0.0266721371616319,1,"con","ALL","22","q","22q",0,1,"LUAD","Endothelial"
"2839","22q12.1",0.059652063322003,0.42223092886763,0.673852389570447,"con","ALL","22","q","22q",0,1,"LUAD","Endothelial"
"2840","22q12.2",0.145090529297574,1.009745048647,0.315294820853295,"con","ALL","22","q","22q",0,-1,"LUAD","Endothelial"
"2841","22q12.3",0.17994274391252,1.34564437874987,0.181760490869977,"con","ALL","22","q","22q",0,-1,"LUAD","Endothelial"
"2842","22q13.1",0.175365099457174,1.47594035110617,0.143411869600607,"con","ALL","22","q","22q",0,-1,"LUAD","Endothelial"
"2843","22q13.2",0.151944248870047,1.26412393994709,0.209413962666754,"con","ALL","22","q","22q",0,-1,"LUAD","Endothelial"
"2844","22q13.31",0.155823277616387,1.28642236252065,0.20155893428558,"con","ALL","22","q","22q",0,-1,"LUAD","Endothelial"
"2845","22q13.33",0.153473779115676,1.26505415997323,0.20908183347279,"con","ALL","22","q","22q",0,-1,"LUAD","Endothelial"
"2846","1p36.33",0.209149296327907,1.19416270508401,0.235517836007668,"con","ALL","1","p","1p",0,1,"LUAD","Fibroblast"
"2847","1p36.32",0.203639070378756,1.11703056928128,0.266921861531163,"con","ALL","1","p","1p",0,1,"LUAD","Fibroblast"
"2848","1p36.31",0.204071683057124,1.09208925912161,0.277676757052469,"con","ALL","1","p","1p",0,1,"LUAD","Fibroblast"
"2849","1p36.23",0.203247375753926,1.04818648277174,0.29732867515143,"con","ALL","1","p","1p",0,1,"LUAD","Fibroblast"
"2850","1p36.22",0.218989650349255,1.00358468063989,0.31824001338122,"con","ALL","1","p","1p",0,1,"LUAD","Fibroblast"
"2851","1p36.21",0.211683727549897,0.911356019441887,0.364515715167995,"con","ALL","1","p","1p",0,1,"LUAD","Fibroblast"
"2852","1p36.13",0.215642255394715,0.891177967621315,0.375183960492772,"con","ALL","1","p","1p",0,1,"LUAD","Fibroblast"
"2853","1p36.12",0.198201887826869,0.802495209246949,0.42435743393084,"con","ALL","1","p","1p",0,1,"LUAD","Fibroblast"
"2854","1p36.11",0.158493406300071,0.611215967145969,0.542580441549456,"con","ALL","1","p","1p",0,1,"LUAD","Fibroblast"
"2855","1p35.3",0.0347514781963712,0.1201762375119,0.904608474946696,"con","ALL","1","p","1p",0,1,"LUAD","Fibroblast"
"2856","1p35.2",-0.029713047705455,-0.10238090129827,0.918679611170494,"con","ALL","1","p","1p",0,1,"LUAD","Fibroblast"
"2857","1p35.1",-0.0666789297306127,-0.234218761591098,0.815341304316409,"con","ALL","1","p","1p",0,1,"LUAD","Fibroblast"
"2858","1p34.3",-0.094061719961069,-0.359878928035098,0.71977153613354,"con","ALL","1","p","1p",0,1,"LUAD","Fibroblast"
"2859","1p34.2",-0.101280986625213,-0.43547975270202,0.664245417533855,"con","ALL","1","p","1p",0,1,"LUAD","Fibroblast"
"2860","1p34.1",-0.0936043269962697,-0.436868243693322,0.663241800893389,"con","ALL","1","p","1p",0,1,"LUAD","Fibroblast"
"2861","1p33",-0.0935944654064553,-0.429227044423856,0.668772510120295,"con","ALL","1","p","1p",0,1,"LUAD","Fibroblast"
"2862","1p32.3",-0.109286364991941,-0.471498753209982,0.63841310451978,"con","ALL","1","p","1p",0,1,"LUAD","Fibroblast"
"2863","1p32.1",-0.111944549668513,-0.471651712346122,0.638304321429942,"con","ALL","1","p","1p",0,1,"LUAD","Fibroblast"
"2864","1p31.3",-0.119591391842603,-0.466644995765151,0.641869149644351,"con","ALL","1","p","1p",0,1,"LUAD","Fibroblast"
"2865","1p31.1",-0.128689125154411,-0.455538026429466,0.649807334777788,"con","ALL","1","p","1p",0,1,"LUAD","Fibroblast"
"2866","1p22.3",-0.211926292031365,-0.720254013221796,1,"con","ALL","1","p","1p",0,-1,"LUAD","Fibroblast"
"2867","1p22.2",-0.280099021094503,-0.961038303950893,0.339079576903793,"con","ALL","1","p","1p",0,-1,"LUAD","Fibroblast"
"2868","1p22.1",-0.261182329906037,-0.87635986917152,0.383141965977824,"con","ALL","1","p","1p",0,-1,"LUAD","Fibroblast"
"2869","1p21.3",-0.255196514261421,-0.808196561384003,0.421085201159148,"con","ALL","1","p","1p",0,-1,"LUAD","Fibroblast"
"2870","1p21.2",-0.275050401486777,-0.819239571818425,0.414790157104203,"con","ALL","1","p","1p",0,-1,"LUAD","Fibroblast"
"2871","1p13.3",-0.340368758224171,-0.739832767248541,1,"con","ALL","1","p","1p",0,-1,"LUAD","Fibroblast"
"2872","1p13.2",-0.174441082199727,-0.326072782474536,1,"con","ALL","1","p","1p",0,1,"LUAD","Fibroblast"
"2873","1p13.1",-0.126303616394795,-0.289874567004546,0.772571674443088,"con","ALL","1","p","1p",0,1,"LUAD","Fibroblast"
"2874","1p12",-0.128690560735218,-0.337143155664985,0.736785349936056,"con","ALL","1","p","1p",0,1,"LUAD","Fibroblast"
"2875","1q21.1",-0.141459099902544,-0.420219709634639,0.675315551031029,"con","ALL","1","q","1q",0,1,"LUAD","Fibroblast"
"2876","1q21.2",-0.0928593649640692,-0.348578885740178,0.728210659467508,"con","ALL","1","q","1q",0,1,"LUAD","Fibroblast"
"2877","1q21.3",-0.000161318833210112,-0.000971319574303923,0.99922712538958,"con","ALL","1","q","1q",0,1,"LUAD","Fibroblast"
"2878","1q22",-0.000468368949794516,-0.0034953960211035,0.997218734412964,"con","ALL","1","q","1q",0,1,"LUAD","Fibroblast"
"2879","1q23.1",-0.0136169157487364,-0.0994696816631372,0.920984159196379,"con","ALL","1","q","1q",0,1,"LUAD","Fibroblast"
"2880","1q23.2",-0.015819992330354,-0.114261735445961,0.909282040081404,"con","ALL","1","q","1q",0,1,"LUAD","Fibroblast"
"2881","1q23.3",-0.0240500304404125,-0.164515893138266,0.869689917103166,"con","ALL","1","q","1q",0,1,"LUAD","Fibroblast"
"2882","1q24.1",-0.0419822885207385,-0.273621804311,0.784995356024444,"con","ALL","1","q","1q",0,1,"LUAD","Fibroblast"
"2883","1q24.2",-0.0452583071680511,-0.288535314788933,0.773593216087505,"con","ALL","1","q","1q",0,1,"LUAD","Fibroblast"
"2884","1q24.3",-0.0380639029189375,-0.238102871725358,0.81233662457178,"con","ALL","1","q","1q",0,1,"LUAD","Fibroblast"
"2885","1q25.1",-0.0312187326322237,-0.190908812927522,0.849022316999245,"con","ALL","1","q","1q",0,1,"LUAD","Fibroblast"
"2886","1q25.2",-0.0280615916998426,-0.171111480899699,0.864516014144399,"con","ALL","1","q","1q",0,1,"LUAD","Fibroblast"
"2887","1q25.3",-0.0240674981913513,-0.145879408174726,0.884339245876476,"con","ALL","1","q","1q",0,1,"LUAD","Fibroblast"
"2888","1q31.1",-0.0238513630240991,-0.143838920814763,0.885945723219214,"con","ALL","1","q","1q",0,1,"LUAD","Fibroblast"
"2889","1q31.2",-0.026954346675295,-0.163099829729143,0.870801494628102,"con","ALL","1","q","1q",0,1,"LUAD","Fibroblast"
"2890","1q32.1",-0.0163532371991315,-0.100927867368696,0.919829760526994,"con","ALL","1","q","1q",0,1,"LUAD","Fibroblast"
"2891","1q32.2",-0.0160000414867169,-0.0972542883509865,0.922738337879711,"con","ALL","1","q","1q",0,1,"LUAD","Fibroblast"
"2892","1q32.3",-0.0318279560116266,-0.186790773029959,0.852240489047612,"con","ALL","1","q","1q",0,1,"LUAD","Fibroblast"
"2893","1q41",-0.0300227490314224,-0.171799652646986,0.863976514437187,"con","ALL","1","q","1q",0,1,"LUAD","Fibroblast"
"2894","1q42.11",-0.0271455627103189,-0.153124011134308,0.87863951326685,"con","ALL","1","q","1q",0,1,"LUAD","Fibroblast"
"2895","1q42.12",-0.0291570880371658,-0.161415868971609,0.872123703080933,"con","ALL","1","q","1q",0,1,"LUAD","Fibroblast"
"2896","1q42.13",-0.032460232209664,-0.174597451355926,0.861783816172199,"con","ALL","1","q","1q",0,1,"LUAD","Fibroblast"
"2897","1q42.2",-0.0364548747340935,-0.192772063632733,0.847567057647172,"con","ALL","1","q","1q",0,1,"LUAD","Fibroblast"
"2898","1q42.3",-0.0367541975717527,-0.194719583819609,0.846046545675939,"con","ALL","1","q","1q",0,1,"LUAD","Fibroblast"
"2899","1q43",-0.0418212147487418,-0.221138583397932,0.825479970519389,"con","ALL","1","q","1q",0,1,"LUAD","Fibroblast"
"2900","1q44",-0.0449605551381827,-0.24000265217251,0.810868006902969,"con","ALL","1","q","1q",0,1,"LUAD","Fibroblast"
"2901","2p25.3",0.521571691400949,1.6240194432886,0.107830699387247,"con","ALL","2","p","2p",0,1,"LUAD","Fibroblast"
"2902","2p25.1",0.557802091832689,1.54951535172278,0.12472883605131,"con","ALL","2","p","2p",0,1,"LUAD","Fibroblast"
"2903","2p24.1",0.492548826252557,1.23361689902505,0.220522492994055,"con","ALL","2","p","2p",0,1,"LUAD","Fibroblast"
"2904","2p23.3",0.449226355333502,0.996590955187777,1,"con","ALL","2","p","2p",0,1,"LUAD","Fibroblast"
"2905","2p23.2",0.333976216843975,0.69085399253903,1,"con","ALL","2","p","2p",0,1,"LUAD","Fibroblast"
"2906","2p22.3",0.30449679663095,0.637614390738476,1,"con","ALL","2","p","2p",0,1,"LUAD","Fibroblast"
"2907","2p22.2",0.200936898784355,0.4477990663075,1,"con","ALL","2","p","2p",0,1,"LUAD","Fibroblast"
"2908","2p22.1",0.146536525018127,0.353099397235932,1,"con","ALL","2","p","2p",0,1,"LUAD","Fibroblast"
"2909","2p21",0.249790762001769,0.644944310336052,1,"con","ALL","2","p","2p",0,-1,"LUAD","Fibroblast"
"2910","2p16.2",0.290563205345669,0.819078085498002,1,"con","ALL","2","p","2p",0,-1,"LUAD","Fibroblast"
"2911","2p16.1",0.320194702962168,0.930008927845892,1,"con","ALL","2","p","2p",0,-1,"LUAD","Fibroblast"
"2912","2p15",0.406728899125582,1.23202148859753,1,"con","ALL","2","p","2p",0,1,"LUAD","Fibroblast"
"2913","2p14",0.454388516943096,1.37269775790591,1,"con","ALL","2","p","2p",0,1,"LUAD","Fibroblast"
"2914","2p13.3",0.497647951996161,1.49506808520755,1,"con","ALL","2","p","2p",0,1,"LUAD","Fibroblast"
"2915","2p13.2",0.492104142789671,1.44511344947348,1,"con","ALL","2","p","2p",0,1,"LUAD","Fibroblast"
"2916","2p13.1",0.537053776232103,1.51152724884469,1,"con","ALL","2","p","2p",0,1,"LUAD","Fibroblast"
"2917","2p12",0.561353621836861,1.51428266565176,1,"con","ALL","2","p","2p",0,1,"LUAD","Fibroblast"
"2918","2p11.2",0.583989812655291,1.5568293210286,1,"con","ALL","2","p","2p",0,1,"LUAD","Fibroblast"
"2919","2q11.1",0.621173401707097,1.63080744035234,1,"con","ALL","2","q","2q",0,1,"LUAD","Fibroblast"
"2920","2q11.2",0.72633397436694,1.80892354880951,1,"con","ALL","2","q","2q",0,1,"LUAD","Fibroblast"
"2921","2q12.2",0.789154258781232,1.84752931749236,1,"con","ALL","2","q","2q",0,1,"LUAD","Fibroblast"
"2922","2q12.3",0.795430802687445,1.84917868075198,1,"con","ALL","2","q","2q",0,1,"LUAD","Fibroblast"
"2923","2q13",0.792280353929256,1.82551485707918,1,"con","ALL","2","q","2q",0,1,"LUAD","Fibroblast"
"2924","2q14.1",0.800911572842342,1.82264297902908,1,"con","ALL","2","q","2q",0,1,"LUAD","Fibroblast"
"2925","2q14.2",0.810459323825322,1.81326320850298,1,"con","ALL","2","q","2q",0,1,"LUAD","Fibroblast"
"2926","2q14.3",0.751690280700499,1.68989462583727,1,"con","ALL","2","q","2q",0,1,"LUAD","Fibroblast"
"2927","2q21.1",0.684622124616591,1.49451559620244,1,"con","ALL","2","q","2q",0,1,"LUAD","Fibroblast"
"2928","2q21.3",0.588131641487531,1.30189633931601,1,"con","ALL","2","q","2q",0,1,"LUAD","Fibroblast"
"2929","2q23.2",0.566791399513731,1.26335884822748,1,"con","ALL","2","q","2q",0,1,"LUAD","Fibroblast"
"2930","2q23.3",0.503346864091521,1.11976387956661,1,"con","ALL","2","q","2q",0,1,"LUAD","Fibroblast"
"2931","2q24.2",0.365194186271667,0.806255351587341,1,"con","ALL","2","q","2q",0,1,"LUAD","Fibroblast"
"2932","2q31.1",0.234376872125782,0.514341650535301,1,"con","ALL","2","q","2q",0,1,"LUAD","Fibroblast"
"2933","2q31.2",0.23630145392234,0.471785631025356,1,"con","ALL","2","q","2q",0,1,"LUAD","Fibroblast"
"2934","2q31.3",0.234192867400921,0.456607027719707,1,"con","ALL","2","q","2q",0,1,"LUAD","Fibroblast"
"2935","2q32.1",0.236613316546534,0.453083733631564,1,"con","ALL","2","q","2q",0,1,"LUAD","Fibroblast"
"2936","2q32.3",0.22046642205165,0.417339853042568,1,"con","ALL","2","q","2q",0,1,"LUAD","Fibroblast"
"2937","2q33.1",0.270039093164298,0.474401489532936,1,"con","ALL","2","q","2q",0,1,"LUAD","Fibroblast"
"2938","2q33.2",0.248162052673739,0.418875958479011,1,"con","ALL","2","q","2q",0,1,"LUAD","Fibroblast"
"2939","2q34",0.135856573970645,0.250881564630127,1,"con","ALL","2","q","2q",0,1,"LUAD","Fibroblast"
"2940","2q35",-0.0371689889020909,-0.0752232312603577,1,"con","ALL","2","q","2q",0,1,"LUAD","Fibroblast"
"2941","2q36.1",-0.110433762761584,-0.247128991409292,0.805365087386533,"con","ALL","2","q","2q",0,1,"LUAD","Fibroblast"
"2942","2q36.3",-0.111204878255877,-0.256053788696022,0.798487237082347,"con","ALL","2","q","2q",0,1,"LUAD","Fibroblast"
"2943","2q37.1",-0.10869091032329,-0.272855862961426,0.78558224904354,"con","ALL","2","q","2q",0,1,"LUAD","Fibroblast"
"2944","2q37.3",-0.107026555520039,-0.291052076381098,0.771673836213097,"con","ALL","2","q","2q",0,1,"LUAD","Fibroblast"
"2945","3p26.2",0.113292407407857,0.454353357988728,0.650656431753805,"con","ALL","3","p","3p",0,-1,"LUAD","Fibroblast"
"2946","3p26.1",0.111788861866484,0.450447789592079,0.653458962260445,"con","ALL","3","p","3p",0,-1,"LUAD","Fibroblast"
"2947","3p25.3",0.116282340512157,0.477849771908394,0.633903000046321,"con","ALL","3","p","3p",0,-1,"LUAD","Fibroblast"
"2948","3p25.2",0.112176445604744,0.467098938516976,0.641545590497082,"con","ALL","3","p","3p",0,-1,"LUAD","Fibroblast"
"2949","3p25.1",0.0851763407274986,0.357339703989179,0.721664906924897,"con","ALL","3","p","3p",0,-1,"LUAD","Fibroblast"
"2950","3p24.3",0.0715347504191018,0.309960844424832,0.757299449395411,"con","ALL","3","p","3p",0,-1,"LUAD","Fibroblast"
"2951","3p24.2",0.0742824490723169,0.323741342920526,0.746876732153323,"con","ALL","3","p","3p",0,-1,"LUAD","Fibroblast"
"2952","3p24.1",0.0814275292161092,0.358887397810445,0.720510662833653,"con","ALL","3","p","3p",0,-1,"LUAD","Fibroblast"
"2953","3p23",0.0881678770863293,0.389892632606389,0.697527007290775,"con","ALL","3","p","3p",0,-1,"LUAD","Fibroblast"
"2954","3p22.3",0.0899863659662095,0.397144586348791,0.692190786287834,"con","ALL","3","p","3p",0,-1,"LUAD","Fibroblast"
"2955","3p22.2",0.104959745782672,0.459321142664395,0.647098929854538,"con","ALL","3","p","3p",0,-1,"LUAD","Fibroblast"
"2956","3p22.1",0.122924473401867,0.523700428400193,0.60176001995997,"con","ALL","3","p","3p",0,-1,"LUAD","Fibroblast"
"2957","3p21.33",0.130580933386139,0.536101519085618,0.593196430122118,"con","ALL","3","p","3p",0,-1,"LUAD","Fibroblast"
"2958","3p21.31",0.239915213769034,0.878627567337328,0.381917339555151,"con","ALL","3","p","3p",0,-1,"LUAD","Fibroblast"
"2959","3p21.2",0.265327742827476,0.811878505332571,1,"con","ALL","3","p","3p",0,-1,"LUAD","Fibroblast"
"2960","3p21.1",0.22458917192103,0.607819230020463,1,"con","ALL","3","p","3p",0,-1,"LUAD","Fibroblast"
"2961","3p14.3",0.15018743389172,0.370624341856329,1,"con","ALL","3","p","3p",0,-1,"LUAD","Fibroblast"
"2962","3p14.1",0.100039529845458,0.234706193816295,1,"con","ALL","3","p","3p",0,-1,"LUAD","Fibroblast"
"2963","3p13",0.0965898646460236,0.226504106078812,1,"con","ALL","3","p","3p",0,-1,"LUAD","Fibroblast"
"2964","3p11.2",0.0956905945647063,0.219450579972491,1,"con","ALL","3","p","3p",0,-1,"LUAD","Fibroblast"
"2965","3p11.1",0.110073191410017,0.24885304055124,1,"con","ALL","3","p","3p",0,-1,"LUAD","Fibroblast"
"2966","3q11.2",0.108350100635285,0.238672166167469,1,"con","ALL","3","q","3q",0,-1,"LUAD","Fibroblast"
"2967","3q12.2",0.0105688955977869,0.0243490878374562,1,"con","ALL","3","q","3q",0,1,"LUAD","Fibroblast"
"2968","3q12.3",-0.00493083120374503,-0.0113148264104032,1,"con","ALL","3","q","3q",0,1,"LUAD","Fibroblast"
"2969","3q13.12",-0.0253693079433883,-0.0595819925714202,1,"con","ALL","3","q","3q",0,1,"LUAD","Fibroblast"
"2970","3q13.13",-0.024131803173731,-0.0573607550479628,1,"con","ALL","3","q","3q",0,1,"LUAD","Fibroblast"
"2971","3q13.2",-0.0195801585225375,-0.0468596927424739,1,"con","ALL","3","q","3q",0,1,"LUAD","Fibroblast"
"2972","3q13.31",-0.00586459820972536,-0.014195713716262,1,"con","ALL","3","q","3q",0,1,"LUAD","Fibroblast"
"2973","3q13.33",-0.0505724732120716,-0.1330915231835,0.894414869361649,"con","ALL","3","q","3q",0,1,"LUAD","Fibroblast"
"2974","3q21.1",-0.113248871577404,-0.32671855692308,0.744631044689664,"con","ALL","3","q","3q",0,1,"LUAD","Fibroblast"
"2975","3q21.3",-0.146450103904789,-0.459291571567581,0.647120082013869,"con","ALL","3","q","3q",0,1,"LUAD","Fibroblast"
"2976","3q22.1",-0.18953102090499,-0.606376072315562,0.545774785063473,"con","ALL","3","q","3q",0,1,"LUAD","Fibroblast"
"2977","3q22.2",-0.196193736974033,-0.63459955090864,0.527281863521418,"con","ALL","3","q","3q",0,-1,"LUAD","Fibroblast"
"2978","3q22.3",-0.193607351081325,-0.645942127548201,0.519942432223853,"con","ALL","3","q","3q",0,-1,"LUAD","Fibroblast"
"2979","3q23",-0.178222381361217,-0.643467890591785,0.521538855526762,"con","ALL","3","q","3q",0,-1,"LUAD","Fibroblast"
"2980","3q24",-0.141288016098198,-0.566445060831462,0.572485664913264,"con","ALL","3","q","3q",0,-1,"LUAD","Fibroblast"
"2981","3q25.1",-0.0863927251416735,-0.386702533957911,0.699879228456271,"con","ALL","3","q","3q",0,-1,"LUAD","Fibroblast"
"2982","3q25.2",-0.0494298910608397,-0.243437911592502,0.808214114158752,"con","ALL","3","q","3q",0,-1,"LUAD","Fibroblast"
"2983","3q25.31",-0.0336395336424687,-0.174107925541704,0.86216739100999,"con","ALL","3","q","3q",0,-1,"LUAD","Fibroblast"
"2984","3q25.32",-0.0268200056696261,-0.141584801185637,0.887720947265516,"con","ALL","3","q","3q",0,-1,"LUAD","Fibroblast"
"2985","3q25.33",-0.00676170074332881,-0.0380423909385459,0.969737215923318,"con","ALL","3","q","3q",0,-1,"LUAD","Fibroblast"
"2986","3q26.1",0.00342779854420936,0.020079843963819,0.984023641473793,"con","ALL","3","q","3q",0,-1,"LUAD","Fibroblast"
"2987","3q26.2",0.019426924246331,0.12044392146972,0.904397032622255,"con","ALL","3","q","3q",0,-1,"LUAD","Fibroblast"
"2988","3q26.31",0.0251662973222431,0.15890119748672,0.874098842275947,"con","ALL","3","q","3q",0,-1,"LUAD","Fibroblast"
"2989","3q26.32",0.0295583186441884,0.198685322701498,0.842952131400587,"con","ALL","3","q","3q",0,-1,"LUAD","Fibroblast"
"2990","3q26.33",0.0406570210034473,0.314281533300992,0.754026613534985,"con","ALL","3","q","3q",0,-1,"LUAD","Fibroblast"
"2991","3q27.1",0.0481459909879719,0.419976644979672,0.675492465147496,"con","ALL","3","q","3q",0,-1,"LUAD","Fibroblast"
"2992","3q27.2",0.0501069458435912,0.456629512601856,0.649025434050658,"con","ALL","3","q","3q",0,-1,"LUAD","Fibroblast"
"2993","3q27.3",0.0511510555428729,0.471319031923631,0.638540930707735,"con","ALL","3","q","3q",0,-1,"LUAD","Fibroblast"
"2994","3q29",0.0535344591349505,0.541293562824084,0.589627986779156,"con","ALL","3","q","3q",0,-1,"LUAD","Fibroblast"
"2995","4p16.3",-0.125431759901105,-0.438537318352789,0.662036188059086,"con","ALL","4","p","4p",0,-1,"LUAD","Fibroblast"
"2996","4p16.1",-0.0867816920506293,-0.292483531015502,0.770582786059463,"con","ALL","4","p","4p",0,1,"LUAD","Fibroblast"
"2997","4p15.32",-0.0960167047119894,-0.316198707714994,0.752575825367828,"con","ALL","4","p","4p",0,1,"LUAD","Fibroblast"
"2998","4p15.2",-0.076028706955211,-0.248255410980227,0.804496161009276,"con","ALL","4","p","4p",0,1,"LUAD","Fibroblast"
"2999","4p14",-0.0788676785081179,-0.239673876100681,0.811122117670482,"con","ALL","4","p","4p",0,1,"LUAD","Fibroblast"
"3000","4p13",-0.0711074577023858,-0.20403018075501,0.838785513704661,"con","ALL","4","p","4p",0,1,"LUAD","Fibroblast"
"3001","4p12",-0.0405612496568055,-0.114522653656594,0.909075797258668,"con","ALL","4","p","4p",0,1,"LUAD","Fibroblast"
"3002","4p11",-0.00315067630450749,-0.00884940198738688,0.992958662490701,"con","ALL","4","p","4p",0,1,"LUAD","Fibroblast"
"3003","4q12",0.0342490274514115,0.093967487724841,1,"con","ALL","4","q","4q",0,1,"LUAD","Fibroblast"
"3004","4q13.2",0.0313994574501415,0.082782151016281,1,"con","ALL","4","q","4q",0,1,"LUAD","Fibroblast"
"3005","4q21.1",0.0466770388195866,0.106731125844828,1,"con","ALL","4","q","4q",0,1,"LUAD","Fibroblast"
"3006","4q21.22",0.0609024756855049,0.134563417277537,1,"con","ALL","4","q","4q",0,1,"LUAD","Fibroblast"
"3007","4q21.23",0.0951094817539025,0.208767226921481,1,"con","ALL","4","q","4q",0,1,"LUAD","Fibroblast"
"3008","4q22.1",0.056483709674261,0.124024754039173,1,"con","ALL","4","q","4q",0,1,"LUAD","Fibroblast"
"3009","4q22.3",0.0476288646356565,0.104579794626279,1,"con","ALL","4","q","4q",0,-1,"LUAD","Fibroblast"
"3010","4q23",-0.0578565371306038,-0.135849449670959,1,"con","ALL","4","q","4q",0,-1,"LUAD","Fibroblast"
"3011","4q24",-0.0491211808213144,-0.117887826173195,1,"con","ALL","4","q","4q",0,-1,"LUAD","Fibroblast"
"3012","4q25",0.0354073100124935,0.0868801516672437,1,"con","ALL","4","q","4q",0,-1,"LUAD","Fibroblast"
"3013","4q27",0.0623789671678006,0.151867752174036,1,"con","ALL","4","q","4q",0,-1,"LUAD","Fibroblast"
"3014","4q31.1",0.098386075623073,0.242974953286717,1,"con","ALL","4","q","4q",0,-1,"LUAD","Fibroblast"
"3015","4q31.21",0.0705746563825204,0.175940781258831,1,"con","ALL","4","q","4q",0,-1,"LUAD","Fibroblast"
"3016","4q31.22",0.049619007300594,0.124154091984594,1,"con","ALL","4","q","4q",0,-1,"LUAD","Fibroblast"
"3017","4q32.1",0.0417055454582415,0.101552230773091,1,"con","ALL","4","q","4q",0,1,"LUAD","Fibroblast"
"3018","4q32.2",0.0274989533321204,0.066598842709843,1,"con","ALL","4","q","4q",0,1,"LUAD","Fibroblast"
"3019","4q34.1",-0.0207852180446464,-0.051615011635279,1,"con","ALL","4","q","4q",0,1,"LUAD","Fibroblast"
"3020","4q34.2",-0.0247863992697297,-0.0620596309779144,1,"con","ALL","4","q","4q",0,1,"LUAD","Fibroblast"
"3021","4q35.1",-0.023262021610101,-0.059294358179454,1,"con","ALL","4","q","4q",0,1,"LUAD","Fibroblast"
"3022","5p15.33",-0.0176250557558966,-0.123528287524209,0.901961207039933,"con","ALL","5","p","5p",0,1,"LUAD","Fibroblast"
"3023","5p15.31",-0.0240329180465774,-0.154616270722194,0.877466253160012,"con","ALL","5","p","5p",0,1,"LUAD","Fibroblast"
"3024","5p15.2",-0.0307385228125161,-0.189356200360833,0.850235357728132,"con","ALL","5","p","5p",0,1,"LUAD","Fibroblast"
"3025","5p15.1",-0.0283398511561342,-0.160094928354118,0.873161130657482,"con","ALL","5","p","5p",0,1,"LUAD","Fibroblast"
"3026","5p13.3",-0.0357723867436773,-0.190122150730378,0.849636883109363,"con","ALL","5","p","5p",0,1,"LUAD","Fibroblast"
"3027","5p13.1",-0.0391156329409299,-0.179388405558923,0.858031559393834,"con","ALL","5","p","5p",0,1,"LUAD","Fibroblast"
"3028","5p12",-0.0584384271312756,-0.25949208206255,0.795841737457982,"con","ALL","5","p","5p",0,1,"LUAD","Fibroblast"
"3029","5q11.1",-0.112526021256751,-0.455538616688315,0.649806911831892,"con","ALL","5","q","5q",0,1,"LUAD","Fibroblast"
"3030","5q11.2",-0.171687252526509,-0.682779867022948,0.496480489460556,"con","ALL","5","q","5q",0,1,"LUAD","Fibroblast"
"3031","5q12.1",-0.179865500509312,-0.731066075518612,0.466617044946014,"con","ALL","5","q","5q",0,1,"LUAD","Fibroblast"
"3032","5q12.3",-0.244716495756823,-1.0358566080968,0.303013871074376,"con","ALL","5","q","5q",0,1,"LUAD","Fibroblast"
"3033","5q13.1",-0.25531813161954,-1.11359883972886,0.268384126626367,"con","ALL","5","q","5q",0,1,"LUAD","Fibroblast"
"3034","5q13.2",-0.248372190272782,-1.17847437515704,0.241679947395877,"con","ALL","5","q","5q",0,1,"LUAD","Fibroblast"
"3035","5q13.3",-0.248268901746605,-1.24727149914235,0.215498426627506,"con","ALL","5","q","5q",0,-1,"LUAD","Fibroblast"
"3036","5q14.1",-0.248716285165026,-1.27563864721704,0.205329995621123,"con","ALL","5","q","5q",0,-1,"LUAD","Fibroblast"
"3037","5q14.2",-0.259594894762303,-1.37279318169154,0.173190338025457,"con","ALL","5","q","5q",0,-1,"LUAD","Fibroblast"
"3038","5q14.3",-0.260930332870487,-1.38952637044944,0.16806317905096,"con","ALL","5","q","5q",0,-1,"LUAD","Fibroblast"
"3039","5q15",-0.268637863178705,-1.42073556649296,0.15881115433726,"con","ALL","5","q","5q",0,-1,"LUAD","Fibroblast"
"3040","5q21.1",-0.268338465293022,-1.40850971288333,0.162387740793287,"con","ALL","5","q","5q",0,-1,"LUAD","Fibroblast"
"3041","5q21.3",-0.263628995365666,-1.36766127213138,0.174786370722819,"con","ALL","5","q","5q",0,-1,"LUAD","Fibroblast"
"3042","5q22.2",-0.257769034264727,-1.30281558594542,0.195924950688236,"con","ALL","5","q","5q",0,-1,"LUAD","Fibroblast"
"3043","5q22.3",-0.242057272160689,-1.19408055373601,0.235549806574107,"con","ALL","5","q","5q",0,-1,"LUAD","Fibroblast"
"3044","5q23.1",-0.225529697412096,-1.10488665823468,0.272121494255561,"con","ALL","5","q","5q",0,-1,"LUAD","Fibroblast"
"3045","5q23.2",-0.201893166343356,-0.986293292903861,0.326604386504268,"con","ALL","5","q","5q",0,-1,"LUAD","Fibroblast"
"3046","5q31.1",-0.0672092870667482,-0.350784252257906,0.726560971721534,"con","ALL","5","q","5q",0,1,"LUAD","Fibroblast"
"3047","5q31.2",0.0532260268378989,0.303580007544648,0.762140891445471,"con","ALL","5","q","5q",0,1,"LUAD","Fibroblast"
"3048","5q31.3",0.112937568276433,0.678043684305014,0.49946448112473,"con","ALL","5","q","5q",0,1,"LUAD","Fibroblast"
"3049","5q32",0.134200550175651,0.883436902368615,0.379328239777036,"con","ALL","5","q","5q",0,1,"LUAD","Fibroblast"
"3050","5q33.1",0.145804393701815,0.977041966918674,0.331138633207342,"con","ALL","5","q","5q",0,1,"LUAD","Fibroblast"
"3051","5q33.2",0.155202792221132,1.04428716573662,0.299118726417351,"con","ALL","5","q","5q",0,1,"LUAD","Fibroblast"
"3052","5q33.3",0.15290021238658,1.05090758387823,0.296083825980483,"con","ALL","5","q","5q",0,1,"LUAD","Fibroblast"
"3053","5q34",0.144309524762525,1.00950317483012,0.315410113191106,"con","ALL","5","q","5q",0,1,"LUAD","Fibroblast"
"3054","5q35.1",0.130591123571229,0.926167785629718,0.356808559376926,"con","ALL","5","q","5q",0,1,"LUAD","Fibroblast"
"3055","5q35.2",0.119962000413713,0.857844089170092,0.393232310192889,"con","ALL","5","q","5q",0,1,"LUAD","Fibroblast"
"3056","5q35.3",0.0891382558435914,0.685598526130326,0.494709214483877,"con","ALL","5","q","5q",0,1,"LUAD","Fibroblast"
"3057","6p25.2",-0.187963014225978,-0.611071857394242,0.542675417375645,"con","ALL","6","p","6p",0,1,"LUAD","Fibroblast"
"3058","6p25.1",-0.177689832382989,-0.595875958779955,0.552737326985514,"con","ALL","6","p","6p",0,1,"LUAD","Fibroblast"
"3059","6p24.3",-0.169442003826077,-0.587693925938375,0.55819330080651,"con","ALL","6","p","6p",0,1,"LUAD","Fibroblast"
"3060","6p24.2",-0.178630907787631,-0.6401375557133,0.52369168985026,"con","ALL","6","p","6p",0,1,"LUAD","Fibroblast"
"3061","6p23",-0.231597667304176,-0.839871487225695,0.40318160833288,"con","ALL","6","p","6p",0,1,"LUAD","Fibroblast"
"3062","6p22.3",-0.2091593069889,-0.866661141187939,0.38840711896837,"con","ALL","6","p","6p",0,1,"LUAD","Fibroblast"
"3063","6p22.2",-0.182155641747019,-0.793829163511762,0.429360060897863,"con","ALL","6","p","6p",0,1,"LUAD","Fibroblast"
"3064","6p22.1",-0.150216199062187,-0.695681429290268,0.488401220986677,"con","ALL","6","p","6p",0,1,"LUAD","Fibroblast"
"3065","6p21.33",-0.107340209973027,-0.55686262819625,0.578988285720047,"con","ALL","6","p","6p",0,1,"LUAD","Fibroblast"
"3066","6p21.32",-0.085680396518127,-0.462393354566678,0.644902963178297,"con","ALL","6","p","6p",0,1,"LUAD","Fibroblast"
"3067","6p21.31",-0.07481848430089,-0.377401481811269,0.706754018689068,"con","ALL","6","p","6p",0,1,"LUAD","Fibroblast"
"3068","6p21.2",-0.0651742375462964,-0.28578074487644,0.775695571640779,"con","ALL","6","p","6p",0,1,"LUAD","Fibroblast"
"3069","6p21.1",-0.121189858563047,-0.439889226682858,0.661060324317946,"con","ALL","6","p","6p",0,1,"LUAD","Fibroblast"
"3070","6p12.1",-0.282343956147633,-0.92369160458335,0.358089700238449,"con","ALL","6","p","6p",0,1,"LUAD","Fibroblast"
"3071","6q12",-0.316056527321901,-1.10040781416682,0.274056867734832,"con","ALL","6","q","6q",0,1,"LUAD","Fibroblast"
"3072","6q13",-0.332164089697228,-1.19743418340786,0.234247222133999,"con","ALL","6","q","6q",0,1,"LUAD","Fibroblast"
"3073","6q14.1",-0.337789757506019,-1.33050815810451,0.18667546570091,"con","ALL","6","q","6q",0,1,"LUAD","Fibroblast"
"3074","6q14.3",-0.291288563220552,-1.30418597571856,0.195459345021593,"con","ALL","6","q","6q",0,1,"LUAD","Fibroblast"
"3075","6q15",-0.285847787072882,-1.36762346767358,0.174798169246503,"con","ALL","6","q","6q",0,1,"LUAD","Fibroblast"
"3076","6q16.1",-0.279587559816215,-1.39824642077052,0.165437624213907,"con","ALL","6","q","6q",0,1,"LUAD","Fibroblast"
"3077","6q16.2",-0.276817662691378,-1.44063929963272,0.153118530089855,"con","ALL","6","q","6q",0,1,"LUAD","Fibroblast"
"3078","6q21",-0.2763686633266,-1.51542656844508,0.133130397282602,"con","ALL","6","q","6q",0,-1,"LUAD","Fibroblast"
"3079","6q22.1",-0.29295650746182,-1.6528008325911,0.101817640803062,"con","ALL","6","q","6q",0,-1,"LUAD","Fibroblast"
"3080","6q22.31",-0.312866804385236,-1.73534979093383,0.086064088537326,"con","ALL","6","q","6q",0,-1,"LUAD","Fibroblast"
"3081","6q22.33",-0.355423780641118,-1.93745872441602,0.0557904088926957,"con","ALL","6","q","6q",0,-1,"LUAD","Fibroblast"
"3082","6q23.2",-0.376193902547591,-2.0405631576721,0.0441918005929319,"con","ALL","6","q","6q",0,-1,"LUAD","Fibroblast"
"3083","6q23.3",-0.395807773295111,-2.12497308788691,0.0362990120708804,"con","ALL","6","q","6q",0,-1,"LUAD","Fibroblast"
"3084","6q24.1",-0.40846192274257,-2.17445166526729,0.0322652223758189,"con","ALL","6","q","6q",0,-1,"LUAD","Fibroblast"
"3085","6q24.2",-0.436453702368036,-2.33684567738321,0.0216418230720451,"con","ALL","6","q","6q",0,-1,"LUAD","Fibroblast"
"3086","6q25.1",-0.443465527608612,-2.43437213255183,0.0168694988571326,"con","ALL","6","q","6q",0,-1,"LUAD","Fibroblast"
"3087","6q25.3",-0.435249871777012,-2.5060585835136,0.0139852574240821,"con","ALL","6","q","6q",0,1,"LUAD","Fibroblast"
"3088","6q27",-0.426844268815827,-2.51772218838211,0.0135603097788774,"con","ALL","6","q","6q",0,1,"LUAD","Fibroblast"
"3089","7p22.3",0.0202402066366467,0.194179677332671,0.846468015540714,"con","ALL","7","p","7p",0,1,"LUAD","Fibroblast"
"3090","7p22.1",0.0168000880220288,0.164742822257045,0.869511807185461,"con","ALL","7","p","7p",0,1,"LUAD","Fibroblast"
"3091","7p21.3",0.0150001775720269,0.148392256930464,0.88236154274541,"con","ALL","7","p","7p",0,1,"LUAD","Fibroblast"
"3092","7p21.1",0.0115985486193374,0.114368151516366,0.909197922737774,"con","ALL","7","p","7p",0,1,"LUAD","Fibroblast"
"3093","7p15.3",0.00665976166582914,0.0649636975297269,0.948345404443286,"con","ALL","7","p","7p",0,1,"LUAD","Fibroblast"
"3094","7p15.2",0.00241912294595985,0.0234619233356266,0.981333181701474,"con","ALL","7","p","7p",0,1,"LUAD","Fibroblast"
"3095","7p14.3",-0.00286751897432718,-0.0271790537373915,0.978376437425084,"con","ALL","7","p","7p",0,1,"LUAD","Fibroblast"
"3096","7p14.2",-0.0082408752282626,-0.0770702394692188,0.938736867909319,"con","ALL","7","p","7p",0,1,"LUAD","Fibroblast"
"3097","7p14.1",-0.0165976505961175,-0.152776018557331,0.878913154730666,"con","ALL","7","p","7p",0,1,"LUAD","Fibroblast"
"3098","7p13",-0.032483361696747,-0.29098698837692,0.771723457012927,"con","ALL","7","p","7p",0,1,"LUAD","Fibroblast"
"3099","7p12.3",-0.0563734428500584,-0.485154680148209,0.628732552764825,"con","ALL","7","p","7p",0,1,"LUAD","Fibroblast"
"3100","7p11.2",-0.0702967907964671,-0.58292943239289,0.561382596167024,"con","ALL","7","p","7p",0,1,"LUAD","Fibroblast"
"3101","7q11.21",-0.100971599427485,-0.790214881165734,0.431456722503591,"con","ALL","7","q","7q",0,1,"LUAD","Fibroblast"
"3102","7q11.23",-0.172551413534724,-1.12357634826067,0.264148162898156,"con","ALL","7","q","7q",0,1,"LUAD","Fibroblast"
"3103","7q21.12",-0.194396956666809,-1.15616784856371,0.250638857958041,"con","ALL","7","q","7q",0,1,"LUAD","Fibroblast"
"3104","7q21.2",-0.204794824610621,-1.13805396753371,0.258085373158135,"con","ALL","7","q","7q",0,1,"LUAD","Fibroblast"
"3105","7q21.3",-0.199504280384203,-1.05850264375084,0.292628021016632,"con","ALL","7","q","7q",0,1,"LUAD","Fibroblast"
"3106","7q22.1",-0.30017289574467,-1.48588864271742,0.140764911202028,"con","ALL","7","q","7q",0,1,"LUAD","Fibroblast"
"3107","7q22.3",-0.427597300808445,-1.94632713971718,0.0547003738901583,"con","ALL","7","q","7q",0,1,"LUAD","Fibroblast"
"3108","7q31.1",-0.429753146949272,-1.87764467878725,0.0636327214276252,"con","ALL","7","q","7q",0,1,"LUAD","Fibroblast"
"3109","7q31.2",-0.413514974302603,-1.77615624861745,0.0790495627667446,"con","ALL","7","q","7q",0,1,"LUAD","Fibroblast"
"3110","7q31.31",-0.390514952859803,-1.66773148215108,0.0988068790325988,"con","ALL","7","q","7q",0,1,"LUAD","Fibroblast"
"3111","7q31.32",-0.373500624261577,-1.57865614144953,0.117884936397682,"con","ALL","7","q","7q",0,1,"LUAD","Fibroblast"
"3112","7q32.1",-0.289365346823715,-1.18842270623032,0.237759168822275,"con","ALL","7","q","7q",0,-1,"LUAD","Fibroblast"
"3113","7q32.2",-0.26391976206349,-1.07083528480948,0.287075438801163,"con","ALL","7","q","7q",0,-1,"LUAD","Fibroblast"
"3114","7q33",-0.253469561559835,-1.02163917048624,0.309660050888143,"con","ALL","7","q","7q",0,-1,"LUAD","Fibroblast"
"3115","7q34",-0.220743693768152,-0.897479846755584,0.371831251353325,"con","ALL","7","q","7q",0,1,"LUAD","Fibroblast"
"3116","7q36.1",-0.178355465563329,-0.756810992676927,0.451118117765557,"con","ALL","7","q","7q",0,1,"LUAD","Fibroblast"
"3117","7q36.3",-0.127930342458365,-0.562169802434046,0.575382490022352,"con","ALL","7","q","7q",0,1,"LUAD","Fibroblast"
"3118","8p23.3",-0.202674398395334,-0.943898783397213,0.34772072553817,"con","ALL","8","p","8p",0,1,"LUAD","Fibroblast"
"3119","8p22",-0.202493366981675,-0.914295686617532,0.362977733961094,"con","ALL","8","p","8p",0,1,"LUAD","Fibroblast"
"3120","8p21.3",-0.192735391877837,-0.830911549028229,0.408198425315199,"con","ALL","8","p","8p",0,1,"LUAD","Fibroblast"
"3121","8p21.2",-0.240571738790648,-1.00007949110653,0.319923951359275,"con","ALL","8","p","8p",0,1,"LUAD","Fibroblast"
"3122","8p21.1",-0.236983747308133,-0.96587648014825,0.336665900871074,"con","ALL","8","p","8p",0,1,"LUAD","Fibroblast"
"3123","8p12",-0.238353854178036,-0.947887195613205,0.345697302335025,"con","ALL","8","p","8p",0,1,"LUAD","Fibroblast"
"3124","8p11.23",-0.198404208147093,-0.758426604406396,0.450155463159164,"con","ALL","8","p","8p",0,1,"LUAD","Fibroblast"
"3125","8p11.22",-0.171845773042676,-0.65923635654775,0.5114088163884,"con","ALL","8","p","8p",0,1,"LUAD","Fibroblast"
"3126","8p11.21",-0.153006046174921,-0.602799651084439,0.548141309113674,"con","ALL","8","p","8p",0,1,"LUAD","Fibroblast"
"3127","8q11.21",-0.114342281446147,-0.479544482038656,0.632701844404668,"con","ALL","8","q","8q",0,1,"LUAD","Fibroblast"
"3128","8q11.23",-0.0916663823755123,-0.398457720855005,0.6912261888895,"con","ALL","8","q","8q",0,1,"LUAD","Fibroblast"
"3129","8q12.1",-0.0130489098558361,-0.0608311185845939,0.951627107959378,"con","ALL","8","q","8q",0,1,"LUAD","Fibroblast"
"3130","8q12.3",0.0420093287837926,0.206820982655133,0.836611742908425,"con","ALL","8","q","8q",0,1,"LUAD","Fibroblast"
"3131","8q13.1",0.0763215420437834,0.390578988619376,0.697021307337957,"con","ALL","8","q","8q",0,1,"LUAD","Fibroblast"
"3132","8q13.3",0.0843121761557605,0.445008565786022,0.657370288802663,"con","ALL","8","q","8q",0,1,"LUAD","Fibroblast"
"3133","8q21.11",0.0921555624447528,0.511708274898294,0.610094717583517,"con","ALL","8","q","8q",0,1,"LUAD","Fibroblast"
"3134","8q21.13",0.083109839446294,0.510226758745357,0.611127997256061,"con","ALL","8","q","8q",0,1,"LUAD","Fibroblast"
"3135","8q21.3",0.0722049875598508,0.491108357695466,0.624532145609741,"con","ALL","8","q","8q",0,1,"LUAD","Fibroblast"
"3136","8q22.1",0.0610016383042235,0.465942666310938,0.642369888888228,"con","ALL","8","q","8q",0,1,"LUAD","Fibroblast"
"3137","8q22.2",0.0566267523923665,0.460021944038647,0.64659773256996,"con","ALL","8","q","8q",0,1,"LUAD","Fibroblast"
"3138","8q22.3",0.0542021480831609,0.457447160186872,0.648439958682023,"con","ALL","8","q","8q",0,1,"LUAD","Fibroblast"
"3139","8q23.1",0.0545625270590741,0.47517148584054,0.635803282350998,"con","ALL","8","q","8q",0,1,"LUAD","Fibroblast"
"3140","8q23.2",0.0559822637113316,0.490871808225458,0.624698799598444,"con","ALL","8","q","8q",0,1,"LUAD","Fibroblast"
"3141","8q24.11",0.0582805733924495,0.515348592846045,0.607559143278459,"con","ALL","8","q","8q",0,1,"LUAD","Fibroblast"
"3142","8q24.12",0.0600214161977592,0.540381506839369,0.590254105584067,"con","ALL","8","q","8q",0,1,"LUAD","Fibroblast"
"3143","8q24.13",0.0657634199253848,0.604317784849015,0.547136128081461,"con","ALL","8","q","8q",0,1,"LUAD","Fibroblast"
"3144","8q24.22",0.0770849524251765,0.732489074486414,0.465752602160868,"con","ALL","8","q","8q",0,1,"LUAD","Fibroblast"
"3145","8q24.3",0.0932510266155268,0.923849909673269,0.358007707505523,"con","ALL","8","q","8q",0,1,"LUAD","Fibroblast"
"3146","9p24.1",-0.267090865085357,-2.01046307717725,0.047342416451713,"con","ALL","9","p","9p",0,-1,"LUAD","Fibroblast"
"3147","9p22.3",-0.269758384721881,-2.00984876205422,0.0474086676583578,"con","ALL","9","p","9p",0,-1,"LUAD","Fibroblast"
"3148","9p22.1",-0.270963091690224,-2.03916627953257,0.0443339305683685,"con","ALL","9","p","9p",0,-1,"LUAD","Fibroblast"
"3149","9p21.1",-0.286135283590577,-1.95021047646271,0.0542287794938778,"con","ALL","9","p","9p",0,-1,"LUAD","Fibroblast"
"3150","9p13.3",-0.308689934815295,-1.77598341931026,0.0790782437987401,"con","ALL","9","p","9p",0,-1,"LUAD","Fibroblast"
"3151","9p13.2",-0.319002907620055,-1.55667764681255,0.123018196827821,"con","ALL","9","p","9p",0,-1,"LUAD","Fibroblast"
"3152","9q21.12",-0.30632073540882,-1.32610617453566,0.188123430775057,"con","ALL","9","q","9q",0,-1,"LUAD","Fibroblast"
"3153","9q21.13",-0.291589926562615,-1.14450567496748,0.255415428044531,"con","ALL","9","q","9q",0,-1,"LUAD","Fibroblast"
"3154","9q21.2",-0.203875158377896,-0.691862860308885,1,"con","ALL","9","q","9q",0,-1,"LUAD","Fibroblast"
"3155","9q21.31",-0.17131915401087,-0.574312956469543,1,"con","ALL","9","q","9q",0,-1,"LUAD","Fibroblast"
"3156","9q21.32",-0.142115481890705,-0.468629179854129,1,"con","ALL","9","q","9q",0,-1,"LUAD","Fibroblast"
"3157","9q21.33",-0.0630142933623323,-0.205700858606045,1,"con","ALL","9","q","9q",0,-1,"LUAD","Fibroblast"
"3158","9q22.2",-0.0150318801018773,-0.0491718622618244,1,"con","ALL","9","q","9q",0,-1,"LUAD","Fibroblast"
"3159","9q22.31",0.0861615663618754,0.289403099227713,1,"con","ALL","9","q","9q",0,-1,"LUAD","Fibroblast"
"3160","9q22.32",0.121331352038361,0.412171959644542,1,"con","ALL","9","q","9q",0,-1,"LUAD","Fibroblast"
"3161","9q22.33",0.180382043535556,0.644518187934318,1,"con","ALL","9","q","9q",0,-1,"LUAD","Fibroblast"
"3162","9q31.1",0.228398426030283,0.887111038585822,0.377357686257437,"con","ALL","9","q","9q",0,-1,"LUAD","Fibroblast"
"3163","9q31.2",0.24800540390235,1.03497263829551,0.303424265823976,"con","ALL","9","q","9q",0,-1,"LUAD","Fibroblast"
"3164","9q31.3",0.257945751347702,1.12059930278161,0.265407136996901,"con","ALL","9","q","9q",0,-1,"LUAD","Fibroblast"
"3165","9q32",0.268831142261902,1.14223973505515,0.256350921989366,"con","ALL","9","q","9q",0,-1,"LUAD","Fibroblast"
"3166","9q33.2",0.274607243150511,1.07341037973616,0.285925225282659,"con","ALL","9","q","9q",0,-1,"LUAD","Fibroblast"
"3167","9q33.3",0.237845862972656,0.889181664507886,0.376249976578669,"con","ALL","9","q","9q",0,-1,"LUAD","Fibroblast"
"3168","9q34.11",0.164070658077228,0.573758487633611,0.567546625886528,"con","ALL","9","q","9q",0,-1,"LUAD","Fibroblast"
"3169","9q34.13",0.0922183274556193,0.319479715893153,0.7500950425376,"con","ALL","9","q","9q",0,-1,"LUAD","Fibroblast"
"3170","9q34.3",-0.0310744074525089,-0.123853571253721,0.901704374025348,"con","ALL","9","q","9q",0,1,"LUAD","Fibroblast"
"3171","10p15.3",0.0413498174919641,0.261663562531256,0.794172178055259,"con","ALL","10","p","10p",0,-1,"LUAD","Fibroblast"
"3172","10p14",-0.0129226780803498,-0.0685047627084124,0.945534131569535,"con","ALL","10","p","10p",0,-1,"LUAD","Fibroblast"
"3173","10p13",-0.0716888186112442,-0.340293560973184,0.734419746183344,"con","ALL","10","p","10p",0,-1,"LUAD","Fibroblast"
"3174","10p12.2",-0.163092547522211,-0.674685056418738,0.501586409090753,"con","ALL","10","p","10p",0,-1,"LUAD","Fibroblast"
"3175","10p12.1",-0.193416792749335,-0.72985100559118,0.467355890894101,"con","ALL","10","p","10p",0,-1,"LUAD","Fibroblast"
"3176","10p11.22",-0.216391066097496,-0.753837865328836,0.45289273319831,"con","ALL","10","p","10p",0,-1,"LUAD","Fibroblast"
"3177","10q11.21",-0.139862610892768,-0.438410361771489,0.662127860618715,"con","ALL","10","q","10q",0,-1,"LUAD","Fibroblast"
"3178","10q11.22",-0.0974863849463478,-0.295888890224529,0.767989089928105,"con","ALL","10","q","10q",0,-1,"LUAD","Fibroblast"
"3179","10q21.1",-0.0586697633940384,-0.174907505809162,0.861540885776386,"con","ALL","10","q","10q",0,-1,"LUAD","Fibroblast"
"3180","10q21.3",-0.0233386994940963,-0.0657891663319147,1,"con","ALL","10","q","10q",0,-1,"LUAD","Fibroblast"
"3181","10q22.1",0.11403920344234,0.285348044832724,1,"con","ALL","10","q","10q",0,1,"LUAD","Fibroblast"
"3182","10q22.2",0.170328817323626,0.388437665227035,1,"con","ALL","10","q","10q",0,1,"LUAD","Fibroblast"
"3183","10q22.3",0.12901321868169,0.292889565433056,1,"con","ALL","10","q","10q",0,1,"LUAD","Fibroblast"
"3184","10q23.1",0.116873214034338,0.264142930721415,1,"con","ALL","10","q","10q",0,1,"LUAD","Fibroblast"
"3185","10q23.2",0.128176767815692,0.289367210849268,1,"con","ALL","10","q","10q",0,1,"LUAD","Fibroblast"
"3186","10q23.31",0.126079983518447,0.282211141159641,1,"con","ALL","10","q","10q",0,-1,"LUAD","Fibroblast"
"3187","10q23.32",0.109674133063181,0.244887042672552,1,"con","ALL","10","q","10q",0,-1,"LUAD","Fibroblast"
"3188","10q24.1",0.0535537797186305,0.123742982415015,1,"con","ALL","10","q","10q",0,-1,"LUAD","Fibroblast"
"3189","10q24.2",0.0216002231464342,0.0503750207579946,1,"con","ALL","10","q","10q",0,-1,"LUAD","Fibroblast"
"3190","10q24.31",-0.0138514098892403,-0.0338379045688811,1,"con","ALL","10","q","10q",0,-1,"LUAD","Fibroblast"
"3191","10q24.32",-0.106260443352713,-0.266658187927431,0.790335670313276,"con","ALL","10","q","10q",0,-1,"LUAD","Fibroblast"
"3192","10q25.1",-0.124190411963609,-0.311446860850568,0.75617331895465,"con","ALL","10","q","10q",0,-1,"LUAD","Fibroblast"
"3193","10q25.2",-0.11525545071771,-0.286474745784189,0.775165734895592,"con","ALL","10","q","10q",0,-1,"LUAD","Fibroblast"
"3194","10q25.3",-0.114859734462349,-0.285106247022031,1,"con","ALL","10","q","10q",0,-1,"LUAD","Fibroblast"
"3195","10q26.11",-0.0909721786933732,-0.223488674304492,1,"con","ALL","10","q","10q",0,-1,"LUAD","Fibroblast"
"3196","10q26.13",-0.179442572156759,-0.502874676688634,1,"con","ALL","10","q","10q",0,-1,"LUAD","Fibroblast"
"3197","10q26.3",-0.195453281396131,-0.608696392561283,0.544242184928885,"con","ALL","10","q","10q",0,-1,"LUAD","Fibroblast"
"3198","11p15.5",0.263029806516684,1.74268355152156,0.0847670276093172,"con","ALL","11","p","11p",0,-1,"LUAD","Fibroblast"
"3199","11p15.4",0.318701794473607,1.37707391186464,0.171867514950307,"con","ALL","11","p","11p",0,-1,"LUAD","Fibroblast"
"3200","11p15.3",0.350714147547927,1.29799488881307,0.197569403670509,"con","ALL","11","p","11p",0,-1,"LUAD","Fibroblast"
"3201","11p15.2",0.346535226627334,1.18354096700451,0.239677388594505,"con","ALL","11","p","11p",0,-1,"LUAD","Fibroblast"
"3202","11p15.1",0.355139062805265,1.09180377389453,0.277801573131877,"con","ALL","11","p","11p",0,-1,"LUAD","Fibroblast"
"3203","11p14.3",0.369775168854673,0.992794170032894,0.323442831187598,"con","ALL","11","p","11p",0,-1,"LUAD","Fibroblast"
"3204","11p13",0.353380952745071,0.74057646901678,1,"con","ALL","11","p","11p",0,-1,"LUAD","Fibroblast"
"3205","11p12",0.463778131575987,0.845728952827129,1,"con","ALL","11","p","11p",0,-1,"LUAD","Fibroblast"
"3206","11p11.2",0.680390562980938,1.05968009797427,1,"con","ALL","11","p","11p",0,1,"LUAD","Fibroblast"
"3207","11q12.1",1.20769201429082,1.66810559279406,1,"con","ALL","11","q","11q",0,1,"LUAD","Fibroblast"
"3208","11q12.2",0.879069769696308,1.40119859809739,1,"con","ALL","11","q","11q",0,1,"LUAD","Fibroblast"
"3209","11q12.3",0.619222336466928,1.13433601653051,1,"con","ALL","11","q","11q",0,1,"LUAD","Fibroblast"
"3210","11q13.1",0.409751933157765,0.929585623411189,1,"con","ALL","11","q","11q",0,1,"LUAD","Fibroblast"
"3211","11q13.2",0.324266391984638,1.10978444586959,0.270015998728758,"con","ALL","11","q","11q",0,1,"LUAD","Fibroblast"
"3212","11q13.3",0.249869607443445,1.04276528605724,0.299819352045295,"con","ALL","11","q","11q",0,1,"LUAD","Fibroblast"
"3213","11q13.4",0.267513790155681,1.05552652455095,0.293978881596848,"con","ALL","11","q","11q",0,1,"LUAD","Fibroblast"
"3214","11q13.5",0.28374403394279,1.07670796437982,0.284456926712537,"con","ALL","11","q","11q",0,1,"LUAD","Fibroblast"
"3215","11q14.1",0.416757473592463,1.30064768594863,0.196663206279494,"con","ALL","11","q","11q",0,-1,"LUAD","Fibroblast"
"3216","11q14.2",0.536805450042215,1.48004677016958,1,"con","ALL","11","q","11q",0,-1,"LUAD","Fibroblast"
"3217","11q14.3",0.612573273686934,1.61183759302346,1,"con","ALL","11","q","11q",0,-1,"LUAD","Fibroblast"
"3218","11q21",0.664117883290113,1.64878071795105,1,"con","ALL","11","q","11q",0,-1,"LUAD","Fibroblast"
"3219","11q22.2",0.615945392503451,1.51698055073855,1,"con","ALL","11","q","11q",0,-1,"LUAD","Fibroblast"
"3220","11q22.3",0.54193397091192,1.3935512874483,1,"con","ALL","11","q","11q",0,-1,"LUAD","Fibroblast"
"3221","11q23.1",0.457539133123764,1.30873475766893,0.193919755662416,"con","ALL","11","q","11q",0,-1,"LUAD","Fibroblast"
"3222","11q23.2",0.428291423146432,1.30677272813472,0.194582714405812,"con","ALL","11","q","11q",0,-1,"LUAD","Fibroblast"
"3223","11q23.3",0.370880070007321,1.25332908381316,0.213296639339749,"con","ALL","11","q","11q",0,-1,"LUAD","Fibroblast"
"3224","11q24.1",0.265489360255206,1.08665899389048,0.280057563028673,"con","ALL","11","q","11q",0,-1,"LUAD","Fibroblast"
"3225","11q24.2",0.247441559482913,1.0487557529436,0.297067951699143,"con","ALL","11","q","11q",0,1,"LUAD","Fibroblast"
"3226","11q24.3",0.21835510321343,0.978504980959184,0.330418840710956,"con","ALL","11","q","11q",0,1,"LUAD","Fibroblast"
"3227","11q25",0.201093666656144,0.933052843608893,0.353261779758853,"con","ALL","11","q","11q",0,1,"LUAD","Fibroblast"
"3228","12p13.33",0.111230673506994,0.806785114225276,0.421893881817195,"con","ALL","12","p","12p",0,1,"LUAD","Fibroblast"
"3229","12p13.32",0.100454019938761,0.711141086026988,0.478815682461116,"con","ALL","12","p","12p",0,1,"LUAD","Fibroblast"
"3230","12p13.31",0.0831651103702975,0.530158087674396,0.597293596360913,"con","ALL","12","p","12p",0,-1,"LUAD","Fibroblast"
"3231","12p13.2",0.0336686005500945,0.172681270858014,0.863285454496751,"con","ALL","12","p","12p",0,-1,"LUAD","Fibroblast"
"3232","12p13.1",0.0214708038070492,0.101327515121229,0.919513402149194,"con","ALL","12","p","12p",0,-1,"LUAD","Fibroblast"
"3233","12p12.3",0.00273240377200625,0.0122092567400713,0.990285391864024,"con","ALL","12","p","12p",0,-1,"LUAD","Fibroblast"
"3234","12p12.1",-0.0557508424958348,-0.209801230919467,0.834291811212955,"con","ALL","12","p","12p",0,1,"LUAD","Fibroblast"
"3235","12p11.23",-0.0950688935590833,-0.315152508341086,1,"con","ALL","12","p","12p",0,1,"LUAD","Fibroblast"
"3236","12p11.22",-0.12570114983791,-0.378326437891082,1,"con","ALL","12","p","12p",0,1,"LUAD","Fibroblast"
"3237","12q12",-0.160326421570298,-0.421355823190561,1,"con","ALL","12","q","12q",0,1,"LUAD","Fibroblast"
"3238","12q13.11",-0.196222358667786,-0.489558525964174,1,"con","ALL","12","q","12q",0,1,"LUAD","Fibroblast"
"3239","12q13.12",-0.220031814275151,-0.529849763838183,0.597506499069448,"con","ALL","12","q","12q",0,1,"LUAD","Fibroblast"
"3240","12q13.13",-0.0564474177011132,-0.164677739989135,0.869562887634494,"con","ALL","12","q","12q",0,1,"LUAD","Fibroblast"
"3241","12q13.2",-0.00556875960557799,-0.0223445145158533,0.982222063233927,"con","ALL","12","q","12q",0,1,"LUAD","Fibroblast"
"3242","12q13.3",-0.062216778894286,-0.324197447546263,0.746532553978568,"con","ALL","12","q","12q",0,1,"LUAD","Fibroblast"
"3243","12q14.1",-0.0869226112402803,-0.502045622894525,0.616848048913082,"con","ALL","12","q","12q",0,1,"LUAD","Fibroblast"
"3244","12q14.3",-0.106866294864916,-0.621631660154904,0.53573833785588,"con","ALL","12","q","12q",0,1,"LUAD","Fibroblast"
"3245","12q15",-0.108402171679284,-0.619459251023077,0.537161746766826,"con","ALL","12","q","12q",0,1,"LUAD","Fibroblast"
"3246","12q21.1",-0.129328327199189,-0.658003637392964,0.512196964887686,"con","ALL","12","q","12q",0,-1,"LUAD","Fibroblast"
"3247","12q21.2",-0.157542770046337,-0.725501402034673,0.47000614571858,"con","ALL","12","q","12q",0,-1,"LUAD","Fibroblast"
"3248","12q21.31",-0.189509149697105,-0.797674367048676,0.427136062565516,"con","ALL","12","q","12q",0,-1,"LUAD","Fibroblast"
"3249","12q21.33",-0.202437400830261,-0.796629319278269,0.427739823685329,"con","ALL","12","q","12q",0,-1,"LUAD","Fibroblast"
"3250","12q22",-0.202211567635023,-0.763786511948519,0.446970275192164,"con","ALL","12","q","12q",0,-1,"LUAD","Fibroblast"
"3251","12q23.1",-0.192512402661024,-0.723340176415949,0.47132613370967,"con","ALL","12","q","12q",0,-1,"LUAD","Fibroblast"
"3252","12q23.2",-0.172076846133835,-0.651854649326579,0.516137965406572,"con","ALL","12","q","12q",0,-1,"LUAD","Fibroblast"
"3253","12q23.3",-0.153404924767402,-0.599068234708454,0.550615875617872,"con","ALL","12","q","12q",0,-1,"LUAD","Fibroblast"
"3254","12q24.11",-0.0755396142105105,-0.318725162277648,0.750665331892965,"con","ALL","12","q","12q",0,-1,"LUAD","Fibroblast"
"3255","12q24.13",-0.0613501766662602,-0.264593845777904,0.791920727426391,"con","ALL","12","q","12q",0,-1,"LUAD","Fibroblast"
"3256","12q24.23",-0.0794421015797211,-0.341071909089833,0.733835686833439,"con","ALL","12","q","12q",0,-1,"LUAD","Fibroblast"
"3257","12q24.31",-0.0839381947327356,-0.34740822131327,0.729086876407836,"con","ALL","12","q","12q",0,-1,"LUAD","Fibroblast"
"3258","12q24.33",-0.0837003783181803,-0.328091317332659,0.743596324642366,"con","ALL","12","q","12q",0,-1,"LUAD","Fibroblast"
"3259","13q12.11",-0.117016286174366,-0.766510226916281,0.445356682458272,"con","ALL","13","q","13q",0,-1,"LUAD","Fibroblast"
"3260","13q12.2",-0.132256545251581,-0.876702118836639,0.382956984163687,"con","ALL","13","q","13q",0,-1,"LUAD","Fibroblast"
"3261","13q12.3",-0.141131256919766,-0.920736429358869,0.359622511654331,"con","ALL","13","q","13q",0,-1,"LUAD","Fibroblast"
"3262","13q13.1",-0.148536508286531,-0.946036424254759,0.346635295477925,"con","ALL","13","q","13q",0,-1,"LUAD","Fibroblast"
"3263","13q13.3",-0.163705233262315,-1.01526235644708,0.312672567161598,"con","ALL","13","q","13q",0,-1,"LUAD","Fibroblast"
"3264","13q14.11",-0.183374320580453,-1.1141160164816,0.268163399579816,"con","ALL","13","q","13q",0,-1,"LUAD","Fibroblast"
"3265","13q14.12",-0.197299187549107,-1.17867490999079,0.241600459623643,"con","ALL","13","q","13q",0,-1,"LUAD","Fibroblast"
"3266","13q14.13",-0.204714603634884,-1.21518251592937,0.227439937680306,"con","ALL","13","q","13q",0,-1,"LUAD","Fibroblast"
"3267","13q14.2",-0.216895425903831,-1.24582137382797,0.216027973040063,"con","ALL","13","q","13q",0,-1,"LUAD","Fibroblast"
"3268","13q14.3",-0.246297966400909,-1.29414796364465,0.198889029022098,"con","ALL","13","q","13q",0,-1,"LUAD","Fibroblast"
"3269","13q21.33",-0.257443857953298,-1.32206293290398,0.18946080047262,"con","ALL","13","q","13q",0,-1,"LUAD","Fibroblast"
"3270","13q22.2",-0.270503951143734,-1.36467419305177,0.175720482255828,"con","ALL","13","q","13q",0,-1,"LUAD","Fibroblast"
"3271","13q22.3",-0.289305182822187,-1.43673832191101,0.154221631399813,"con","ALL","13","q","13q",0,-1,"LUAD","Fibroblast"
"3272","13q31.1",-0.295715377383025,-1.45652458965127,0.148689471341305,"con","ALL","13","q","13q",0,-1,"LUAD","Fibroblast"
"3273","13q32.1",-0.298863068417044,-1.47041559125787,0.144898525150688,"con","ALL","13","q","13q",0,-1,"LUAD","Fibroblast"
"3274","13q32.2",-0.297428489629453,-1.44433379033187,0.152079452644093,"con","ALL","13","q","13q",0,-1,"LUAD","Fibroblast"
"3275","13q32.3",-0.300436806676257,-1.46405631218003,0.14662456861614,"con","ALL","13","q","13q",0,-1,"LUAD","Fibroblast"
"3276","13q33.3",-0.302066745163405,-1.46133138347754,0.147369047768934,"con","ALL","13","q","13q",0,-1,"LUAD","Fibroblast"
"3277","13q34",-0.290895297694795,-1.4170839617879,0.159873000326273,"con","ALL","13","q","13q",0,-1,"LUAD","Fibroblast"
"3278","14q11.2",-0.0265820166922938,-0.109070523765112,0.913386707498724,"con","ALL","14","q","14q",0,1,"LUAD","Fibroblast"
"3279","14q12",-0.0372296730923202,-0.159232841473243,0.873838307824173,"con","ALL","14","q","14q",0,1,"LUAD","Fibroblast"
"3280","14q13.1",-0.0415471597051567,-0.183146987852408,0.855090128438166,"con","ALL","14","q","14q",0,1,"LUAD","Fibroblast"
"3281","14q13.2",-0.0570096281903349,-0.259740778339529,0.795650477075132,"con","ALL","14","q","14q",0,1,"LUAD","Fibroblast"
"3282","14q13.3",-0.056918422687973,-0.266063884166624,0.790791902587878,"con","ALL","14","q","14q",0,1,"LUAD","Fibroblast"
"3283","14q21.1",-0.0498819962451482,-0.233810380554176,0.815657382031644,"con","ALL","14","q","14q",0,1,"LUAD","Fibroblast"
"3284","14q21.2",-0.0546247466817939,-0.261598657657778,0.794222066811302,"con","ALL","14","q","14q",0,1,"LUAD","Fibroblast"
"3285","14q21.3",-0.0481296778201999,-0.237252844978781,0.812993952041094,"con","ALL","14","q","14q",0,1,"LUAD","Fibroblast"
"3286","14q22.1",-0.0336030614679188,-0.17008019652088,0.865324620854963,"con","ALL","14","q","14q",0,1,"LUAD","Fibroblast"
"3287","14q22.3",-0.0161178262353757,-0.0838462639308583,0.933362839059281,"con","ALL","14","q","14q",0,1,"LUAD","Fibroblast"
"3288","14q23.1",-0.00571043694970906,-0.0310764736472148,0.975276609164262,"con","ALL","14","q","14q",0,1,"LUAD","Fibroblast"
"3289","14q23.2",0.0130837904142037,0.0725035088380901,0.942360333613957,"con","ALL","14","q","14q",0,1,"LUAD","Fibroblast"
"3290","14q23.3",0.0342341295963059,0.189768710784063,0.849913032164842,"con","ALL","14","q","14q",0,1,"LUAD","Fibroblast"
"3291","14q24.1",0.0518464930957978,0.288402537869681,0.773694516117676,"con","ALL","14","q","14q",0,1,"LUAD","Fibroblast"
"3292","14q24.2",0.0630572973448603,0.348155424211596,0.728527569629558,"con","ALL","14","q","14q",0,1,"LUAD","Fibroblast"
"3293","14q24.3",0.072658050473516,0.369269435206251,0.7127847609231,"con","ALL","14","q","14q",0,1,"LUAD","Fibroblast"
"3294","14q32.11",0.093620657222779,0.434854752456763,0.664697374594595,"con","ALL","14","q","14q",0,1,"LUAD","Fibroblast"
"3295","14q32.12",0.100427404282184,0.453261441446675,0.651439458326992,"con","ALL","14","q","14q",0,1,"LUAD","Fibroblast"
"3296","14q32.2",0.148231849217135,0.647795878792338,0.518748038631075,"con","ALL","14","q","14q",0,1,"LUAD","Fibroblast"
"3297","14q32.31",0.175646310258256,0.762398485794758,0.44779387323985,"con","ALL","14","q","14q",0,1,"LUAD","Fibroblast"
"3298","14q32.32",0.231845750653234,0.998301611129237,0.320780327970625,"con","ALL","14","q","14q",0,1,"LUAD","Fibroblast"
"3299","14q32.33",0.292167735739703,1.33275152877003,0.18594077044161,"con","ALL","14","q","14q",0,1,"LUAD","Fibroblast"
"3300","15q14",-0.0833177453615739,-0.507412942714197,0.613092653450895,"con","ALL","15","q","15q",0,-1,"LUAD","Fibroblast"
"3301","15q15.1",-0.0985535239049348,-0.621217154611523,0.536009781586315,"con","ALL","15","q","15q",0,-1,"LUAD","Fibroblast"
"3302","15q15.2",-0.0993523307624075,-0.645303575344649,0.520354192477784,"con","ALL","15","q","15q",0,-1,"LUAD","Fibroblast"
"3303","15q15.3",-0.101053909175161,-0.659864212847727,0.511007639185274,"con","ALL","15","q","15q",0,-1,"LUAD","Fibroblast"
"3304","15q21.1",-0.101129841903057,-0.653961646683275,0.514785753628608,"con","ALL","15","q","15q",0,-1,"LUAD","Fibroblast"
"3305","15q21.2",-0.111387911081966,-0.700136732581698,0.48562803184829,"con","ALL","15","q","15q",0,-1,"LUAD","Fibroblast"
"3306","15q21.3",-0.112826495992312,-0.703499777210355,0.483540466309272,"con","ALL","15","q","15q",0,-1,"LUAD","Fibroblast"
"3307","15q22.1",-0.121849428781159,-0.751822017409736,0.454098239027303,"con","ALL","15","q","15q",0,-1,"LUAD","Fibroblast"
"3308","15q22.2",-0.123907440366582,-0.736084107113609,0.463572726963884,"con","ALL","15","q","15q",0,-1,"LUAD","Fibroblast"
"3309","15q22.31",-0.126645833313106,-0.695067441437169,0.488784075118608,"con","ALL","15","q","15q",0,-1,"LUAD","Fibroblast"
"3310","15q23",-0.126865229806093,-0.635167494824484,0.526913090701917,"con","ALL","15","q","15q",0,-1,"LUAD","Fibroblast"
"3311","15q24.1",-0.154722701714875,-0.732697571496846,0.465626020494749,"con","ALL","15","q","15q",0,-1,"LUAD","Fibroblast"
"3312","15q24.2",-0.177207437668107,-0.813216111749246,0.418216779659712,"con","ALL","15","q","15q",0,-1,"LUAD","Fibroblast"
"3313","15q24.3",-0.198553259384657,-0.888607873627787,0.376556729351704,"con","ALL","15","q","15q",0,-1,"LUAD","Fibroblast"
"3314","15q25.1",-0.245606424894749,-1.08300352556986,0.281668158535679,"con","ALL","15","q","15q",0,-1,"LUAD","Fibroblast"
"3315","15q25.3",-0.277014449768133,-1.24776425117806,0.215318703507888,"con","ALL","15","q","15q",0,-1,"LUAD","Fibroblast"
"3316","15q26.1",-0.293501775603262,-1.34442693939265,0.182152167857641,"con","ALL","15","q","15q",0,-1,"LUAD","Fibroblast"
"3317","15q26.3",-0.311031773696715,-1.50345232577652,0.136185112601671,"con","ALL","15","q","15q",0,-1,"LUAD","Fibroblast"
"3318","16p13.3",0.169015366739796,1.02735018222778,0.306978668420629,"con","ALL","16","p","16p",0,1,"LUAD","Fibroblast"
"3319","16p13.2",0.130109078364094,0.666591554460285,0.50671962532743,"con","ALL","16","p","16p",0,1,"LUAD","Fibroblast"
"3320","16p13.13",0.12702454842735,0.632631890900316,0.528560523212082,"con","ALL","16","p","16p",0,1,"LUAD","Fibroblast"
"3321","16p12.3",0.0902954270215878,0.40929264769469,0.683286673676515,"con","ALL","16","p","16p",0,1,"LUAD","Fibroblast"
"3322","16p12.2",0.0669320501208439,0.270596802834562,0.787313946213448,"con","ALL","16","p","16p",0,1,"LUAD","Fibroblast"
"3323","16p12.1",0.0501524573886068,0.188157037577654,0.851172498523993,"con","ALL","16","p","16p",0,1,"LUAD","Fibroblast"
"3324","16p11.2",-0.0641744896569907,-0.191465127089318,0.848587762548642,"con","ALL","16","p","16p",0,1,"LUAD","Fibroblast"
"3325","16q11.2",-0.305177369384084,-0.763189072611144,1,"con","ALL","16","q","16q",0,1,"LUAD","Fibroblast"
"3326","16q12.1",-0.342730848951438,-0.819337166338091,1,"con","ALL","16","q","16q",0,1,"LUAD","Fibroblast"
"3327","16q12.2",-0.335619175569692,-0.794271922227707,1,"con","ALL","16","q","16q",0,1,"LUAD","Fibroblast"
"3328","16q13",-0.259903960351025,-0.622512804942232,1,"con","ALL","16","q","16q",0,-1,"LUAD","Fibroblast"
"3329","16q21",-0.229175784178233,-0.576596625574876,1,"con","ALL","16","q","16q",0,-1,"LUAD","Fibroblast"
"3330","16q22.1",-0.23818993891312,-0.701110519454294,1,"con","ALL","16","q","16q",0,-1,"LUAD","Fibroblast"
"3331","16q22.2",-0.248695084785653,-0.958615346690666,0.340292576237419,"con","ALL","16","q","16q",0,-1,"LUAD","Fibroblast"
"3332","16q23.1",-0.198507362473464,-0.822530687053983,0.412925058183448,"con","ALL","16","q","16q",0,-1,"LUAD","Fibroblast"
"3333","16q23.3",-0.161653866573999,-0.77984024250673,0.437508511333078,"con","ALL","16","q","16q",0,-1,"LUAD","Fibroblast"
"3334","16q24.1",-0.152664356297015,-0.808267674268657,0.421044481917959,"con","ALL","16","q","16q",0,-1,"LUAD","Fibroblast"
"3335","16q24.2",-0.146320282140914,-0.83715626121483,0.404697928717726,"con","ALL","16","q","16q",0,-1,"LUAD","Fibroblast"
"3336","16q24.3",-0.128232024670425,-0.814365110315745,0.417561833275258,"con","ALL","16","q","16q",0,-1,"LUAD","Fibroblast"
"3337","17p13.3",-0.0825126268358615,-0.382431667088754,0.703032939229427,"con","ALL","17","p","17p",0,-1,"LUAD","Fibroblast"
"3338","17p13.2",-0.0777109430239496,-0.38804761274529,0.698887075285865,"con","ALL","17","p","17p",0,-1,"LUAD","Fibroblast"
"3339","17p13.1",-0.197476042022516,-0.847957521474571,0.398686491808084,"con","ALL","17","p","17p",0,-1,"LUAD","Fibroblast"
"3340","17p12",-0.403005577334506,-1.39880024616751,0.165271936346976,"con","ALL","17","p","17p",0,-1,"LUAD","Fibroblast"
"3341","17p11.2",-0.567487411070596,-1.58567406780804,0.11628230582763,"con","ALL","17","p","17p",0,-1,"LUAD","Fibroblast"
"3342","17q11.1",-0.630780996260206,-1.51045154254098,1,"con","ALL","17","q","17q",0,1,"LUAD","Fibroblast"
"3343","17q11.2",-0.349128913600889,-0.778021057774855,1,"con","ALL","17","q","17q",0,1,"LUAD","Fibroblast"
"3344","17q12",-0.00979435069150088,-0.0414597559852515,0.96702020592708,"con","ALL","17","q","17q",0,1,"LUAD","Fibroblast"
"3345","17q21.1",0.0351329529738251,0.154492718186382,0.877563383588311,"con","ALL","17","q","17q",0,1,"LUAD","Fibroblast"
"3346","17q21.2",0.112891994256771,0.512052659849861,0.609854640186591,"con","ALL","17","q","17q",0,1,"LUAD","Fibroblast"
"3347","17q21.31",0.147953423900222,0.616994319728984,0.538779159223783,"con","ALL","17","q","17q",0,1,"LUAD","Fibroblast"
"3348","17q21.32",0.10322785449905,0.383935711282311,0.701921720723746,"con","ALL","17","q","17q",0,1,"LUAD","Fibroblast"
"3349","17q21.33",0.0953271715725138,0.368687686968806,0.713216892449172,"con","ALL","17","q","17q",0,1,"LUAD","Fibroblast"
"3350","17q22",0.0956525647123224,0.378003850461145,0.70630803871838,"con","ALL","17","q","17q",0,1,"LUAD","Fibroblast"
"3351","17q23.1",0.0919452148891708,0.373243947370206,0.709834945723283,"con","ALL","17","q","17q",0,1,"LUAD","Fibroblast"
"3352","17q23.3",0.110884189408832,0.454099936212279,0.650838128695337,"con","ALL","17","q","17q",0,1,"LUAD","Fibroblast"
"3353","17q24.2",0.20183290610506,0.831165004207465,0.408055994044817,"con","ALL","17","q","17q",0,1,"LUAD","Fibroblast"
"3354","17q25.1",0.286332858417205,1.18104061572112,0.24066415552668,"con","ALL","17","q","17q",0,1,"LUAD","Fibroblast"
"3355","17q25.3",0.272514388831945,1.38497938409957,0.16944480548193,"con","ALL","17","q","17q",0,1,"LUAD","Fibroblast"
"3356","18p11.32",-0.24405167536999,-1.26482261319496,0.209164469505532,"con","ALL","18","p","18p",0,-1,"LUAD","Fibroblast"
"3357","18p11.31",-0.244743875780656,-1.23551504618569,0.219819023177651,"con","ALL","18","p","18p",0,-1,"LUAD","Fibroblast"
"3358","18p11.22",-0.264975829289655,-1.22112078028743,0.22519466003344,"con","ALL","18","p","18p",0,-1,"LUAD","Fibroblast"
"3359","18p11.21",-0.324477921840038,-1.27970958280787,0.203900310940237,"con","ALL","18","p","18p",0,-1,"LUAD","Fibroblast"
"3360","18q11.1",-0.368699157575025,-1.34403667593219,0.182277858783544,"con","ALL","18","q","18q",0,-1,"LUAD","Fibroblast"
"3361","18q11.2",-0.396790686648742,-1.36676974369427,0.175064771852357,"con","ALL","18","q","18q",0,-1,"LUAD","Fibroblast"
"3362","18q12.2",-0.546526468119722,-1.66778512183161,1,"con","ALL","18","q","18q",0,-1,"LUAD","Fibroblast"
"3363","18q21.1",-0.626114529649398,-1.9067924086507,1,"con","ALL","18","q","18q",0,-1,"LUAD","Fibroblast"
"3364","18q21.31",-0.695838880716398,-2.17659783852325,1,"con","ALL","18","q","18q",0,-1,"LUAD","Fibroblast"
"3365","18q21.32",-0.69556552908505,-2.19512934716763,0.0306987112933013,"con","ALL","18","q","18q",0,-1,"LUAD","Fibroblast"
"3366","18q21.33",-0.691722133989489,-2.19433287047692,0.0307577991640127,"con","ALL","18","q","18q",0,-1,"LUAD","Fibroblast"
"3367","18q22.3",-0.703579511234746,-2.22683533800639,0.0284256545840913,"con","ALL","18","q","18q",0,-1,"LUAD","Fibroblast"
"3368","18q23",-0.700652923226545,-2.22894935628216,0.0282794774277264,"con","ALL","18","q","18q",0,-1,"LUAD","Fibroblast"
"3369","19p13.3",0.0114944266469557,0.0672786991695233,0.946507434546335,"con","ALL","19","p","19p",0,1,"LUAD","Fibroblast"
"3370","19p13.2",-0.215162089392315,-0.922901252820559,0.358499235649209,"con","ALL","19","p","19p",0,-1,"LUAD","Fibroblast"
"3371","19p13.13",-0.184935583922792,-0.753237124984578,0.45325179221745,"con","ALL","19","p","19p",0,-1,"LUAD","Fibroblast"
"3372","19p13.12",-0.203783770392908,-0.751563234319921,0.454253128107292,"con","ALL","19","p","19p",0,-1,"LUAD","Fibroblast"
"3373","19p13.11",-0.263012482361266,-0.788379382938933,0.432523809422726,"con","ALL","19","p","19p",0,-1,"LUAD","Fibroblast"
"3374","19q12",-0.12425370784383,-0.532960021896801,0.595360423814653,"con","ALL","19","q","19q",0,1,"LUAD","Fibroblast"
"3375","19q13.11",-0.118869163399382,-0.577683110306656,0.564904755263773,"con","ALL","19","q","19q",0,1,"LUAD","Fibroblast"
"3376","19q13.12",-0.0991227991834596,-0.561798915508735,0.575634126767256,"con","ALL","19","q","19q",0,1,"LUAD","Fibroblast"
"3377","19q13.2",-0.125497689559479,-0.673884768790867,0.502092733032359,"con","ALL","19","q","19q",0,1,"LUAD","Fibroblast"
"3378","19q13.31",-0.0734027714712664,-0.347984050450549,0.728655835746438,"con","ALL","19","q","19q",0,1,"LUAD","Fibroblast"
"3379","19q13.32",0.0615448594166108,0.298668583189597,0.765873887727319,"con","ALL","19","q","19q",0,-1,"LUAD","Fibroblast"
"3380","19q13.33",0.200497243471521,1.20203080408979,0.232470287309127,"con","ALL","19","q","19q",0,-1,"LUAD","Fibroblast"
"3381","19q13.41",0.225312236126046,1.51075317562611,0.134316136668801,"con","ALL","19","q","19q",0,-1,"LUAD","Fibroblast"
"3382","19q13.42",0.213470927209384,1.64207884416338,0.104025196323893,"con","ALL","19","q","19q",0,1,"LUAD","Fibroblast"
"3383","19q13.43",0.201988376061403,1.65427305974842,0.10151750508867,"con","ALL","19","q","19q",0,1,"LUAD","Fibroblast"
"3384","20p13",-0.033084550622144,-0.178023838813655,0.859099954659203,"con","ALL","20","p","20p",0,-1,"LUAD","Fibroblast"
"3385","20p12.3",-0.027311923950973,-0.130177408567253,0.896713397433561,"con","ALL","20","p","20p",0,-1,"LUAD","Fibroblast"
"3386","20p12.1",-0.0523608653292813,-0.22690878232024,0.821003635600856,"con","ALL","20","p","20p",0,-1,"LUAD","Fibroblast"
"3387","20p11.23",-0.081892844577208,-0.329932595531106,0.742209197729663,"con","ALL","20","p","20p",0,-1,"LUAD","Fibroblast"
"3388","20p11.22",-0.113950457084974,-0.431835663066405,0.666882314606153,"con","ALL","20","p","20p",0,-1,"LUAD","Fibroblast"
"3389","20p11.21",-0.131394068219183,-0.477121299356841,0.634419619526274,"con","ALL","20","p","20p",0,-1,"LUAD","Fibroblast"
"3390","20q11.21",-0.234131783207285,-0.745900868695594,0.457649785687057,"con","ALL","20","q","20q",0,1,"LUAD","Fibroblast"
"3391","20q11.22",-0.268337248504245,-0.781721643512184,0.436407370544329,"con","ALL","20","q","20q",0,1,"LUAD","Fibroblast"
"3392","20q12",-0.222081682425225,-0.662318464692222,1,"con","ALL","20","q","20q",0,1,"LUAD","Fibroblast"
"3393","20q13.11",-0.229998194006063,-0.692631335243701,1,"con","ALL","20","q","20q",0,1,"LUAD","Fibroblast"
"3394","20q13.12",-0.207831237858128,-0.66310924287633,0.508936850913778,"con","ALL","20","q","20q",0,1,"LUAD","Fibroblast"
"3395","20q13.13",-0.105698776476876,-0.454072445727252,0.650857839939321,"con","ALL","20","q","20q",0,1,"LUAD","Fibroblast"
"3396","20q13.2",-0.0799543016636175,-0.388987330387463,0.698194233412894,"con","ALL","20","q","20q",0,1,"LUAD","Fibroblast"
"3397","20q13.32",-0.0472123164137536,-0.273426308001273,0.785145140841479,"con","ALL","20","q","20q",0,1,"LUAD","Fibroblast"
"3398","20q13.33",-0.0341179800751605,-0.227016858089757,0.820919849907201,"con","ALL","20","q","20q",0,1,"LUAD","Fibroblast"
"3399","21q21.3",0.018099707804508,0.111120828507169,0.911765253962294,"con","ALL","21","q","21q",0,1,"LUAD","Fibroblast"
"3400","21q22.11",0.0258297104544918,0.162340573065084,0.871397600828281,"con","ALL","21","q","21q",0,1,"LUAD","Fibroblast"
"3401","21q22.12",0.039010914711876,0.247098809798195,0.805388373017499,"con","ALL","21","q","21q",0,1,"LUAD","Fibroblast"
"3402","21q22.13",0.0393844629616195,0.25373730514284,0.800270920258537,"con","ALL","21","q","21q",0,1,"LUAD","Fibroblast"
"3403","21q22.2",0.0510799346621597,0.33473653952686,0.738594162110262,"con","ALL","21","q","21q",0,1,"LUAD","Fibroblast"
"3404","21q22.3",0.0647367324101527,0.442106316840531,0.659461203967959,"con","ALL","21","q","21q",0,1,"LUAD","Fibroblast"
"3405","22q11.21",-0.211905487428996,-0.750207716553647,0.455064938706185,"con","ALL","22","q","22q",0,1,"LUAD","Fibroblast"
"3406","22q11.22",-0.268427630466642,-0.860173726192056,0.391953825548729,"con","ALL","22","q","22q",0,1,"LUAD","Fibroblast"
"3407","22q11.23",-0.304476080836595,-0.935746442264331,1,"con","ALL","22","q","22q",0,1,"LUAD","Fibroblast"
"3408","22q12.1",-0.324690740904951,-0.949202635672972,0.345031622156583,"con","ALL","22","q","22q",0,1,"LUAD","Fibroblast"
"3409","22q12.2",-0.282104835973458,-0.806043856318734,0.422318951791063,"con","ALL","22","q","22q",0,-1,"LUAD","Fibroblast"
"3410","22q12.3",-0.176105014216628,-0.537312711917084,0.592363089587391,"con","ALL","22","q","22q",0,-1,"LUAD","Fibroblast"
"3411","22q13.1",-0.034221340878245,-0.117103135652056,0.907036392734512,"con","ALL","22","q","22q",0,-1,"LUAD","Fibroblast"
"3412","22q13.2",0.0270737178457982,0.0918635796705721,0.92700835352644,"con","ALL","22","q","22q",0,-1,"LUAD","Fibroblast"
"3413","22q13.31",-0.0220759517869861,-0.0743054157097927,0.940930464146317,"con","ALL","22","q","22q",0,-1,"LUAD","Fibroblast"
"3414","22q13.33",-0.033307638449972,-0.111972948234433,0.911091476978957,"con","ALL","22","q","22q",0,-1,"LUAD","Fibroblast"
"3415","1p36.33",-0.0374679488676256,-0.105424567659763,0.916270959760759,"con","ALL","1","p","1p",0,1,"LUAD","neu_macro_mono"
"3416","1p36.32",-0.0319806002115895,-0.0865318427615216,0.931233760857839,"con","ALL","1","p","1p",0,1,"LUAD","neu_macro_mono"
"3417","1p36.31",-0.0315895622010133,-0.0834128306038829,0.933706502972035,"con","ALL","1","p","1p",0,1,"LUAD","neu_macro_mono"
"3418","1p36.23",-0.0914597949270358,-0.232912037186453,0.816352786797048,"con","ALL","1","p","1p",0,1,"LUAD","neu_macro_mono"
"3419","1p36.22",-0.254161659722797,-0.576323299888059,0.565819434492752,"con","ALL","1","p","1p",0,1,"LUAD","neu_macro_mono"
"3420","1p36.21",-0.298011642386159,-0.635693500850916,0.526571668068728,"con","ALL","1","p","1p",0,1,"LUAD","neu_macro_mono"
"3421","1p36.13",-0.337647711987293,-0.691785063101857,0.490833598835585,"con","ALL","1","p","1p",0,1,"LUAD","neu_macro_mono"
"3422","1p36.12",-0.370763493519785,-0.745153908801737,0.458098940682403,"con","ALL","1","p","1p",0,1,"LUAD","neu_macro_mono"
"3423","1p36.11",-0.329924577380978,-0.631952081917614,0.529002661490833,"con","ALL","1","p","1p",0,1,"LUAD","neu_macro_mono"
"3424","1p35.3",-0.407613759383911,-0.701870147063093,0.48455141897185,"con","ALL","1","p","1p",0,1,"LUAD","neu_macro_mono"
"3425","1p35.2",-0.496289945446264,-0.852578917648991,0.396131237373252,"con","ALL","1","p","1p",-0.0079304409571928,1,"LUAD","neu_macro_mono"
"3426","1p35.1",-0.529516910082961,-0.92779318690387,0.355969197746967,"con","ALL","1","p","1p",-0.029935047647091,1,"LUAD","neu_macro_mono"
"3427","1p34.3",-0.49742743870037,-0.949135537063104,0.34506555737101,"con","ALL","1","p","1p",-0.0353657245798074,1,"LUAD","neu_macro_mono"
"3428","1p34.2",-0.376316101851842,-0.805579844104003,0.422585166647202,"con","ALL","1","p","1p",0,1,"LUAD","neu_macro_mono"
"3429","1p34.1",-0.41070267064926,-0.955697584548547,0.341757035373248,"con","ALL","1","p","1p",-0.0353657245798074,1,"LUAD","neu_macro_mono"
"3430","1p33",-0.446865098461549,-1.0225385278195,0.309236752536496,"con","ALL","1","p","1p",-0.0425145451228358,1,"LUAD","neu_macro_mono"
"3431","1p32.3",-0.557436779103537,-1.20234074321449,0.232350823701986,"con","ALL","1","p","1p",-0.0499947999023962,1,"LUAD","neu_macro_mono"
"3432","1p32.1",-0.683830288976732,-1.44540750964712,0.151778494236057,"con","ALL","1","p","1p",-0.0559440588825398,1,"LUAD","neu_macro_mono"
"3433","1p31.3",-0.646104192287499,-1.26141819247072,0.210382240512521,"con","ALL","1","p","1p",-0.0559440588825398,1,"LUAD","neu_macro_mono"
"3434","1p31.1",-0.526552270968809,-0.928974942835956,0.355359731066025,"con","ALL","1","p","1p",-0.029935047647091,1,"LUAD","neu_macro_mono"
"3435","1p22.3",-0.242078588812709,-0.407797016785345,1,"con","ALL","1","p","1p",0,-1,"LUAD","neu_macro_mono"
"3436","1p22.2",-0.147006906353124,-0.249314219090279,0.80367961427143,"con","ALL","1","p","1p",0,-1,"LUAD","neu_macro_mono"
"3437","1p22.1",-0.117771307274497,-0.195465051610643,0.845464681092645,"con","ALL","1","p","1p",0,-1,"LUAD","neu_macro_mono"
"3438","1p21.3",-0.146349046614936,-0.229418995761792,0.819058131557189,"con","ALL","1","p","1p",0,-1,"LUAD","neu_macro_mono"
"3439","1p21.2",-0.202543371832098,-0.298647223531398,0.76589013457957,"con","ALL","1","p","1p",0,-1,"LUAD","neu_macro_mono"
"3440","1p13.3",-0.346096125431357,-0.372764433079765,1,"con","ALL","1","p","1p",0,-1,"LUAD","neu_macro_mono"
"3441","1p13.2",-0.421806164115387,-0.391665767153257,1,"con","ALL","1","p","1p",0,1,"LUAD","neu_macro_mono"
"3442","1p13.1",-0.405906639172148,-0.462973010535972,0.64448898668506,"con","ALL","1","p","1p",0,1,"LUAD","neu_macro_mono"
"3443","1p12",-0.442922371202156,-0.576954831842945,0.565394543340691,"con","ALL","1","p","1p",0,1,"LUAD","neu_macro_mono"
"3444","1q21.1",-0.444810169453409,-0.657131061138702,0.512755242259457,"con","ALL","1","q","1q",0,1,"LUAD","neu_macro_mono"
"3445","1q21.2",-0.325814800909386,-0.608221993355544,0.544555354496302,"con","ALL","1","q","1q",0,1,"LUAD","neu_macro_mono"
"3446","1q21.3",-0.0419724779496644,-0.125517419418601,0.900390820025137,"con","ALL","1","q","1q",0,1,"LUAD","neu_macro_mono"
"3447","1q22",0.000893782168637231,0.00331256729138343,0.997364209580577,"con","ALL","1","q","1q",0,1,"LUAD","neu_macro_mono"
"3448","1q23.1",-0.0321287431987214,-0.116557240540313,0.907467772645835,"con","ALL","1","q","1q",0,1,"LUAD","neu_macro_mono"
"3449","1q23.2",-0.0402179895030793,-0.144264057788868,0.88561097300788,"con","ALL","1","q","1q",0,1,"LUAD","neu_macro_mono"
"3450","1q23.3",-0.0918154061688705,-0.312032735745215,0.755729476747798,"con","ALL","1","q","1q",0,1,"LUAD","neu_macro_mono"
"3451","1q24.1",-0.156501855741299,-0.507064151289574,0.613336383172075,"con","ALL","1","q","1q",0,1,"LUAD","neu_macro_mono"
"3452","1q24.2",-0.196158461229821,-0.622093115369312,0.535436231410191,"con","ALL","1","q","1q",0,1,"LUAD","neu_macro_mono"
"3453","1q24.3",-0.225899772971911,-0.703451596690539,0.483570338735532,"con","ALL","1","q","1q",0,1,"LUAD","neu_macro_mono"
"3454","1q25.1",-0.256662892863081,-0.781926011235479,0.436287856639103,"con","ALL","1","q","1q",0,1,"LUAD","neu_macro_mono"
"3455","1q25.2",-0.220899229596012,-0.670480273091363,0.504249749295697,"con","ALL","1","q","1q",0,1,"LUAD","neu_macro_mono"
"3456","1q25.3",-0.176304482478947,-0.531463342369803,0.596392685091506,"con","ALL","1","q","1q",0,1,"LUAD","neu_macro_mono"
"3457","1q31.1",-0.146326224280533,-0.438651291395737,0.661953895013389,"con","ALL","1","q","1q",0,1,"LUAD","neu_macro_mono"
"3458","1q31.2",-0.120265327199733,-0.361608143705964,0.718483146248461,"con","ALL","1","q","1q",0,1,"LUAD","neu_macro_mono"
"3459","1q32.1",-0.0238346672361128,-0.0730515804522251,0.941925401443555,"con","ALL","1","q","1q",0,1,"LUAD","neu_macro_mono"
"3460","1q32.2",0.0182942440309737,0.055221927581927,0.956082720846803,"con","ALL","1","q","1q",0,1,"LUAD","neu_macro_mono"
"3461","1q32.3",-0.0163606441802591,-0.0476753606012053,0.962079447766702,"con","ALL","1","q","1q",0,1,"LUAD","neu_macro_mono"
"3462","1q41",-0.0970202613934641,-0.275784590607751,0.783338819702447,"con","ALL","1","q","1q",0,1,"LUAD","neu_macro_mono"
"3463","1q42.11",-0.128845321955115,-0.361154403898325,0.718821136453237,"con","ALL","1","q","1q",0,1,"LUAD","neu_macro_mono"
"3464","1q42.12",-0.181848625054969,-0.500578034729549,0.617876670057201,"con","ALL","1","q","1q",0,1,"LUAD","neu_macro_mono"
"3465","1q42.13",-0.229210166434992,-0.613434576268126,0.541119326395929,"con","ALL","1","q","1q",0,1,"LUAD","neu_macro_mono"
"3466","1q42.2",-0.287914928285036,-0.75832724223606,0.450214633470511,"con","ALL","1","q","1q",0,1,"LUAD","neu_macro_mono"
"3467","1q42.3",-0.297791070531844,-0.785991461160932,0.433914376024971,"con","ALL","1","q","1q",0,1,"LUAD","neu_macro_mono"
"3468","1q43",-0.298260196399106,-0.785668319747159,0.434102753642735,"con","ALL","1","q","1q",0,1,"LUAD","neu_macro_mono"
"3469","1q44",-0.281690163503413,-0.748819793879264,0.455897016293122,"con","ALL","1","q","1q",0,1,"LUAD","neu_macro_mono"
"3470","2p25.3",-0.288692454817935,-0.440550757132366,0.660583017270323,"con","ALL","2","p","2p",0,1,"LUAD","neu_macro_mono"
"3471","2p25.1",-0.472868904509708,-0.645383442883628,0.520302681816016,"con","ALL","2","p","2p",0,1,"LUAD","neu_macro_mono"
"3472","2p24.1",-0.697319039855445,-0.863691609162416,0.390028106524977,"con","ALL","2","p","2p",-0.0079304409571928,1,"LUAD","neu_macro_mono"
"3473","2p23.3",-0.9908151534215,-1.09280607312741,1,"con","ALL","2","p","2p",0,1,"LUAD","neu_macro_mono"
"3474","2p23.2",-1.23044703799728,-1.27188768752932,1,"con","ALL","2","p","2p",0,1,"LUAD","neu_macro_mono"
"3475","2p22.3",-1.2111533000983,-1.26774793336039,1,"con","ALL","2","p","2p",0,1,"LUAD","neu_macro_mono"
"3476","2p22.2",-1.2102283938782,-1.35129988347891,1,"con","ALL","2","p","2p",0,1,"LUAD","neu_macro_mono"
"3477","2p22.1",-1.21770928518612,-1.47347270843037,1,"con","ALL","2","p","2p",0,1,"LUAD","neu_macro_mono"
"3478","2p21",-0.897558412565234,-1.15667755210764,1,"con","ALL","2","p","2p",0,-1,"LUAD","neu_macro_mono"
"3479","2p16.2",-1.02136944253679,-1.4407711434631,1,"con","ALL","2","p","2p",0,-1,"LUAD","neu_macro_mono"
"3480","2p16.1",-1.07014071584406,-1.55665019740229,1,"con","ALL","2","p","2p",0,-1,"LUAD","neu_macro_mono"
"3481","2p15",-1.09539144600098,-1.65876010009023,1,"con","ALL","2","p","2p",0,1,"LUAD","neu_macro_mono"
"3482","2p14",-1.04449138375956,-1.57197155525615,1,"con","ALL","2","p","2p",0,1,"LUAD","neu_macro_mono"
"3483","2p13.3",-1.10129544862788,-1.64732310511009,1,"con","ALL","2","p","2p",0,1,"LUAD","neu_macro_mono"
"3484","2p13.2",-1.19216368037514,-1.74761960457344,1,"con","ALL","2","p","2p",0,1,"LUAD","neu_macro_mono"
"3485","2p13.1",-1.23471952890571,-1.73241879333249,1,"con","ALL","2","p","2p",0,1,"LUAD","neu_macro_mono"
"3486","2p12",-1.31108078879605,-1.76409737034659,1,"con","ALL","2","p","2p",0,1,"LUAD","neu_macro_mono"
"3487","2p11.2",-1.46748035251236,-1.95740338100456,1,"con","ALL","2","p","2p",0,1,"LUAD","neu_macro_mono"
"3488","2q11.1",-1.47123939254899,-1.92905974420747,1,"con","ALL","2","q","2q",0,1,"LUAD","neu_macro_mono"
"3489","2q11.2",-1.60181579727966,-1.98831209981846,1,"con","ALL","2","q","2q",0,1,"LUAD","neu_macro_mono"
"3490","2q12.2",-1.69233578002571,-1.97258956137029,1,"con","ALL","2","q","2q",0,1,"LUAD","neu_macro_mono"
"3491","2q12.3",-1.70787729093076,-1.976872115704,1,"con","ALL","2","q","2q",0,1,"LUAD","neu_macro_mono"
"3492","2q13",-1.72438964768741,-1.97928934651232,1,"con","ALL","2","q","2q",0,1,"LUAD","neu_macro_mono"
"3493","2q14.1",-1.7820216096959,-2.02215075193181,1,"con","ALL","2","q","2q",0,1,"LUAD","neu_macro_mono"
"3494","2q14.2",-1.83110507307051,-2.0441321343753,1,"con","ALL","2","q","2q",0,1,"LUAD","neu_macro_mono"
"3495","2q14.3",-2.08485573558439,-2.36114914504842,1,"con","ALL","2","q","2q",0,1,"LUAD","neu_macro_mono"
"3496","2q21.1",-2.29688000239832,-2.54619132416974,1,"con","ALL","2","q","2q",0,1,"LUAD","neu_macro_mono"
"3497","2q21.3",-2.45174449654182,-2.78173723751797,1,"con","ALL","2","q","2q",0,1,"LUAD","neu_macro_mono"
"3498","2q23.2",-2.40569798825485,-2.74723211371611,1,"con","ALL","2","q","2q",0,1,"LUAD","neu_macro_mono"
"3499","2q23.3",-2.38153982917102,-2.71712007730649,1,"con","ALL","2","q","2q",0,1,"LUAD","neu_macro_mono"
"3500","2q24.2",-2.18688134873176,-2.46785902612717,1,"con","ALL","2","q","2q",0,1,"LUAD","neu_macro_mono"
"3501","2q31.1",-2.07592031354751,-2.32528093792326,1,"con","ALL","2","q","2q",0,1,"LUAD","neu_macro_mono"
"3502","2q31.2",-2.03710598985477,-2.06405627505383,1,"con","ALL","2","q","2q",0,1,"LUAD","neu_macro_mono"
"3503","2q31.3",-1.81440530871206,-1.7852799899817,1,"con","ALL","2","q","2q",0,1,"LUAD","neu_macro_mono"
"3504","2q32.1",-1.86132919234785,-1.79923762814531,1,"con","ALL","2","q","2q",0,1,"LUAD","neu_macro_mono"
"3505","2q32.3",-1.89751421452159,-1.81407863990503,1,"con","ALL","2","q","2q",0,1,"LUAD","neu_macro_mono"
"3506","2q33.1",-2.28016790894151,-2.03144597689775,1,"con","ALL","2","q","2q",0,1,"LUAD","neu_macro_mono"
"3507","2q33.2",-2.19067002890739,-1.86946336128471,1,"con","ALL","2","q","2q",0,1,"LUAD","neu_macro_mono"
"3508","2q34",-1.99061597495561,-1.85928698007038,1,"con","ALL","2","q","2q",0,1,"LUAD","neu_macro_mono"
"3509","2q35",-1.74659329714246,-1.78588948950058,1,"con","ALL","2","q","2q",0,1,"LUAD","neu_macro_mono"
"3510","2q36.1",-1.45800268596395,-1.64366024832888,0.103697190420811,"con","ALL","2","q","2q",-0.084879139044506,1,"LUAD","neu_macro_mono"
"3511","2q36.3",-1.46155830495941,-1.69690089217963,0.0931334263170177,"con","ALL","2","q","2q",-0.0886955095928535,1,"LUAD","neu_macro_mono"
"3512","2q37.1",-1.34112379656096,-1.69756302538219,0.0930077921462819,"con","ALL","2","q","2q",-0.0886955095928535,1,"LUAD","neu_macro_mono"
"3513","2q37.3",-1.00929947375819,-1.37656654464943,0.172023897932862,"con","ALL","2","q","2q",-0.0559440588825398,1,"LUAD","neu_macro_mono"
"3514","3p26.2",0.31537380556116,0.628771144303092,0.531074037876537,"con","ALL","3","p","3p",0,-1,"LUAD","neu_macro_mono"
"3515","3p26.1",0.318551652244056,0.638170227267516,0.524965607025788,"con","ALL","3","p","3p",0,-1,"LUAD","neu_macro_mono"
"3516","3p25.3",0.360243736824843,0.73645287844981,0.463349446871184,"con","ALL","3","p","3p",0,-1,"LUAD","neu_macro_mono"
"3517","3p25.2",0.376852258063367,0.780968631377258,0.436847896272616,"con","ALL","3","p","3p",0,-1,"LUAD","neu_macro_mono"
"3518","3p25.1",0.299412805942434,0.624715375346626,0.53372114349911,"con","ALL","3","p","3p",0,-1,"LUAD","neu_macro_mono"
"3519","3p24.3",0.206290730678538,0.444155774711727,0.657984397350993,"con","ALL","3","p","3p",0,-1,"LUAD","neu_macro_mono"
"3520","3p24.2",0.219958412097576,0.476396098664673,0.634934098558298,"con","ALL","3","p","3p",0,-1,"LUAD","neu_macro_mono"
"3521","3p24.1",0.205176400605972,0.449275863954486,0.654300876976442,"con","ALL","3","p","3p",0,-1,"LUAD","neu_macro_mono"
"3522","3p23",0.201129850976539,0.441813273471186,0.659672476815978,"con","ALL","3","p","3p",0,-1,"LUAD","neu_macro_mono"
"3523","3p22.3",0.204260054756948,0.447797887244808,0.655363297286058,"con","ALL","3","p","3p",0,-1,"LUAD","neu_macro_mono"
"3524","3p22.2",0.222413665515541,0.483430418204356,0.629951338011098,"con","ALL","3","p","3p",0,-1,"LUAD","neu_macro_mono"
"3525","3p22.1",0.255615805192267,0.540879493329089,0.589912203447567,"con","ALL","3","p","3p",0,-1,"LUAD","neu_macro_mono"
"3526","3p21.33",0.300511779166077,0.613004423748614,0.541402456841807,"con","ALL","3","p","3p",0,-1,"LUAD","neu_macro_mono"
"3527","3p21.31",0.555884637621817,1.01240482039294,0.314028862263198,"con","ALL","3","p","3p",0.0425145451228358,-1,"LUAD","neu_macro_mono"
"3528","3p21.2",0.532530075064506,0.809220821342661,1,"con","ALL","3","p","3p",0,-1,"LUAD","neu_macro_mono"
"3529","3p21.1",0.502512990809711,0.675716724903255,1,"con","ALL","3","p","3p",0,-1,"LUAD","neu_macro_mono"
"3530","3p14.3",0.282391451774178,0.346046651609254,1,"con","ALL","3","p","3p",0,-1,"LUAD","neu_macro_mono"
"3531","3p14.1",0.0578501109530173,0.0673846945153904,1,"con","ALL","3","p","3p",0,-1,"LUAD","neu_macro_mono"
"3532","3p13",-0.00769886624775856,-0.0089634218013631,1,"con","ALL","3","p","3p",0,-1,"LUAD","neu_macro_mono"
"3533","3p11.2",-0.0184843670434867,-0.0210466494821336,1,"con","ALL","3","p","3p",0,-1,"LUAD","neu_macro_mono"
"3534","3p11.1",-0.0463146524259849,-0.0519832300043463,1,"con","ALL","3","p","3p",0,-1,"LUAD","neu_macro_mono"
"3535","3q11.2",-0.152146913632641,-0.166414254263922,1,"con","ALL","3","q","3q",0,-1,"LUAD","neu_macro_mono"
"3536","3q12.2",-0.781689653018547,-0.89831343679423,1,"con","ALL","3","q","3q",0,1,"LUAD","neu_macro_mono"
"3537","3q12.3",-0.847797005962823,-0.971142554535649,1,"con","ALL","3","q","3q",0,1,"LUAD","neu_macro_mono"
"3538","3q13.12",-0.91910769115747,-1.07881922512103,1,"con","ALL","3","q","3q",0,1,"LUAD","neu_macro_mono"
"3539","3q13.13",-0.967344993167426,-1.15015743284378,1,"con","ALL","3","q","3q",0,1,"LUAD","neu_macro_mono"
"3540","3q13.2",-1.01901138058323,-1.22098504548451,1,"con","ALL","3","q","3q",0,1,"LUAD","neu_macro_mono"
"3541","3q13.31",-1.06648638261958,-1.29376801580894,1,"con","ALL","3","q","3q",0,1,"LUAD","neu_macro_mono"
"3542","3q13.33",-1.23815355806658,-1.64184522589655,0.104073723061783,"con","ALL","3","q","3q",-0.084879139044506,1,"LUAD","neu_macro_mono"
"3543","3q21.1",-1.34940008027258,-1.97309239415318,0.0515194798601533,"con","ALL","3","q","3q",-0.111999183551983,1,"LUAD","neu_macro_mono"
"3544","3q21.3",-1.32627919744392,-2.11329127877296,0.0373128190598238,"con","ALL","3","q","3q",-0.111999183551983,1,"LUAD","neu_macro_mono"
"3545","3q22.1",-1.24026268590906,-2.00981257952009,0.047412572256864,"con","ALL","3","q","3q",-0.111999183551983,1,"LUAD","neu_macro_mono"
"3546","3q22.2",-1.1663681933823,-1.90642679435948,0.0597504563416594,"con","ALL","3","q","3q",-0.111999183551983,-1,"LUAD","neu_macro_mono"
"3547","3q22.3",-1.15311463273612,-1.94546935856002,0.05480501080527,"con","ALL","3","q","3q",-0.111999183551983,-1,"LUAD","neu_macro_mono"
"3548","3q23",-1.07649394519968,-1.96630363677104,0.0523110137431255,"con","ALL","3","q","3q",-0.111999183551983,-1,"LUAD","neu_macro_mono"
"3549","3q24",-0.9759096631628,-1.98102945089695,0.0506070030755966,"con","ALL","3","q","3q",-0.111999183551983,-1,"LUAD","neu_macro_mono"
"3550","3q25.1",-0.893015802347998,-2.02779493259024,0.0455056023318191,"con","ALL","3","q","3q",-0.111999183551983,-1,"LUAD","neu_macro_mono"
"3551","3q25.2",-0.819503854778083,-2.04942007812749,0.0432996914274196,"con","ALL","3","q","3q",-0.111999183551983,-1,"LUAD","neu_macro_mono"
"3552","3q25.31",-0.775738639368415,-2.03860751960103,0.0443908931442258,"con","ALL","3","q","3q",-0.111999183551983,-1,"LUAD","neu_macro_mono"
"3553","3q25.32",-0.764113639015713,-2.04872756592,0.0433688826355609,"con","ALL","3","q","3q",-0.111999183551983,-1,"LUAD","neu_macro_mono"
"3554","3q25.33",-0.723527013163952,-2.06854768638288,0.0414257196481699,"con","ALL","3","q","3q",-0.111999183551983,-1,"LUAD","neu_macro_mono"
"3555","3q26.1",-0.696264769818271,-2.07281807314436,0.0410170064786147,"con","ALL","3","q","3q",-0.111999183551983,-1,"LUAD","neu_macro_mono"
"3556","3q26.2",-0.644489695323085,-2.02857473784671,0.045424414561269,"con","ALL","3","q","3q",-0.111999183551983,-1,"LUAD","neu_macro_mono"
"3557","3q26.31",-0.631670286333858,-2.02455539946847,0.045844211618882,"con","ALL","3","q","3q",-0.111999183551983,-1,"LUAD","neu_macro_mono"
"3558","3q26.32",-0.589738549926816,-2.01151269818375,0.0472294025329909,"con","ALL","3","q","3q",-0.111999183551983,-1,"LUAD","neu_macro_mono"
"3559","3q26.33",-0.50657384414098,-1.98528212756056,0.0501237858056872,"con","ALL","3","q","3q",-0.111999183551983,-1,"LUAD","neu_macro_mono"
"3560","3q27.1",-0.432471961762581,-1.90876131519928,0.059444513437977,"con","ALL","3","q","3q",-0.111999183551983,-1,"LUAD","neu_macro_mono"
"3561","3q27.2",-0.409925354404592,-1.88908480065317,0.0620649686191685,"con","ALL","3","q","3q",-0.109720745591299,-1,"LUAD","neu_macro_mono"
"3562","3q27.3",-0.402307270876769,-1.87384972386518,0.0641600724890925,"con","ALL","3","q","3q",-0.109720745591299,-1,"LUAD","neu_macro_mono"
"3563","3q29",-0.352609689003815,-1.79890505342788,0.0753487925732676,"con","ALL","3","q","3q",-0.0984892636053633,-1,"LUAD","neu_macro_mono"
"3564","4p16.3",0.597634501178068,1.04275012794769,0.299826335954217,"con","ALL","4","p","4p",0.0425145451228358,-1,"LUAD","neu_macro_mono"
"3565","4p16.1",0.702249667019141,1.18387125727497,0.23954725624002,"con","ALL","4","p","4p",0.0473401207101319,1,"LUAD","neu_macro_mono"
"3566","4p15.32",0.763356082081673,1.25856010814804,0.211408605936656,"con","ALL","4","p","4p",0.0559440588825398,1,"LUAD","neu_macro_mono"
"3567","4p15.2",0.827612082598596,1.35507619410938,0.178747566337846,"con","ALL","4","p","4p",0.0559440588825398,1,"LUAD","neu_macro_mono"
"3568","4p14",0.912818594585588,1.39177012339724,0.167384578667995,"con","ALL","4","p","4p",0.0559440588825398,1,"LUAD","neu_macro_mono"
"3569","4p13",0.931282889432423,1.33976249334492,0.183658713358381,"con","ALL","4","p","4p",0.0559440588825398,1,"LUAD","neu_macro_mono"
"3570","4p12",0.962369785319223,1.36302583286736,0.176237571184044,"con","ALL","4","p","4p",0.0559440588825398,1,"LUAD","neu_macro_mono"
"3571","4p11",1.01583112119022,1.43285034383133,0.155327154897288,"con","ALL","4","p","4p",0.0559440588825398,1,"LUAD","neu_macro_mono"
"3572","4q12",1.08792995360027,1.50051837525042,1,"con","ALL","4","q","4q",0,1,"LUAD","neu_macro_mono"
"3573","4q13.2",1.1630426924665,1.54249291254948,1,"con","ALL","4","q","4q",0,1,"LUAD","neu_macro_mono"
"3574","4q21.1",1.77799635182687,2.06569889212521,1,"con","ALL","4","q","4q",0,1,"LUAD","neu_macro_mono"
"3575","4q21.22",1.94951406638594,2.19483157954889,1,"con","ALL","4","q","4q",0,1,"LUAD","neu_macro_mono"
"3576","4q21.23",1.96009823930463,2.19183866910066,1,"con","ALL","4","q","4q",0,1,"LUAD","neu_macro_mono"
"3577","4q22.1",1.91085227753019,2.13508141409483,1,"con","ALL","4","q","4q",0,1,"LUAD","neu_macro_mono"
"3578","4q22.3",1.81178085100249,2.01929689118976,1,"con","ALL","4","q","4q",0,-1,"LUAD","neu_macro_mono"
"3579","4q23",1.25472989493912,1.48048716294795,1,"con","ALL","4","q","4q",0,-1,"LUAD","neu_macro_mono"
"3580","4q24",1.5154153420709,1.83928723324195,1,"con","ALL","4","q","4q",0,-1,"LUAD","neu_macro_mono"
"3581","4q25",1.7049052654632,2.12855821907186,1,"con","ALL","4","q","4q",0,-1,"LUAD","neu_macro_mono"
"3582","4q27",1.73505264023829,2.15015938469127,1,"con","ALL","4","q","4q",0,-1,"LUAD","neu_macro_mono"
"3583","4q31.1",1.69816209372029,2.13348483480061,1,"con","ALL","4","q","4q",0,-1,"LUAD","neu_macro_mono"
"3584","4q31.21",1.61676150517171,2.04686287213583,1,"con","ALL","4","q","4q",0,-1,"LUAD","neu_macro_mono"
"3585","4q31.22",1.6202029103611,2.05950517759317,1,"con","ALL","4","q","4q",0,-1,"LUAD","neu_macro_mono"
"3586","4q32.1",1.63663955039875,2.02302653564572,1,"con","ALL","4","q","4q",0,1,"LUAD","neu_macro_mono"
"3587","4q32.2",1.65330718323514,2.03312698191022,1,"con","ALL","4","q","4q",0,1,"LUAD","neu_macro_mono"
"3588","4q34.1",1.57671682583794,1.98613261831219,1,"con","ALL","4","q","4q",0,1,"LUAD","neu_macro_mono"
"3589","4q34.2",1.52382749961561,1.93324648806831,1,"con","ALL","4","q","4q",0,1,"LUAD","neu_macro_mono"
"3590","4q35.1",1.4070895779687,1.81304907865204,1,"con","ALL","4","q","4q",0,1,"LUAD","neu_macro_mono"
"3591","5p15.33",0.414018285751643,1.45765811130065,0.148377269072807,"con","ALL","5","p","5p",0.0559440588825398,1,"LUAD","neu_macro_mono"
"3592","5p15.31",0.413007397258177,1.33219687964415,0.1861222133832,"con","ALL","5","p","5p",0.0559440588825398,1,"LUAD","neu_macro_mono"
"3593","5p15.2",0.404782445476843,1.24866639270057,0.214989946893336,"con","ALL","5","p","5p",0.0559440588825398,1,"LUAD","neu_macro_mono"
"3594","5p15.1",0.385577234785355,1.08859034697391,0.279209184044303,"con","ALL","5","p","5p",0.0425145451228358,1,"LUAD","neu_macro_mono"
"3595","5p13.3",0.379343727384757,1.00660879878731,0.316791939521465,"con","ALL","5","p","5p",0.0425145451228358,1,"LUAD","neu_macro_mono"
"3596","5p13.1",0.317862183716376,0.725913089962406,0.469754939231833,"con","ALL","5","p","5p",0,1,"LUAD","neu_macro_mono"
"3597","5p12",0.325973657564482,0.720622558867977,0.472988889083457,"con","ALL","5","p","5p",0,1,"LUAD","neu_macro_mono"
"3598","5q11.1",0.190783118241301,0.383435964266054,0.702290872282715,"con","ALL","5","q","5q",0,1,"LUAD","neu_macro_mono"
"3599","5q11.2",0.148303311899299,0.29228896073176,0.770731059865647,"con","ALL","5","q","5q",0,1,"LUAD","neu_macro_mono"
"3600","5q12.1",0.140159798407681,0.282211894801775,0.778421890627893,"con","ALL","5","q","5q",0,1,"LUAD","neu_macro_mono"
"3601","5q12.3",0.056537937464651,0.11816502735471,0.906197339431329,"con","ALL","5","q","5q",0,1,"LUAD","neu_macro_mono"
"3602","5q13.1",0.03534821441991,0.0760525774674707,0.939544221390018,"con","ALL","5","q","5q",0,1,"LUAD","neu_macro_mono"
"3603","5q13.2",0.0381897552864533,0.0893138579842658,0.929028757197013,"con","ALL","5","q","5q",0,1,"LUAD","neu_macro_mono"
"3604","5q13.3",0.0203081991703148,0.0502411985337769,0.960040294477401,"con","ALL","5","q","5q",0,-1,"LUAD","neu_macro_mono"
"3605","5q14.1",0.0109421362890255,0.0276250722854095,0.978021677100474,"con","ALL","5","q","5q",0,-1,"LUAD","neu_macro_mono"
"3606","5q14.2",0.00119624085799669,0.00310957678458475,0.997525727396101,"con","ALL","5","q","5q",0,-1,"LUAD","neu_macro_mono"
"3607","5q14.3",0.014877964288548,0.0389363274814212,0.969026447011245,"con","ALL","5","q","5q",0,-1,"LUAD","neu_macro_mono"
"3608","5q15",0.00209866580405242,0.00545192879134144,0.995661945853304,"con","ALL","5","q","5q",0,-1,"LUAD","neu_macro_mono"
"3609","5q21.1",-0.0156771646328812,-0.0404287102585116,0.967839909535354,"con","ALL","5","q","5q",0,-1,"LUAD","neu_macro_mono"
"3610","5q21.3",-0.0176277928953841,-0.0449567266334359,0.964240307816874,"con","ALL","5","q","5q",0,-1,"LUAD","neu_macro_mono"
"3611","5q22.2",-0.0746231013046412,-0.185617755486531,0.853157640864702,"con","ALL","5","q","5q",0,-1,"LUAD","neu_macro_mono"
"3612","5q22.3",-0.127567216276202,-0.310265089774481,0.75706884397113,"con","ALL","5","q","5q",0,-1,"LUAD","neu_macro_mono"
"3613","5q23.1",-0.183574420146405,-0.444147704188315,0.657990210186147,"con","ALL","5","q","5q",0,-1,"LUAD","neu_macro_mono"
"3614","5q23.2",-0.232859094842274,-0.562922090513216,0.574872245266947,"con","ALL","5","q","5q",0,-1,"LUAD","neu_macro_mono"
"3615","5q31.1",-0.386206523640999,-1.00591886322675,0.317121921944378,"con","ALL","5","q","5q",-0.0425145451228358,1,"LUAD","neu_macro_mono"
"3616","5q31.2",-0.444981630729994,-1.27091536384046,0.20699804658028,"con","ALL","5","q","5q",-0.0559440588825398,1,"LUAD","neu_macro_mono"
"3617","5q31.3",-0.423713120161316,-1.27128909949903,0.206865696825496,"con","ALL","5","q","5q",-0.0559440588825398,1,"LUAD","neu_macro_mono"
"3618","5q32",-0.313489616235735,-1.0263940722366,0.307426479767794,"con","ALL","5","q","5q",-0.0425145451228358,1,"LUAD","neu_macro_mono"
"3619","5q33.1",-0.27103642337255,-0.901277815670179,0.369819815581007,"con","ALL","5","q","5q",-0.019320236736144,1,"LUAD","neu_macro_mono"
"3620","5q33.2",-0.228020177474045,-0.759809760236452,0.449332257226547,"con","ALL","5","q","5q",0,1,"LUAD","neu_macro_mono"
"3621","5q33.3",-0.198343332577986,-0.674625236835398,0.501624246087332,"con","ALL","5","q","5q",0,1,"LUAD","neu_macro_mono"
"3622","5q34",-0.178090280977988,-0.616544663634595,0.539074477259592,"con","ALL","5","q","5q",0,1,"LUAD","neu_macro_mono"
"3623","5q35.1",-0.154737088655044,-0.543326843301094,0.588233278296392,"con","ALL","5","q","5q",0,1,"LUAD","neu_macro_mono"
"3624","5q35.2",-0.122621777957793,-0.434167581586933,0.665194432207585,"con","ALL","5","q","5q",0,1,"LUAD","neu_macro_mono"
"3625","5q35.3",-0.0732394585904719,-0.279153272582245,0.780760645421127,"con","ALL","5","q","5q",0,1,"LUAD","neu_macro_mono"
"3626","6p25.2",-1.16500111227428,-1.91450506221462,0.0586974059582693,"con","ALL","6","p","6p",-0.111999183551983,1,"LUAD","neu_macro_mono"
"3627","6p25.1",-1.19462101166115,-2.03011621225034,0.0452642922864126,"con","ALL","6","p","6p",-0.111999183551983,1,"LUAD","neu_macro_mono"
"3628","6p24.3",-1.21819228828457,-2.14672020171734,0.0344751414142329,"con","ALL","6","p","6p",-0.111999183551983,1,"LUAD","neu_macro_mono"
"3629","6p24.2",-1.24469189509872,-2.27200196940486,0.0254425143060717,"con","ALL","6","p","6p",-0.111999183551983,1,"LUAD","neu_macro_mono"
"3630","6p23",-1.42411757948338,-2.65176765676611,0.00944580306324552,"con","ALL","6","p","6p",-0.111999183551983,1,"LUAD","neu_macro_mono"
"3631","6p22.3",-1.23145490389546,-2.61689320281161,0.0103902394282206,"con","ALL","6","p","6p",-0.111999183551983,1,"LUAD","neu_macro_mono"
"3632","6p22.2",-1.11951491882465,-2.49584898752529,0.0143669965692939,"con","ALL","6","p","6p",-0.111999183551983,1,"LUAD","neu_macro_mono"
"3633","6p22.1",-1.00625033452848,-2.37888394228472,0.0194547950033642,"con","ALL","6","p","6p",-0.111999183551983,1,"LUAD","neu_macro_mono"
"3634","6p21.33",-0.822675202580957,-2.16997794305148,0.0326131645248837,"con","ALL","6","p","6p",-0.111999183551983,1,"LUAD","neu_macro_mono"
"3635","6p21.32",-0.715648906500778,-1.95562124567573,0.0535774464771283,"con","ALL","6","p","6p",-0.111999183551983,1,"LUAD","neu_macro_mono"
"3636","6p21.31",-0.723455689386707,-1.84442692025602,0.0683744105839894,"con","ALL","6","p","6p",-0.0984892636053633,1,"LUAD","neu_macro_mono"
"3637","6p21.2",-0.903794467917297,-2.01045108046176,0.0473437094870914,"con","ALL","6","p","6p",-0.111999183551983,1,"LUAD","neu_macro_mono"
"3638","6p21.1",-1.13615988252848,-2.09461807319947,0.0389842572625321,"con","ALL","6","p","6p",-0.111999183551983,1,"LUAD","neu_macro_mono"
"3639","6p12.1",-0.588158802606403,-0.955896543838908,0.341657045316707,"con","ALL","6","p","6p",-0.0353657245798074,1,"LUAD","neu_macro_mono"
"3640","6q12",-0.327454743985029,-0.563443965727238,0.574518407533069,"con","ALL","6","q","6q",0,1,"LUAD","neu_macro_mono"
"3641","6q13",-0.271619862929132,-0.483110676983689,0.63017745809747,"con","ALL","6","q","6q",0,1,"LUAD","neu_macro_mono"
"3642","6q14.1",-0.189198276957892,-0.366817585361087,0.714606665901618,"con","ALL","6","q","6q",0,1,"LUAD","neu_macro_mono"
"3643","6q14.3",-0.153683264633104,-0.338781608470002,0.735554736124487,"con","ALL","6","q","6q",0,1,"LUAD","neu_macro_mono"
"3644","6q15",-0.137803239864267,-0.324301340524388,0.746454163150933,"con","ALL","6","q","6q",0,1,"LUAD","neu_macro_mono"
"3645","6q16.1",-0.135760957183229,-0.333822305871043,0.739281686230716,"con","ALL","6","q","6q",0,1,"LUAD","neu_macro_mono"
"3646","6q16.2",-0.142926141012421,-0.365527114162567,0.7155662463578,"con","ALL","6","q","6q",0,1,"LUAD","neu_macro_mono"
"3647","6q21",-0.121480890295457,-0.326905056953944,0.74449044248107,"con","ALL","6","q","6q",0,-1,"LUAD","neu_macro_mono"
"3648","6q22.1",-0.130462957551238,-0.360426261763693,0.719363645448323,"con","ALL","6","q","6q",0,-1,"LUAD","neu_macro_mono"
"3649","6q22.31",-0.131286941780477,-0.356046273127944,0.722630020555667,"con","ALL","6","q","6q",0,-1,"LUAD","neu_macro_mono"
"3650","6q22.33",-0.125025855349735,-0.331891199129099,0.740734617516228,"con","ALL","6","q","6q",0,-1,"LUAD","neu_macro_mono"
"3651","6q23.2",-0.0983529251758928,-0.25917620079645,0.796084684571133,"con","ALL","6","q","6q",0,-1,"LUAD","neu_macro_mono"
"3652","6q23.3",-0.0789270772407558,-0.205449133472459,0.83768012632853,"con","ALL","6","q","6q",0,-1,"LUAD","neu_macro_mono"
"3653","6q24.1",-0.0462346434292601,-0.119185927863908,0.905390775626194,"con","ALL","6","q","6q",0,-1,"LUAD","neu_macro_mono"
"3654","6q24.2",-0.0240973355360729,-0.062235762127004,0.950511576446256,"con","ALL","6","q","6q",0,-1,"LUAD","neu_macro_mono"
"3655","6q25.1",-0.0710978955401575,-0.187842101813455,0.851418655019274,"con","ALL","6","q","6q",0,-1,"LUAD","neu_macro_mono"
"3656","6q25.3",-0.100121850306102,-0.277011232455251,0.782399744614496,"con","ALL","6","q","6q",0,1,"LUAD","neu_macro_mono"
"3657","6q27",-0.0655280719362639,-0.185630832208453,0.853147415402198,"con","ALL","6","q","6q",0,1,"LUAD","neu_macro_mono"
"3658","7p22.3",0.215221515049775,1.03117390751986,0.305192149822344,"con","ALL","7","p","7p",0.0425145451228358,1,"LUAD","neu_macro_mono"
"3659","7p22.1",0.216170738394676,1.059038587071,0.292385207250268,"con","ALL","7","p","7p",0.0425145451228358,1,"LUAD","neu_macro_mono"
"3660","7p21.3",0.228207730840041,1.12885221345868,0.261927327920102,"con","ALL","7","p","7p",0.0425145451228358,1,"LUAD","neu_macro_mono"
"3661","7p21.1",0.232385581001598,1.1460830361678,0.254765639703859,"con","ALL","7","p","7p",0.0428668620373551,1,"LUAD","neu_macro_mono"
"3662","7p15.3",0.24965747050436,1.21924188614947,0.225903329181289,"con","ALL","7","p","7p",0.050299075177247,1,"LUAD","neu_macro_mono"
"3663","7p15.2",0.256325704287408,1.24505677774204,0.216307565977888,"con","ALL","7","p","7p",0.0559440588825398,1,"LUAD","neu_macro_mono"
"3664","7p14.3",0.248650856688176,1.1793281541859,0.241341657137338,"con","ALL","7","p","7p",0.046946873995566,1,"LUAD","neu_macro_mono"
"3665","7p14.2",0.245561127874221,1.14870800357896,0.253686886258498,"con","ALL","7","p","7p",0.0428668620373551,1,"LUAD","neu_macro_mono"
"3666","7p14.1",0.23112992900301,1.06295119298755,0.290616735505591,"con","ALL","7","p","7p",0.0425145451228358,1,"LUAD","neu_macro_mono"
"3667","7p13",0.20528172381551,0.917029138536726,0.361551351348798,"con","ALL","7","p","7p",0.02517423810017,1,"LUAD","neu_macro_mono"
"3668","7p12.3",0.195911262934761,0.839467691101006,0.403406889379333,"con","ALL","7","p","7p",0.00650034381349984,1,"LUAD","neu_macro_mono"
"3669","7p11.2",0.196096066946268,0.808948196608382,0.420654933613279,"con","ALL","7","p","7p",0,1,"LUAD","neu_macro_mono"
"3670","7q11.21",0.193563568442337,0.752064053195256,0.453953401087438,"con","ALL","7","q","7q",0,1,"LUAD","neu_macro_mono"
"3671","7q11.23",0.222026148180187,0.715052384120789,0.476407196038524,"con","ALL","7","q","7q",0,1,"LUAD","neu_macro_mono"
"3672","7q21.12",0.29185169546521,0.859224028698542,0.392474701526931,"con","ALL","7","q","7q",0.0079304409571928,1,"LUAD","neu_macro_mono"
"3673","7q21.2",0.331010313464163,0.911199823431147,0.364597549790509,"con","ALL","7","q","7q",0.0235181027109412,1,"LUAD","neu_macro_mono"
"3674","7q21.3",0.408041624983667,1.07535957268967,0.285056690166394,"con","ALL","7","q","7q",0.0425145451228358,1,"LUAD","neu_macro_mono"
"3675","7q22.1",0.47692814201765,1.16711384364529,0.246213611829171,"con","ALL","7","q","7q",0.0467002728893327,1,"LUAD","neu_macro_mono"
"3676","7q22.3",0.44070602392075,0.981259216129606,0.329066571825769,"con","ALL","7","q","7q",0.0379132662604163,1,"LUAD","neu_macro_mono"
"3677","7q31.1",0.413338703446341,0.88374496450829,0.379162769744618,"con","ALL","7","q","7q",0.0139108860543446,1,"LUAD","neu_macro_mono"
"3678","7q31.2",0.415630060251211,0.875269241927393,0.383731807915669,"con","ALL","7","q","7q",0.0130424519192998,1,"LUAD","neu_macro_mono"
"3679","7q31.31",0.400283573212914,0.839496126818213,0.403391022360095,"con","ALL","7","q","7q",0.00650034381349984,1,"LUAD","neu_macro_mono"
"3680","7q31.32",0.410584582427565,0.853667467706375,0.395530824117456,"con","ALL","7","q","7q",0.0079304409571928,1,"LUAD","neu_macro_mono"
"3681","7q32.1",0.466949669592818,0.949766480836859,0.344746542170071,"con","ALL","7","q","7q",0.0353657245798074,-1,"LUAD","neu_macro_mono"
"3682","7q32.2",0.486365210371975,0.979025608898795,0.330162943994359,"con","ALL","7","q","7q",0.0379132662604163,-1,"LUAD","neu_macro_mono"
"3683","7q33",0.487259307941618,0.974846173653079,0.332220881149206,"con","ALL","7","q","7q",0.0373280281980329,-1,"LUAD","neu_macro_mono"
"3684","7q34",0.518193386441425,1.04795910488051,0.297432856757687,"con","ALL","7","q","7q",0.0425145451228358,1,"LUAD","neu_macro_mono"
"3685","7q36.1",0.524231719132561,1.108664010457,0.27049665464224,"con","ALL","7","q","7q",0.0425145451228358,1,"LUAD","neu_macro_mono"
"3686","7q36.3",0.540690065984063,1.18699971369527,0.238317174722661,"con","ALL","7","q","7q",0.0473401207101319,1,"LUAD","neu_macro_mono"
"3687","8p23.3",-0.174447408670026,-0.401869606637184,0.688722282642711,"con","ALL","8","p","8p",0,1,"LUAD","neu_macro_mono"
"3688","8p22",-0.194420196805682,-0.434416394404315,0.665014438856857,"con","ALL","8","p","8p",0,1,"LUAD","neu_macro_mono"
"3689","8p21.3",-0.170476317240557,-0.363878645208972,0.716792694717993,"con","ALL","8","p","8p",0,1,"LUAD","neu_macro_mono"
"3690","8p21.2",-0.166698077315119,-0.34249274375532,0.732769920274572,"con","ALL","8","p","8p",0,1,"LUAD","neu_macro_mono"
"3691","8p21.1",-0.148045119281328,-0.298276631163033,0.766172035871699,"con","ALL","8","p","8p",0,1,"LUAD","neu_macro_mono"
"3692","8p12",-0.119214629289296,-0.234361515902434,0.815230822900352,"con","ALL","8","p","8p",0,1,"LUAD","neu_macro_mono"
"3693","8p11.23",-0.0173120968399836,-0.0327620735408984,0.973936075440984,"con","ALL","8","p","8p",0,1,"LUAD","neu_macro_mono"
"3694","8p11.22",0.046751300271016,0.0888597312648118,0.929388657140353,"con","ALL","8","p","8p",0,1,"LUAD","neu_macro_mono"
"3695","8p11.21",0.322656352094415,0.63141263916005,0.529353643623478,"con","ALL","8","p","8p",0,1,"LUAD","neu_macro_mono"
"3696","8q11.21",0.502176101147058,1.05093146246448,0.296072917723965,"con","ALL","8","q","8q",0.0425145451228358,1,"LUAD","neu_macro_mono"
"3697","8q11.23",0.562724216811462,1.22365179951638,0.224242580126893,"con","ALL","8","q","8q",0.050299075177247,1,"LUAD","neu_macro_mono"
"3698","8q12.1",0.662145934980597,1.55310987897311,0.123867978257385,"con","ALL","8","q","8q",0.0680902654205951,1,"LUAD","neu_macro_mono"
"3699","8q12.3",0.649391208430044,1.60981307606632,0.110902363536179,"con","ALL","8","q","8q",0.0730781819767591,1,"LUAD","neu_macro_mono"
"3700","8q13.1",0.648679086964349,1.67234478798406,0.0978913534921087,"con","ALL","8","q","8q",0.084879139044506,1,"LUAD","neu_macro_mono"
"3701","8q13.3",0.602951986978395,1.60082568104283,0.112881596716365,"con","ALL","8","q","8q",0.0730781819767591,1,"LUAD","neu_macro_mono"
"3702","8q21.11",0.5933633409683,1.65839500830438,0.100680991841694,"con","ALL","8","q","8q",0.084879139044506,1,"LUAD","neu_macro_mono"
"3703","8q21.13",0.458662258441497,1.41160028852726,0.161477831627154,"con","ALL","8","q","8q",0.0559440588825398,1,"LUAD","neu_macro_mono"
"3704","8q21.3",0.353178819051538,1.20079395804981,0.232947461116779,"con","ALL","8","q","8q",0.0499947999023962,1,"LUAD","neu_macro_mono"
"3705","8q22.1",0.264833308689561,1.0089896773107,0.315654971856464,"con","ALL","8","q","8q",0.0425145451228358,1,"LUAD","neu_macro_mono"
"3706","8q22.2",0.201244035158826,0.813907933537086,0.417822357254037,"con","ALL","8","q","8q",0,1,"LUAD","neu_macro_mono"
"3707","8q22.3",0.149459234078383,0.627060460125541,0.532189735415742,"con","ALL","8","q","8q",0,1,"LUAD","neu_macro_mono"
"3708","8q23.1",0.0690697987552564,0.298499232457268,0.766002704289068,"con","ALL","8","q","8q",0,1,"LUAD","neu_macro_mono"
"3709","8q23.2",0.0633020027827167,0.275401636020169,0.78363206245438,"con","ALL","8","q","8q",0,1,"LUAD","neu_macro_mono"
"3710","8q24.11",0.043719372302258,0.191747992658163,0.848366825305131,"con","ALL","8","q","8q",0,1,"LUAD","neu_macro_mono"
"3711","8q24.12",0.00771513845706517,0.0344405307552991,0.972601296548773,"con","ALL","8","q","8q",0,1,"LUAD","neu_macro_mono"
"3712","8q24.13",-0.00592488959756327,-0.026984725949126,0.978531005879531,"con","ALL","8","q","8q",0,1,"LUAD","neu_macro_mono"
"3713","8q24.22",-0.0359467106723937,-0.169163692923737,0.866043350893034,"con","ALL","8","q","8q",0,1,"LUAD","neu_macro_mono"
"3714","8q24.3",-0.10149911812544,-0.497734803535715,0.619871635830828,"con","ALL","8","q","8q",0,1,"LUAD","neu_macro_mono"
"3715","9p24.1",-0.517003595904345,-1.92941000886382,0.0567955600987668,"con","ALL","9","p","9p",-0.111999183551983,-1,"LUAD","neu_macro_mono"
"3716","9p22.3",-0.529087221659893,-1.9554514423817,0.0535977855362187,"con","ALL","9","p","9p",-0.111999183551983,-1,"LUAD","neu_macro_mono"
"3717","9p22.1",-0.55504094414824,-2.07605269968145,0.0407097406241661,"con","ALL","9","p","9p",-0.111999183551983,-1,"LUAD","neu_macro_mono"
"3718","9p21.1",-0.64897607408465,-2.20910338323264,0.0296780287581985,"con","ALL","9","p","9p",-0.111999183551983,-1,"LUAD","neu_macro_mono"
"3719","9p13.3",-0.747239472601239,-2.15168049294081,0.0340704596421259,"con","ALL","9","p","9p",-0.111999183551983,-1,"LUAD","neu_macro_mono"
"3720","9p13.2",-0.843059427121973,-2.06303166627748,0.0419588359145342,"con","ALL","9","p","9p",-0.111999183551983,-1,"LUAD","neu_macro_mono"
"3721","9q21.12",-0.895950332756261,-1.94723697102011,0.0545895727543985,"con","ALL","9","q","9q",-0.111999183551983,-1,"LUAD","neu_macro_mono"
"3722","9q21.13",-0.91709154028162,-1.80646731063044,0.074150864949606,"con","ALL","9","q","9q",-0.0984892636053633,-1,"LUAD","neu_macro_mono"
"3723","9q21.2",-0.842437979357802,-1.43191596587612,1,"con","ALL","9","q","9q",0,-1,"LUAD","neu_macro_mono"
"3724","9q21.31",-0.840201616534487,-1.41145778934182,1,"con","ALL","9","q","9q",0,-1,"LUAD","neu_macro_mono"
"3725","9q21.32",-0.832564561503925,-1.37587198300337,1,"con","ALL","9","q","9q",0,-1,"LUAD","neu_macro_mono"
"3726","9q21.33",-0.77455001048921,-1.26637929209353,1,"con","ALL","9","q","9q",0,-1,"LUAD","neu_macro_mono"
"3727","9q22.2",-0.750558513698046,-1.22937310158414,1,"con","ALL","9","q","9q",0,-1,"LUAD","neu_macro_mono"
"3728","9q22.31",-0.741900356226384,-1.24750520309844,1,"con","ALL","9","q","9q",0,-1,"LUAD","neu_macro_mono"
"3729","9q22.32",-0.737870977821914,-1.25437710003259,1,"con","ALL","9","q","9q",0,-1,"LUAD","neu_macro_mono"
"3730","9q22.33",-0.768071177774198,-1.3738423199896,1,"con","ALL","9","q","9q",0,-1,"LUAD","neu_macro_mono"
"3731","9q31.1",-0.780793612225631,-1.51848199683292,0.132359633267313,"con","ALL","9","q","9q",-0.0626514310464217,-1,"LUAD","neu_macro_mono"
"3732","9q31.2",-0.795505704792308,-1.66380264766552,0.099592036514431,"con","ALL","9","q","9q",-0.084879139044506,-1,"LUAD","neu_macro_mono"
"3733","9q31.3",-0.783095185718822,-1.70455121912125,0.0916902545651682,"con","ALL","9","q","9q",-0.0886955095928535,-1,"LUAD","neu_macro_mono"
"3734","9q32",-0.830080438949263,-1.76876991857739,0.0802830195638539,"con","ALL","9","q","9q",-0.0913027066614721,-1,"LUAD","neu_macro_mono"
"3735","9q33.2",-0.928481676387164,-1.82353040969247,0.0715059777476692,"con","ALL","9","q","9q",-0.0984892636053633,-1,"LUAD","neu_macro_mono"
"3736","9q33.3",-0.828307857592453,-1.55131846112054,0.12429641614343,"con","ALL","9","q","9q",-0.0680902654205951,-1,"LUAD","neu_macro_mono"
"3737","9q34.11",-0.739300471232599,-1.2933471637202,0.199164552167644,"con","ALL","9","q","9q",-0.0559440588825398,-1,"LUAD","neu_macro_mono"
"3738","9q34.13",-0.569587493669186,-0.984620724674663,0.327421092603456,"con","ALL","9","q","9q",-0.0379132662604163,-1,"LUAD","neu_macro_mono"
"3739","9q34.3",-0.3270038364601,-0.648706905442528,0.51816158203274,"con","ALL","9","q","9q",0,1,"LUAD","neu_macro_mono"
"3740","10p15.3",-0.152984567131527,-0.481205455368343,0.631525555111091,"con","ALL","10","p","10p",0,-1,"LUAD","neu_macro_mono"
"3741","10p14",-0.0487738170772194,-0.128412667466636,0.898105778996009,"con","ALL","10","p","10p",0,-1,"LUAD","neu_macro_mono"
"3742","10p13",0.0536665032024177,0.12644228588968,0.899660787695041,"con","ALL","10","p","10p",0,-1,"LUAD","neu_macro_mono"
"3743","10p12.2",0.271352333624845,0.557032993362982,0.578872368944685,"con","ALL","10","p","10p",0,-1,"LUAD","neu_macro_mono"
"3744","10p12.1",0.47375176469838,0.889049962747712,0.376320371430393,"con","ALL","10","p","10p",0.0139108860543446,-1,"LUAD","neu_macro_mono"
"3745","10p11.22",0.685276659310658,1.19106806994114,0.236724321849287,"con","ALL","10","p","10p",0.0473401207101319,-1,"LUAD","neu_macro_mono"
"3746","10q11.21",0.801325397568874,1.25687454150819,0.212015631577967,"con","ALL","10","q","10q",0.0559440588825398,-1,"LUAD","neu_macro_mono"
"3747","10q11.22",0.800915787457053,1.21643813992059,0.226963834767001,"con","ALL","10","q","10q",0.050299075177247,-1,"LUAD","neu_macro_mono"
"3748","10q21.1",0.804085780324229,1.19965274656009,0.23338836529214,"con","ALL","10","q","10q",0.0499947999023962,-1,"LUAD","neu_macro_mono"
"3749","10q21.3",0.890718275261977,1.25769285738264,1,"con","ALL","10","q","10q",0,-1,"LUAD","neu_macro_mono"
"3750","10q22.1",0.8215683119661,1.02634677986549,1,"con","ALL","10","q","10q",0,1,"LUAD","neu_macro_mono"
"3751","10q22.2",0.446202746946399,0.50563795348147,1,"con","ALL","10","q","10q",0,1,"LUAD","neu_macro_mono"
"3752","10q22.3",0.0308591982382387,0.0347758171178079,1,"con","ALL","10","q","10q",0,1,"LUAD","neu_macro_mono"
"3753","10q23.1",-0.0437594746427404,-0.0490975887411446,1,"con","ALL","10","q","10q",0,1,"LUAD","neu_macro_mono"
"3754","10q23.2",-0.0775621199442893,-0.0869226025108516,1,"con","ALL","10","q","10q",0,1,"LUAD","neu_macro_mono"
"3755","10q23.31",-0.0908610923391357,-0.100963653809138,1,"con","ALL","10","q","10q",0,-1,"LUAD","neu_macro_mono"
"3756","10q23.32",-0.143753917025451,-0.159376236684739,1,"con","ALL","10","q","10q",0,-1,"LUAD","neu_macro_mono"
"3757","10q24.1",-0.643522428367888,-0.740606043873952,1,"con","ALL","10","q","10q",0,-1,"LUAD","neu_macro_mono"
"3758","10q24.2",-0.758337672100281,-0.882037165048201,1,"con","ALL","10","q","10q",0,-1,"LUAD","neu_macro_mono"
"3759","10q24.31",-0.928280386650434,-1.1341184110852,1,"con","ALL","10","q","10q",0,-1,"LUAD","neu_macro_mono"
"3760","10q24.32",-1.00173183879901,-1.25874631687723,0.211341624733435,"con","ALL","10","q","10q",-0.0559440588825398,-1,"LUAD","neu_macro_mono"
"3761","10q25.1",-1.0635479982356,-1.33680908246194,0.184617459819484,"con","ALL","10","q","10q",-0.0559440588825398,-1,"LUAD","neu_macro_mono"
"3762","10q25.2",-1.05188150721,-1.31001925485833,0.193486645200272,"con","ALL","10","q","10q",-0.0559440588825398,-1,"LUAD","neu_macro_mono"
"3763","10q25.3",-1.07577162438439,-1.33851597611914,1,"con","ALL","10","q","10q",0,-1,"LUAD","neu_macro_mono"
"3764","10q26.11",-1.02764966905902,-1.26438480492019,1,"con","ALL","10","q","10q",0,-1,"LUAD","neu_macro_mono"
"3765","10q26.13",-1.12735178135866,-1.58837949153345,1,"con","ALL","10","q","10q",0,-1,"LUAD","neu_macro_mono"
"3766","10q26.3",-0.885267682435597,-1.38062668834839,0.170775491002864,"con","ALL","10","q","10q",-0.0559440588825398,-1,"LUAD","neu_macro_mono"
"3767","11p15.5",0.545600816625168,1.79703749315031,0.0756470906316917,"con","ALL","11","p","11p",0.0984892636053633,-1,"LUAD","neu_macro_mono"
"3768","11p15.4",0.727805335600283,1.56643256511806,0.120718357953185,"con","ALL","11","p","11p",0.0680902654205951,-1,"LUAD","neu_macro_mono"
"3769","11p15.3",0.76425285847178,1.40692426573563,0.16285604246984,"con","ALL","11","p","11p",0.0559440588825398,-1,"LUAD","neu_macro_mono"
"3770","11p15.2",0.751958980524738,1.27701090041902,0.204847244431389,"con","ALL","11","p","11p",0.0559440588825398,-1,"LUAD","neu_macro_mono"
"3771","11p15.1",0.765381412521757,1.16966948184299,0.24518848320361,"con","ALL","11","p","11p",0.0467002728893327,-1,"LUAD","neu_macro_mono"
"3772","11p14.3",0.759497784731127,1.01290312488171,0.313792065260027,"con","ALL","11","p","11p",0.0425145451228358,-1,"LUAD","neu_macro_mono"
"3773","11p13",0.139785905560141,0.145064214135301,1,"con","ALL","11","p","11p",0,-1,"LUAD","neu_macro_mono"
"3774","11p12",-0.259211209656015,-0.233899803200861,1,"con","ALL","11","p","11p",0,-1,"LUAD","neu_macro_mono"
"3775","11p11.2",-0.725154780813643,-0.55840794906236,1,"con","ALL","11","p","11p",0,1,"LUAD","neu_macro_mono"
"3776","11q12.1",-1.7387420157384,-1.18387486168627,1,"con","ALL","11","q","11q",0,1,"LUAD","neu_macro_mono"
"3777","11q12.2",-1.51080068212789,-1.19244919341683,1,"con","ALL","11","q","11q",0,1,"LUAD","neu_macro_mono"
"3778","11q12.3",-0.734449631195093,-0.665098490482762,1,"con","ALL","11","q","11q",0,1,"LUAD","neu_macro_mono"
"3779","11q13.1",-0.19186719895263,-0.215204851443204,1,"con","ALL","11","q","11q",0,1,"LUAD","neu_macro_mono"
"3780","11q13.2",0.600908304363387,1.02028222409449,0.310299457684865,"con","ALL","11","q","11q",0.0425145451228358,1,"LUAD","neu_macro_mono"
"3781","11q13.3",0.629772052167747,1.30965436870746,0.193609605064968,"con","ALL","11","q","11q",0.0559440588825398,1,"LUAD","neu_macro_mono"
"3782","11q13.4",0.678105865563969,1.33353779745588,0.18568378537095,"con","ALL","11","q","11q",0.0559440588825398,1,"LUAD","neu_macro_mono"
"3783","11q13.5",0.659773417328931,1.24599189888399,0.215965652546403,"con","ALL","11","q","11q",0.0559440588825398,1,"LUAD","neu_macro_mono"
"3784","11q14.1",0.812452541893258,1.25847924058517,0.211437699692786,"con","ALL","11","q","11q",0.0559440588825398,-1,"LUAD","neu_macro_mono"
"3785","11q14.2",1.03394603484456,1.41428576610246,1,"con","ALL","11","q","11q",0,-1,"LUAD","neu_macro_mono"
"3786","11q14.3",1.09941768814406,1.4324518210484,1,"con","ALL","11","q","11q",0,-1,"LUAD","neu_macro_mono"
"3787","11q21",1.27756559812831,1.57311351779588,1,"con","ALL","11","q","11q",0,-1,"LUAD","neu_macro_mono"
"3788","11q22.2",1.32251530039494,1.62038024075336,1,"con","ALL","11","q","11q",0,-1,"LUAD","neu_macro_mono"
"3789","11q22.3",1.20477924019303,1.54214640051898,1,"con","ALL","11","q","11q",0,-1,"LUAD","neu_macro_mono"
"3790","11q23.1",0.989266532348798,1.40730285104107,0.162744123784497,"con","ALL","11","q","11q",0.0559440588825398,-1,"LUAD","neu_macro_mono"
"3791","11q23.2",0.879017406213258,1.33242074548971,0.186048963913386,"con","ALL","11","q","11q",0.0559440588825398,-1,"LUAD","neu_macro_mono"
"3792","11q23.3",0.747147611821923,1.25390946968426,0.213086552533263,"con","ALL","11","q","11q",0.0559440588825398,-1,"LUAD","neu_macro_mono"
"3793","11q24.1",0.52458935038057,1.06607051223415,0.289212075151255,"con","ALL","11","q","11q",0.0425145451228358,-1,"LUAD","neu_macro_mono"
"3794","11q24.2",0.499289483064799,1.05096879348952,0.296055864649276,"con","ALL","11","q","11q",0.0425145451228358,1,"LUAD","neu_macro_mono"
"3795","11q24.3",0.455359327776904,1.01378197646789,0.313374721333996,"con","ALL","11","q","11q",0.0425145451228358,1,"LUAD","neu_macro_mono"
"3796","11q25",0.420762492746663,0.969918756808731,0.334657918967032,"con","ALL","11","q","11q",0.0362569729466108,1,"LUAD","neu_macro_mono"
"3797","12p13.33",-0.236204966472414,-0.851179961547697,0.396903682797049,"con","ALL","12","p","12p",-0.0079304409571928,1,"LUAD","neu_macro_mono"
"3798","12p13.32",-0.250784134841972,-0.883003496739444,0.379561112245767,"con","ALL","12","p","12p",-0.0139108860543446,1,"LUAD","neu_macro_mono"
"3799","12p13.31",-0.29664657673347,-0.942251767423405,0.348558528051752,"con","ALL","12","p","12p",-0.0330257940301846,-1,"LUAD","neu_macro_mono"
"3800","12p13.2",-0.442650290704373,-1.13524149527581,0.259255410115972,"con","ALL","12","p","12p",-0.0425145451228358,-1,"LUAD","neu_macro_mono"
"3801","12p13.1",-0.528606106264373,-1.2494097229427,0.214719340423891,"con","ALL","12","p","12p",-0.0559440588825398,-1,"LUAD","neu_macro_mono"
"3802","12p12.3",-0.594317157772372,-1.33161152315461,0.186313845903591,"con","ALL","12","p","12p",-0.0559440588825398,-1,"LUAD","neu_macro_mono"
"3803","12p12.1",-0.836432068813495,-1.58421724830791,0.116613549547784,"con","ALL","12","p","12p",-0.0680902654205951,1,"LUAD","neu_macro_mono"
"3804","12p11.23",-1.10179483743462,-1.84653928597865,1,"con","ALL","12","p","12p",0,1,"LUAD","neu_macro_mono"
"3805","12p11.22",-1.29294947068481,-1.97186879035143,1,"con","ALL","12","p","12p",0,1,"LUAD","neu_macro_mono"
"3806","12q12",-1.65585849986214,-2.21660023410627,1,"con","ALL","12","q","12q",0,1,"LUAD","neu_macro_mono"
"3807","12q13.11",-1.80314673394085,-2.29486678447218,1,"con","ALL","12","q","12q",0,1,"LUAD","neu_macro_mono"
"3808","12q13.12",-1.77747326154791,-2.17695917704671,0.0320716190573499,"con","ALL","12","q","12q",-0.111999183551983,1,"LUAD","neu_macro_mono"
"3809","12q13.13",-0.453992375731603,-0.659225423565152,0.511415803644815,"con","ALL","12","q","12q",0,1,"LUAD","neu_macro_mono"
"3810","12q13.2",0.0312013906394536,0.0621754835183431,0.95055944614703,"con","ALL","12","q","12q",0,1,"LUAD","neu_macro_mono"
"3811","12q13.3",-0.0311156194444378,-0.0804766797630626,0.93603486803952,"con","ALL","12","q","12q",0,1,"LUAD","neu_macro_mono"
"3812","12q14.1",-0.0879768324098296,-0.252089320802702,0.801540507196838,"con","ALL","12","q","12q",0,1,"LUAD","neu_macro_mono"
"3813","12q14.3",-0.121935656546647,-0.351740767293668,0.7258458666013,"con","ALL","12","q","12q",0,1,"LUAD","neu_macro_mono"
"3814","12q15",-0.129500668358451,-0.367010882632314,0.714462971580114,"con","ALL","12","q","12q",0,1,"LUAD","neu_macro_mono"
"3815","12q21.1",-0.141460102736678,-0.356834019091153,0.722042178081718,"con","ALL","12","q","12q",0,-1,"LUAD","neu_macro_mono"
"3816","12q21.2",-0.150732865816826,-0.343955461414181,0.731673284247574,"con","ALL","12","q","12q",0,-1,"LUAD","neu_macro_mono"
"3817","12q21.31",-0.149119861382761,-0.310794275763613,0.75666779520407,"con","ALL","12","q","12q",0,-1,"LUAD","neu_macro_mono"
"3818","12q21.33",-0.142300211582797,-0.277249050907048,0.782217716189872,"con","ALL","12","q","12q",0,-1,"LUAD","neu_macro_mono"
"3819","12q22",-0.0695711498821227,-0.130098615887764,0.896775558031994,"con","ALL","12","q","12q",0,-1,"LUAD","neu_macro_mono"
"3820","12q23.1",-0.0383917968545468,-0.0714355301271002,0.943207897566925,"con","ALL","12","q","12q",0,-1,"LUAD","neu_macro_mono"
"3821","12q23.2",-0.0346207017990899,-0.0649811544037442,0.948331543693433,"con","ALL","12","q","12q",0,-1,"LUAD","neu_macro_mono"
"3822","12q23.3",-2.20992255693679e-05,-4.27744157001265e-05,0.999965964584685,"con","ALL","12","q","12q",0,-1,"LUAD","neu_macro_mono"
"3823","12q24.11",0.0837167169215004,0.175351546114606,0.861192999478414,"con","ALL","12","q","12q",0,-1,"LUAD","neu_macro_mono"
"3824","12q24.13",0.0852842519931943,0.182629142158252,0.85549526899187,"con","ALL","12","q","12q",0,-1,"LUAD","neu_macro_mono"
"3825","12q24.23",0.0607578785716533,0.129474770229466,0.897267740920265,"con","ALL","12","q","12q",0,-1,"LUAD","neu_macro_mono"
"3826","12q24.31",0.0934686021961731,0.192030899782908,0.848145867716162,"con","ALL","12","q","12q",0,-1,"LUAD","neu_macro_mono"
"3827","12q24.33",0.274026668848605,0.533958433155927,0.594672279782343,"con","ALL","12","q","12q",0,-1,"LUAD","neu_macro_mono"
"3828","13q12.11",0.341426897935706,1.11465728385291,0.267932526653819,"con","ALL","13","q","13q",0.0425145451228358,-1,"LUAD","neu_macro_mono"
"3829","13q12.2",0.326135382723478,1.07591014769765,0.284811689941307,"con","ALL","13","q","13q",0.0425145451228358,-1,"LUAD","neu_macro_mono"
"3830","13q12.3",0.32202601348562,1.04472792737265,0.298916021176912,"con","ALL","13","q","13q",0.0425145451228358,-1,"LUAD","neu_macro_mono"
"3831","13q13.1",0.329823825969638,1.04434328335353,0.299092912877896,"con","ALL","13","q","13q",0.0425145451228358,-1,"LUAD","neu_macro_mono"
"3832","13q13.3",0.330083258274666,1.01664796620847,0.31201631824815,"con","ALL","13","q","13q",0.0425145451228358,-1,"LUAD","neu_macro_mono"
"3833","13q14.11",0.331390648937764,0.998576827748675,0.320647660962676,"con","ALL","13","q","13q",0.042055714820523,-1,"LUAD","neu_macro_mono"
"3834","13q14.12",0.345848855010312,1.02418514468757,0.308462751170869,"con","ALL","13","q","13q",0.0425145451228358,-1,"LUAD","neu_macro_mono"
"3835","13q14.13",0.354658044508706,1.04331113956814,0.299567930375025,"con","ALL","13","q","13q",0.0425145451228358,-1,"LUAD","neu_macro_mono"
"3836","13q14.2",0.37832500274234,1.07689315390123,0.28437462241904,"con","ALL","13","q","13q",0.0425145451228358,-1,"LUAD","neu_macro_mono"
"3837","13q14.3",0.495929771392128,1.29409967945544,0.19890563364818,"con","ALL","13","q","13q",0.0559440588825398,-1,"LUAD","neu_macro_mono"
"3838","13q21.33",0.520055517413628,1.32638884000005,0.188030199924575,"con","ALL","13","q","13q",0.0559440588825398,-1,"LUAD","neu_macro_mono"
"3839","13q22.2",0.567105465914692,1.42205880317461,0.158427714079829,"con","ALL","13","q","13q",0.0559440588825398,-1,"LUAD","neu_macro_mono"
"3840","13q22.3",0.564174753504879,1.39044641383788,0.167784667686122,"con","ALL","13","q","13q",0.0559440588825398,-1,"LUAD","neu_macro_mono"
"3841","13q31.1",0.560960756491398,1.37035265307594,0.173947960347378,"con","ALL","13","q","13q",0.0559440588825398,-1,"LUAD","neu_macro_mono"
"3842","13q32.1",0.557853426781606,1.36078021091731,0.176943875023497,"con","ALL","13","q","13q",0.0559440588825398,-1,"LUAD","neu_macro_mono"
"3843","13q32.2",0.566863327913027,1.36543279424803,0.175482896675271,"con","ALL","13","q","13q",0.0559440588825398,-1,"LUAD","neu_macro_mono"
"3844","13q32.3",0.551490602209531,1.33200234528155,0.186185883111675,"con","ALL","13","q","13q",0.0559440588825398,-1,"LUAD","neu_macro_mono"
"3845","13q33.3",0.541452616289802,1.29770464109176,0.197668740717296,"con","ALL","13","q","13q",0.0559440588825398,-1,"LUAD","neu_macro_mono"
"3846","13q34",0.530514448373635,1.28091826555006,0.203477250972956,"con","ALL","13","q","13q",0.0559440588825398,-1,"LUAD","neu_macro_mono"
"3847","14q11.2",0.647285000864116,1.33168769494591,0.18628890059033,"con","ALL","14","q","14q",0.0559440588825398,1,"LUAD","neu_macro_mono"
"3848","14q12",0.751654967138851,1.61917512966511,0.108870339358013,"con","ALL","14","q","14q",0.0730781819767591,1,"LUAD","neu_macro_mono"
"3849","14q13.1",0.770748906705228,1.71401929612224,0.0899295287429798,"con","ALL","14","q","14q",0.0886955095928535,1,"LUAD","neu_macro_mono"
"3850","14q13.2",0.747940897410853,1.71894402211479,0.0890246994542853,"con","ALL","14","q","14q",0.0886955095928535,1,"LUAD","neu_macro_mono"
"3851","14q13.3",0.719975144707801,1.69695974301401,0.0931222542665528,"con","ALL","14","q","14q",0.0886955095928535,1,"LUAD","neu_macro_mono"
"3852","14q21.1",0.734776042858964,1.73804307948226,0.0855858677859739,"con","ALL","14","q","14q",0.0886955095928535,1,"LUAD","neu_macro_mono"
"3853","14q21.2",0.737176143902222,1.78293222147355,0.0779318510776486,"con","ALL","14","q","14q",0.0935354311502402,1,"LUAD","neu_macro_mono"
"3854","14q21.3",0.737151872509624,1.83719102279565,0.0694455630432128,"con","ALL","14","q","14q",0.0984892636053633,1,"LUAD","neu_macro_mono"
"3855","14q22.1",0.73350641061827,1.87888027300647,0.0634618093110491,"con","ALL","14","q","14q",0.109720745591299,1,"LUAD","neu_macro_mono"
"3856","14q22.3",0.683639111186484,1.79715470831193,0.0756283395430206,"con","ALL","14","q","14q",0.0984892636053633,1,"LUAD","neu_macro_mono"
"3857","14q23.1",0.641623943784364,1.76344521649502,0.0811820254639044,"con","ALL","14","q","14q",0.0913027066614721,1,"LUAD","neu_macro_mono"
"3858","14q23.2",0.612060237351075,1.71123395417855,0.0904446076851541,"con","ALL","14","q","14q",0.0886955095928535,1,"LUAD","neu_macro_mono"
"3859","14q23.3",0.592695110442822,1.65569496945113,0.101228307611749,"con","ALL","14","q","14q",0.084879139044506,1,"LUAD","neu_macro_mono"
"3860","14q24.1",0.557052513862732,1.55855653762529,0.122572541248046,"con","ALL","14","q","14q",0.0680902654205951,1,"LUAD","neu_macro_mono"
"3861","14q24.2",0.524635845010133,1.45418541008587,0.149335355728866,"con","ALL","14","q","14q",0.0559440588825398,1,"LUAD","neu_macro_mono"
"3862","14q24.3",0.505230166846018,1.28575409794442,0.201791123772208,"con","ALL","14","q","14q",0.0559440588825398,1,"LUAD","neu_macro_mono"
"3863","14q32.11",0.502937399688256,1.16758731323333,0.246023461539241,"con","ALL","14","q","14q",0.0467002728893327,1,"LUAD","neu_macro_mono"
"3864","14q32.12",0.440457221976363,0.99144429269712,0.324097640191481,"con","ALL","14","q","14q",0.0395632341777791,1,"LUAD","neu_macro_mono"
"3865","14q32.2",0.317729295049736,0.689782231601055,0.492086473471502,"con","ALL","14","q","14q",0,1,"LUAD","neu_macro_mono"
"3866","14q32.31",0.283655514235829,0.610751660307875,0.54288647406093,"con","ALL","14","q","14q",0,1,"LUAD","neu_macro_mono"
"3867","14q32.32",0.322724435781327,0.688146762559563,0.493110836036717,"con","ALL","14","q","14q",0,1,"LUAD","neu_macro_mono"
"3868","14q32.33",0.356904419535446,0.80358422345707,0.423731240350905,"con","ALL","14","q","14q",0,1,"LUAD","neu_macro_mono"
"3869","15q14",-0.0414676891639626,-0.125251380591859,0.900600830496332,"con","ALL","15","q","15q",0,-1,"LUAD","neu_macro_mono"
"3870","15q15.1",0.00289490927014256,0.00904299401220274,0.992804628396132,"con","ALL","15","q","15q",0,-1,"LUAD","neu_macro_mono"
"3871","15q15.2",0.0143305982010838,0.0461199407214503,0.963315713228125,"con","ALL","15","q","15q",0,-1,"LUAD","neu_macro_mono"
"3872","15q15.3",0.0114315933901066,0.036982791268105,0.970579735185811,"con","ALL","15","q","15q",0,-1,"LUAD","neu_macro_mono"
"3873","15q21.1",-0.00406640271520941,-0.0130283781919551,0.989633672989261,"con","ALL","15","q","15q",0,-1,"LUAD","neu_macro_mono"
"3874","15q21.2",-0.0624671482682632,-0.194511333138328,0.8462091081348,"con","ALL","15","q","15q",0,-1,"LUAD","neu_macro_mono"
"3875","15q21.3",-0.130399579631474,-0.403054076845448,0.687853834987911,"con","ALL","15","q","15q",0,-1,"LUAD","neu_macro_mono"
"3876","15q22.1",-0.196627570557231,-0.601836706556631,0.548779370748381,"con","ALL","15","q","15q",0,-1,"LUAD","neu_macro_mono"
"3877","15q22.2",-0.280922384957178,-0.829444947231234,0.40902318545843,"con","ALL","15","q","15q",-0.00235566434938821,-1,"LUAD","neu_macro_mono"
"3878","15q22.31",-0.417033710875953,-1.14174930493593,0.256553714247341,"con","ALL","15","q","15q",-0.0425353031168313,-1,"LUAD","neu_macro_mono"
"3879","15q23",-0.493223935794137,-1.23383357689303,0.220442107408739,"con","ALL","15","q","15q",-0.0538815237945424,-1,"LUAD","neu_macro_mono"
"3880","15q24.1",-0.510063336634393,-1.20554346620474,0.23111895202128,"con","ALL","15","q","15q",-0.0499947999023962,-1,"LUAD","neu_macro_mono"
"3881","15q24.2",-0.480442656613774,-1.09818852643444,0.275019388370054,"con","ALL","15","q","15q",-0.0425145451228358,-1,"LUAD","neu_macro_mono"
"3882","15q24.3",-0.431240750816767,-0.959148376240466,0.34002548468426,"con","ALL","15","q","15q",-0.0353657245798074,-1,"LUAD","neu_macro_mono"
"3883","15q25.1",-0.434533235856809,-0.950168619610363,0.344543314241177,"con","ALL","15","q","15q",-0.0353657245798074,-1,"LUAD","neu_macro_mono"
"3884","15q25.3",-0.476153584197318,-1.06266469830012,0.290745980451001,"con","ALL","15","q","15q",-0.0425145451228358,-1,"LUAD","neu_macro_mono"
"3885","15q26.1",-0.47307547391909,-1.07235275390427,0.286397249660391,"con","ALL","15","q","15q",-0.0425145451228358,-1,"LUAD","neu_macro_mono"
"3886","15q26.3",-0.450613138035613,-1.07529429061887,0.285085749623206,"con","ALL","15","q","15q",-0.0425145451228358,-1,"LUAD","neu_macro_mono"
"3887","16p13.3",0.120256331878701,0.361186924982156,0.718796909678248,"con","ALL","16","p","16p",0,1,"LUAD","neu_macro_mono"
"3888","16p13.2",0.210423813176363,0.534928632874394,0.594003934352352,"con","ALL","16","p","16p",0,1,"LUAD","neu_macro_mono"
"3889","16p13.13",0.241409870340716,0.596951328150986,0.55202222701467,"con","ALL","16","p","16p",0,1,"LUAD","neu_macro_mono"
"3890","16p12.3",0.295246245830295,0.665629584294117,0.507331605768257,"con","ALL","16","p","16p",0,1,"LUAD","neu_macro_mono"
"3891","16p12.2",0.260322137316696,0.52324132791378,0.602078137900038,"con","ALL","16","p","16p",0,1,"LUAD","neu_macro_mono"
"3892","16p12.1",0.234544123489769,0.437370076014803,0.66287922191875,"con","ALL","16","p","16p",0,1,"LUAD","neu_macro_mono"
"3893","16p11.2",0.174912478358087,0.259206326181378,0.796061514000387,"con","ALL","16","p","16p",0,1,"LUAD","neu_macro_mono"
"3894","16q11.2",0.165275340923485,0.204657228099828,1,"con","ALL","16","q","16q",0,1,"LUAD","neu_macro_mono"
"3895","16q12.1",0.389280452800318,0.461006775175058,1,"con","ALL","16","q","16q",0,1,"LUAD","neu_macro_mono"
"3896","16q12.2",0.548070155828337,0.64338161497283,1,"con","ALL","16","q","16q",0,1,"LUAD","neu_macro_mono"
"3897","16q13",0.671173339051631,0.799450966129259,1,"con","ALL","16","q","16q",0,-1,"LUAD","neu_macro_mono"
"3898","16q21",0.89728573057803,1.12687614924397,1,"con","ALL","16","q","16q",0,-1,"LUAD","neu_macro_mono"
"3899","16q22.1",0.915988858789988,1.34867008350553,1,"con","ALL","16","q","16q",0,-1,"LUAD","neu_macro_mono"
"3900","16q22.2",0.655205997476104,1.25877007659087,0.211333079241221,"con","ALL","16","q","16q",0.0559440588825398,-1,"LUAD","neu_macro_mono"
"3901","16q23.1",0.698268801782333,1.44797376331827,0.151061053500844,"con","ALL","16","q","16q",0.0559440588825398,-1,"LUAD","neu_macro_mono"
"3902","16q23.3",0.61984838974126,1.49821682374202,0.137537891365284,"con","ALL","16","q","16q",0.0559440588825398,-1,"LUAD","neu_macro_mono"
"3903","16q24.1",0.564639126638775,1.49742706490629,0.137742864880963,"con","ALL","16","q","16q",0.0559440588825398,-1,"LUAD","neu_macro_mono"
"3904","16q24.2",0.53410164912944,1.53111550562612,0.129209938397818,"con","ALL","16","q","16q",0.0680902654205951,-1,"LUAD","neu_macro_mono"
"3905","16q24.3",0.516275087582832,1.646361573355,0.103138829889301,"con","ALL","16","q","16q",0.084879139044506,-1,"LUAD","neu_macro_mono"
"3906","17p13.3",-0.0771005408432737,-0.177354381316761,0.859624206241399,"con","ALL","17","p","17p",0,-1,"LUAD","neu_macro_mono"
"3907","17p13.2",-0.0800427445829382,-0.198373840913036,0.843195088060717,"con","ALL","17","p","17p",0,-1,"LUAD","neu_macro_mono"
"3908","17p13.1",-0.134148302227517,-0.285071890666551,0.776236857761245,"con","ALL","17","p","17p",0,-1,"LUAD","neu_macro_mono"
"3909","17p12",-0.252762729144041,-0.431525827510682,0.667106708156294,"con","ALL","17","p","17p",0,-1,"LUAD","neu_macro_mono"
"3910","17p11.2",-0.277678942142162,-0.380410024394428,0.70452758635112,"con","ALL","17","p","17p",0,-1,"LUAD","neu_macro_mono"
"3911","17q11.1",-0.184819912130566,-0.217138678369612,1,"con","ALL","17","q","17q",0,1,"LUAD","neu_macro_mono"
"3912","17q11.2",0.0660721831718405,0.0728822811466338,1,"con","ALL","17","q","17q",0,1,"LUAD","neu_macro_mono"
"3913","17q12",0.0871190938345707,0.183174546290022,0.855068568970241,"con","ALL","17","q","17q",0,1,"LUAD","neu_macro_mono"
"3914","17q21.1",0.0536388847534385,0.117131477962777,0.90701399669486,"con","ALL","17","q","17q",0,1,"LUAD","neu_macro_mono"
"3915","17q21.2",0.0471993727729845,0.106173118961903,0.915678701188981,"con","ALL","17","q","17q",0,1,"LUAD","neu_macro_mono"
"3916","17q21.31",0.0715358807667987,0.147859921350134,0.882780448359465,"con","ALL","17","q","17q",0,1,"LUAD","neu_macro_mono"
"3917","17q21.32",0.0689106546499742,0.127192017878716,0.899069058979701,"con","ALL","17","q","17q",0,1,"LUAD","neu_macro_mono"
"3918","17q21.33",0.132198543167527,0.253818273619559,0.800208556929916,"con","ALL","17","q","17q",0,1,"LUAD","neu_macro_mono"
"3919","17q22",0.128422730535364,0.251928291391842,0.801664590917423,"con","ALL","17","q","17q",0,1,"LUAD","neu_macro_mono"
"3920","17q23.1",0.123355661692817,0.248577998565784,0.804247360302805,"con","ALL","17","q","17q",0,1,"LUAD","neu_macro_mono"
"3921","17q23.3",0.121562417569265,0.247035832709519,0.805436961487262,"con","ALL","17","q","17q",0,1,"LUAD","neu_macro_mono"
"3922","17q24.2",0.18546863679866,0.37817186806992,0.706183660598761,"con","ALL","17","q","17q",0,1,"LUAD","neu_macro_mono"
"3923","17q25.1",0.234950249286406,0.478229256632822,0.633633948202637,"con","ALL","17","q","17q",0,1,"LUAD","neu_macro_mono"
"3924","17q25.3",0.266819646352828,0.668081178682223,0.505772743981934,"con","ALL","17","q","17q",0,1,"LUAD","neu_macro_mono"
"3925","18p11.32",0.599385627892973,1.54934615432152,0.124769473931628,"con","ALL","18","p","18p",0.0680902654205951,-1,"LUAD","neu_macro_mono"
"3926","18p11.31",0.612819035852775,1.54344890545661,0.126192445727623,"con","ALL","18","p","18p",0.0680902654205951,-1,"LUAD","neu_macro_mono"
"3927","18p11.22",0.66844895371647,1.53702669419982,0.127756670160123,"con","ALL","18","p","18p",0.0680902654205951,-1,"LUAD","neu_macro_mono"
"3928","18p11.21",0.779247697896175,1.53208766457588,0.128970039854782,"con","ALL","18","p","18p",0.0680902654205951,-1,"LUAD","neu_macro_mono"
"3929","18q11.1",0.811902864436978,1.47269933492743,0.144282544598988,"con","ALL","18","q","18q",0.0559440588825398,-1,"LUAD","neu_macro_mono"
"3930","18q11.2",0.841083498820958,1.44039111109648,0.153188529539841,"con","ALL","18","q","18q",0.0559440588825398,-1,"LUAD","neu_macro_mono"
"3931","18q12.2",1.02555834488738,1.55111019880515,1,"con","ALL","18","q","18q",0,-1,"LUAD","neu_macro_mono"
"3932","18q21.1",1.02601990917135,1.54141592502804,1,"con","ALL","18","q","18q",0,-1,"LUAD","neu_macro_mono"
"3933","18q21.31",0.89947961764835,1.3763826190876,1,"con","ALL","18","q","18q",0,-1,"LUAD","neu_macro_mono"
"3934","18q21.32",0.819115352404207,1.26198775655388,0.210178143330669,"con","ALL","18","q","18q",0.0559440588825398,-1,"LUAD","neu_macro_mono"
"3935","18q21.33",0.742753630377821,1.14860209261633,0.253730348621912,"con","ALL","18","q","18q",0.0428668620373551,-1,"LUAD","neu_macro_mono"
"3936","18q22.3",0.660248825459911,1.01633418822112,0.312164848082689,"con","ALL","18","q","18q",0.0425145451228358,-1,"LUAD","neu_macro_mono"
"3937","18q23",0.670683979988379,1.03789237654518,0.30207016587396,"con","ALL","18","q","18q",0.0425145451228358,-1,"LUAD","neu_macro_mono"
"3938","19p13.3",0.119344612079538,0.347131780464466,0.729293838951878,"con","ALL","19","p","19p",0,1,"LUAD","neu_macro_mono"
"3939","19p13.2",0.0661094971558831,0.140185129258944,0.888823542813486,"con","ALL","19","p","19p",0,-1,"LUAD","neu_macro_mono"
"3940","19p13.13",0.0621194880145159,0.125271308916258,0.900585098875121,"con","ALL","19","p","19p",0,-1,"LUAD","neu_macro_mono"
"3941","19p13.12",0.296815892649466,0.542832869611122,0.588571972074243,"con","ALL","19","p","19p",0,-1,"LUAD","neu_macro_mono"
"3942","19p13.11",0.588212537817269,0.876323808995695,0.38316145930729,"con","ALL","19","p","19p",0.0130424519192998,-1,"LUAD","neu_macro_mono"
"3943","19q12",0.51677915665267,1.10647139850993,0.271438988250429,"con","ALL","19","q","19q",0.0425145451228358,1,"LUAD","neu_macro_mono"
"3944","19q13.11",0.427902143975146,1.03692044657432,0.30252046753138,"con","ALL","19","q","19q",0.0425145451228358,1,"LUAD","neu_macro_mono"
"3945","19q13.12",0.286267840751933,0.807239143330608,0.42163364747832,"con","ALL","19","q","19q",0,1,"LUAD","neu_macro_mono"
"3946","19q13.2",-0.139499417006683,-0.371359831706235,0.711232756471438,"con","ALL","19","q","19q",0,1,"LUAD","neu_macro_mono"
"3947","19q13.31",-0.396457671142381,-0.937272514711057,0.351099291533891,"con","ALL","19","q","19q",-0.0318962403959186,1,"LUAD","neu_macro_mono"
"3948","19q13.32",-0.412452172877833,-0.998968245016179,0.320459042717904,"con","ALL","19","q","19q",-0.042055714820523,-1,"LUAD","neu_macro_mono"
"3949","19q13.33",-0.173163044863794,-0.512261460859453,0.609709101751662,"con","ALL","19","q","19q",0,-1,"LUAD","neu_macro_mono"
"3950","19q13.41",-0.0507388321950283,-0.166901907345537,0.867817543386672,"con","ALL","19","q","19q",0,-1,"LUAD","neu_macro_mono"
"3951","19q13.42",0.102430635430858,0.385943923062656,0.700439022742032,"con","ALL","19","q","19q",0,1,"LUAD","neu_macro_mono"
"3952","19q13.43",0.142802813528921,0.573312330305737,0.567847338213278,"con","ALL","19","q","19q",0,1,"LUAD","neu_macro_mono"
"3953","20p13",-0.458163587766038,-1.2343208286536,0.220261419330407,"con","ALL","20","p","20p",-0.0538815237945424,-1,"LUAD","neu_macro_mono"
"3954","20p12.3",-0.353497479842725,-0.839906243379877,0.403162221181806,"con","ALL","20","p","20p",-0.00650034381349984,-1,"LUAD","neu_macro_mono"
"3955","20p12.1",-0.204862534495117,-0.441238116004474,0.660087223155691,"con","ALL","20","p","20p",0,-1,"LUAD","neu_macro_mono"
"3956","20p11.23",-0.118614291695241,-0.237255179128563,0.812992146854547,"con","ALL","20","p","20p",0,-1,"LUAD","neu_macro_mono"
"3957","20p11.22",-0.00421224397547659,-0.00791947335414214,0.993698576312643,"con","ALL","20","p","20p",0,-1,"LUAD","neu_macro_mono"
"3958","20p11.21",0.0341964973343506,0.061592229021239,0.951022641665004,"con","ALL","20","p","20p",0,-1,"LUAD","neu_macro_mono"
"3959","20q11.21",0.0630757173304121,0.0994964790507951,0.92096294303312,"con","ALL","20","q","20q",0,1,"LUAD","neu_macro_mono"
"3960","20q11.22",0.0822137948001,0.118555256462116,0.905889026747471,"con","ALL","20","q","20q",0,1,"LUAD","neu_macro_mono"
"3961","20q12",0.2081186624095,0.307660252325058,1,"con","ALL","20","q","20q",0,1,"LUAD","neu_macro_mono"
"3962","20q13.11",0.201144359542825,0.300181177538813,1,"con","ALL","20","q","20q",0,1,"LUAD","neu_macro_mono"
"3963","20q13.12",0.0585856843923681,0.0926113536262217,0.926415906335076,"con","ALL","20","q","20q",0,1,"LUAD","neu_macro_mono"
"3964","20q13.13",-0.282463928464877,-0.603139544894319,0.547916179334021,"con","ALL","20","q","20q",0,1,"LUAD","neu_macro_mono"
"3965","20q13.2",-0.305265592884597,-0.739154574326396,0.461715509585378,"con","ALL","20","q","20q",0,1,"LUAD","neu_macro_mono"
"3966","20q13.32",-0.225317474000974,-0.649276807919388,0.517794895094766,"con","ALL","20","q","20q",0,1,"LUAD","neu_macro_mono"
"3967","20q13.33",-0.219120048308137,-0.725959952603431,0.469726349055522,"con","ALL","20","q","20q",0,1,"LUAD","neu_macro_mono"
"3968","21q21.3",0.752599629232335,2.36387123516,0.0202122107510982,"con","ALL","21","q","21q",0.111999183551983,1,"LUAD","neu_macro_mono"
"3969","21q22.11",0.748851983125182,2.4104929121867,0.0179419681238229,"con","ALL","21","q","21q",0.111999183551983,1,"LUAD","neu_macro_mono"
"3970","21q22.12",0.779756207257392,2.53726164476013,0.0128743439880487,"con","ALL","21","q","21q",0.111999183551983,1,"LUAD","neu_macro_mono"
"3971","21q22.13",0.797576858316505,2.64736855010664,0.0095604858516543,"con","ALL","21","q","21q",0.111999183551983,1,"LUAD","neu_macro_mono"
"3972","21q22.2",0.832951966539461,2.82546856759337,0.00580236194656478,"con","ALL","21","q","21q",0.111999183551983,1,"LUAD","neu_macro_mono"
"3973","21q22.3",0.84898136682948,3.01668616149981,0.00331318636006575,"con","ALL","21","q","21q",0.111999183551983,1,"LUAD","neu_macro_mono"
"3974","22q11.21",0.901038970055377,1.60141424644336,0.112751120774262,"con","ALL","22","q","22q",0.0730781819767591,1,"LUAD","neu_macro_mono"
"3975","22q11.22",0.72232222074779,1.15320543074492,0.251846150918354,"con","ALL","22","q","22q",0.0428668620373551,1,"LUAD","neu_macro_mono"
"3976","22q11.23",0.609887811830194,0.930803236087715,1,"con","ALL","22","q","22q",0,1,"LUAD","neu_macro_mono"
"3977","22q12.1",0.400681999772137,0.579929585175197,0.563395244811167,"con","ALL","22","q","22q",0,1,"LUAD","neu_macro_mono"
"3978","22q12.2",0.204676369520151,0.289531406024764,0.772833389308485,"con","ALL","22","q","22q",0,-1,"LUAD","neu_macro_mono"
"3979","22q12.3",0.18482385748919,0.279728663144967,0.780320522200401,"con","ALL","22","q","22q",0,-1,"LUAD","neu_macro_mono"
"3980","22q13.1",0.219837449433863,0.373850915096475,0.70938485212898,"con","ALL","22","q","22q",0,-1,"LUAD","neu_macro_mono"
"3981","22q13.2",0.323538178738032,0.546054454396277,0.586364738537467,"con","ALL","22","q","22q",0,-1,"LUAD","neu_macro_mono"
"3982","22q13.31",0.361936374824966,0.606205627000963,0.545887452025507,"con","ALL","22","q","22q",0,-1,"LUAD","neu_macro_mono"
"3983","22q13.33",0.348240531722678,0.582440277217719,0.561710537347986,"con","ALL","22","q","22q",0,-1,"LUAD","neu_macro_mono"
"3984","1p36.33",0.219179060401582,1.13435064865311,0.259626795381836,"con","ALL","1","p","1p",0.223235174060088,1,"LUAD","NK"
"3985","1p36.32",0.176876615898823,0.877843090359619,0.382340704748502,"con","ALL","1","p","1p",0.14673703662084,1,"LUAD","NK"
"3986","1p36.31",0.139599990124874,0.674972929685056,0.501404345392665,"con","ALL","1","p","1p",0.0723295410489673,1,"LUAD","NK"
"3987","1p36.23",0.19803043451105,0.925211964448055,0.357302739403725,"con","ALL","1","p","1p",0.159291952362577,1,"LUAD","NK"
"3988","1p36.22",0.198072160904748,0.821936876878353,0.413261200796988,"con","ALL","1","p","1p",0.126973654120427,1,"LUAD","NK"
"3989","1p36.21",0.149565528795332,0.582553869514796,0.561634373996991,"con","ALL","1","p","1p",0.041976716799686,1,"LUAD","NK"
"3990","1p36.13",0.0313093870892611,0.116874411898997,0.907217132554469,"con","ALL","1","p","1p",0,1,"LUAD","NK"
"3991","1p36.12",-0.037097767739399,-0.13578873412173,0.892288227963036,"con","ALL","1","p","1p",0,1,"LUAD","NK"
"3992","1p36.11",-0.0793541823711094,-0.277150404261793,0.782293219766223,"con","ALL","1","p","1p",0,1,"LUAD","NK"
"3993","1p35.3",0.0826932896025333,0.259483868476574,0.795848054345933,"con","ALL","1","p","1p",0,1,"LUAD","NK"
"3994","1p35.2",0.264058813900235,0.828414108229767,0.409603492322185,"con","ALL","1","p","1p",0.128068420327675,1,"LUAD","NK"
"3995","1p35.1",0.427232252371064,1.37499159061577,0.172510026722678,"con","ALL","1","p","1p",0.328571700622241,1,"LUAD","NK"
"3996","1p34.3",0.577904737725697,2.05004529941257,0.0432373049418023,"con","ALL","1","p","1p",0.72289936028503,1,"LUAD","NK"
"3997","1p34.2",0.560380378571526,2.24297490264644,0.0273262294827718,"con","ALL","1","p","1p",0.837691800116848,1,"LUAD","NK"
"3998","1p34.1",0.543898091140956,2.37025073698171,0.0198872152965752,"con","ALL","1","p","1p",0.914796706776957,1,"LUAD","NK"
"3999","1p33",0.52840128123427,2.25659504977354,0.0264276261214749,"con","ALL","1","p","1p",0.843753860721362,1,"LUAD","NK"
"4000","1p32.3",0.502230611912663,2.00610440038268,0.0478141966133677,"con","ALL","1","p","1p",0.695664639055822,1,"LUAD","NK"
"4001","1p32.1",0.418092963046215,1.61880528906136,0.108950041012609,"con","ALL","1","p","1p",0.438109256917254,1,"LUAD","NK"
"4002","1p31.3",0.302491870848028,1.07620840337783,0.28467902971017,"con","ALL","1","p","1p",0.202151962644538,1,"LUAD","NK"
"4003","1p31.1",0.191878425197124,0.616720865015766,0.538958744671428,"con","ALL","1","p","1p",0.0524083095992219,1,"LUAD","NK"
"4004","1p22.3",0.0224673385965629,0.0690713755517971,1,"con","ALL","1","p","1p",0,-1,"LUAD","NK"
"4005","1p22.2",0.0452607629261278,0.140176005781924,0.888830730578233,"con","ALL","1","p","1p",0,-1,"LUAD","NK"
"4006","1p22.1",0.0367895657559086,0.111515874937182,0.911452879959194,"con","ALL","1","p","1p",0,-1,"LUAD","NK"
"4007","1p21.3",0.0499536064043109,0.143012320894711,0.886596642030698,"con","ALL","1","p","1p",0,-1,"LUAD","NK"
"4008","1p21.2",0.0261639610245018,0.0704347443804924,0.944002195523661,"con","ALL","1","p","1p",0,-1,"LUAD","NK"
"4009","1p13.3",0.322546031849057,0.635482391079459,1,"con","ALL","1","p","1p",0,-1,"LUAD","NK"
"4010","1p13.2",0.150406576730383,0.254978021380392,1,"con","ALL","1","p","1p",0,1,"LUAD","NK"
"4011","1p13.1",0.0246368386428762,0.051268874896932,0.959223641046694,"con","ALL","1","p","1p",0,1,"LUAD","NK"
"4012","1p12",0.0778632150958517,0.184960574979885,0.853671561452272,"con","ALL","1","p","1p",0,1,"LUAD","NK"
"4013","1q21.1",0.196316496282201,0.529319054150205,0.597873044985197,"con","ALL","1","q","1q",0.0233732084220301,1,"LUAD","NK"
"4014","1q21.2",0.241094955680567,0.823482790885189,0.412386437375996,"con","ALL","1","q","1q",0.126973654120427,1,"LUAD","NK"
"4015","1q21.3",-0.0508299504872625,-0.277747003240451,0.78183661818439,"con","ALL","1","q","1q",0,1,"LUAD","NK"
"4016","1q22",-0.212512932155658,-1.4553192261764,0.149022019916688,"con","ALL","1","q","1q",-0.35493851656911,1,"LUAD","NK"
"4017","1q23.1",-0.252967546782545,-1.70267527071591,0.0920424355144522,"con","ALL","1","q","1q",-0.490414646229041,1,"LUAD","NK"
"4018","1q23.2",-0.259757583832389,-1.729510373669,0.0871084749463821,"con","ALL","1","q","1q",-0.511653199251445,1,"LUAD","NK"
"4019","1q23.3",-0.255172333207605,-1.60544251777652,0.111861355505067,"con","ALL","1","q","1q",-0.429203766312166,1,"LUAD","NK"
"4020","1q24.1",-0.240478322168074,-1.43722411398235,0.154083927535759,"con","ALL","1","q","1q",-0.346630678076018,1,"LUAD","NK"
"4021","1q24.2",-0.258899314834562,-1.51535054885525,0.133149618958322,"con","ALL","1","q","1q",-0.385365628682426,1,"LUAD","NK"
"4022","1q24.3",-0.265222467553773,-1.52357796080651,0.131081944598874,"con","ALL","1","q","1q",-0.387416246079116,1,"LUAD","NK"
"4023","1q25.1",-0.228449893900529,-1.27834550030891,0.204378544714397,"con","ALL","1","q","1q",-0.284700449523465,1,"LUAD","NK"
"4024","1q25.2",-0.247775462410483,-1.38468709234369,0.169533915240082,"con","ALL","1","q","1q",-0.328571700622241,1,"LUAD","NK"
"4025","1q25.3",-0.2765776074325,-1.54023248724879,0.126973946223889,"con","ALL","1","q","1q",-0.389146382727168,1,"LUAD","NK"
"4026","1q31.1",-0.283951780961585,-1.57420527765625,0.118910442786602,"con","ALL","1","q","1q",-0.410099785347033,1,"LUAD","NK"
"4027","1q31.2",-0.303955360495934,-1.69427413342876,0.0936331962354019,"con","ALL","1","q","1q",-0.485645489421439,1,"LUAD","NK"
"4028","1q32.1",-0.392223234511264,-2.25634698061072,0.0264437578716155,"con","ALL","1","q","1q",-0.843753860721362,1,"LUAD","NK"
"4029","1q32.2",-0.410290856281513,-2.32859361059547,0.0220958274512403,"con","ALL","1","q","1q",-0.887349198077004,1,"LUAD","NK"
"4030","1q32.3",-0.391038284652552,-2.13276495766186,0.0356361381703063,"con","ALL","1","q","1q",-0.779356930143765,1,"LUAD","NK"
"4031","1q41",-0.33868138782319,-1.78839023572473,0.0770410800626111,"con","ALL","1","q","1q",-0.551289969292236,1,"LUAD","NK"
"4032","1q42.11",-0.299308213513224,-1.55147563219364,0.124258779932099,"con","ALL","1","q","1q",-0.393598697229146,1,"LUAD","NK"
"4033","1q42.12",-0.242512626846882,-1.22775121930902,0.222706734427371,"con","ALL","1","q","1q",-0.261073326569051,1,"LUAD","NK"
"4034","1q42.13",-0.169537144626659,-0.830205351811786,0.408595437547791,"con","ALL","1","q","1q",-0.128068420327675,1,"LUAD","NK"
"4035","1q42.2",-0.112378204153648,-0.539814789677866,0.59064330888695,"con","ALL","1","q","1q",-0.0250335697963335,1,"LUAD","NK"
"4036","1q42.3",-0.109074689143005,-0.524881485929332,0.60094200098205,"con","ALL","1","q","1q",-0.0223576756289356,1,"LUAD","NK"
"4037","1q43",-0.08054811529062,-0.386573010712092,0.699974794547959,"con","ALL","1","q","1q",0,1,"LUAD","NK"
"4038","1q44",-0.0644913073337082,-0.312355721580221,0.755484826865246,"con","ALL","1","q","1q",0,1,"LUAD","NK"
"4039","2p25.3",0.678897424797856,1.9286127848606,0.056895948807739,"con","ALL","2","p","2p",0.645142426873174,1,"LUAD","NK"
"4040","2p25.1",0.816221952820796,2.07779448308466,0.0405451069246944,"con","ALL","2","p","2p",0.74043261795107,1,"LUAD","NK"
"4041","2p24.1",1.03716988731056,2.41039136874431,0.0179466554485305,"con","ALL","2","p","2p",0.940294215223279,1,"LUAD","NK"
"4042","2p23.3",1.22181691076318,2.53005977195501,1,"con","ALL","2","p","2p",0,1,"LUAD","NK"
"4043","2p23.2",1.16623521073713,2.24215783092725,1,"con","ALL","2","p","2p",0,1,"LUAD","NK"
"4044","2p22.3",1.0753770903655,2.08632891091887,1,"con","ALL","2","p","2p",0,1,"LUAD","NK"
"4045","2p22.2",1.05498723896842,2.18560126850727,1,"con","ALL","2","p","2p",0,1,"LUAD","NK"
"4046","2p22.1",1.05151275132278,2.36649438060562,1,"con","ALL","2","p","2p",0,1,"LUAD","NK"
"4047","2p21",0.746553421072809,1.77448253367024,1,"con","ALL","2","p","2p",0,-1,"LUAD","NK"
"4048","2p16.2",0.825640433923573,2.15661841657974,1,"con","ALL","2","p","2p",0,-1,"LUAD","NK"
"4049","2p16.1",0.872846646070652,2.35776899088595,1,"con","ALL","2","p","2p",0,-1,"LUAD","NK"
"4050","2p15",0.935145019285751,2.64451842601224,1,"con","ALL","2","p","2p",0,1,"LUAD","NK"
"4051","2p14",0.935917619339104,2.63362416684196,1,"con","ALL","2","p","2p",0,1,"LUAD","NK"
"4052","2p13.3",0.93338418697563,2.60505454172265,1,"con","ALL","2","p","2p",0,1,"LUAD","NK"
"4053","2p13.2",1.05872563005034,2.91585309762892,1,"con","ALL","2","p","2p",0,1,"LUAD","NK"
"4054","2p13.1",1.12595556247426,2.97403253083264,1,"con","ALL","2","p","2p",0,1,"LUAD","NK"
"4055","2p12",1.22934942731266,3.12656150318565,1,"con","ALL","2","p","2p",0,1,"LUAD","NK"
"4056","2p11.2",1.30375268223347,3.29169915772373,1,"con","ALL","2","p","2p",0,1,"LUAD","NK"
"4057","2q11.1",1.38763383324529,3.46577534369048,1,"con","ALL","2","q","2q",0,1,"LUAD","NK"
"4058","2q11.2",1.41715660424412,3.33192339026974,1,"con","ALL","2","q","2q",0,1,"LUAD","NK"
"4059","2q12.2",1.46622488569098,3.22725580483049,1,"con","ALL","2","q","2q",0,1,"LUAD","NK"
"4060","2q12.3",1.46036885276677,3.18775662049089,1,"con","ALL","2","q","2q",0,1,"LUAD","NK"
"4061","2q13",1.46398315372443,3.16665497606799,1,"con","ALL","2","q","2q",0,1,"LUAD","NK"
"4062","2q14.1",1.48746945872947,3.17920479965704,1,"con","ALL","2","q","2q",0,1,"LUAD","NK"
"4063","2q14.2",1.36310138014933,2.83531646031976,1,"con","ALL","2","q","2q",0,1,"LUAD","NK"
"4064","2q14.3",1.33492168343839,2.79316811804403,1,"con","ALL","2","q","2q",0,1,"LUAD","NK"
"4065","2q21.1",1.24195696467216,2.51260587682557,1,"con","ALL","2","q","2q",0,1,"LUAD","NK"
"4066","2q21.3",1.11989989337817,2.29152449789981,1,"con","ALL","2","q","2q",0,1,"LUAD","NK"
"4067","2q23.2",1.08542905810696,2.23459039087547,1,"con","ALL","2","q","2q",0,1,"LUAD","NK"
"4068","2q23.3",1.307399219988,2.72521186907565,1,"con","ALL","2","q","2q",0,1,"LUAD","NK"
"4069","2q24.2",1.31936639636337,2.73932230749966,1,"con","ALL","2","q","2q",0,1,"LUAD","NK"
"4070","2q31.1",1.33860439998107,2.77087113874837,1,"con","ALL","2","q","2q",0,1,"LUAD","NK"
"4071","2q31.2",1.25026329043907,2.32798234459995,1,"con","ALL","2","q","2q",0,1,"LUAD","NK"
"4072","2q31.3",1.27796931392355,2.32368788017304,1,"con","ALL","2","q","2q",0,1,"LUAD","NK"
"4073","2q32.1",1.23241643956287,2.19417250834151,1,"con","ALL","2","q","2q",0,1,"LUAD","NK"
"4074","2q32.3",1.34349658942133,2.37519127275331,1,"con","ALL","2","q","2q",0,1,"LUAD","NK"
"4075","2q33.1",0.864011543565168,1.38973389034349,1,"con","ALL","2","q","2q",0,1,"LUAD","NK"
"4076","2q33.2",0.37154983624568,0.569363555052247,1,"con","ALL","2","q","2q",0,1,"LUAD","NK"
"4077","2q34",0.632553904528296,1.06585519773705,1,"con","ALL","2","q","2q",0,1,"LUAD","NK"
"4078","2q35",0.487166289471363,0.898298447097223,1,"con","ALL","2","q","2q",0,1,"LUAD","NK"
"4079","2q36.1",0.433301835515929,0.883055750057798,0.379533031363807,"con","ALL","2","q","2q",0.148481574934847,1,"LUAD","NK"
"4080","2q36.3",0.448701813238147,0.941416981950708,0.34898366343874,"con","ALL","2","q","2q",0.167465487734476,1,"LUAD","NK"
"4081","2q37.1",0.272250801463816,0.621038710637858,0.536126659349332,"con","ALL","2","q","2q",0.0534394252573396,1,"LUAD","NK"
"4082","2q37.3",0.159524792754898,0.393680073823625,0.694738168519736,"con","ALL","2","q","2q",0,1,"LUAD","NK"
"4083","3p26.2",0.0176147063283786,0.0640110124706145,0.949101859919661,"con","ALL","3","p","3p",0,-1,"LUAD","NK"
"4084","3p26.1",-0.0121071504841368,-0.0442056232554738,0.964837357345442,"con","ALL","3","p","3p",0,-1,"LUAD","NK"
"4085","3p25.3",-0.0955811863337588,-0.356104003544386,0.722586934524475,"con","ALL","3","p","3p",0,-1,"LUAD","NK"
"4086","3p25.2",-0.18853816771372,-0.713289439644557,0.477491940208355,"con","ALL","3","p","3p",-0.0870597719705161,-1,"LUAD","NK"
"4087","3p25.1",-0.180737409560701,-0.689135748240657,0.492491254250825,"con","ALL","3","p","3p",-0.0762356777947036,-1,"LUAD","NK"
"4088","3p24.3",-0.223928471656997,-0.883472715936978,0.379309000844275,"con","ALL","3","p","3p",-0.148481574934847,-1,"LUAD","NK"
"4089","3p24.2",-0.227910891026977,-0.904564371539574,0.368084786963086,"con","ALL","3","p","3p",-0.15169631460483,-1,"LUAD","NK"
"4090","3p24.1",-0.224088652813871,-0.899268740892746,0.370882980487023,"con","ALL","3","p","3p",-0.15008157415348,-1,"LUAD","NK"
"4091","3p23",-0.235153555198822,-0.947158373880122,0.346066481496897,"con","ALL","3","p","3p",-0.167465487734476,-1,"LUAD","NK"
"4092","3p22.3",-0.25720064192337,-1.0348492630387,0.303481574278073,"con","ALL","3","p","3p",-0.187637041982141,-1,"LUAD","NK"
"4093","3p22.2",-0.301126872422616,-1.2034771598857,0.231913179716883,"con","ALL","3","p","3p",-0.257172973261694,-1,"LUAD","NK"
"4094","3p22.1",-0.337080628569187,-1.31301265315067,0.192480125636525,"con","ALL","3","p","3p",-0.300945954974466,-1,"LUAD","NK"
"4095","3p21.33",-0.300897627688186,-1.12662083879232,0.262865002430962,"con","ALL","3","p","3p",-0.219840369080143,-1,"LUAD","NK"
"4096","3p21.31",-0.574683189847731,-1.94003783896043,0.0554715238303523,"con","ALL","3","p","3p",-0.653105981659836,-1,"LUAD","NK"
"4097","3p21.2",-0.886250203882461,-2.5362841063305,1,"con","ALL","3","p","3p",0,-1,"LUAD","NK"
"4098","3p21.1",-1.07819269965868,-2.74913123183903,1,"con","ALL","3","p","3p",0,-1,"LUAD","NK"
"4099","3p14.3",-1.19393544810283,-2.78193032059822,1,"con","ALL","3","p","3p",0,-1,"LUAD","NK"
"4100","3p14.1",-1.48637176574467,-3.35195303912363,1,"con","ALL","3","p","3p",0,-1,"LUAD","NK"
"4101","3p13",-1.65365668158811,-3.78316252033344,1,"con","ALL","3","p","3p",0,-1,"LUAD","NK"
"4102","3p11.2",-1.63628251789408,-3.64283030756097,1,"con","ALL","3","p","3p",0,-1,"LUAD","NK"
"4103","3p11.1",-1.62718950448581,-3.56078292054733,1,"con","ALL","3","p","3p",0,-1,"LUAD","NK"
"4104","3q11.2",-1.61043626008018,-3.41715352893074,1,"con","ALL","3","q","3q",0,-1,"LUAD","NK"
"4105","3q12.2",-1.00139272384424,-2.14504156994815,1,"con","ALL","3","q","3q",0,1,"LUAD","NK"
"4106","3q12.3",-0.981689529700237,-2.09204276367544,1,"con","ALL","3","q","3q",0,1,"LUAD","NK"
"4107","3q13.12",-0.770725696964741,-1.66685222983357,1,"con","ALL","3","q","3q",0,1,"LUAD","NK"
"4108","3q13.13",-0.740098620163409,-1.61859704040876,1,"con","ALL","3","q","3q",0,1,"LUAD","NK"
"4109","3q13.2",-0.653315467096589,-1.43424560148878,1,"con","ALL","3","q","3q",0,1,"LUAD","NK"
"4110","3q13.31",-0.589325037532055,-1.30609558877964,1,"con","ALL","3","q","3q",0,1,"LUAD","NK"
"4111","3q13.33",-0.1933411911246,-0.4620572718079,0.645143036751848,"con","ALL","3","q","3q",-0.00107953813138522,1,"LUAD","NK"
"4112","3q21.1",0.173477657756062,0.454244143347814,0.650734733275179,"con","ALL","3","q","3q",0,1,"LUAD","NK"
"4113","3q21.3",0.404641210486969,1.15827786340666,0.249781458444212,"con","ALL","3","q","3q",0.236493620897838,1,"LUAD","NK"
"4114","3q22.1",0.489524361518108,1.43377119366061,0.155064765560625,"con","ALL","3","q","3q",0.346630678076018,1,"LUAD","NK"
"4115","3q22.2",0.516563967881036,1.53170792667308,0.129063705440546,"con","ALL","3","q","3q",0.387416246079116,-1,"LUAD","NK"
"4116","3q22.3",0.662710660815076,2.04664795176964,0.0435772348414297,"con","ALL","3","q","3q",0.72289936028503,-1,"LUAD","NK"
"4117","3q23",0.777374058266066,2.63541411530986,0.0098785349236342,"con","ALL","3","q","3q",1.10752769048516,-1,"LUAD","NK"
"4118","3q24",0.863935319889518,3.32108875253169,0.0012917739394446,"con","ALL","3","q","3q",1.64506113061372,-1,"LUAD","NK"
"4119","3q25.1",0.81713998792757,3.53556041806682,0.000642205734457977,"con","ALL","3","q","3q",1.68456418463207,-1,"LUAD","NK"
"4120","3q25.2",0.766066789787974,3.66514569591098,0.000415351518675315,"con","ALL","3","q","3q",1.70762850864589,-1,"LUAD","NK"
"4121","3q25.31",0.727846908396809,3.65946089728384,0.000423456717589215,"con","ALL","3","q","3q",1.70762850864589,-1,"LUAD","NK"
"4122","3q25.32",0.710226278969873,3.63990802741335,0.000452495766009654,"con","ALL","3","q","3q",1.70762850864589,-1,"LUAD","NK"
"4123","3q25.33",0.661191694209026,3.60772217364811,0.000504449320210429,"con","ALL","3","q","3q",1.70762850864589,-1,"LUAD","NK"
"4124","3q26.1",0.633377215557226,3.59701930743288,0.000522943768766011,"con","ALL","3","q","3q",1.70762850864589,-1,"LUAD","NK"
"4125","3q26.2",0.588708138804084,3.53007037720073,0.000654027567041617,"con","ALL","3","q","3q",1.68456418463207,-1,"LUAD","NK"
"4126","3q26.31",0.572258637356036,3.48963951157618,0.000747638838771237,"con","ALL","3","q","3q",1.67635602954021,-1,"LUAD","NK"
"4127","3q26.32",0.530107894317807,3.4347521587122,0.000895092413766724,"con","ALL","3","q","3q",1.67323109897603,-1,"LUAD","NK"
"4128","3q26.33",0.447152975957471,3.31795652027248,0.00130474968836738,"con","ALL","3","q","3q",1.64506113061372,-1,"LUAD","NK"
"4129","3q27.1",0.375203327214933,3.1207432682611,0.00241743182793002,"con","ALL","3","q","3q",1.46359348919802,-1,"LUAD","NK"
"4130","3q27.2",0.350844677108054,3.04063460387997,0.00308330030082815,"con","ALL","3","q","3q",1.38934036389322,-1,"LUAD","NK"
"4131","3q27.3",0.340977550346912,2.98247545947283,0.00366919516021457,"con","ALL","3","q","3q",1.33352943539261,-1,"LUAD","NK"
"4132","3q29",0.279859454582616,2.66058205916959,0.00921976097997314,"con","ALL","3","q","3q",1.12526611139682,-1,"LUAD","NK"
"4133","4p16.3",0.309650140249181,0.986255168828391,0.32662298728921,"con","ALL","4","p","4p",0.174885782981677,-1,"LUAD","NK"
"4134","4p16.1",0.245825699081865,0.75355677676893,0.453060717870879,"con","ALL","4","p","4p",0.0965871965126094,1,"LUAD","NK"
"4135","4p15.32",0.267502090602175,0.801490075206912,0.424935883362417,"con","ALL","4","p","4p",0.117623589543039,1,"LUAD","NK"
"4136","4p15.2",0.187948610447803,0.557470848852393,0.578574502109165,"con","ALL","4","p","4p",0.0327567963686155,1,"LUAD","NK"
"4137","4p14",0.269845415856494,0.745919444861817,0.457638618842312,"con","ALL","4","p","4p",0.0960511283909995,1,"LUAD","NK"
"4138","4p13",0.331388316067272,0.865899706309529,0.388822367623011,"con","ALL","4","p","4p",0.142274868630782,1,"LUAD","NK"
"4139","4p12",0.323417509593098,0.831427214037905,0.407908674705215,"con","ALL","4","p","4p",0.128068420327675,1,"LUAD","NK"
"4140","4p11",0.315926205114507,0.807822358725814,0.421299508322608,"con","ALL","4","p","4p",0.119983863939359,1,"LUAD","NK"
"4141","4q12",0.249138040058897,0.621349981102143,1,"con","ALL","4","q","4q",0,1,"LUAD","NK"
"4142","4q13.2",0.192171808811124,0.46010938727984,1,"con","ALL","4","q","4q",0,1,"LUAD","NK"
"4143","4q21.1",0.0291065235342685,0.0603709862480981,1,"con","ALL","4","q","4q",0,1,"LUAD","NK"
"4144","4q21.22",-0.205221197033692,-0.4116647790304,1,"con","ALL","4","q","4q",0,1,"LUAD","NK"
"4145","4q21.23",-0.245549448806596,-0.489455293331261,1,"con","ALL","4","q","4q",0,1,"LUAD","NK"
"4146","4q22.1",-0.344492935542243,-0.687897373977516,1,"con","ALL","4","q","4q",0,1,"LUAD","NK"
"4147","4q22.3",-0.448719716491368,-0.897655226962494,1,"con","ALL","4","q","4q",0,-1,"LUAD","NK"
"4148","4q23",-0.200176122683089,-0.426752872100666,1,"con","ALL","4","q","4q",0,-1,"LUAD","NK"
"4149","4q24",-0.491289261796029,-1.07626580445539,1,"con","ALL","4","q","4q",0,-1,"LUAD","NK"
"4150","4q25",-0.651922095831622,-1.46810499045244,1,"con","ALL","4","q","4q",0,-1,"LUAD","NK"
"4151","4q27",-0.578948790110841,-1.29008009934095,1,"con","ALL","4","q","4q",0,-1,"LUAD","NK"
"4152","4q31.1",-0.503276169978895,-1.13504935192205,1,"con","ALL","4","q","4q",0,-1,"LUAD","NK"
"4153","4q31.21",-0.222913460659544,-0.504726199772249,1,"con","ALL","4","q","4q",0,-1,"LUAD","NK"
"4154","4q31.22",-0.15591516165269,-0.354105087597376,1,"con","ALL","4","q","4q",0,-1,"LUAD","NK"
"4155","4q32.1",0.0949304253753146,0.209724920419057,1,"con","ALL","4","q","4q",0,1,"LUAD","NK"
"4156","4q32.2",0.0996977591802073,0.219082888953218,1,"con","ALL","4","q","4q",0,1,"LUAD","NK"
"4157","4q34.1",0.201776902136896,0.455039079183337,1,"con","ALL","4","q","4q",0,1,"LUAD","NK"
"4158","4q34.2",0.198539568608803,0.451427482544325,1,"con","ALL","4","q","4q",0,1,"LUAD","NK"
"4159","4q35.1",0.293483003101935,0.680316067942387,1,"con","ALL","4","q","4q",0,1,"LUAD","NK"
"4160","5p15.33",-0.433324495637832,-2.87732830210528,0.00499651221831134,"con","ALL","5","p","5p",-1.27067455378453,1,"LUAD","NK"
"4161","5p15.31",-0.483096166521747,-2.95077543575563,0.00403031755324019,"con","ALL","5","p","5p",-1.33282994788914,1,"LUAD","NK"
"4162","5p15.2",-0.514743425378522,-3.01620862498125,0.00331792767334101,"con","ALL","5","p","5p",-1.36747349537422,1,"LUAD","NK"
"4163","5p15.1",-0.581990036974476,-3.13928937101924,0.00228366156799042,"con","ALL","5","p","5p",-1.47732059746947,1,"LUAD","NK"
"4164","5p13.3",-0.634280801986117,-3.22763804008987,0.00173592175010873,"con","ALL","5","p","5p",-1.57355931301919,1,"LUAD","NK"
"4165","5p13.1",-0.770219979178422,-3.40123579435279,0.000998181559314369,"con","ALL","5","p","5p",-1.64506113061372,1,"LUAD","NK"
"4166","5p12",-0.749034481309289,-3.17910357838244,0.00201943558535538,"con","ALL","5","p","5p",-1.5194413253381,1,"LUAD","NK"
"4167","5q11.1",-0.628395539163589,-2.3754349871332,0.0196265346765467,"con","ALL","5","q","5q",-0.915831934998321,1,"LUAD","NK"
"4168","5q11.2",-0.51756569027599,-1.89891502024522,0.0607439100668834,"con","ALL","5","q","5q",-0.631646705115097,1,"LUAD","NK"
"4169","5q12.1",-0.485332672880456,-1.81625858664948,0.0726233893172594,"con","ALL","5","q","5q",-0.565654808073976,1,"LUAD","NK"
"4170","5q12.3",-0.388610633226529,-1.50172366231953,0.136630615136631,"con","ALL","5","q","5q",-0.381181316526812,1,"LUAD","NK"
"4171","5q13.1",-0.340020322759732,-1.34953584100853,0.180512782049099,"con","ALL","5","q","5q",-0.316759377467652,1,"LUAD","NK"
"4172","5q13.2",-0.357166718765956,-1.5455911997042,0.125674043810333,"con","ALL","5","q","5q",-0.391154811831484,1,"LUAD","NK"
"4173","5q13.3",-0.320436620026049,-1.46497546550201,0.146374106947261,"con","ALL","5","q","5q",-0.358177076172026,-1,"LUAD","NK"
"4174","5q14.1",-0.306089566813119,-1.42724697368947,0.156931185561884,"con","ALL","5","q","5q",-0.345843668159447,-1,"LUAD","NK"
"4175","5q14.2",-0.251378096601352,-1.2030408955495,0.232081118515906,"con","ALL","5","q","5q",-0.257172973261694,-1,"LUAD","NK"
"4176","5q14.3",-0.259178182858024,-1.24952293261537,0.214678148796131,"con","ALL","5","q","5q",-0.27293537430416,-1,"LUAD","NK"
"4177","5q15",-0.262722545721835,-1.25744407005762,0.21181038335694,"con","ALL","5","q","5q",-0.273939772162689,-1,"LUAD","NK"
"4178","5q21.1",-0.263928181611325,-1.25391459698057,0.213084697242686,"con","ALL","5","q","5q",-0.273939772162689,-1,"LUAD","NK"
"4179","5q21.3",-0.273447161075645,-1.2853343963203,0.201937051018779,"con","ALL","5","q","5q",-0.287797137740618,-1,"LUAD","NK"
"4180","5q22.2",-0.209736095789276,-0.957542482846038,0.340830583339943,"con","ALL","5","q","5q",-0.167465487734476,-1,"LUAD","NK"
"4181","5q22.3",-0.219244919385608,-0.978613018504238,0.330365727852979,"con","ALL","5","q","5q",-0.17149694961139,-1,"LUAD","NK"
"4182","5q23.1",-0.199519685539837,-0.88457336068547,0.378718035607121,"con","ALL","5","q","5q",-0.148481574934847,-1,"LUAD","NK"
"4183","5q23.2",-0.167902681571159,-0.74235705934012,0.459782947306408,"con","ALL","5","q","5q",-0.0955524738036875,-1,"LUAD","NK"
"4184","5q31.1",-0.119639476317556,-0.56705665231965,0.572071839679279,"con","ALL","5","q","5q",-0.0352118689108827,1,"LUAD","NK"
"4185","5q31.2",-0.120365240844983,-0.623771472500239,0.534338177545343,"con","ALL","5","q","5q",-0.0536299712899332,1,"LUAD","NK"
"4186","5q31.3",-0.340991095320709,-1.88835282373122,0.0621642966027423,"con","ALL","5","q","5q",-0.624532978103774,1,"LUAD","NK"
"4187","5q32",-0.471233723958741,-2.93133104855257,0.00426776954697237,"con","ALL","5","q","5q",-1.32225694955502,1,"LUAD","NK"
"4188","5q33.1",-0.468615596014539,-2.96771684545548,0.003833432734761,"con","ALL","5","q","5q",-1.33282994788914,1,"LUAD","NK"
"4189","5q33.2",-0.452409002032565,-2.86616527516248,0.00516074564215003,"con","ALL","5","q","5q",-1.27067455378453,1,"LUAD","NK"
"4190","5q33.3",-0.454246078186356,-2.9463340497301,0.00408345515101137,"con","ALL","5","q","5q",-1.33282994788914,1,"LUAD","NK"
"4191","5q34",-0.440855275538724,-2.9084426540564,0.0045637746458733,"con","ALL","5","q","5q",-1.3015668859436,1,"LUAD","NK"
"4192","5q35.1",-0.417324419366173,-2.78373017772702,0.00653562759249073,"con","ALL","5","q","5q",-1.20045244761227,1,"LUAD","NK"
"4193","5q35.2",-0.38021274804402,-2.54219995540327,0.0127059916597143,"con","ALL","5","q","5q",-1.02169275995977,1,"LUAD","NK"
"4194","5q35.3",-0.313170509839155,-2.23860284611585,0.0276203082779098,"con","ALL","5","q","5q",-0.83708296754123,1,"LUAD","NK"
"4195","6p25.2",0.457115455331549,1.35890007527576,0.177536871474767,"con","ALL","6","p","6p",0.321935031987132,1,"LUAD","NK"
"4196","6p25.1",0.411822982162761,1.26121688241985,0.210454412670016,"con","ALL","6","p","6p",0.273939772162689,1,"LUAD","NK"
"4197","6p24.3",0.354194652204183,1.11992932341013,0.265691045334105,"con","ALL","6","p","6p",0.219692089991575,1,"LUAD","NK"
"4198","6p24.2",0.32835421759299,1.07170650607398,0.286685936926235,"con","ALL","6","p","6p",0.200781108071162,1,"LUAD","NK"
"4199","6p23",0.420732901886617,1.39335255504725,0.166907247905086,"con","ALL","6","p","6p",0.328571700622241,1,"LUAD","NK"
"4200","6p22.3",0.250445858985589,0.942056859297883,0.348657759943491,"con","ALL","6","p","6p",0.167465487734476,1,"LUAD","NK"
"4201","6p22.2",0.148464509947579,0.585996511026302,0.559328502700839,"con","ALL","6","p","6p",0.041976716799686,1,"LUAD","NK"
"4202","6p22.1",0.105539944950635,0.442684630960037,0.659044343054366,"con","ALL","6","p","6p",0,1,"LUAD","NK"
"4203","6p21.33",0.0774563398819955,0.364157059272846,0.716585504553195,"con","ALL","6","p","6p",0,1,"LUAD","NK"
"4204","6p21.32",0.0303172847545145,0.148262696519903,0.882463493372867,"con","ALL","6","p","6p",0,1,"LUAD","NK"
"4205","6p21.31",-0.017325224348193,-0.0792168466496816,0.937034086321034,"con","ALL","6","p","6p",0,1,"LUAD","NK"
"4206","6p21.2",0.00954822646992722,0.0379626902716078,0.96980058711559,"con","ALL","6","p","6p",0,1,"LUAD","NK"
"4207","6p21.1",0.311017577902131,1.02891859209885,0.306245026940593,"con","ALL","6","p","6p",0.18733359078208,1,"LUAD","NK"
"4208","6p12.1",0.409697842031561,1.22004980578413,0.225598405218404,"con","ALL","6","p","6p",0.261073326569051,1,"LUAD","NK"
"4209","6q12",0.325576987644535,1.02741323796391,0.306949150574827,"con","ALL","6","q","6q",0.18733359078208,1,"LUAD","NK"
"4210","6q13",0.263454023905417,0.858278702266527,0.392993603614332,"con","ALL","6","q","6q",0.140460731197864,1,"LUAD","NK"
"4211","6q14.1",0.210044857934622,0.745573556170921,0.457846571281064,"con","ALL","6","q","6q",0.0960511283909995,1,"LUAD","NK"
"4212","6q14.3",0.183051190687412,0.738813148558143,0.461921817053904,"con","ALL","6","q","6q",0.0948670113484789,1,"LUAD","NK"
"4213","6q15",0.179890201858251,0.775389381592506,0.440119959478633,"con","ALL","6","q","6q",0.106466647622569,1,"LUAD","NK"
"4214","6q16.1",0.195881209391954,0.883006697740401,0.379559391993652,"con","ALL","6","q","6q",0.148481574934847,1,"LUAD","NK"
"4215","6q16.2",0.236648423371931,1.11216318073622,0.268997519551385,"con","ALL","6","q","6q",0.216539999031325,1,"LUAD","NK"
"4216","6q21",0.30303366007252,1.50711757224234,0.135244294932289,"con","ALL","6","q","6q",0.382177376146256,-1,"LUAD","NK"
"4217","6q22.1",0.372887677595622,1.91799201016887,0.0582477256459199,"con","ALL","6","q","6q",0.643961616922389,-1,"LUAD","NK"
"4218","6q22.31",0.395437509540294,2.00007444887156,0.0484734924697961,"con","ALL","6","q","6q",0.695234301788625,-1,"LUAD","NK"
"4219","6q22.33",0.442178868760066,2.19896052349209,0.030415872012174,"con","ALL","6","q","6q",0.811005484230187,-1,"LUAD","NK"
"4220","6q23.2",0.471969314263015,2.33815833202269,0.0215703706694433,"con","ALL","6","q","6q",0.893301358477015,-1,"LUAD","NK"
"4221","6q23.3",0.500079858551648,2.45460834351821,0.0160058167191095,"con","ALL","6","q","6q",0.975108345321615,-1,"LUAD","NK"
"4222","6q24.1",0.49728698777005,2.41527625466789,0.0177223968242307,"con","ALL","6","q","6q",0.940847949087509,-1,"LUAD","NK"
"4223","6q24.2",0.551296970375453,2.70310067452802,0.00819681183205808,"con","ALL","6","q","6q",1.14199836868005,-1,"LUAD","NK"
"4224","6q25.1",0.566045557229996,2.85048508357294,0.00539981901452571,"con","ALL","6","q","6q",1.2606965567715,-1,"LUAD","NK"
"4225","6q25.3",0.517654403883342,2.71914483987066,0.00783843845687023,"con","ALL","6","q","6q",1.14999873020968,1,"LUAD","NK"
"4226","6q27",0.508259244801678,2.73545105209916,0.00748888602111116,"con","ALL","6","q","6q",1.15580034782745,1,"LUAD","NK"
"4227","7p22.3",0.00135883161781707,0.0118231576027255,0.990592586833181,"con","ALL","7","p","7p",0,1,"LUAD","NK"
"4228","7p22.1",0.00486134053595361,0.0432373751779422,0.965607043981332,"con","ALL","7","p","7p",0,1,"LUAD","NK"
"4229","7p21.3",0.00645037983607181,0.0578794250415064,0.953971577869402,"con","ALL","7","p","7p",0,1,"LUAD","NK"
"4230","7p21.1",0.0107053831765643,0.0957553315257561,0.923925449625906,"con","ALL","7","p","7p",0,1,"LUAD","NK"
"4231","7p15.3",0.00943514487791369,0.0834902590659819,0.933645109980765,"con","ALL","7","p","7p",0,1,"LUAD","NK"
"4232","7p15.2",0.0147784832392942,0.130029887567275,0.89682977924898,"con","ALL","7","p","7p",0,1,"LUAD","NK"
"4233","7p14.3",0.0277393559775354,0.238576161195752,0.811970687052192,"con","ALL","7","p","7p",0,1,"LUAD","NK"
"4234","7p14.2",0.0297322278105933,0.252317362809513,0.801364794583314,"con","ALL","7","p","7p",0,1,"LUAD","NK"
"4235","7p14.1",0.0378610534064527,0.316266177201607,0.752524785160284,"con","ALL","7","p","7p",0,1,"LUAD","NK"
"4236","7p13",0.0365520940806722,0.297031126273723,0.767119693913163,"con","ALL","7","p","7p",0,1,"LUAD","NK"
"4237","7p12.3",0.0162802207682328,0.126943975855456,0.899264820757001,"con","ALL","7","p","7p",0,1,"LUAD","NK"
"4238","7p11.2",0.00455093893210075,0.034169887989537,0.972816517741904,"con","ALL","7","p","7p",0,1,"LUAD","NK"
"4239","7q11.21",-0.0158076548517313,-0.111847663915613,0.911190536096498,"con","ALL","7","q","7q",0,1,"LUAD","NK"
"4240","7q11.23",-0.122371913461031,-0.719906179844772,0.473427746547902,"con","ALL","7","q","7q",-0.0894620200074361,1,"LUAD","NK"
"4241","7q21.12",-0.176630115131713,-0.950701954750673,0.344273903803306,"con","ALL","7","q","7q",-0.167465487734476,1,"LUAD","NK"
"4242","7q21.2",-0.214029855165079,-1.07813768150436,0.283821938550838,"con","ALL","7","q","7q",-0.202151962644538,1,"LUAD","NK"
"4243","7q21.3",-0.286105737002417,-1.38290987849481,0.170076496011031,"con","ALL","7","q","7q",-0.328571700622241,1,"LUAD","NK"
"4244","7q22.1",-0.233966122216932,-1.04428149303015,0.299121335889392,"con","ALL","7","q","7q",-0.187637041982141,1,"LUAD","NK"
"4245","7q22.3",-0.0345039102229508,-0.139607229537424,0.889278848876179,"con","ALL","7","q","7q",0,1,"LUAD","NK"
"4246","7q31.1",0.0423670335341241,0.164779013562678,0.869483402327784,"con","ALL","7","q","7q",0,1,"LUAD","NK"
"4247","7q31.2",0.078661279201839,0.301464330494417,0.763748257293875,"con","ALL","7","q","7q",0,1,"LUAD","NK"
"4248","7q31.31",0.0819718485479956,0.312980977069636,0.755011289694884,"con","ALL","7","q","7q",0,1,"LUAD","NK"
"4249","7q31.32",0.0753521802120973,0.285159418924266,0.776170014576001,"con","ALL","7","q","7q",0,1,"LUAD","NK"
"4250","7q32.1",0.0258462081974859,0.095558068779179,0.924081686437909,"con","ALL","7","q","7q",0,-1,"LUAD","NK"
"4251","7q32.2",0.0131092916310096,0.0479495933588055,0.961861493967465,"con","ALL","7","q","7q",0,-1,"LUAD","NK"
"4252","7q33",-0.00223925128845818,-0.00814079633456712,0.99352247632655,"con","ALL","7","q","7q",0,-1,"LUAD","NK"
"4253","7q34",-0.0979578759661083,-0.359947985511795,0.719720067808497,"con","ALL","7","q","7q",0,1,"LUAD","NK"
"4254","7q36.1",-0.114406999880577,-0.439460780766459,0.661369531141539,"con","ALL","7","q","7q",0,1,"LUAD","NK"
"4255","7q36.3",-0.12573900411631,-0.501046460390981,0.617548271260802,"con","ALL","7","q","7q",-0.0153182069452032,1,"LUAD","NK"
"4256","8p23.3",0.306449429500905,1.30027658739238,0.196789787327283,"con","ALL","8","p","8p",0.295277450910635,1,"LUAD","NK"
"4257","8p22",0.360780639275376,1.48877009235705,0.140005413692538,"con","ALL","8","p","8p",0.375204708590371,1,"LUAD","NK"
"4258","8p21.3",0.339175091665211,1.33429519276771,0.185436489836821,"con","ALL","8","p","8p",0.311342292072199,1,"LUAD","NK"
"4259","8p21.2",0.331367974576544,1.2534663446632,0.213246940242384,"con","ALL","8","p","8p",0.273939772162689,1,"LUAD","NK"
"4260","8p21.1",0.318307840274278,1.17977818579781,0.241163478933718,"con","ALL","8","p","8p",0.246218449610698,1,"LUAD","NK"
"4261","8p12",0.332653036970858,1.20362399337902,0.231856676284941,"con","ALL","8","p","8p",0.257172973261694,1,"LUAD","NK"
"4262","8p11.23",0.285019179158482,0.990525870467466,0.324543656980627,"con","ALL","8","p","8p",0.176094377155499,1,"LUAD","NK"
"4263","8p11.22",0.203275232515601,0.707640137405181,0.480977206211796,"con","ALL","8","p","8p",0.0852074717166266,1,"LUAD","NK"
"4264","8p11.21",-0.0741755875078424,-0.26466453569561,0.791866435314765,"con","ALL","8","p","8p",0,1,"LUAD","NK"
"4265","8q11.21",-0.241988115362441,-0.923769153357142,0.358049533030617,"con","ALL","8","q","8q",-0.159291952362577,1,"LUAD","NK"
"4266","8q11.23",-0.33429143575344,-1.32973892713533,0.186927887170291,"con","ALL","8","q","8q",-0.311342292072199,1,"LUAD","NK"
"4267","8q12.1",-0.455434547367174,-1.9664082079248,0.0522987433404601,"con","ALL","8","q","8q",-0.666275566451714,1,"LUAD","NK"
"4268","8q12.3",-0.44247482743764,-2.0194044578051,0.0463870513576475,"con","ALL","8","q","8q",-0.702342607567431,1,"LUAD","NK"
"4269","8q13.1",-0.450051278282757,-2.13936237323159,0.0350831111481562,"con","ALL","8","q","8q",-0.779356930143765,1,"LUAD","NK"
"4270","8q13.3",-0.400659293777834,-1.95611217743037,0.0535186794606388,"con","ALL","8","q","8q",-0.662510380331193,1,"LUAD","NK"
"4271","8q21.11",-0.395407977930428,-2.03348325211127,0.0449162188264524,"con","ALL","8","q","8q",-0.713058475812743,1,"LUAD","NK"
"4272","8q21.13",-0.317270203628849,-1.79534001034096,0.0759190721748209,"con","ALL","8","q","8q",-0.552057562606688,1,"LUAD","NK"
"4273","8q21.3",-0.224321415496493,-1.3969542452893,0.165824698233882,"con","ALL","8","q","8q",-0.328571700622241,1,"LUAD","NK"
"4274","8q22.1",-0.172376672458593,-1.20238455055102,0.232333942080355,"con","ALL","8","q","8q",-0.257172973261694,1,"LUAD","NK"
"4275","8q22.2",-0.153609487198209,-1.13870556372676,0.257814829784742,"con","ALL","8","q","8q",-0.22451494588935,1,"LUAD","NK"
"4276","8q22.3",-0.131779176534891,-1.01339309631726,0.313559344644996,"con","ALL","8","q","8q",-0.18270582191933,1,"LUAD","NK"
"4277","8q23.1",-0.121684064533096,-0.965008139626503,0.337098270680864,"con","ALL","8","q","8q",-0.167465487734476,1,"LUAD","NK"
"4278","8q23.2",-0.124779581132227,-0.996581160399718,0.321610490256592,"con","ALL","8","q","8q",-0.178466609591713,1,"LUAD","NK"
"4279","8q24.11",-0.118629012678194,-0.95492470148132,0.342145640232346,"con","ALL","8","q","8q",-0.167465487734476,1,"LUAD","NK"
"4280","8q24.12",-0.115126666925433,-0.943313729460714,0.348018181008636,"con","ALL","8","q","8q",-0.167465487734476,1,"LUAD","NK"
"4281","8q24.13",-0.124903163707282,-1.04531019157941,0.298648382161538,"con","ALL","8","q","8q",-0.187637041982141,1,"LUAD","NK"
"4282","8q24.22",-0.153511282063604,-1.33216466841715,0.186132754760938,"con","ALL","8","q","8q",-0.311342292072199,1,"LUAD","NK"
"4283","8q24.3",-0.191142868325311,-1.73795249056485,0.0856019172128492,"con","ALL","8","q","8q",-0.513801366313218,1,"LUAD","NK"
"4284","9p24.1",0.340619168052851,2.34348717154212,0.0212824426905923,"con","ALL","9","p","9p",0.894589866296914,-1,"LUAD","NK"
"4285","9p22.3",0.34636755713645,2.35971409198379,0.0204265177784643,"con","ALL","9","p","9p",0.907821250846104,-1,"LUAD","NK"
"4286","9p22.1",0.363762231655657,2.51116545096203,0.0137977463443996,"con","ALL","9","p","9p",1.01942659461351,-1,"LUAD","NK"
"4287","9p21.1",0.465594358512568,2.95227565165569,0.004012513332822,"con","ALL","9","p","9p",1.33282994788914,-1,"LUAD","NK"
"4288","9p13.3",0.607661992904611,3.29897346295253,0.00138604276650602,"con","ALL","9","p","9p",1.63493088059463,-1,"LUAD","NK"
"4289","9p13.2",0.767436115812975,3.58129230646498,0.000551288848472842,"con","ALL","9","p","9p",1.70762850864589,-1,"LUAD","NK"
"4290","9q21.12",0.872481359809711,3.63123251369191,0.000465976517226122,"con","ALL","9","q","9q",1.70762850864589,-1,"LUAD","NK"
"4291","9q21.13",0.932661390047218,3.51366576565352,0.000690589565127344,"con","ALL","9","q","9q",1.68442132272482,-1,"LUAD","NK"
"4292","9q21.2",0.869946552564732,2.78231530412204,1,"con","ALL","9","q","9q",0,-1,"LUAD","NK"
"4293","9q21.31",0.835393569211821,2.63045087398709,1,"con","ALL","9","q","9q",0,-1,"LUAD","NK"
"4294","9q21.32",0.853637972892635,2.64673686929683,1,"con","ALL","9","q","9q",0,-1,"LUAD","NK"
"4295","9q21.33",0.75428436319961,2.29687475780632,1,"con","ALL","9","q","9q",0,-1,"LUAD","NK"
"4296","9q22.2",0.683330055510001,2.07508607518506,1,"con","ALL","9","q","9q",0,-1,"LUAD","NK"
"4297","9q22.31",0.518196769654655,1.6002181186703,1,"con","ALL","9","q","9q",0,-1,"LUAD","NK"
"4298","9q22.32",0.411064558266137,1.27683539918149,1,"con","ALL","9","q","9q",0,-1,"LUAD","NK"
"4299","9q22.33",0.326982976962283,1.06397469930645,1,"con","ALL","9","q","9q",0,-1,"LUAD","NK"
"4300","9q31.1",0.297110210140653,1.048598776558,0.297139830730873,"con","ALL","9","q","9q",0.187637041982141,-1,"LUAD","NK"
"4301","9q31.2",0.266714708658978,1.00939219560419,0.315463022320384,"con","ALL","9","q","9q",0.182101920848039,-1,"LUAD","NK"
"4302","9q31.3",0.225390906547204,0.885963792973559,0.377972299888071,"con","ALL","9","q","9q",0.148481574934847,-1,"LUAD","NK"
"4303","9q32",0.163620287129947,0.627523305483137,0.53188775153322,"con","ALL","9","q","9q",0.0543618642723767,-1,"LUAD","NK"
"4304","9q33.2",0.0985310534657483,0.34741710452545,0.729080226159775,"con","ALL","9","q","9q",0,-1,"LUAD","NK"
"4305","9q33.3",0.0056093673858833,0.0189408624510092,0.984929749659754,"con","ALL","9","q","9q",0,-1,"LUAD","NK"
"4306","9q34.11",0.0661407973592862,0.209486875929052,0.834536447581446,"con","ALL","9","q","9q",0,-1,"LUAD","NK"
"4307","9q34.13",0.111103791325707,0.34919732784082,0.72774791459856,"con","ALL","9","q","9q",0,-1,"LUAD","NK"
"4308","9q34.3",0.165597150815888,0.59985668359447,0.550092533894755,"con","ALL","9","q","9q",0.0472774100159303,1,"LUAD","NK"
"4309","10p15.3",0.416172829645022,2.46662028678425,0.015512040777517,"con","ALL","10","p","10p",0.98363772158874,-1,"LUAD","NK"
"4310","10p14",0.503837698843287,2.50492956455168,0.0140270194740982,"con","ALL","10","p","10p",1.01942659461351,-1,"LUAD","NK"
"4311","10p13",0.518614437942953,2.29541805902815,0.0240071327889675,"con","ALL","10","p","10p",0.873147610711146,-1,"LUAD","NK"
"4312","10p12.2",0.522719408801257,1.99919168537912,0.0485706593368663,"con","ALL","10","p","10p",0.695234301788625,-1,"LUAD","NK"
"4313","10p12.1",0.455038908421346,1.57406647934935,0.118942536709404,"con","ALL","10","p","10p",0.410099785347033,-1,"LUAD","NK"
"4314","10p11.22",0.452864855455837,1.44289960580369,0.152482167920297,"con","ALL","10","p","10p",0.347225984678308,-1,"LUAD","NK"
"4315","10q11.21",0.362772912655422,1.03650913437614,0.302711167842999,"con","ALL","10","q","10q",0.187637041982141,-1,"LUAD","NK"
"4316","10q11.22",0.300311644249319,0.829569290666104,0.408953220429533,"con","ALL","10","q","10q",0.128068420327675,-1,"LUAD","NK"
"4317","10q21.1",0.317923997263971,0.863144696867849,0.390327106516051,"con","ALL","10","q","10q",0.142009737918229,-1,"LUAD","NK"
"4318","10q21.3",0.25094387125641,0.643127919068579,1,"con","ALL","10","q","10q",0,-1,"LUAD","NK"
"4319","10q22.1",0.179712574670045,0.408103828582768,1,"con","ALL","10","q","10q",0,1,"LUAD","NK"
"4320","10q22.2",-0.112952817031107,-0.233544294910398,1,"con","ALL","10","q","10q",0,1,"LUAD","NK"
"4321","10q22.3",-0.0153757447075667,-0.0316498939224941,1,"con","ALL","10","q","10q",0,1,"LUAD","NK"
"4322","10q23.1",0.013672740283022,0.0280210006363048,1,"con","ALL","10","q","10q",0,1,"LUAD","NK"
"4323","10q23.2",0.023643284167017,0.0483974302445257,1,"con","ALL","10","q","10q",0,1,"LUAD","NK"
"4324","10q23.31",0.0269059235368859,0.0546086815983319,1,"con","ALL","10","q","10q",0,-1,"LUAD","NK"
"4325","10q23.32",0.0548160004097009,0.111000237995142,1,"con","ALL","10","q","10q",0,-1,"LUAD","NK"
"4326","10q24.1",0.043432635301885,0.0910329245113162,1,"con","ALL","10","q","10q",0,-1,"LUAD","NK"
"4327","10q24.2",0.0652316302221142,0.138014033906643,1,"con","ALL","10","q","10q",0,-1,"LUAD","NK"
"4328","10q24.31",0.110717960238897,0.245435366998842,1,"con","ALL","10","q","10q",0,-1,"LUAD","NK"
"4329","10q24.32",0.137854092115804,0.313860681516861,0.754345204121692,"con","ALL","10","q","10q",0,-1,"LUAD","NK"
"4330","10q25.1",0.255877891340278,0.582874605446648,0.561419348761372,"con","ALL","10","q","10q",0.041976716799686,-1,"LUAD","NK"
"4331","10q25.2",0.300660121663398,0.679316200254571,0.498661793252449,"con","ALL","10","q","10q",0.0734209165187036,-1,"LUAD","NK"
"4332","10q25.3",0.531308109651519,1.20531177104736,1,"con","ALL","10","q","10q",0,-1,"LUAD","NK"
"4333","10q26.11",0.532401721657547,1.195416723298,1,"con","ALL","10","q","10q",0,-1,"LUAD","NK"
"4334","10q26.13",0.908873047618342,2.37790046183098,1,"con","ALL","10","q","10q",0,-1,"LUAD","NK"
"4335","10q26.3",0.917298942912559,2.68677617846517,0.00857668547463513,"con","ALL","10","q","10q",1.13538892794068,-1,"LUAD","NK"
"4336","11p15.5",-0.530785996044192,-3.3231049275112,0.00128348577833332,"con","ALL","11","p","11p",-1.64506113061372,-1,"LUAD","NK"
"4337","11p15.4",-0.820895798066741,-3.37838103841245,0.00107477713708049,"con","ALL","11","p","11p",-1.64506113061372,-1,"LUAD","NK"
"4338","11p15.3",-0.958362798645332,-3.38262082461799,0.00106016278695879,"con","ALL","11","p","11p",-1.64506113061372,-1,"LUAD","NK"
"4339","11p15.2",-1.02688376368457,-3.34581340521822,0.00119351738637212,"con","ALL","11","p","11p",-1.64506113061372,-1,"LUAD","NK"
"4340","11p15.1",-1.17246297108562,-3.45504463282284,0.000837642538345331,"con","ALL","11","p","11p",-1.67635602954021,-1,"LUAD","NK"
"4341","11p14.3",-1.41929590451167,-3.6858606470986,0.00038704545649663,"con","ALL","11","p","11p",-1.70762850864589,-1,"LUAD","NK"
"4342","11p13",-1.67050563495818,-3.35647406368098,1,"con","ALL","11","p","11p",0,-1,"LUAD","NK"
"4343","11p12",-1.91260616942457,-3.33895500885392,1,"con","ALL","11","p","11p",0,-1,"LUAD","NK"
"4344","11p11.2",-1.86037410684374,-2.71612046392134,1,"con","ALL","11","p","11p",0,1,"LUAD","NK"
"4345","11q12.1",0.303177807431579,0.37447891301957,1,"con","ALL","11","q","11q",0,1,"LUAD","NK"
"4346","11q12.2",1.39544619132347,2.04148830462173,1,"con","ALL","11","q","11q",0,1,"LUAD","NK"
"4347","11q12.3",0.972061395656008,1.62718316789365,1,"con","ALL","11","q","11q",0,1,"LUAD","NK"
"4348","11q13.1",0.275683542475384,0.56566298602606,1,"con","ALL","11","q","11q",0,1,"LUAD","NK"
"4349","11q13.2",-0.998334139201239,-3.25271284590851,0.00160446308669225,"con","ALL","11","q","11q",-1.5958605044834,1,"LUAD","NK"
"4350","11q13.3",-1.16452243536553,-4.9338363320959,3.62124371339059e-06,"con","ALL","11","q","11q",-3.16315123406297,1,"LUAD","NK"
"4351","11q13.4",-1.37196749539102,-5.68069549503744,1.59318285931512e-07,"con","ALL","11","q","11q",-4.04262210831611,1,"LUAD","NK"
"4352","11q13.5",-1.39569755011871,-5.51419700926111,3.25269713757583e-07,"con","ALL","11","q","11q",-4.03367410177031,1,"LUAD","NK"
"4353","11q14.1",-1.42848587781469,-4.41543965734732,2.76956459614666e-05,"con","ALL","11","q","11q",-2.40453622603228,-1,"LUAD","NK"
"4354","11q14.2",-1.35990262477913,-3.59129790392216,1,"con","ALL","11","q","11q",0,-1,"LUAD","NK"
"4355","11q14.3",-1.24137559169137,-3.06909569437699,1,"con","ALL","11","q","11q",0,-1,"LUAD","NK"
"4356","11q21",-0.896614935527162,-2.0345085039182,1,"con","ALL","11","q","11q",0,-1,"LUAD","NK"
"4357","11q22.2",-0.392555819111354,-0.869725891556632,1,"con","ALL","11","q","11q",0,-1,"LUAD","NK"
"4358","11q22.3",0.199595657557389,0.461230542039196,1,"con","ALL","11","q","11q",0,-1,"LUAD","NK"
"4359","11q23.1",0.561686822424885,1.460729960429,0.147533757911407,"con","ALL","11","q","11q",0.35702969615065,-1,"LUAD","NK"
"4360","11q23.2",0.634815520115478,1.77049122518667,0.0799941640153781,"con","ALL","11","q","11q",0.540486516422023,-1,"LUAD","NK"
"4361","11q23.3",0.737899518798166,2.3074279237371,0.0232990133763211,"con","ALL","11","q","11q",0.881871576674501,-1,"LUAD","NK"
"4362","11q24.1",0.743724514891808,2.86468207214611,0.00518293627690765,"con","ALL","11","q","11q",1.27067455378453,-1,"LUAD","NK"
"4363","11q24.2",0.693546560530555,2.759204937408,0.00700506629636936,"con","ALL","11","q","11q",1.17762673415819,1,"LUAD","NK"
"4364","11q24.3",0.642731900056763,2.70131359570086,0.00823763834978161,"con","ALL","11","q","11q",1.14199836868005,1,"LUAD","NK"
"4365","11q25",0.62641470555037,2.72933210705353,0.00761835603461657,"con","ALL","11","q","11q",1.15541815807883,1,"LUAD","NK"
"4366","12p13.33",0.0208516959210164,0.136722579201907,0.891552111666609,"con","ALL","12","p","12p",0,1,"LUAD","NK"
"4367","12p13.32",0.0367461039818369,0.235394942502167,0.814431137659144,"con","ALL","12","p","12p",0,1,"LUAD","NK"
"4368","12p13.31",0.0539573017190577,0.311705981177813,0.755977006645798,"con","ALL","12","p","12p",0,-1,"LUAD","NK"
"4369","12p13.2",0.130230316922934,0.607025946958904,0.545345315568338,"con","ALL","12","p","12p",0.0485456214304524,-1,"LUAD","NK"
"4370","12p13.1",0.154445909962697,0.662743087634105,0.509170285833716,"con","ALL","12","p","12p",0.0669413827245917,-1,"LUAD","NK"
"4371","12p12.3",0.160541130359266,0.652246465416999,0.515886367180541,"con","ALL","12","p","12p",0.0641051937826777,-1,"LUAD","NK"
"4372","12p12.1",0.230772640418243,0.7902960401877,0.431409575662304,"con","ALL","12","p","12p",0.112425073019531,1,"LUAD","NK"
"4373","12p11.23",0.264312389751013,0.797154820076341,1,"con","ALL","12","p","12p",0,1,"LUAD","NK"
"4374","12p11.22",0.285375154834259,0.781127767435113,1,"con","ALL","12","p","12p",0,1,"LUAD","NK"
"4375","12q12",0.194678000946972,0.464215651330197,1,"con","ALL","12","q","12q",0,1,"LUAD","NK"
"4376","12q13.11",0.115961894328638,0.262200122696657,1,"con","ALL","12","q","12q",0,1,"LUAD","NK"
"4377","12q13.12",-0.0259776024654186,-0.0566596301185405,0.954940555498179,"con","ALL","12","q","12q",0,1,"LUAD","NK"
"4378","12q13.13",-0.826364204196309,-2.24639345085332,0.0270982035139406,"con","ALL","12","q","12q",-0.837691800116848,1,"LUAD","NK"
"4379","12q13.2",-0.739519842249287,-2.80573049068825,0.00613917954330795,"con","ALL","12","q","12q",-1.22020539244734,1,"LUAD","NK"
"4380","12q13.3",-0.398930280399427,-1.92248076426093,0.0576731378221302,"con","ALL","12","q","12q",-0.643961616922389,1,"LUAD","NK"
"4381","12q14.1",-0.259699409897604,-1.37277816813836,0.17319499106131,"con","ALL","12","q","12q",-0.328571700622241,1,"LUAD","NK"
"4382","12q14.3",-0.245234856957523,-1.30328325325181,0.195765962564249,"con","ALL","12","q","12q",-0.295573230307984,1,"LUAD","NK"
"4383","12q15",-0.22386737943545,-1.16665997426183,0.246395988755029,"con","ALL","12","q","12q",-0.23886037382342,1,"LUAD","NK"
"4384","12q21.1",-0.168523196591821,-0.778527116740536,0.438278015874176,"con","ALL","12","q","12q",-0.106928729772662,-1,"LUAD","NK"
"4385","12q21.2",-0.128821419185294,-0.537442814893764,0.59227360693899,"con","ALL","12","q","12q",-0.0250335697963335,-1,"LUAD","NK"
"4386","12q21.31",-0.0924182954438686,-0.351887846314727,0.725735929627655,"con","ALL","12","q","12q",0,-1,"LUAD","NK"
"4387","12q21.33",-0.0499031958921563,-0.177553255518513,0.859468461448513,"con","ALL","12","q","12q",0,-1,"LUAD","NK"
"4388","12q22",0.00352649516982396,0.0120445516725064,0.990416437223006,"con","ALL","12","q","12q",0,-1,"LUAD","NK"
"4389","12q23.1",0.0487357165051474,0.165661038086758,0.868791195681808,"con","ALL","12","q","12q",0,-1,"LUAD","NK"
"4390","12q23.2",0.0722774137510369,0.247876034684272,0.804788786651403,"con","ALL","12","q","12q",0,-1,"LUAD","NK"
"4391","12q23.3",0.118882167870435,0.420716549158056,0.674953984123474,"con","ALL","12","q","12q",0,-1,"LUAD","NK"
"4392","12q24.11",0.043258823503555,0.165503810587329,0.868914579246869,"con","ALL","12","q","12q",0,-1,"LUAD","NK"
"4393","12q24.13",0.0704478584142875,0.275622422913809,0.783462993797441,"con","ALL","12","q","12q",0,-1,"LUAD","NK"
"4394","12q24.23",0.144463762514633,0.56324984043424,0.574650014601082,"con","ALL","12","q","12q",0.0344875735571207,-1,"LUAD","NK"
"4395","12q24.31",0.16827376977761,0.632748301417637,0.528484830621747,"con","ALL","12","q","12q",0.0558813136218146,-1,"LUAD","NK"
"4396","12q24.33",0.0780615205336395,0.277523615094347,0.7820075773206,"con","ALL","12","q","12q",0,-1,"LUAD","NK"
"4397","13q12.11",0.412832206888639,2.52972946933055,0.0131349892680772,"con","ALL","13","q","13q",1.01942659461351,-1,"LUAD","NK"
"4398","13q12.2",0.407108196780101,2.52145682768137,0.0134267150330894,"con","ALL","13","q","13q",1.01942659461351,-1,"LUAD","NK"
"4399","13q12.3",0.422270917051661,2.57661275320944,0.0115867885976417,"con","ALL","13","q","13q",1.04424751044365,-1,"LUAD","NK"
"4400","13q13.1",0.422726910439282,2.51334063625026,0.0137185667303845,"con","ALL","13","q","13q",1.01942659461351,-1,"LUAD","NK"
"4401","13q13.3",0.442155911986534,2.56110591725254,0.0120796234525685,"con","ALL","13","q","13q",1.03206605671805,-1,"LUAD","NK"
"4402","13q14.11",0.464772369861921,2.63986889664858,0.00975891148654401,"con","ALL","13","q","13q",1.10752769048516,-1,"LUAD","NK"
"4403","13q14.12",0.478908296603524,2.67508476898361,0.00885850362032407,"con","ALL","13","q","13q",1.13538892794068,-1,"LUAD","NK"
"4404","13q14.13",0.482534663062277,2.67704418311021,0.00881069353926393,"con","ALL","13","q","13q",1.13538892794068,-1,"LUAD","NK"
"4405","13q14.2",0.498395403532315,2.67426117785803,0.00887866962899959,"con","ALL","13","q","13q",1.13538892794068,-1,"LUAD","NK"
"4406","13q14.3",0.521989073354134,2.5521397952931,0.0123731247413627,"con","ALL","13","q","13q",1.02746960564889,-1,"LUAD","NK"
"4407","13q21.33",0.505520986173735,2.40566116531421,0.0181662173957433,"con","ALL","13","q","13q",0.939865735943912,-1,"LUAD","NK"
"4408","13q22.2",0.468112711674847,2.17510963683546,0.0322143225678928,"con","ALL","13","q","13q",0.801296719793263,-1,"LUAD","NK"
"4409","13q22.3",0.477965339882767,2.18430121608761,0.0315105542019229,"con","ALL","13","q","13q",0.80674716378498,-1,"LUAD","NK"
"4410","13q31.1",0.475399508604876,2.15254000114183,0.0340007584567488,"con","ALL","13","q","13q",0.785281135930363,-1,"LUAD","NK"
"4411","13q32.1",0.510409040504475,2.31686799913876,0.0227554158876832,"con","ALL","13","q","13q",0.883438150936408,-1,"LUAD","NK"
"4412","13q32.2",0.483266287666346,2.15802386505721,0.0335589592938019,"con","ALL","13","q","13q",0.787265111012282,-1,"LUAD","NK"
"4413","13q32.3",0.487628058722771,2.18584025986222,0.0313940343497418,"con","ALL","13","q","13q",0.80674716378498,-1,"LUAD","NK"
"4414","13q33.3",0.49076002598813,2.1839353448,0.0315383094551855,"con","ALL","13","q","13q",0.80674716378498,-1,"LUAD","NK"
"4415","13q34",0.465314333203209,2.08179067659985,0.0401695529018588,"con","ALL","13","q","13q",0.74043261795107,-1,"LUAD","NK"
"4416","14q11.2",0.0263037391093897,0.0979039177016267,0.92222391250681,"con","ALL","14","q","14q",0,1,"LUAD","NK"
"4417","14q12",-0.155263043956418,-0.603513581925248,0.547668488385874,"con","ALL","14","q","14q",-0.0479492242324282,1,"LUAD","NK"
"4418","14q13.1",-0.163305153465462,-0.654435003697514,0.514482223998795,"con","ALL","14","q","14q",-0.0641051937826777,1,"LUAD","NK"
"4419","14q13.2",-0.175161919157829,-0.725759265479893,0.469848792053132,"con","ALL","14","q","14q",-0.090125516901438,1,"LUAD","NK"
"4420","14q13.3",-0.224641840545108,-0.95696896348498,0.341118412085986,"con","ALL","14","q","14q",-0.167465487734476,1,"LUAD","NK"
"4421","14q21.1",-0.270729659339649,-1.15925061681344,0.249386884734972,"con","ALL","14","q","14q",-0.236493620897838,1,"LUAD","NK"
"4422","14q21.2",-0.284709699318776,-1.24690228389323,0.215633163732079,"con","ALL","14","q","14q",-0.272900014785795,1,"LUAD","NK"
"4423","14q21.3",-0.330824135132433,-1.49696819085041,0.137862070676729,"con","ALL","14","q","14q",-0.37960078559479,1,"LUAD","NK"
"4424","14q22.1",-0.383025357753023,-1.78898999384943,0.0769437134025861,"con","ALL","14","q","14q",-0.551289969292236,1,"LUAD","NK"
"4425","14q22.3",-0.380938668690577,-1.83035299331624,0.0704706559492857,"con","ALL","14","q","14q",-0.575856366917087,1,"LUAD","NK"
"4426","14q23.1",-0.388539884251085,-1.95805839424317,0.0532862456070745,"con","ALL","14","q","14q",-0.662510380331193,1,"LUAD","NK"
"4427","14q23.2",-0.391219205450837,-2.00970218641605,0.0474244869063926,"con","ALL","14","q","14q",-0.695989891089644,1,"LUAD","NK"
"4428","14q23.3",-0.409058678556972,-2.10604551068292,0.0379538794967026,"con","ALL","14","q","14q",-0.75874909089255,1,"LUAD","NK"
"4429","14q24.1",-0.436802219033634,-2.26431608360657,0.0259298353401688,"con","ALL","14","q","14q",-0.843925199392008,1,"LUAD","NK"
"4430","14q24.2",-0.462918813077255,-2.38850345440291,0.0189828261024807,"con","ALL","14","q","14q",-0.925568256646899,1,"LUAD","NK"
"4431","14q24.3",-0.46945138757858,-2.22050475599011,0.0288673572885217,"con","ALL","14","q","14q",-0.829803684920476,1,"LUAD","NK"
"4432","14q32.11",-0.488522524593886,-2.10574726307506,0.0379804694001792,"con","ALL","14","q","14q",-0.75874909089255,1,"LUAD","NK"
"4433","14q32.12",-0.440587977170417,-1.83483325459957,0.0697976024715974,"con","ALL","14","q","14q",-0.577138487676966,1,"LUAD","NK"
"4434","14q32.2",-0.44676692002462,-1.79816251315501,0.0754672785097994,"con","ALL","14","q","14q",-0.552057562606688,1,"LUAD","NK"
"4435","14q32.31",-0.416485176756397,-1.65920629768426,0.100517007270888,"con","ALL","14","q","14q",-0.464314546453381,1,"LUAD","NK"
"4436","14q32.32",-0.536872845676857,-2.13733964775874,0.0352518687145885,"con","ALL","14","q","14q",-0.779356930143765,1,"LUAD","NK"
"4437","14q32.33",-0.687411337447328,-2.94862286282815,0.00405599115957473,"con","ALL","14","q","14q",-1.33282994788914,1,"LUAD","NK"
"4438","15q14",0.663459818020711,3.96345090947493,0.000146786220922525,"con","ALL","15","q","15q",1.7949600379006,-1,"LUAD","NK"
"4439","15q15.1",0.635971370042085,3.92373724094809,0.000169074824807121,"con","ALL","15","q","15q",1.7949600379006,-1,"LUAD","NK"
"4440","15q15.2",0.585938534547095,3.69359185206085,0.000376958445827992,"con","ALL","15","q","15q",1.70762850864589,-1,"LUAD","NK"
"4441","15q15.3",0.574113455797596,3.6299010932829,0.000468078802246817,"con","ALL","15","q","15q",1.70762850864589,-1,"LUAD","NK"
"4442","15q21.1",0.554371792489147,3.44997979887965,0.000851646841483432,"con","ALL","15","q","15q",1.67635602954021,-1,"LUAD","NK"
"4443","15q21.2",0.554957231443925,3.34406328913092,0.00120023481740139,"con","ALL","15","q","15q",1.64506113061372,-1,"LUAD","NK"
"4444","15q21.3",0.555253778421032,3.31592538082785,0.00131322923644098,"con","ALL","15","q","15q",1.64506113061372,-1,"LUAD","NK"
"4445","15q22.1",0.557425086166501,3.29009119615202,0.00142568932359231,"con","ALL","15","q","15q",1.63493088059463,-1,"LUAD","NK"
"4446","15q22.2",0.549140946290928,3.10261838129836,0.00255517655966562,"con","ALL","15","q","15q",1.45025067558417,-1,"LUAD","NK"
"4447","15q22.31",0.546144029393437,2.82852615975382,0.00575172769380404,"con","ALL","15","q","15q",1.24096427238203,-1,"LUAD","NK"
"4448","15q23",0.536243533486847,2.51295584147302,0.0137325440002331,"con","ALL","15","q","15q",1.01942659461351,-1,"LUAD","NK"
"4449","15q24.1",0.552841516220481,2.44439902765276,0.0164364845417083,"con","ALL","15","q","15q",0.968598050598401,-1,"LUAD","NK"
"4450","15q24.2",0.541894888880947,2.31280157381012,0.0229881885018955,"con","ALL","15","q","15q",0.883382983937535,-1,"LUAD","NK"
"4451","15q24.3",0.495798567231829,2.04990394504574,0.0432514029526622,"con","ALL","15","q","15q",0.72289936028503,-1,"LUAD","NK"
"4452","15q25.1",0.438747352737317,1.77366814150578,0.0794632945872236,"con","ALL","15","q","15q",0.540620818859006,-1,"LUAD","NK"
"4453","15q25.3",0.408676819057825,1.68126996994968,0.096139684637278,"con","ALL","15","q","15q",0.476828888454492,-1,"LUAD","NK"
"4454","15q26.1",0.380139028548471,1.58556636453413,0.116306769060545,"con","ALL","15","q","15q",0.414811189085031,-1,"LUAD","NK"
"4455","15q26.3",0.37806643335787,1.6622210691548,0.0999095318503357,"con","ALL","15","q","15q",0.464314546453381,-1,"LUAD","NK"
"4456","16p13.3",-0.395918114280396,-2.22897677737079,0.0282775856863958,"con","ALL","16","p","16p",-0.834838091708857,1,"LUAD","NK"
"4457","16p13.2",-0.298104392826461,-1.39681217473177,0.165867298006904,"con","ALL","16","p","16p",-0.328571700622241,1,"LUAD","NK"
"4458","16p13.13",-0.300171787547833,-1.36698211463061,0.174998423432484,"con","ALL","16","p","16p",-0.326136052774366,1,"LUAD","NK"
"4459","16p12.3",-0.324644198637852,-1.34688767992773,0.181361149496811,"con","ALL","16","p","16p",-0.316757247197041,1,"LUAD","NK"
"4460","16p12.2",-0.303224059828534,-1.11921852361003,0.265992483941715,"con","ALL","16","p","16p",-0.219692089991575,1,"LUAD","NK"
"4461","16p12.1",-0.256226747499674,-0.875504293172238,0.383604637833072,"con","ALL","16","p","16p",-0.146725310875851,1,"LUAD","NK"
"4462","16p11.2",0.0504072534944732,0.136409890035641,0.891798582678391,"con","ALL","16","p","16p",0,1,"LUAD","NK"
"4463","16q11.2",0.548915898939579,1.25192098390092,1,"con","ALL","16","q","16q",0,1,"LUAD","NK"
"4464","16q12.1",0.292970031278494,0.634400484043537,1,"con","ALL","16","q","16q",0,1,"LUAD","NK"
"4465","16q12.2",0.112573561843668,0.24091604579951,1,"con","ALL","16","q","16q",0,1,"LUAD","NK"
"4466","16q13",0.0205199271837416,0.0444899379424972,1,"con","ALL","16","q","16q",0,-1,"LUAD","NK"
"4467","16q21",0.0460224525631494,0.104851849602493,1,"con","ALL","16","q","16q",0,-1,"LUAD","NK"
"4468","16q22.1",0.040728308712172,0.108464178452288,1,"con","ALL","16","q","16q",0,-1,"LUAD","NK"
"4469","16q22.2",-0.106441222092852,-0.370596504867805,0.711799344070519,"con","ALL","16","q","16q",0,-1,"LUAD","NK"
"4470","16q23.1",-0.195127807499343,-0.732879777377574,0.465515416480526,"con","ALL","16","q","16q",-0.092827509224687,-1,"LUAD","NK"
"4471","16q23.3",-0.246798637784618,-1.0833461309988,0.281516936186849,"con","ALL","16","q","16q",-0.202758426977971,-1,"LUAD","NK"
"4472","16q24.1",-0.207897418630811,-1.00036123631758,0.31978837880219,"con","ALL","16","q","16q",-0.179357750119366,-1,"LUAD","NK"
"4473","16q24.2",-0.181231024015198,-0.941547897954276,0.348916969062189,"con","ALL","16","q","16q",-0.167465487734476,-1,"LUAD","NK"
"4474","16q24.3",-0.203939617885329,-1.17953531424807,0.241259625849832,"con","ALL","16","q","16q",-0.246218449610698,-1,"LUAD","NK"
"4475","17p13.3",0.337817264186188,1.43514294103624,0.154674530939941,"con","ALL","17","p","17p",0.346630678076018,-1,"LUAD","NK"
"4476","17p13.2",0.243029538094506,1.10733218601836,0.271068769618356,"con","ALL","17","p","17p",0.214928770264469,-1,"LUAD","NK"
"4477","17p13.1",0.277116334000614,1.08207555405647,0.282078036517743,"con","ALL","17","p","17p",0.202758426977971,-1,"LUAD","NK"
"4478","17p12",0.358465140459778,1.12444182599907,0.263782944392239,"con","ALL","17","p","17p",0.219840369080143,-1,"LUAD","NK"
"4479","17p11.2",0.484370820326186,1.22099665941789,0.225241425292559,"con","ALL","17","p","17p",0.261073326569051,-1,"LUAD","NK"
"4480","17q11.1",0.685070494881605,1.48755218981375,1,"con","ALL","17","q","17q",0,1,"LUAD","NK"
"4481","17q11.2",0.703928476075655,1.43422362011398,1,"con","ALL","17","q","17q",0,1,"LUAD","NK"
"4482","17q12",0.0977266861596284,0.375547669522654,0.708127180499476,"con","ALL","17","q","17q",0,1,"LUAD","NK"
"4483","17q21.1",0.127762983657946,0.510305911565196,0.611072772390464,"con","ALL","17","q","17q",0.0175033708748418,1,"LUAD","NK"
"4484","17q21.2",0.186529208489145,0.768861728153785,0.443966316749701,"con","ALL","17","q","17q",0.104042744103843,1,"LUAD","NK"
"4485","17q21.31",0.236641588607953,0.897267678280769,0.371943820559677,"con","ALL","17","q","17q",0.15008157415348,1,"LUAD","NK"
"4486","17q21.32",0.305439970776829,1.03573703190558,0.303069363961619,"con","ALL","17","q","17q",0.187637041982141,1,"LUAD","NK"
"4487","17q21.33",0.27616333071357,0.973197073477029,0.333035204366178,"con","ALL","17","q","17q",0.171103909331448,1,"LUAD","NK"
"4488","17q22",0.208744582203798,0.750034073622647,0.455168992284609,"con","ALL","17","q","17q",0.0960511283909995,1,"LUAD","NK"
"4489","17q23.1",0.135089693328675,0.497751651321415,0.619859806105738,"con","ALL","17","q","17q",0.0148871219815284,1,"LUAD","NK"
"4490","17q23.3",0.134848001286568,0.501073864501532,0.617529061488626,"con","ALL","17","q","17q",0.0153182069452032,1,"LUAD","NK"
"4491","17q24.2",0.0217567181317762,0.0809712160343396,0.935642661701687,"con","ALL","17","q","17q",0,1,"LUAD","NK"
"4492","17q25.1",-0.132293188002857,-0.491895850598058,0.623977481291977,"con","ALL","17","q","17q",-0.0131999022770154,1,"LUAD","NK"
"4493","17q25.3",-0.258987655876186,-1.19077412787545,0.236839149738383,"con","ALL","17","q","17q",-0.250645482037594,1,"LUAD","NK"
"4494","18p11.32",0.520622833432146,2.50887323166646,0.0138816298394841,"con","ALL","18","p","18p",1.01942659461351,-1,"LUAD","NK"
"4495","18p11.31",0.533004700597548,2.50250892906141,0.0141169353250651,"con","ALL","18","p","18p",1.01942659461351,-1,"LUAD","NK"
"4496","18p11.22",0.544470451171296,2.32371565280417,0.022368140683221,"con","ALL","18","p","18p",0.886483923751399,-1,"LUAD","NK"
"4497","18p11.21",0.572469695647826,2.07747746465663,0.0405750287860678,"con","ALL","18","p","18p",0.74043261795107,-1,"LUAD","NK"
"4498","18q11.1",0.613948755768347,2.05653476160762,0.0425943135674802,"con","ALL","18","q","18q",0.72289936028503,-1,"LUAD","NK"
"4499","18q11.2",0.60876784579815,1.92075274917984,0.0578937647278,"con","ALL","18","q","18q",0.643961616922389,-1,"LUAD","NK"
"4500","18q12.2",0.692653014701668,1.92690062494213,1,"con","ALL","18","q","18q",0,-1,"LUAD","NK"
"4501","18q21.1",0.519208056906852,1.42208453337899,1,"con","ALL","18","q","18q",0,-1,"LUAD","NK"
"4502","18q21.31",0.541173839153895,1.51589715960642,1,"con","ALL","18","q","18q",0,-1,"LUAD","NK"
"4503","18q21.32",0.54310293136652,1.53467805962515,0.128332528291914,"con","ALL","18","q","18q",0.387416246079116,-1,"LUAD","NK"
"4504","18q21.33",0.536528078103889,1.52372413660574,0.131045438525972,"con","ALL","18","q","18q",0.387416246079116,-1,"LUAD","NK"
"4505","18q22.3",0.609330994672073,1.73146476656199,0.0867577778639136,"con","ALL","18","q","18q",0.511653199251445,-1,"LUAD","NK"
"4506","18q23",0.581299325269971,1.65800279030325,0.100760347891056,"con","ALL","18","q","18q",0.464314546453381,-1,"LUAD","NK"
"4507","19p13.3",-0.194661186419241,-1.03966046518679,0.301252161777313,"con","ALL","19","p","19p",-0.187637041982141,1,"LUAD","NK"
"4508","19p13.2",0.058663423973513,0.227261416725437,0.820730263599764,"con","ALL","19","p","19p",0,-1,"LUAD","NK"
"4509","19p13.13",-0.131897527414669,-0.486441656467558,0.62782353012753,"con","ALL","19","p","19p",-0.0117162093138865,-1,"LUAD","NK"
"4510","19p13.12",-0.302998855501553,-1.01627800279254,0.312191448995929,"con","ALL","19","p","19p",-0.18270582191933,-1,"LUAD","NK"
"4511","19p13.11",-0.446786638305999,-1.22060744544847,0.225388115907893,"con","ALL","19","p","19p",-0.261073326569051,-1,"LUAD","NK"
"4512","19q12",-0.259230466767003,-1.01273756128545,0.313870728729983,"con","ALL","19","q","19q",-0.18270582191933,1,"LUAD","NK"
"4513","19q13.11",-0.213631852659886,-0.944668252187991,0.347329759447806,"con","ALL","19","q","19q",-0.167465487734476,1,"LUAD","NK"
"4514","19q13.12",-0.178678488336521,-0.921324321052261,0.35931724640461,"con","ALL","19","q","19q",-0.15923168673803,1,"LUAD","NK"
"4515","19q13.2",-0.109861251034613,-0.534642093759601,0.594201287372693,"con","ALL","19","q","19q",-0.0248371718551215,1,"LUAD","NK"
"4516","19q13.31",-0.101880566064209,-0.438304600715134,0.662204232285607,"con","ALL","19","q","19q",0,1,"LUAD","NK"
"4517","19q13.32",-0.154426931196489,-0.681210259935308,0.49746833524162,"con","ALL","19","q","19q",-0.0734209165187036,-1,"LUAD","NK"
"4518","19q13.33",-0.297770127793662,-1.62999150614845,0.106560045900659,"con","ALL","19","q","19q",-0.444331132729243,-1,"LUAD","NK"
"4519","19q13.41",-0.362094263233371,-2.23416683891322,0.0279215207562469,"con","ALL","19","q","19q",-0.836375162936119,-1,"LUAD","NK"
"4520","19q13.42",-0.424961863186141,-3.06995845497364,0.00282196259858882,"con","ALL","19","q","19q",-1.41758577054982,1,"LUAD","NK"
"4521","19q13.43",-0.445458968654505,-3.46979965765306,0.000798072176966782,"con","ALL","19","q","19q",-1.67635602954021,1,"LUAD","NK"
"4522","20p13",0.285687823357495,1.40937492088549,0.162132615851452,"con","ALL","20","p","20p",0.333870420339138,-1,"LUAD","NK"
"4523","20p12.3",0.317110726928522,1.38533359893126,0.169336865354255,"con","ALL","20","p","20p",0.328571700622241,-1,"LUAD","NK"
"4524","20p12.1",0.359317855805523,1.42784244303627,0.156760121599089,"con","ALL","20","p","20p",0.345843668159447,-1,"LUAD","NK"
"4525","20p11.23",0.373714145762548,1.379176872223,0.171220484079356,"con","ALL","20","p","20p",0.328571700622241,-1,"LUAD","NK"
"4526","20p11.22",0.370854090472861,1.2850944664762,0.202020508029825,"con","ALL","20","p","20p",0.287797137740618,-1,"LUAD","NK"
"4527","20p11.21",0.331996864124845,1.09945794834543,0.27446854440633,"con","ALL","20","p","20p",0.211228871105562,-1,"LUAD","NK"
"4528","20q11.21",0.336882494318602,0.975672288414677,0.331813438936536,"con","ALL","20","q","20q",0.171151793331784,1,"LUAD","NK"
"4529","20q11.22",-0.131760916800277,-0.347264711076951,0.729194315491363,"con","ALL","20","q","20q",0,1,"LUAD","NK"
"4530","20q12",-0.742140566306066,-2.0485896349962,1,"con","ALL","20","q","20q",0,1,"LUAD","NK"
"4531","20q13.11",-0.752670685778818,-2.0998303371297,1,"con","ALL","20","q","20q",0,1,"LUAD","NK"
"4532","20q13.12",-0.661698934081028,-1.95005225595769,0.0542479262618011,"con","ALL","20","q","20q",-0.659723705219379,1,"LUAD","NK"
"4533","20q13.13",-0.412523848827976,-1.62900766412933,0.106768540358712,"con","ALL","20","q","20q",-0.444331132729243,1,"LUAD","NK"
"4534","20q13.2",-0.342269108240639,-1.52853019864595,0.129849626158115,"con","ALL","20","q","20q",-0.387416246079116,1,"LUAD","NK"
"4535","20q13.32",-0.357032630502652,-1.91222028256838,0.0589936397948777,"con","ALL","20","q","20q",-0.641399876217433,1,"LUAD","NK"
"4536","20q13.33",-0.345000387269976,-2.13322252695393,0.0355975400015694,"con","ALL","20","q","20q",-0.779356930143765,1,"LUAD","NK"
"4537","21q21.3",0.129355593945825,0.722420531563616,0.471888444857032,"con","ALL","21","q","21q",0.0895623305884155,1,"LUAD","NK"
"4538","21q22.11",0.113835613928515,0.650427067658525,0.517055210298178,"con","ALL","21","q","21q",0.0641051937826777,1,"LUAD","NK"
"4539","21q22.12",0.0888256506535927,0.510937695010669,0.610632058160686,"con","ALL","21","q","21q",0.0175033708748418,1,"LUAD","NK"
"4540","21q22.13",0.0680028284891505,0.397629298323945,0.691834669187686,"con","ALL","21","q","21q",0,1,"LUAD","NK"
"4541","21q22.2",0.0349536712615501,0.20770642167179,0.835922333726394,"con","ALL","21","q","21q",0,1,"LUAD","NK"
"4542","21q22.3",0.00130251139692677,0.00806046968583925,0.993586389769206,"con","ALL","21","q","21q",0,1,"LUAD","NK"
"4543","22q11.21",0.28269692388441,0.909188173581341,0.36565254148704,"con","ALL","22","q","22q",0.153110848306688,1,"LUAD","NK"
"4544","22q11.22",0.417290431316419,1.21791955168649,0.226403047983647,"con","ALL","22","q","22q",0.261073326569051,1,"LUAD","NK"
"4545","22q11.23",0.496708646383717,1.39275914588817,1,"con","ALL","22","q","22q",0,1,"LUAD","NK"
"4546","22q12.1",0.567247849705044,1.51567074846783,0.133068670740513,"con","ALL","22","q","22q",0.385365628682426,1,"LUAD","NK"
"4547","22q12.2",0.575895478396928,1.50577375730268,0.135588639076555,"con","ALL","22","q","22q",0.382177376146256,-1,"LUAD","NK"
"4548","22q12.3",0.476445882330688,1.32930909388821,0.187069047580424,"con","ALL","22","q","22q",0.311342292072199,-1,"LUAD","NK"
"4549","22q13.1",0.322410479107854,1.0062815649582,0.316948420380652,"con","ALL","22","q","22q",0.181649704764951,-1,"LUAD","NK"
"4550","22q13.2",0.331776326002289,1.02705085903669,0.307118814584577,"con","ALL","22","q","22q",0.18733359078208,-1,"LUAD","NK"
"4551","22q13.31",0.445891541209422,1.37547924801,0.172359393808149,"con","ALL","22","q","22q",0.328571700622241,-1,"LUAD","NK"
"4552","22q13.33",0.448342234769967,1.38141513754726,0.170533861694651,"con","ALL","22","q","22q",0.328571700622241,-1,"LUAD","NK"
"4553","1p36.33",-0.0975028255994899,-0.926124233206214,0.356831067390095,"con","ALL","1","p","1p",0,1,"LUAD","plasma_cell"
"4554","1p36.32",-0.11002315901566,-1.00580979735572,0.317174106943319,"con","ALL","1","p","1p",0,1,"LUAD","plasma_cell"
"4555","1p36.31",-0.119319439495778,-1.06520758202751,0.289600195179346,"con","ALL","1","p","1p",0,1,"LUAD","plasma_cell"
"4556","1p36.23",-0.140231631901281,-1.20920293469011,0.22971718321532,"con","ALL","1","p","1p",0,1,"LUAD","plasma_cell"
"4557","1p36.22",-0.176395810713647,-1.35503532340806,0.178760540218391,"con","ALL","1","p","1p",0,1,"LUAD","plasma_cell"
"4558","1p36.21",-0.180970344744422,-1.306332584163,0.194731668451826,"con","ALL","1","p","1p",0,1,"LUAD","plasma_cell"
"4559","1p36.13",-0.165893718567506,-1.14729835436709,0.254265791473677,"con","ALL","1","p","1p",0,1,"LUAD","plasma_cell"
"4560","1p36.12",-0.146775289645934,-0.993535469733768,0.323083608847539,"con","ALL","1","p","1p",0,1,"LUAD","plasma_cell"
"4561","1p36.11",-0.089980616081236,-0.578929134664019,0.564067249628575,"con","ALL","1","p","1p",0,1,"LUAD","plasma_cell"
"4562","1p35.3",-0.0657774030760638,-0.379853302656467,0.704939387636622,"con","ALL","1","p","1p",0,1,"LUAD","plasma_cell"
"4563","1p35.2",-0.0433182821365552,-0.249143936588538,0.80381092048902,"con","ALL","1","p","1p",0,1,"LUAD","plasma_cell"
"4564","1p35.1",-0.0177063860359035,-0.10376290047317,0.917585849825612,"con","ALL","1","p","1p",0,1,"LUAD","plasma_cell"
"4565","1p34.3",0.0502475575210306,0.320759326225121,0.749128234362788,"con","ALL","1","p","1p",0,1,"LUAD","plasma_cell"
"4566","1p34.2",0.0668482244483126,0.479745225269051,0.632559629236426,"con","ALL","1","p","1p",0,1,"LUAD","plasma_cell"
"4567","1p34.1",0.0658250144620101,0.512863275845461,0.609289712608052,"con","ALL","1","p","1p",0,1,"LUAD","plasma_cell"
"4568","1p33",0.0746205002988694,0.57150252725482,0.569067949070076,"con","ALL","1","p","1p",0,1,"LUAD","plasma_cell"
"4569","1p32.3",0.0530753991056662,0.381953181007162,0.703386589910804,"con","ALL","1","p","1p",0,1,"LUAD","plasma_cell"
"4570","1p32.1",0.0253409085459877,0.17797964060477,0.859134564293867,"con","ALL","1","p","1p",0,1,"LUAD","plasma_cell"
"4571","1p31.3",0.0430072231804767,0.279820898168566,0.780249977162585,"con","ALL","1","p","1p",0,1,"LUAD","plasma_cell"
"4572","1p31.1",0.0619213327523261,0.3656213199267,0.715496180486785,"con","ALL","1","p","1p",0,1,"LUAD","plasma_cell"
"4573","1p22.3",0.117786618490864,0.667741057601422,1,"con","ALL","1","p","1p",0,-1,"LUAD","plasma_cell"
"4574","1p22.2",0.120523787271457,0.688368755501727,0.492971724504194,"con","ALL","1","p","1p",0,-1,"LUAD","plasma_cell"
"4575","1p22.1",0.115009667938719,0.642711166782888,0.522027619146955,"con","ALL","1","p","1p",0,-1,"LUAD","plasma_cell"
"4576","1p21.3",0.113237470393355,0.597466791811208,0.5516796174028,"con","ALL","1","p","1p",0,-1,"LUAD","plasma_cell"
"4577","1p21.2",0.104607758464375,0.518791038387686,0.60516579878887,"con","ALL","1","p","1p",0,-1,"LUAD","plasma_cell"
"4578","1p13.3",0.067762155537186,0.245130027671268,1,"con","ALL","1","p","1p",0,-1,"LUAD","plasma_cell"
"4579","1p13.2",0.154756096766339,0.483059219820085,1,"con","ALL","1","p","1p",0,1,"LUAD","plasma_cell"
"4580","1p13.1",0.256274191947498,0.986261024721405,0.326620130146078,"con","ALL","1","p","1p",0,1,"LUAD","plasma_cell"
"4581","1p12",0.296769897650194,1.30872926899214,0.193921607901386,"con","ALL","1","p","1p",0,1,"LUAD","plasma_cell"
"4582","1q21.1",0.288996549041291,1.44758871695335,0.151168532084111,"con","ALL","1","q","1q",0.0244677300290372,1,"LUAD","plasma_cell"
"4583","1q21.2",0.232538321988293,1.47292504203947,0.144221776925933,"con","ALL","1","q","1q",0.0244677300290372,1,"LUAD","plasma_cell"
"4584","1q21.3",0.101412814236523,1.02481618712959,0.308166471688977,"con","ALL","1","q","1q",0,1,"LUAD","plasma_cell"
"4585","1q22",0.0487041098240319,0.60776797102196,0.544855157709109,"con","ALL","1","q","1q",0,1,"LUAD","plasma_cell"
"4586","1q23.1",0.0372781625096626,0.45490467317129,0.650261225748985,"con","ALL","1","q","1q",0,1,"LUAD","plasma_cell"
"4587","1q23.2",0.0276180205295834,0.333046407133093,0.739865345660244,"con","ALL","1","q","1q",0,1,"LUAD","plasma_cell"
"4588","1q23.3",0.00980164357362037,0.111876974903244,0.911167360519885,"con","ALL","1","q","1q",0,1,"LUAD","plasma_cell"
"4589","1q24.1",-0.0134912649088159,-0.146687906739425,0.883702847613051,"con","ALL","1","q","1q",0,1,"LUAD","plasma_cell"
"4590","1q24.2",-0.0256652840068908,-0.27302994039205,0.785448853487989,"con","ALL","1","q","1q",0,1,"LUAD","plasma_cell"
"4591","1q24.3",-0.0480184658522191,-0.501774534552501,0.617037995161506,"con","ALL","1","q","1q",0,1,"LUAD","plasma_cell"
"4592","1q25.1",-0.0759061912295447,-0.777000195875625,0.439173800377876,"con","ALL","1","q","1q",0,1,"LUAD","plasma_cell"
"4593","1q25.2",-0.0982906056155082,-1.00552450865957,0.317310636753688,"con","ALL","1","q","1q",0,1,"LUAD","plasma_cell"
"4594","1q25.3",-0.114882606310299,-1.17056665032286,0.244829329976762,"con","ALL","1","q","1q",0,1,"LUAD","plasma_cell"
"4595","1q31.1",-0.123954895968702,-1.25807393832731,0.211583559782538,"con","ALL","1","q","1q",0,1,"LUAD","plasma_cell"
"4596","1q31.2",-0.126778458263415,-1.29162328386798,0.19975863207924,"con","ALL","1","q","1q",0,1,"LUAD","plasma_cell"
"4597","1q32.1",-0.125733810333853,-1.30694581541493,0.194524161288305,"con","ALL","1","q","1q",0,1,"LUAD","plasma_cell"
"4598","1q32.2",-0.124830778066185,-1.27741011421392,0.204706960855538,"con","ALL","1","q","1q",0,1,"LUAD","plasma_cell"
"4599","1q32.3",-0.122625155871612,-1.21030520981462,0.229296161154896,"con","ALL","1","q","1q",0,1,"LUAD","plasma_cell"
"4600","1q41",-0.109434513991596,-1.05114026349385,0.295977544530195,"con","ALL","1","q","1q",0,1,"LUAD","plasma_cell"
"4601","1q42.11",-0.105376567855399,-0.997187448583635,0.321317777850848,"con","ALL","1","q","1q",0,1,"LUAD","plasma_cell"
"4602","1q42.12",-0.105613853717959,-0.980681493748939,0.32934991820164,"con","ALL","1","q","1q",0,1,"LUAD","plasma_cell"
"4603","1q42.13",-0.107425169343534,-0.969020753392603,0.335103318676407,"con","ALL","1","q","1q",0,1,"LUAD","plasma_cell"
"4604","1q42.2",-0.108589710351236,-0.96288403347175,0.338157448409431,"con","ALL","1","q","1q",0,1,"LUAD","plasma_cell"
"4605","1q42.3",-0.108528449446076,-0.964155532001636,0.337523159594712,"con","ALL","1","q","1q",0,1,"LUAD","plasma_cell"
"4606","1q43",-0.107630199528468,-0.954182479004084,0.342519099302205,"con","ALL","1","q","1q",0,1,"LUAD","plasma_cell"
"4607","1q44",-0.105886598257124,-0.947554629323285,0.345865729625333,"con","ALL","1","q","1q",0,1,"LUAD","plasma_cell"
"4608","2p25.3",0.220583699007833,1.13788594586504,0.258155168361209,"con","ALL","2","p","2p",0,1,"LUAD","plasma_cell"
"4609","2p25.1",0.220462041494708,1.01442652593281,0.313068877614377,"con","ALL","2","p","2p",0,1,"LUAD","plasma_cell"
"4610","2p24.1",0.174275649576511,0.724434905880561,0.470657258214497,"con","ALL","2","p","2p",0,1,"LUAD","plasma_cell"
"4611","2p23.3",0.06593902219259,0.242863391272931,1,"con","ALL","2","p","2p",0,1,"LUAD","plasma_cell"
"4612","2p23.2",-0.11607516217832,-0.399981424660779,1,"con","ALL","2","p","2p",0,1,"LUAD","plasma_cell"
"4613","2p22.3",-0.149741402082749,-0.522859465881081,1,"con","ALL","2","p","2p",0,1,"LUAD","plasma_cell"
"4614","2p22.2",-0.199905211805396,-0.744858574085409,1,"con","ALL","2","p","2p",0,1,"LUAD","plasma_cell"
"4615","2p22.1",-0.216253662011123,-0.872591331247962,1,"con","ALL","2","p","2p",0,1,"LUAD","plasma_cell"
"4616","2p21",-0.162622133454485,-0.700952796705543,1,"con","ALL","2","p","2p",0,-1,"LUAD","plasma_cell"
"4617","2p16.2",-0.179258385492469,-0.843420788483441,1,"con","ALL","2","p","2p",0,-1,"LUAD","plasma_cell"
"4618","2p16.1",-0.188665040344287,-0.914281905410065,1,"con","ALL","2","p","2p",0,-1,"LUAD","plasma_cell"
"4619","2p15",-0.151302136860962,-0.760900112989814,1,"con","ALL","2","p","2p",0,1,"LUAD","plasma_cell"
"4620","2p14",-0.137668958680489,-0.688725859646146,1,"con","ALL","2","p","2p",0,1,"LUAD","plasma_cell"
"4621","2p13.3",-0.151784907062559,-0.754110681246273,1,"con","ALL","2","p","2p",0,1,"LUAD","plasma_cell"
"4622","2p13.2",-0.146775156078632,-0.713123774786362,1,"con","ALL","2","p","2p",0,1,"LUAD","plasma_cell"
"4623","2p13.1",-0.117305872625756,-0.545036282353472,1,"con","ALL","2","p","2p",0,1,"LUAD","plasma_cell"
"4624","2p12",-0.101431667862198,-0.45145047313207,1,"con","ALL","2","p","2p",0,1,"LUAD","plasma_cell"
"4625","2p11.2",-0.152093539572162,-0.669405951322006,1,"con","ALL","2","p","2p",0,1,"LUAD","plasma_cell"
"4626","2q11.1",-0.217183524584126,-0.942442522072833,1,"con","ALL","2","q","2q",0,1,"LUAD","plasma_cell"
"4627","2q11.2",-0.249453974894471,-1.02441823105047,1,"con","ALL","2","q","2q",0,1,"LUAD","plasma_cell"
"4628","2q12.2",-0.286200793394767,-1.10505289705384,1,"con","ALL","2","q","2q",0,1,"LUAD","plasma_cell"
"4629","2q12.3",-0.298465437372819,-1.1448538483017,1,"con","ALL","2","q","2q",0,1,"LUAD","plasma_cell"
"4630","2q13",-0.300682947972212,-1.14363738085433,1,"con","ALL","2","q","2q",0,1,"LUAD","plasma_cell"
"4631","2q14.1",-0.302494757208896,-1.1362992121428,1,"con","ALL","2","q","2q",0,1,"LUAD","plasma_cell"
"4632","2q14.2",-0.279012452401937,-1.02930408178417,1,"con","ALL","2","q","2q",0,1,"LUAD","plasma_cell"
"4633","2q14.3",-0.224282119765814,-0.831637431697924,1,"con","ALL","2","q","2q",0,1,"LUAD","plasma_cell"
"4634","2q21.1",-0.127867743271233,-0.460718073588362,1,"con","ALL","2","q","2q",0,1,"LUAD","plasma_cell"
"4635","2q21.3",-0.0460300808288272,-0.168495505345271,1,"con","ALL","2","q","2q",0,1,"LUAD","plasma_cell"
"4636","2q23.2",-0.0177820477418876,-0.0655698516687371,1,"con","ALL","2","q","2q",0,1,"LUAD","plasma_cell"
"4637","2q23.3",-0.0215178771138315,-0.0793389075637621,1,"con","ALL","2","q","2q",0,1,"LUAD","plasma_cell"
"4638","2q24.2",-0.0281545252261892,-0.103362045152002,1,"con","ALL","2","q","2q",0,1,"LUAD","plasma_cell"
"4639","2q31.1",-0.0306008600437985,-0.111906261473636,1,"con","ALL","2","q","2q",0,1,"LUAD","plasma_cell"
"4640","2q31.2",0.052384166493142,0.174343065845735,1,"con","ALL","2","q","2q",0,1,"LUAD","plasma_cell"
"4641","2q31.3",0.086685818333213,0.281834263746308,1,"con","ALL","2","q","2q",0,1,"LUAD","plasma_cell"
"4642","2q32.1",0.118910146518604,0.379836932001492,1,"con","ALL","2","q","2q",0,1,"LUAD","plasma_cell"
"4643","2q32.3",0.1546162710791,0.488585479758243,1,"con","ALL","2","q","2q",0,1,"LUAD","plasma_cell"
"4644","2q33.1",0.295865940878478,0.869882264771061,1,"con","ALL","2","q","2q",0,1,"LUAD","plasma_cell"
"4645","2q33.2",0.373861685265281,1.05848379950004,1,"con","ALL","2","q","2q",0,1,"LUAD","plasma_cell"
"4646","2q34",0.391486500539381,1.2157311768467,1,"con","ALL","2","q","2q",0,1,"LUAD","plasma_cell"
"4647","2q35",0.434789654858074,1.48603074649105,1,"con","ALL","2","q","2q",0,1,"LUAD","plasma_cell"
"4648","2q36.1",0.409660361441534,1.54930865852709,0.12477848110278,"con","ALL","2","q","2q",0.0332175545994984,1,"LUAD","plasma_cell"
"4649","2q36.3",0.375261721575559,1.45809013276198,0.148258412818425,"con","ALL","2","q","2q",0.0244677300290372,1,"LUAD","plasma_cell"
"4650","2q37.1",0.380427283558499,1.61569715478176,0.109621707576526,"con","ALL","2","q","2q",0.0372195985970751,1,"LUAD","plasma_cell"
"4651","2q37.3",0.370816059859598,1.70874735320315,0.0909064781393093,"con","ALL","2","q","2q",0.0571449124111533,1,"LUAD","plasma_cell"
"4652","3p26.2",-0.0745198243093278,-0.498826999451814,0.619104954115279,"con","ALL","3","p","3p",0,-1,"LUAD","plasma_cell"
"4653","3p26.1",-0.075502616698129,-0.507835568043493,0.61279738807528,"con","ALL","3","p","3p",0,-1,"LUAD","plasma_cell"
"4654","3p25.3",-0.0588273339076701,-0.40325947655026,0.687703279478358,"con","ALL","3","p","3p",0,-1,"LUAD","plasma_cell"
"4655","3p25.2",-0.0427900263349116,-0.297115007125114,0.767055860975784,"con","ALL","3","p","3p",0,-1,"LUAD","plasma_cell"
"4656","3p25.1",-0.0374310110769249,-0.261961425497767,0.793943238387245,"con","ALL","3","p","3p",0,-1,"LUAD","plasma_cell"
"4657","3p24.3",-0.0233781343444542,-0.168975170401771,0.866191205869277,"con","ALL","3","p","3p",0,-1,"LUAD","plasma_cell"
"4658","3p24.2",-0.0170463707773642,-0.123912423917714,0.901657907071904,"con","ALL","3","p","3p",0,-1,"LUAD","plasma_cell"
"4659","3p24.1",-0.00784091561395437,-0.0576286990632597,0.954170743343605,"con","ALL","3","p","3p",0,-1,"LUAD","plasma_cell"
"4660","3p23",0.00875340433635444,0.0645421488786476,0.948680118691379,"con","ALL","3","p","3p",0,-1,"LUAD","plasma_cell"
"4661","3p22.3",0.0291698819315434,0.21469642788245,0.830484404412395,"con","ALL","3","p","3p",0,-1,"LUAD","plasma_cell"
"4662","3p22.2",0.0590626020220948,0.431251890067875,0.667305128274633,"con","ALL","3","p","3p",0,-1,"LUAD","plasma_cell"
"4663","3p22.1",0.0894176217269409,0.636153696622165,0.526273056111878,"con","ALL","3","p","3p",0,-1,"LUAD","plasma_cell"
"4664","3p21.33",0.13236540962854,0.909507567374141,0.365484909043922,"con","ALL","3","p","3p",0,-1,"LUAD","plasma_cell"
"4665","3p21.31",0.235311995455152,1.4484056832646,0.150940561471992,"con","ALL","3","p","3p",0.0244677300290372,-1,"LUAD","plasma_cell"
"4666","3p21.2",0.27022404522799,1.3893361010602,1,"con","ALL","3","p","3p",0,-1,"LUAD","plasma_cell"
"4667","3p21.1",0.321190459069853,1.46457557482211,1,"con","ALL","3","p","3p",0,-1,"LUAD","plasma_cell"
"4668","3p14.3",0.39853732350275,1.66471667618329,1,"con","ALL","3","p","3p",0,-1,"LUAD","plasma_cell"
"4669","3p14.1",0.484631448851267,1.93542723551323,1,"con","ALL","3","p","3p",0,-1,"LUAD","plasma_cell"
"4670","3p13",0.478455973680487,1.90885813427296,1,"con","ALL","3","p","3p",0,-1,"LUAD","plasma_cell"
"4671","3p11.2",0.44292931275977,1.72200481893389,1,"con","ALL","3","p","3p",0,-1,"LUAD","plasma_cell"
"4672","3p11.1",0.447239329975662,1.71370105937423,1,"con","ALL","3","p","3p",0,-1,"LUAD","plasma_cell"
"4673","3q11.2",0.425607722546855,1.58542981268848,1,"con","ALL","3","q","3q",0,-1,"LUAD","plasma_cell"
"4674","3q12.2",0.209004103955311,0.806374684031701,1,"con","ALL","3","q","3q",0,1,"LUAD","plasma_cell"
"4675","3q12.3",0.166451938233423,0.638810720389832,1,"con","ALL","3","q","3q",0,1,"LUAD","plasma_cell"
"4676","3q13.12",0.10960933337357,0.430002052999467,1,"con","ALL","3","q","3q",0,1,"LUAD","plasma_cell"
"4677","3q13.13",0.0851160513111517,0.337819832919681,1,"con","ALL","3","q","3q",0,1,"LUAD","plasma_cell"
"4678","3q13.2",0.0915979165178428,0.366072765792656,1,"con","ALL","3","q","3q",0,1,"LUAD","plasma_cell"
"4679","3q13.31",0.089695710511306,0.362566694474277,1,"con","ALL","3","q","3q",0,1,"LUAD","plasma_cell"
"4680","3q13.33",0.0207817236834093,0.0912598323318762,0.927486721181852,"con","ALL","3","q","3q",0,1,"LUAD","plasma_cell"
"4681","3q21.1",-0.0241728543055076,-0.116313427653965,0.907660448631278,"con","ALL","3","q","3q",0,1,"LUAD","plasma_cell"
"4682","3q21.3",-0.115095113336284,-0.602840812683339,0.548114043121219,"con","ALL","3","q","3q",0,1,"LUAD","plasma_cell"
"4683","3q22.1",-0.178128093392316,-0.953812362279074,0.342705427396106,"con","ALL","3","q","3q",0,1,"LUAD","plasma_cell"
"4684","3q22.2",-0.205801822921661,-1.11593975790043,0.267386052767992,"con","ALL","3","q","3q",0,-1,"LUAD","plasma_cell"
"4685","3q22.3",-0.23725150033783,-1.33062620330953,0.186636752089868,"con","ALL","3","q","3q",0,-1,"LUAD","plasma_cell"
"4686","3q23",-0.262004710290501,-1.59688462409276,0.113758388250779,"con","ALL","3","q","3q",-0.0340023433519153,-1,"LUAD","plasma_cell"
"4687","3q24",-0.274963594002095,-1.87131564156911,0.0645142498678468,"con","ALL","3","q","3q",-0.15950795127662,-1,"LUAD","plasma_cell"
"4688","3q25.1",-0.281870971767133,-2.15676824324088,0.033659673563097,"con","ALL","3","q","3q",-0.285979557869109,-1,"LUAD","plasma_cell"
"4689","3q25.2",-0.265594716085934,-2.24145697280632,0.0274280177013775,"con","ALL","3","q","3q",-0.362995813295661,-1,"LUAD","plasma_cell"
"4690","3q25.31",-0.260015428022009,-2.310233767086,0.0231362569703882,"con","ALL","3","q","3q",-0.395916435831646,-1,"LUAD","plasma_cell"
"4691","3q25.32",-0.25457152174145,-2.30699474218523,0.023324230438047,"con","ALL","3","q","3q",-0.395916435831646,-1,"LUAD","plasma_cell"
"4692","3q25.33",-0.247698713851636,-2.39784129460842,0.0185344394555541,"con","ALL","3","q","3q",-0.454029532301654,-1,"LUAD","plasma_cell"
"4693","3q26.1",-0.242466147674187,-2.44690027035532,0.016330026261314,"con","ALL","3","q","3q",-0.47197630424085,-1,"LUAD","plasma_cell"
"4694","3q26.2",-0.235599443838924,-2.52094627928997,0.0134449082251706,"con","ALL","3","q","3q",-0.47197630424085,-1,"LUAD","plasma_cell"
"4695","3q26.31",-0.230525863940957,-2.51132145462227,0.0137920539796898,"con","ALL","3","q","3q",-0.47197630424085,-1,"LUAD","plasma_cell"
"4696","3q26.32",-0.218872223271517,-2.54004318223898,0.0127792732486679,"con","ALL","3","q","3q",-0.47197630424085,-1,"LUAD","plasma_cell"
"4697","3q26.33",-0.189743635129623,-2.53087009204812,0.0130952165387246,"con","ALL","3","q","3q",-0.47197630424085,-1,"LUAD","plasma_cell"
"4698","3q27.1",-0.166328911195457,-2.50049630237339,0.0141920887465414,"con","ALL","3","q","3q",-0.47197630424085,-1,"LUAD","plasma_cell"
"4699","3q27.2",-0.158587156414113,-2.48959997267763,0.0146052324860239,"con","ALL","3","q","3q",-0.47197630424085,-1,"LUAD","plasma_cell"
"4700","3q27.3",-0.155824853274531,-2.4721003776119,0.015291330980827,"con","ALL","3","q","3q",-0.47197630424085,-1,"LUAD","plasma_cell"
"4701","3q29",-0.144566735386783,-2.51876940198889,0.0135227291442329,"con","ALL","3","q","3q",-0.47197630424085,-1,"LUAD","plasma_cell"
"4702","4p16.3",0.233424162903672,1.37446124830249,0.172673958209658,"con","ALL","4","p","4p",0,-1,"LUAD","plasma_cell"
"4703","4p16.1",0.218423799480937,1.23817293546426,0.218836739448698,"con","ALL","4","p","4p",0,1,"LUAD","plasma_cell"
"4704","4p15.32",0.206036917731964,1.13967667077928,0.257411996362788,"con","ALL","4","p","4p",0,1,"LUAD","plasma_cell"
"4705","4p15.2",0.192062181085312,1.05251361443113,0.295350765573159,"con","ALL","4","p","4p",0,1,"LUAD","plasma_cell"
"4706","4p14",0.15575758027066,0.792338992467512,0.430223785742292,"con","ALL","4","p","4p",0,1,"LUAD","plasma_cell"
"4707","4p13",0.104764801309179,0.502204536958019,0.616736713082619,"con","ALL","4","p","4p",0,1,"LUAD","plasma_cell"
"4708","4p12",0.0945157401058687,0.445770027711219,0.656822146476542,"con","ALL","4","p","4p",0,1,"LUAD","plasma_cell"
"4709","4p11",0.0900610417830955,0.422529275678216,0.673635448963763,"con","ALL","4","p","4p",0,1,"LUAD","plasma_cell"
"4710","4q12",0.044500693120101,0.2037785349211,1,"con","ALL","4","q","4q",0,1,"LUAD","plasma_cell"
"4711","4q13.2",-0.00901446115824869,-0.0396575632201875,1,"con","ALL","4","q","4q",0,1,"LUAD","plasma_cell"
"4712","4q21.1",-0.145593711644923,-0.556448694210017,1,"con","ALL","4","q","4q",0,1,"LUAD","plasma_cell"
"4713","4q21.22",-0.213837637012105,-0.791052672230818,1,"con","ALL","4","q","4q",0,1,"LUAD","plasma_cell"
"4714","4q21.23",-0.251183502547421,-0.924141260847983,1,"con","ALL","4","q","4q",0,1,"LUAD","plasma_cell"
"4715","4q22.1",-0.268314442384468,-0.988314506309707,1,"con","ALL","4","q","4q",0,1,"LUAD","plasma_cell"
"4716","4q22.3",-0.249646184310509,-0.918895772454622,1,"con","ALL","4","q","4q",0,-1,"LUAD","plasma_cell"
"4717","4q23",-0.250782306614854,-0.987775962695516,1,"con","ALL","4","q","4q",0,-1,"LUAD","plasma_cell"
"4718","4q24",-0.132302115083525,-0.530626480183551,1,"con","ALL","4","q","4q",0,-1,"LUAD","plasma_cell"
"4719","4q25",-0.041739992356992,-0.170929092787465,1,"con","ALL","4","q","4q",0,-1,"LUAD","plasma_cell"
"4720","4q27",0.0961171941485332,0.390770532647319,1,"con","ALL","4","q","4q",0,-1,"LUAD","plasma_cell"
"4721","4q31.1",0.114353516376851,0.471683959716719,1,"con","ALL","4","q","4q",0,-1,"LUAD","plasma_cell"
"4722","4q31.21",0.126767336538497,0.528080309044714,1,"con","ALL","4","q","4q",0,-1,"LUAD","plasma_cell"
"4723","4q31.22",0.146260400389233,0.611897745624464,1,"con","ALL","4","q","4q",0,-1,"LUAD","plasma_cell"
"4724","4q32.1",0.149048709502063,0.606820826844877,1,"con","ALL","4","q","4q",0,1,"LUAD","plasma_cell"
"4725","4q32.2",0.160907482310532,0.651796266501012,1,"con","ALL","4","q","4q",0,1,"LUAD","plasma_cell"
"4726","4q34.1",0.131943899761398,0.547650132757979,1,"con","ALL","4","q","4q",0,1,"LUAD","plasma_cell"
"4727","4q34.2",0.105587990864967,0.441621553789668,1,"con","ALL","4","q","4q",0,1,"LUAD","plasma_cell"
"4728","4q35.1",0.123174668073649,0.524709836026956,1,"con","ALL","4","q","4q",0,1,"LUAD","plasma_cell"
"4729","5p15.33",0.00847941141310747,0.0991683243489591,0.921222755265775,"con","ALL","5","p","5p",0,1,"LUAD","plasma_cell"
"4730","5p15.31",0.00272419499320943,0.0292426126012599,0.976735133388573,"con","ALL","5","p","5p",0,1,"LUAD","plasma_cell"
"4731","5p15.2",-0.00143022844584725,-0.0146994542456147,0.988304134429283,"con","ALL","5","p","5p",0,1,"LUAD","plasma_cell"
"4732","5p15.1",-0.0106162014821765,-0.100068224268437,0.920510291668327,"con","ALL","5","p","5p",0,1,"LUAD","plasma_cell"
"4733","5p13.3",-0.0144968450997199,-0.128557016823403,0.897991875248311,"con","ALL","5","p","5p",0,1,"LUAD","plasma_cell"
"4734","5p13.1",-0.0640206487993853,-0.490506712588527,0.624956055315287,"con","ALL","5","p","5p",0,1,"LUAD","plasma_cell"
"4735","5p12",-0.0725237051133882,-0.538045428843176,0.591859221414252,"con","ALL","5","p","5p",0,1,"LUAD","plasma_cell"
"4736","5q11.1",-0.0930782745590085,-0.629438915919176,0.530638848925987,"con","ALL","5","q","5q",0,1,"LUAD","plasma_cell"
"4737","5q11.2",-0.102382436720714,-0.679425053941058,0.498593162028676,"con","ALL","5","q","5q",0,1,"LUAD","plasma_cell"
"4738","5q12.1",-0.0977890629618527,-0.662915000436451,0.509060679179977,"con","ALL","5","q","5q",0,1,"LUAD","plasma_cell"
"4739","5q12.3",-0.087566727317441,-0.616195491585975,0.539303857834451,"con","ALL","5","q","5q",0,1,"LUAD","plasma_cell"
"4740","5q13.1",-0.0834613861414326,-0.604572296771084,0.546967702409067,"con","ALL","5","q","5q",0,1,"LUAD","plasma_cell"
"4741","5q13.2",-0.0485366182706231,-0.381706367224982,0.703569036323658,"con","ALL","5","q","5q",0,1,"LUAD","plasma_cell"
"4742","5q13.3",-0.0363547758074984,-0.302358109029209,0.763069090677729,"con","ALL","5","q","5q",0,-1,"LUAD","plasma_cell"
"4743","5q14.1",-0.0247076170130247,-0.209649946042739,0.834409541628279,"con","ALL","5","q","5q",0,-1,"LUAD","plasma_cell"
"4744","5q14.2",-0.0161943553281942,-0.141466496876727,0.887814133307877,"con","ALL","5","q","5q",0,-1,"LUAD","plasma_cell"
"4745","5q14.3",-0.0110425760389745,-0.0971091854422103,0.922853245771494,"con","ALL","5","q","5q",0,-1,"LUAD","plasma_cell"
"4746","5q15",-0.00249095253112291,-0.0217436752082109,0.98270003101093,"con","ALL","5","q","5q",0,-1,"LUAD","plasma_cell"
"4747","5q21.1",0.00195922064443152,0.0169770433845866,0.986492096904245,"con","ALL","5","q","5q",0,-1,"LUAD","plasma_cell"
"4748","5q21.3",0.0047296774645953,0.0405309627786692,0.967758615017227,"con","ALL","5","q","5q",0,-1,"LUAD","plasma_cell"
"4749","5q22.2",0.00137055806677939,0.0114530545971996,0.990887056010753,"con","ALL","5","q","5q",0,-1,"LUAD","plasma_cell"
"4750","5q22.3",0.00428092236192645,0.034967458666483,0.972182277496598,"con","ALL","5","q","5q",0,-1,"LUAD","plasma_cell"
"4751","5q23.1",0.00388641690112212,0.0315614071913622,0.974890940941091,"con","ALL","5","q","5q",0,-1,"LUAD","plasma_cell"
"4752","5q23.2",0.00364406325724654,0.0295493405593919,0.976491177880858,"con","ALL","5","q","5q",0,-1,"LUAD","plasma_cell"
"4753","5q31.1",0.0126765370596199,0.110339584226547,0.912383045920657,"con","ALL","5","q","5q",0,1,"LUAD","plasma_cell"
"4754","5q31.2",0.00887196134312574,0.0844015148112565,0.932922605973792,"con","ALL","5","q","5q",0,1,"LUAD","plasma_cell"
"4755","5q31.3",0.0173324702166543,0.173237259102637,0.862849695534223,"con","ALL","5","q","5q",0,1,"LUAD","plasma_cell"
"4756","5q32",0.0225016020958568,0.246211965879258,0.806072666556802,"con","ALL","5","q","5q",0,1,"LUAD","plasma_cell"
"4757","5q33.1",0.0207644717412467,0.231051650600531,0.817793373096328,"con","ALL","5","q","5q",0,1,"LUAD","plasma_cell"
"4758","5q33.2",0.0198450617821361,0.221558009868103,0.825154396577219,"con","ALL","5","q","5q",0,1,"LUAD","plasma_cell"
"4759","5q33.3",0.0186906350586047,0.213134447230748,0.831698853436249,"con","ALL","5","q","5q",0,1,"LUAD","plasma_cell"
"4760","5q34",0.0154698817715501,0.179615023822949,0.857854152876772,"con","ALL","5","q","5q",0,1,"LUAD","plasma_cell"
"4761","5q35.1",0.0107826049136321,0.127023829269687,0.899201797504264,"con","ALL","5","q","5q",0,1,"LUAD","plasma_cell"
"4762","5q35.2",0.00586372911904369,0.0696924102057667,0.944591403711672,"con","ALL","5","q","5q",0,1,"LUAD","plasma_cell"
"4763","5q35.3",-0.00558212373705142,-0.0714632769844119,0.943185876412683,"con","ALL","5","q","5q",0,1,"LUAD","plasma_cell"
"4764","6p25.2",0.0625185931877545,0.338686354795424,0.735626260676672,"con","ALL","6","p","6p",0,1,"LUAD","plasma_cell"
"4765","6p25.1",0.0660405841986178,0.369120134659986,0.712895654729143,"con","ALL","6","p","6p",0,1,"LUAD","plasma_cell"
"4766","6p24.3",0.075022627297466,0.433843152966539,0.665429156152082,"con","ALL","6","p","6p",0,1,"LUAD","plasma_cell"
"4767","6p24.2",0.0702724725541677,0.419691822756702,0.675699795613376,"con","ALL","6","p","6p",0,1,"LUAD","plasma_cell"
"4768","6p23",0.0470858749271574,0.28396787105507,0.777080114962426,"con","ALL","6","p","6p",0,1,"LUAD","plasma_cell"
"4769","6p22.3",0.010486295128738,0.0722114376740478,0.942592119128664,"con","ALL","6","p","6p",0,1,"LUAD","plasma_cell"
"4770","6p22.2",0.00369322400317016,0.0267656339456022,0.978705272790007,"con","ALL","6","p","6p",0,1,"LUAD","plasma_cell"
"4771","6p22.1",-0.0025046470409722,-0.0193051660720802,0.984639928444332,"con","ALL","6","p","6p",0,1,"LUAD","plasma_cell"
"4772","6p21.33",-0.0141792831160836,-0.122552261126937,0.902731906925219,"con","ALL","6","p","6p",0,1,"LUAD","plasma_cell"
"4773","6p21.32",-0.0406318571490092,-0.365755167475405,0.715396635087763,"con","ALL","6","p","6p",0,1,"LUAD","plasma_cell"
"4774","6p21.31",-0.0573760255653578,-0.483199263980119,0.630114806095804,"con","ALL","6","p","6p",0,1,"LUAD","plasma_cell"
"4775","6p21.2",-0.091171146046182,-0.668447839967217,0.505539820593659,"con","ALL","6","p","6p",0,1,"LUAD","plasma_cell"
"4776","6p21.1",-0.163058617174725,-0.991925583983766,0.323864071056464,"con","ALL","6","p","6p",0,1,"LUAD","plasma_cell"
"4777","6p12.1",-0.160006312303737,-0.873081576461145,0.384916661476328,"con","ALL","6","p","6p",0,1,"LUAD","plasma_cell"
"4778","6q12",-0.129973753939669,-0.752498177184108,0.453693680972148,"con","ALL","6","q","6q",0,1,"LUAD","plasma_cell"
"4779","6q13",-0.117146519502318,-0.701112398889701,0.485021889773542,"con","ALL","6","q","6q",0,1,"LUAD","plasma_cell"
"4780","6q14.1",-0.0681660805166724,-0.444232574978388,0.657929082623744,"con","ALL","6","q","6q",0,1,"LUAD","plasma_cell"
"4781","6q14.3",-0.0375251913484769,-0.277898511636566,0.781720674778533,"con","ALL","6","q","6q",0,1,"LUAD","plasma_cell"
"4782","6q15",-0.0235653884878976,-0.186275371672871,0.852643442986359,"con","ALL","6","q","6q",0,1,"LUAD","plasma_cell"
"4783","6q16.1",-0.0188662983513096,-0.155804099072662,0.876532541624185,"con","ALL","6","q","6q",0,1,"LUAD","plasma_cell"
"4784","6q16.2",-0.0176855337775225,-0.151887526143768,0.87961188098273,"con","ALL","6","q","6q",0,1,"LUAD","plasma_cell"
"4785","6q21",-0.00160006564963095,-0.0144596129663278,0.988494954580261,"con","ALL","6","q","6q",0,-1,"LUAD","plasma_cell"
"4786","6q22.1",0.00719429371028689,0.0667387068553087,0.946936129947351,"con","ALL","6","q","6q",0,-1,"LUAD","plasma_cell"
"4787","6q22.31",0.0154782786680995,0.140965310043622,0.888208926063969,"con","ALL","6","q","6q",0,-1,"LUAD","plasma_cell"
"4788","6q22.33",0.00637474169292794,0.05682809077511,0.954806730082363,"con","ALL","6","q","6q",0,-1,"LUAD","plasma_cell"
"4789","6q23.2",-0.00573608591291495,-0.050772548385274,0.959618046558901,"con","ALL","6","q","6q",0,-1,"LUAD","plasma_cell"
"4790","6q23.3",-0.0179185471841318,-0.156710659549663,0.875820042648649,"con","ALL","6","q","6q",0,-1,"LUAD","plasma_cell"
"4791","6q24.1",-0.0279206819274503,-0.241907172918982,0.809396403696502,"con","ALL","6","q","6q",0,-1,"LUAD","plasma_cell"
"4792","6q24.2",-0.0403132957577487,-0.350075604711962,0.72709092363211,"con","ALL","6","q","6q",0,-1,"LUAD","plasma_cell"
"4793","6q25.1",-0.0542976156224529,-0.482555504157677,0.630570158417932,"con","ALL","6","q","6q",0,-1,"LUAD","plasma_cell"
"4794","6q25.3",-0.0688326398740982,-0.641088494854067,0.523076500276498,"con","ALL","6","q","6q",0,1,"LUAD","plasma_cell"
"4795","6q27",-0.0705566150772315,-0.673157081388546,0.502553362959604,"con","ALL","6","q","6q",0,1,"LUAD","plasma_cell"
"4796","7p22.3",-0.0247593288616452,-0.396640559425212,0.692561167431896,"con","ALL","7","p","7p",0,1,"LUAD","plasma_cell"
"4797","7p22.1",-0.024132151703285,-0.395168973742896,0.693642980652358,"con","ALL","7","p","7p",0,1,"LUAD","plasma_cell"
"4798","7p21.3",-0.0229040179323384,-0.378355100113254,0.706048028807924,"con","ALL","7","p","7p",0,1,"LUAD","plasma_cell"
"4799","7p21.1",-0.0211506248751244,-0.348230582943416,0.728471318888748,"con","ALL","7","p","7p",0,1,"LUAD","plasma_cell"
"4800","7p15.3",-0.0136563139921781,-0.222350291865128,0.824539482192455,"con","ALL","7","p","7p",0,1,"LUAD","plasma_cell"
"4801","7p15.2",-0.0103556587818572,-0.167622925211754,0.867251887769574,"con","ALL","7","p","7p",0,1,"LUAD","plasma_cell"
"4802","7p14.3",-0.00652039098215384,-0.103135832360523,0.918082113423186,"con","ALL","7","p","7p",0,1,"LUAD","plasma_cell"
"4803","7p14.2",-0.00386264668652802,-0.0602805411114015,0.952064388737015,"con","ALL","7","p","7p",0,1,"LUAD","plasma_cell"
"4804","7p14.1",-0.00201603990237828,-0.0309626826920443,0.975367108100503,"con","ALL","7","p","7p",0,1,"LUAD","plasma_cell"
"4805","7p13",0.00127144026699757,0.018997294598712,0.984884855013482,"con","ALL","7","p","7p",0,1,"LUAD","plasma_cell"
"4806","7p12.3",0.00651415061844652,0.093434582223938,0.925763725830293,"con","ALL","7","p","7p",0,1,"LUAD","plasma_cell"
"4807","7p11.2",0.010431607011895,0.144097413726088,0.885742185037769,"con","ALL","7","p","7p",0,1,"LUAD","plasma_cell"
"4808","7q11.21",0.0169002309322366,0.220015565383662,0.826351847654516,"con","ALL","7","q","7q",0,1,"LUAD","plasma_cell"
"4809","7q11.23",0.0344786753561739,0.37235551579808,0.710493942866447,"con","ALL","7","q","7q",0,1,"LUAD","plasma_cell"
"4810","7q21.12",0.0455827732675294,0.449605645518768,0.654063915698041,"con","ALL","7","q","7q",0,1,"LUAD","plasma_cell"
"4811","7q21.2",0.0441786672454142,0.407161989920527,0.6848451812046,"con","ALL","7","q","7q",0,1,"LUAD","plasma_cell"
"4812","7q21.3",0.055400364875168,0.488143178080247,0.626622584864736,"con","ALL","7","q","7q",0,1,"LUAD","plasma_cell"
"4813","7q22.1",0.0422981477483818,0.345461328427212,0.730544879902697,"con","ALL","7","q","7q",0,1,"LUAD","plasma_cell"
"4814","7q22.3",0.0156767443069785,0.116680186559049,0.907370615214835,"con","ALL","7","q","7q",0,1,"LUAD","plasma_cell"
"4815","7q31.1",0.0135702810519147,0.0970814057930492,0.922875244834397,"con","ALL","7","q","7q",0,1,"LUAD","plasma_cell"
"4816","7q31.2",0.0331464507055642,0.233636712611737,0.815791806348113,"con","ALL","7","q","7q",0,1,"LUAD","plasma_cell"
"4817","7q31.31",0.0485909563722566,0.341325337105306,0.733645552474161,"con","ALL","7","q","7q",0,1,"LUAD","plasma_cell"
"4818","7q31.32",0.0656144627093902,0.457099974936532,0.648688533217688,"con","ALL","7","q","7q",0,1,"LUAD","plasma_cell"
"4819","7q32.1",0.114029354932504,0.778074011210249,0.438543723606611,"con","ALL","7","q","7q",0,-1,"LUAD","plasma_cell"
"4820","7q32.2",0.135457964626591,0.915612598100315,0.36229009062231,"con","ALL","7","q","7q",0,-1,"LUAD","plasma_cell"
"4821","7q33",0.165243326988812,1.11259583469709,0.268812562945389,"con","ALL","7","q","7q",0,-1,"LUAD","plasma_cell"
"4822","7q34",0.215769809576841,1.47477823986585,0.143723589834985,"con","ALL","7","q","7q",0.0244677300290372,1,"LUAD","plasma_cell"
"4823","7q36.1",0.276348392679741,1.99275905386043,0.0492837392752985,"con","ALL","7","q","7q",0.229044791524413,1,"LUAD","plasma_cell"
"4824","7q36.3",0.305027320124199,2.29667520798489,0.0239321306956652,"con","ALL","7","q","7q",0.395916435831646,1,"LUAD","plasma_cell"
"4825","8p23.3",0.0959015001330638,0.74393880118316,0.45883013474772,"con","ALL","8","p","8p",0,1,"LUAD","plasma_cell"
"4826","8p22",0.0713744943787464,0.536169960783322,0.593149325431394,"con","ALL","8","p","8p",0,1,"LUAD","plasma_cell"
"4827","8p21.3",0.0640223656267269,0.45937889822759,0.647057618226175,"con","ALL","8","p","8p",0,1,"LUAD","plasma_cell"
"4828","8p21.2",0.0401368406878394,0.277030031450259,0.782385355250205,"con","ALL","8","p","8p",0,1,"LUAD","plasma_cell"
"4829","8p21.1",0.037017708661133,0.250571571519086,0.802710234177077,"con","ALL","8","p","8p",0,1,"LUAD","plasma_cell"
"4830","8p12",0.0409905264234093,0.270796898336557,0.787160518412512,"con","ALL","8","p","8p",0,1,"LUAD","plasma_cell"
"4831","8p11.23",0.0376275691109947,0.239343433435412,0.811377536932563,"con","ALL","8","p","8p",0,1,"LUAD","plasma_cell"
"4832","8p11.22",0.0395227124066546,0.252493867135186,0.801228800176826,"con","ALL","8","p","8p",0,1,"LUAD","plasma_cell"
"4833","8p11.21",0.0728018962501597,0.478267830500765,0.633606602373749,"con","ALL","8","p","8p",0,1,"LUAD","plasma_cell"
"4834","8q11.21",0.0757141271354425,0.530035002054534,0.597378584812158,"con","ALL","8","q","8q",0,1,"LUAD","plasma_cell"
"4835","8q11.23",0.0759586205392376,0.551415959802846,0.58270003637916,"con","ALL","8","q","8q",0,1,"LUAD","plasma_cell"
"4836","8q12.1",0.0646458352098966,0.503583951832413,0.615770666064893,"con","ALL","8","q","8q",0,1,"LUAD","plasma_cell"
"4837","8q12.3",0.0628598277505431,0.517060440401902,0.606368452338096,"con","ALL","8","q","8q",0,1,"LUAD","plasma_cell"
"4838","8q13.1",0.0618800565423676,0.528809530556404,0.598225055938297,"con","ALL","8","q","8q",0,1,"LUAD","plasma_cell"
"4839","8q13.3",0.0539029651156305,0.474832380098615,0.636044057007602,"con","ALL","8","q","8q",0,1,"LUAD","plasma_cell"
"4840","8q21.11",0.067504348680465,0.625930180208878,0.532927558368421,"con","ALL","8","q","8q",0,1,"LUAD","plasma_cell"
"4841","8q21.13",0.059774679898118,0.612753953280276,0.541567353500591,"con","ALL","8","q","8q",0,1,"LUAD","plasma_cell"
"4842","8q21.3",0.0433066882127949,0.491530393530367,0.624234861130691,"con","ALL","8","q","8q",0,1,"LUAD","plasma_cell"
"4843","8q22.1",0.0304613180443679,0.388119693351422,0.698833922133108,"con","ALL","8","q","8q",0,1,"LUAD","plasma_cell"
"4844","8q22.2",0.0259926718130402,0.352195261336552,0.725506165055531,"con","ALL","8","q","8q",0,1,"LUAD","plasma_cell"
"4845","8q22.3",0.0247267596262348,0.34806958451959,0.728591816095417,"con","ALL","8","q","8q",0,1,"LUAD","plasma_cell"
"4846","8q23.1",0.0259214795181751,0.376530274153091,0.707399221942224,"con","ALL","8","q","8q",0,1,"LUAD","plasma_cell"
"4847","8q23.2",0.0271247047066745,0.396705240143661,0.692513633014406,"con","ALL","8","q","8q",0,1,"LUAD","plasma_cell"
"4848","8q24.11",0.0270970303336279,0.39960522032264,0.690383679935612,"con","ALL","8","q","8q",0,1,"LUAD","plasma_cell"
"4849","8q24.12",0.0276822738671103,0.415619967186767,0.6786665466494,"con","ALL","8","q","8q",0,1,"LUAD","plasma_cell"
"4850","8q24.13",0.0293705969846482,0.449977676094769,0.65379663935206,"con","ALL","8","q","8q",0,1,"LUAD","plasma_cell"
"4851","8q24.22",0.033837266137962,0.535819560932462,0.593390504920958,"con","ALL","8","q","8q",0,1,"LUAD","plasma_cell"
"4852","8q24.3",0.0396973994651497,0.654768258767231,0.514268588359747,"con","ALL","8","q","8q",0,1,"LUAD","plasma_cell"
"4853","9p24.1",0.0498868464661707,0.614425728249976,0.540467227168874,"con","ALL","9","p","9p",0,-1,"LUAD","plasma_cell"
"4854","9p22.3",0.0528015485658848,0.643835506727825,0.521301500758533,"con","ALL","9","p","9p",0,-1,"LUAD","plasma_cell"
"4855","9p22.1",0.0393698723300159,0.484113193955059,0.629468598936151,"con","ALL","9","p","9p",0,-1,"LUAD","plasma_cell"
"4856","9p21.1",0.0156622284688042,0.174553889402494,0.861817948411925,"con","ALL","9","p","9p",0,-1,"LUAD","plasma_cell"
"4857","9p13.3",-0.0091473651896924,-0.0863407012552999,0.931385278029395,"con","ALL","9","p","9p",0,-1,"LUAD","plasma_cell"
"4858","9p13.2",-0.0432591063331966,-0.347894623889247,0.728722770866847,"con","ALL","9","p","9p",0,-1,"LUAD","plasma_cell"
"4859","9q21.12",-0.0883198514562101,-0.633349326714075,0.528094120506203,"con","ALL","9","q","9q",0,-1,"LUAD","plasma_cell"
"4860","9q21.13",-0.140919578270631,-0.920684821569242,0.359649317122262,"con","ALL","9","q","9q",0,-1,"LUAD","plasma_cell"
"4861","9q21.2",-0.200391518456898,-1.13987875809182,1,"con","ALL","9","q","9q",0,-1,"LUAD","plasma_cell"
"4862","9q21.31",-0.209397723984642,-1.1781496838457,1,"con","ALL","9","q","9q",0,-1,"LUAD","plasma_cell"
"4863","9q21.32",-0.239863270610107,-1.33106636085868,1,"con","ALL","9","q","9q",0,-1,"LUAD","plasma_cell"
"4864","9q21.33",-0.250097833274101,-1.37614086436012,1,"con","ALL","9","q","9q",0,-1,"LUAD","plasma_cell"
"4865","9q22.2",-0.264463962494593,-1.46042446771002,1,"con","ALL","9","q","9q",0,-1,"LUAD","plasma_cell"
"4866","9q22.31",-0.252904772222166,-1.43276581034605,1,"con","ALL","9","q","9q",0,-1,"LUAD","plasma_cell"
"4867","9q22.32",-0.243427116267029,-1.39327589613994,1,"con","ALL","9","q","9q",0,-1,"LUAD","plasma_cell"
"4868","9q22.33",-0.216476493355055,-1.29969607661543,1,"con","ALL","9","q","9q",0,-1,"LUAD","plasma_cell"
"4869","9q31.1",-0.174453249226555,-1.13376825502856,0.25986979194321,"con","ALL","9","q","9q",0,-1,"LUAD","plasma_cell"
"4870","9q31.2",-0.148365656799019,-1.03318159545757,0.304256932027318,"con","ALL","9","q","9q",0,-1,"LUAD","plasma_cell"
"4871","9q31.3",-0.132814197744799,-0.961098344018143,0.33904955503671,"con","ALL","9","q","9q",0,-1,"LUAD","plasma_cell"
"4872","9q32",-0.108439535473301,-0.765867333922889,0.445737242765757,"con","ALL","9","q","9q",0,-1,"LUAD","plasma_cell"
"4873","9q33.2",-0.0920621236472393,-0.597913429524737,0.551382839756913,"con","ALL","9","q","9q",0,-1,"LUAD","plasma_cell"
"4874","9q33.3",-0.0496596851150641,-0.308625498708699,0.75831184585585,"con","ALL","9","q","9q",0,-1,"LUAD","plasma_cell"
"4875","9q34.11",-0.00301865080903323,-0.0175837694352102,0.986009400516142,"con","ALL","9","q","9q",0,-1,"LUAD","plasma_cell"
"4876","9q34.13",0.0193682914345665,0.111914952510661,0.911137332544971,"con","ALL","9","q","9q",0,-1,"LUAD","plasma_cell"
"4877","9q34.3",0.0905921727609337,0.603687161813556,0.547553561224212,"con","ALL","9","q","9q",0,1,"LUAD","plasma_cell"
"4878","10p15.3",-0.0170552655035738,-0.18006382168707,0.857502836165519,"con","ALL","10","p","10p",0,-1,"LUAD","plasma_cell"
"4879","10p14",-0.00298696789954643,-0.0264224785186432,0.978978222460987,"con","ALL","10","p","10p",0,-1,"LUAD","plasma_cell"
"4880","10p13",-0.00695633789308282,-0.0550678794674268,0.956205107983383,"con","ALL","10","p","10p",0,-1,"LUAD","plasma_cell"
"4881","10p12.2",-0.035777621368229,-0.246447322903729,0.805891049072714,"con","ALL","10","p","10p",0,-1,"LUAD","plasma_cell"
"4882","10p12.1",-0.0476718962045909,-0.299456144302296,0.765274916218631,"con","ALL","10","p","10p",0,-1,"LUAD","plasma_cell"
"4883","10p11.22",-0.0790830281494273,-0.458834622654316,0.647446973683128,"con","ALL","10","p","10p",0,-1,"LUAD","plasma_cell"
"4884","10q11.21",-0.0922342017837301,-0.482561049013696,0.630566235751066,"con","ALL","10","q","10q",0,-1,"LUAD","plasma_cell"
"4885","10q11.22",-0.105153805103587,-0.533165977329522,0.595218441050976,"con","ALL","10","q","10q",0,-1,"LUAD","plasma_cell"
"4886","10q21.1",-0.117297213206928,-0.584530121024701,0.560310115275601,"con","ALL","10","q","10q",0,-1,"LUAD","plasma_cell"
"4887","10q21.3",-0.146389602071353,-0.690392928969353,1,"con","ALL","10","q","10q",0,-1,"LUAD","plasma_cell"
"4888","10q22.1",-0.227443748471911,-0.953994226211676,1,"con","ALL","10","q","10q",0,1,"LUAD","plasma_cell"
"4889","10q22.2",-0.23848467540079,-0.910939160173634,1,"con","ALL","10","q","10q",0,1,"LUAD","plasma_cell"
"4890","10q22.3",-0.206581545436544,-0.784884889238554,1,"con","ALL","10","q","10q",0,1,"LUAD","plasma_cell"
"4891","10q23.1",-0.210751042778997,-0.797302698623401,1,"con","ALL","10","q","10q",0,1,"LUAD","plasma_cell"
"4892","10q23.2",-0.228853491662485,-0.865289521011746,1,"con","ALL","10","q","10q",0,1,"LUAD","plasma_cell"
"4893","10q23.31",-0.239816692755053,-0.899338590465936,1,"con","ALL","10","q","10q",0,-1,"LUAD","plasma_cell"
"4894","10q23.32",-0.221791179614267,-0.829242997227775,1,"con","ALL","10","q","10q",0,-1,"LUAD","plasma_cell"
"4895","10q24.1",-0.295613019681632,-1.14795212401043,1,"con","ALL","10","q","10q",0,-1,"LUAD","plasma_cell"
"4896","10q24.2",-0.304832481806608,-1.19558624388868,1,"con","ALL","10","q","10q",0,-1,"LUAD","plasma_cell"
"4897","10q24.31",-0.307463056876087,-1.26434447471971,1,"con","ALL","10","q","10q",0,-1,"LUAD","plasma_cell"
"4898","10q24.32",-0.296983525531216,-1.25386235971482,0.213103599632138,"con","ALL","10","q","10q",0,-1,"LUAD","plasma_cell"
"4899","10q25.1",-0.347954285263738,-1.47260072080899,0.144309100979014,"con","ALL","10","q","10q",-0.0244677300290372,-1,"LUAD","plasma_cell"
"4900","10q25.2",-0.356209965346297,-1.49481356697263,0.138422877711657,"con","ALL","10","q","10q",-0.0244677300290372,-1,"LUAD","plasma_cell"
"4901","10q25.3",-0.361417636556024,-1.51512537990702,1,"con","ALL","10","q","10q",0,-1,"LUAD","plasma_cell"
"4902","10q26.11",-0.352945850964275,-1.46342793797699,1,"con","ALL","10","q","10q",0,-1,"LUAD","plasma_cell"
"4903","10q26.13",-0.342805959977082,-1.62393162511021,1,"con","ALL","10","q","10q",0,-1,"LUAD","plasma_cell"
"4904","10q26.3",-0.280446080444759,-1.47169168244331,0.144554080704367,"con","ALL","10","q","10q",-0.0244677300290372,-1,"LUAD","plasma_cell"
"4905","11p15.5",-0.205187973082158,-2.29531635119271,0.0240132097758071,"con","ALL","11","p","11p",-0.395916435831646,-1,"LUAD","plasma_cell"
"4906","11p15.4",-0.413169536593759,-3.10035453196064,0.00257288482539833,"con","ALL","11","p","11p",-0.87586007321099,-1,"LUAD","plasma_cell"
"4907","11p15.3",-0.514623782798762,-3.33632656964374,0.00123035808116168,"con","ALL","11","p","11p",-1.02537062066846,-1,"LUAD","plasma_cell"
"4908","11p15.2",-0.572142558008101,-3.43996180911324,0.000879999133637007,"con","ALL","11","p","11p",-1.02537062066846,-1,"LUAD","plasma_cell"
"4909","11p15.1",-0.628046486240894,-3.39810905049805,0.00100834849706063,"con","ALL","11","p","11p",-1.02537062066846,-1,"LUAD","plasma_cell"
"4910","11p14.3",-0.702277028724237,-3.31284350985841,0.00132619412579283,"con","ALL","11","p","11p",-1.02537062066846,-1,"LUAD","plasma_cell"
"4911","11p13",-0.889441798205636,-3.27927701064918,1,"con","ALL","11","p","11p",0,-1,"LUAD","plasma_cell"
"4912","11p12",-0.937644077587587,-2.97733768108837,1,"con","ALL","11","p","11p",0,-1,"LUAD","plasma_cell"
"4913","11p11.2",-0.894077737434819,-2.38028257070345,1,"con","ALL","11","p","11p",0,1,"LUAD","plasma_cell"
"4914","11q12.1",-0.382431106030404,-0.871908673279266,1,"con","ALL","11","q","11q",0,1,"LUAD","plasma_cell"
"4915","11q12.2",-0.123383008720671,-0.324887135944784,1,"con","ALL","11","q","11q",0,1,"LUAD","plasma_cell"
"4916","11q12.3",-0.0571188267172435,-0.173412946538558,1,"con","ALL","11","q","11q",0,1,"LUAD","plasma_cell"
"4917","11q13.1",-0.0236073133994656,-0.0889540729155505,1,"con","ALL","11","q","11q",0,1,"LUAD","plasma_cell"
"4918","11q13.2",0.0940819144664616,0.534550436349183,0.594264422593117,"con","ALL","11","q","11q",0,1,"LUAD","plasma_cell"
"4919","11q13.3",0.0805129174550365,0.558323938810429,0.577994367608154,"con","ALL","11","q","11q",0,1,"LUAD","plasma_cell"
"4920","11q13.4",0.0604652359418463,0.396045000023629,0.692998906987937,"con","ALL","11","q","11q",0,1,"LUAD","plasma_cell"
"4921","11q13.5",0.0157172562599918,0.0989023618671473,0.921433333886268,"con","ALL","11","q","11q",0,1,"LUAD","plasma_cell"
"4922","11q14.1",-0.0199909535703127,-0.103162006094073,0.918061398801217,"con","ALL","11","q","11q",0,-1,"LUAD","plasma_cell"
"4923","11q14.2",-0.0527417339978198,-0.239866309322165,1,"con","ALL","11","q","11q",0,-1,"LUAD","plasma_cell"
"4924","11q14.3",-0.102964243730985,-0.446268297209302,1,"con","ALL","11","q","11q",0,-1,"LUAD","plasma_cell"
"4925","11q21",-0.14053210994522,-0.574741392629603,1,"con","ALL","11","q","11q",0,-1,"LUAD","plasma_cell"
"4926","11q22.2",-0.223870352253896,-0.912798358617307,1,"con","ALL","11","q","11q",0,-1,"LUAD","plasma_cell"
"4927","11q22.3",-0.285146555458743,-1.2205906709576,1,"con","ALL","11","q","11q",0,-1,"LUAD","plasma_cell"
"4928","11q23.1",-0.298831117210206,-1.42890266903361,0.156455900085777,"con","ALL","11","q","11q",-0.0142836155431808,-1,"LUAD","plasma_cell"
"4929","11q23.2",-0.305544590641662,-1.56180353749191,0.121805406507412,"con","ALL","11","q","11q",-0.0332175545994984,-1,"LUAD","plasma_cell"
"4930","11q23.3",-0.322186561899745,-1.83439005696111,0.0698639425038464,"con","ALL","11","q","11q",-0.133638880296313,-1,"LUAD","plasma_cell"
"4931","11q24.1",-0.284917658443172,-1.97451134009565,0.0513553318530664,"con","ALL","11","q","11q",-0.229044791524413,-1,"LUAD","plasma_cell"
"4932","11q24.2",-0.270818712823128,-1.94304559502506,0.0551015924303842,"con","ALL","11","q","11q",-0.211293759603617,1,"LUAD","plasma_cell"
"4933","11q24.3",-0.260129188783112,-1.97617175899352,0.0511638147981776,"con","ALL","11","q","11q",-0.229044791524413,1,"LUAD","plasma_cell"
"4934","11q25",-0.250842687099356,-1.97392267761738,0.0514233760349892,"con","ALL","11","q","11q",-0.229044791524413,1,"LUAD","plasma_cell"
"4935","12p13.33",0.04463895336593,0.539233259564421,0.591042810007659,"con","ALL","12","p","12p",0,1,"LUAD","plasma_cell"
"4936","12p13.32",0.0361670204045556,0.426496687810598,0.670753204808326,"con","ALL","12","p","12p",0,1,"LUAD","plasma_cell"
"4937","12p13.31",0.0427265416697091,0.454327041934499,0.650675298710887,"con","ALL","12","p","12p",0,-1,"LUAD","plasma_cell"
"4938","12p13.2",0.0495457020675536,0.424393441457956,0.672280560494538,"con","ALL","12","p","12p",0,-1,"LUAD","plasma_cell"
"4939","12p13.1",0.061065938799268,0.481493500680132,0.631321659862221,"con","ALL","12","p","12p",0,-1,"LUAD","plasma_cell"
"4940","12p12.3",0.0716824835369046,0.535333108169059,0.593725405004495,"con","ALL","12","p","12p",0,-1,"LUAD","plasma_cell"
"4941","12p12.1",0.116699597611308,0.734835203949889,0.46432935318077,"con","ALL","12","p","12p",0,1,"LUAD","plasma_cell"
"4942","12p11.23",0.153597635119897,0.852593410935474,1,"con","ALL","12","p","12p",0,1,"LUAD","plasma_cell"
"4943","12p11.22",0.167089566608073,0.841790753648411,1,"con","ALL","12","p","12p",0,1,"LUAD","plasma_cell"
"4944","12q12",0.228821294929446,1.00812201588678,1,"con","ALL","12","q","12q",0,1,"LUAD","plasma_cell"
"4945","12q13.11",0.225638414692328,0.942741900468855,1,"con","ALL","12","q","12q",0,1,"LUAD","plasma_cell"
"4946","12q13.12",0.206385703457716,0.831198369971085,0.408037246115452,"con","ALL","12","q","12q",0,1,"LUAD","plasma_cell"
"4947","12q13.13",0.144601279401065,0.705777707274896,0.48212928839335,"con","ALL","12","q","12q",0,1,"LUAD","plasma_cell"
"4948","12q13.2",0.0350606765189096,0.234826653046136,0.814870866625253,"con","ALL","12","q","12q",0,1,"LUAD","plasma_cell"
"4949","12q13.3",-0.0185226810053819,-0.160990921127944,0.872457420207571,"con","ALL","12","q","12q",0,1,"LUAD","plasma_cell"
"4950","12q14.1",-0.0329691254609219,-0.317498685232205,0.751592594995586,"con","ALL","12","q","12q",0,1,"LUAD","plasma_cell"
"4951","12q14.3",-0.02173949529176,-0.210625915046244,0.83365010562879,"con","ALL","12","q","12q",0,1,"LUAD","plasma_cell"
"4952","12q15",-0.0146667429232287,-0.139580732032374,0.889299726183095,"con","ALL","12","q","12q",0,1,"LUAD","plasma_cell"
"4953","12q21.1",-0.00563618403019808,-0.047739604047783,0.962028388314847,"con","ALL","12","q","12q",0,-1,"LUAD","plasma_cell"
"4954","12q21.2",0.0110815856671794,0.0849162489216669,0.932514515411817,"con","ALL","12","q","12q",0,-1,"LUAD","plasma_cell"
"4955","12q21.31",0.0303060701418021,0.212179650483824,0.832441414858378,"con","ALL","12","q","12q",0,-1,"LUAD","plasma_cell"
"4956","12q21.33",0.0333051619709239,0.218004601493877,0.827913642302696,"con","ALL","12","q","12q",0,-1,"LUAD","plasma_cell"
"4957","12q22",0.0593394787781805,0.373111238343345,0.70993336909487,"con","ALL","12","q","12q",0,-1,"LUAD","plasma_cell"
"4958","12q23.1",0.0614516798137481,0.384511635865412,0.701496387223952,"con","ALL","12","q","12q",0,-1,"LUAD","plasma_cell"
"4959","12q23.2",0.0581226732039175,0.366832227549031,0.714595780756377,"con","ALL","12","q","12q",0,-1,"LUAD","plasma_cell"
"4960","12q23.3",0.0829551453424103,0.540387910435018,0.590249708484474,"con","ALL","12","q","12q",0,-1,"LUAD","plasma_cell"
"4961","12q24.11",0.158567155328554,1.12353959036551,0.264163682016571,"con","ALL","12","q","12q",0,-1,"LUAD","plasma_cell"
"4962","12q24.13",0.160470059471058,1.16299811925218,0.247870941594785,"con","ALL","12","q","12q",0,-1,"LUAD","plasma_cell"
"4963","12q24.23",0.167192968569397,1.20660951889601,0.230709961576232,"con","ALL","12","q","12q",0,-1,"LUAD","plasma_cell"
"4964","12q24.31",0.166436638538413,1.15717190401983,0.250230602283916,"con","ALL","12","q","12q",0,-1,"LUAD","plasma_cell"
"4965","12q24.33",0.131137446676745,0.860760721773263,0.391632092216109,"con","ALL","12","q","12q",0,-1,"LUAD","plasma_cell"
"4966","13q12.11",-0.164640615214392,-1.82647387777759,0.0710577649054334,"con","ALL","13","q","13q",-0.133638880296313,-1,"LUAD","plasma_cell"
"4967","13q12.2",-0.17123838050721,-1.92421766475219,0.0574520928731826,"con","ALL","13","q","13q",-0.201585223384804,-1,"LUAD","plasma_cell"
"4968","13q12.3",-0.178054513709067,-1.97018111223537,0.0518576636342008,"con","ALL","13","q","13q",-0.229044791524413,-1,"LUAD","plasma_cell"
"4969","13q13.1",-0.184930537265986,-1.99833477581568,0.0486651394111767,"con","ALL","13","q","13q",-0.229044791524413,-1,"LUAD","plasma_cell"
"4970","13q13.3",-0.194625428336352,-2.04853591531295,0.0433880478555218,"con","ALL","13","q","13q",-0.229044791524413,-1,"LUAD","plasma_cell"
"4971","13q14.11",-0.204541920632616,-2.10952207717393,0.0376451157475153,"con","ALL","13","q","13q",-0.248962693416861,-1,"LUAD","plasma_cell"
"4972","13q14.12",-0.202901381536581,-2.05344796828689,0.042899128153654,"con","ALL","13","q","13q",-0.229044791524413,-1,"LUAD","plasma_cell"
"4973","13q14.13",-0.200773090847298,-2.01640977987353,0.0467051716072032,"con","ALL","13","q","13q",-0.229044791524413,-1,"LUAD","plasma_cell"
"4974","13q14.2",-0.205504791965236,-1.99544017702369,0.0489854492252236,"con","ALL","13","q","13q",-0.229044791524413,-1,"LUAD","plasma_cell"
"4975","13q14.3",-0.203444064883475,-1.79878437536448,0.0753680384623049,"con","ALL","13","q","13q",-0.115888548193029,-1,"LUAD","plasma_cell"
"4976","13q21.33",-0.203637818377605,-1.75764242806802,0.0821711919298343,"con","ALL","13","q","13q",-0.0935961405131487,-1,"LUAD","plasma_cell"
"4977","13q22.2",-0.197185146458277,-1.66823065303411,0.0987074829079105,"con","ALL","13","q","13q",-0.0372195985970751,-1,"LUAD","plasma_cell"
"4978","13q22.3",-0.195465421683052,-1.62485798849046,0.107651552752521,"con","ALL","13","q","13q",-0.0372195985970751,-1,"LUAD","plasma_cell"
"4979","13q31.1",-0.200412794664067,-1.65261107859339,0.1018563772064,"con","ALL","13","q","13q",-0.0372195985970751,-1,"LUAD","plasma_cell"
"4980","13q32.1",-0.20178817466144,-1.66204392725964,0.0999451433936646,"con","ALL","13","q","13q",-0.0372195985970751,-1,"LUAD","plasma_cell"
"4981","13q32.2",-0.199170839416863,-1.61858889210484,0.108996696894722,"con","ALL","13","q","13q",-0.0372195985970751,-1,"LUAD","plasma_cell"
"4982","13q32.3",-0.197363074035263,-1.60875133410401,0.111134723044375,"con","ALL","13","q","13q",-0.0372195985970751,-1,"LUAD","plasma_cell"
"4983","13q33.3",-0.195556305428465,-1.5818127205048,0.117161925641851,"con","ALL","13","q","13q",-0.0334337290208549,-1,"LUAD","plasma_cell"
"4984","13q34",-0.184444554636299,-1.50135165571223,0.136726636144551,"con","ALL","13","q","13q",-0.0244677300290372,-1,"LUAD","plasma_cell"
"4985","14q11.2",0.602068976138366,4.57091183078503,1.524126519445e-05,"con","ALL","14","q","14q",2.06186671383484,1,"LUAD","plasma_cell"
"4986","14q12",0.501071594509705,3.85696227635397,0.00021401851286384,"con","ALL","14","q","14q",1.21546638728952,1,"LUAD","plasma_cell"
"4987","14q13.1",0.461893085543796,3.63538795774509,0.000459472591894997,"con","ALL","14","q","14q",1.05974937802961,1,"LUAD","plasma_cell"
"4988","14q13.2",0.425598248091963,3.43824172513819,0.000884955800636673,"con","ALL","14","q","14q",1.02537062066846,1,"LUAD","plasma_cell"
"4989","14q13.3",0.393563331805288,3.24104293066682,0.00166444122339437,"con","ALL","14","q","14q",0.97786177957211,1,"LUAD","plasma_cell"
"4990","14q21.1",0.377457512645519,3.10379163379011,0.00254604379009029,"con","ALL","14","q","14q",0.87586007321099,1,"LUAD","plasma_cell"
"4991","14q21.2",0.352357330148285,2.94598998532221,0.00408759846033611,"con","ALL","14","q","14q",0.747362859016352,1,"LUAD","plasma_cell"
"4992","14q21.3",0.324639120780955,2.78072860768356,0.00659149453114555,"con","ALL","14","q","14q",0.601995096573353,1,"LUAD","plasma_cell"
"4993","14q22.1",0.277134635604308,2.41413098697057,0.0177747493380721,"con","ALL","14","q","14q",0.457482246538632,1,"LUAD","plasma_cell"
"4994","14q22.3",0.229670159400835,2.03867095029132,0.0443844235685208,"con","ALL","14","q","14q",0.229044791524413,1,"LUAD","plasma_cell"
"4995","14q23.1",0.190671997224438,1.76078465365182,0.081634329260307,"con","ALL","14","q","14q",0.0935961405131487,1,"LUAD","plasma_cell"
"4996","14q23.2",0.163681154228604,1.53296519681718,0.128753794429455,"con","ALL","14","q","14q",0.0272222995492331,1,"LUAD","plasma_cell"
"4997","14q23.3",0.145714877114959,1.36127228882448,0.176788921176494,"con","ALL","14","q","14q",0,1,"LUAD","plasma_cell"
"4998","14q24.1",0.124134614253869,1.16023831004221,0.248986704350302,"con","ALL","14","q","14q",0,1,"LUAD","plasma_cell"
"4999","14q24.2",0.106680610237987,0.987490835998695,0.326020459845169,"con","ALL","14","q","14q",0,1,"LUAD","plasma_cell"
"5000","14q24.3",0.0998380758499642,0.849434587893378,0.397868699847691,"con","ALL","14","q","14q",0,1,"LUAD","plasma_cell"
"5001","14q32.11",0.106261958891794,0.825857881874333,0.41104465606693,"con","ALL","14","q","14q",0,1,"LUAD","plasma_cell"
"5002","14q32.12",0.11366186374803,0.858534346088552,0.392853235691409,"con","ALL","14","q","14q",0,1,"LUAD","plasma_cell"
"5003","14q32.2",0.131614155850654,0.962462382658868,0.338367961209313,"con","ALL","14","q","14q",0,1,"LUAD","plasma_cell"
"5004","14q32.31",0.136823792728558,0.993225038517601,0.323234006810129,"con","ALL","14","q","14q",0,1,"LUAD","plasma_cell"
"5005","14q32.32",0.152830207016691,1.09940100137627,0.274493239147672,"con","ALL","14","q","14q",0,1,"LUAD","plasma_cell"
"5006","14q32.33",0.170584048636951,1.29785043698472,0.197618837548527,"con","ALL","14","q","14q",0,1,"LUAD","plasma_cell"
"5007","15q14",-0.0259809981996896,-0.263764652181689,0.792557651082302,"con","ALL","15","q","15q",0,-1,"LUAD","plasma_cell"
"5008","15q15.1",-0.0402460988187009,-0.422850336835499,0.673402022616907,"con","ALL","15","q","15q",0,-1,"LUAD","plasma_cell"
"5009","15q15.2",-0.0473614125688967,-0.512897252487695,0.609266039063411,"con","ALL","15","q","15q",0,-1,"LUAD","plasma_cell"
"5010","15q15.3",-0.0462554394728625,-0.503519350177631,0.61581589352276,"con","ALL","15","q","15q",0,-1,"LUAD","plasma_cell"
"5011","15q21.1",-0.0432536988587742,-0.466208731593019,0.642180173087152,"con","ALL","15","q","15q",0,-1,"LUAD","plasma_cell"
"5012","15q21.2",-0.0487015829656291,-0.510182804519212,0.611158665059071,"con","ALL","15","q","15q",0,-1,"LUAD","plasma_cell"
"5013","15q21.3",-0.0594598713968151,-0.618292037789335,0.53792732704514,"con","ALL","15","q","15q",0,-1,"LUAD","plasma_cell"
"5014","15q22.1",-0.0670667686921004,-0.690195885728643,0.491827568609037,"con","ALL","15","q","15q",0,-1,"LUAD","plasma_cell"
"5015","15q22.2",-0.0751600960875273,-0.745132423396406,0.458111863805477,"con","ALL","15","q","15q",0,-1,"LUAD","plasma_cell"
"5016","15q22.31",-0.0910883986330381,-0.835202552961534,0.405791120666209,"con","ALL","15","q","15q",0,-1,"LUAD","plasma_cell"
"5017","15q23",-0.126719572563291,-1.06289983254843,0.29063990259795,"con","ALL","15","q","15q",0,-1,"LUAD","plasma_cell"
"5018","15q24.1",-0.148854947764254,-1.18181225252654,0.24035931816267,"con","ALL","15","q","15q",0,-1,"LUAD","plasma_cell"
"5019","15q24.2",-0.16591971384311,-1.27729903804126,0.204745985847309,"con","ALL","15","q","15q",0,-1,"LUAD","plasma_cell"
"5020","15q24.3",-0.178809713369634,-1.34274221817767,0.18269522883181,"con","ALL","15","q","15q",0,-1,"LUAD","plasma_cell"
"5021","15q25.1",-0.187255106141809,-1.38339615268351,0.169927905907683,"con","ALL","15","q","15q",0,-1,"LUAD","plasma_cell"
"5022","15q25.3",-0.195933837266338,-1.47771001614665,0.142938194484146,"con","ALL","15","q","15q",-0.0244677300290372,-1,"LUAD","plasma_cell"
"5023","15q26.1",-0.190293008617152,-1.45703663786443,0.148548376441919,"con","ALL","15","q","15q",-0.0244677300290372,-1,"LUAD","plasma_cell"
"5024","15q26.3",-0.175037900644948,-1.40982517375969,0.161999970942023,"con","ALL","15","q","15q",-0.0038557455157403,-1,"LUAD","plasma_cell"
"5025","16p13.3",-0.0146879087695475,-0.148144276432519,0.882556679451023,"con","ALL","16","p","16p",0,1,"LUAD","plasma_cell"
"5026","16p13.2",-0.0877707550850824,-0.750878820484471,0.454662915245143,"con","ALL","16","p","16p",0,1,"LUAD","plasma_cell"
"5027","16p13.13",-0.0993373130003251,-0.826861089483114,0.410478697501832,"con","ALL","16","p","16p",0,1,"LUAD","plasma_cell"
"5028","16p12.3",-0.111175647055431,-0.843439056010105,0.401194564169696,"con","ALL","16","p","16p",0,1,"LUAD","plasma_cell"
"5029","16p12.2",-0.115920936953336,-0.784374058221972,0.434857734111541,"con","ALL","16","p","16p",0,1,"LUAD","plasma_cell"
"5030","16p12.1",-0.125374713175957,-0.78743114545369,0.433075685570243,"con","ALL","16","p","16p",0,1,"LUAD","plasma_cell"
"5031","16p11.2",-0.172171613338209,-0.86048906732331,0.391780966250423,"con","ALL","16","p","16p",0,1,"LUAD","plasma_cell"
"5032","16q11.2",-0.25047918005708,-1.04822990829168,1,"con","ALL","16","q","16q",0,1,"LUAD","plasma_cell"
"5033","16q12.1",-0.243019557071924,-0.970905074237799,1,"con","ALL","16","q","16q",0,1,"LUAD","plasma_cell"
"5034","16q12.2",-0.227463861104508,-0.899165600294642,1,"con","ALL","16","q","16q",0,1,"LUAD","plasma_cell"
"5035","16q13",-0.20536435985072,-0.822107870031988,1,"con","ALL","16","q","16q",0,-1,"LUAD","plasma_cell"
"5036","16q21",-0.145658291411469,-0.611676726055302,1,"con","ALL","16","q","16q",0,-1,"LUAD","plasma_cell"
"5037","16q22.1",-0.115129404532246,-0.56496837102335,1,"con","ALL","16","q","16q",0,-1,"LUAD","plasma_cell"
"5038","16q22.2",-0.0399713495324802,-0.255908479898235,0.798599092965071,"con","ALL","16","q","16q",0,-1,"LUAD","plasma_cell"
"5039","16q23.1",-0.032313149743703,-0.222663431511494,0.824296475054752,"con","ALL","16","q","16q",0,-1,"LUAD","plasma_cell"
"5040","16q23.3",-0.0269506128728815,-0.216290638217085,0.829245320930638,"con","ALL","16","q","16q",0,-1,"LUAD","plasma_cell"
"5041","16q24.1",-0.0264571713848312,-0.232981478691454,0.816299027096958,"con","ALL","16","q","16q",0,-1,"LUAD","plasma_cell"
"5042","16q24.2",-0.0216209883108367,-0.205682252364568,0.837498553980503,"con","ALL","16","q","16q",0,-1,"LUAD","plasma_cell"
"5043","16q24.3",-0.016054923545623,-0.169553590866488,0.86573757575841,"con","ALL","16","q","16q",0,-1,"LUAD","plasma_cell"
"5044","17p13.3",-0.0966628737311736,-0.74931495125213,0.455600063256705,"con","ALL","17","p","17p",0,-1,"LUAD","plasma_cell"
"5045","17p13.2",-0.0771057839919503,-0.64342913494359,0.521563881763789,"con","ALL","17","p","17p",0,-1,"LUAD","plasma_cell"
"5046","17p13.1",-0.0974394404911798,-0.697311649012734,0.487385490181437,"con","ALL","17","p","17p",0,-1,"LUAD","plasma_cell"
"5047","17p12",-0.14805917105299,-0.851862456929149,0.396526721864021,"con","ALL","17","p","17p",0,-1,"LUAD","plasma_cell"
"5048","17p11.2",-0.17307114415704,-0.798850800267394,0.426456999757685,"con","ALL","17","p","17p",0,-1,"LUAD","plasma_cell"
"5049","17q11.1",-0.15056163789025,-0.595379748165759,1,"con","ALL","17","q","17q",0,1,"LUAD","plasma_cell"
"5050","17q11.2",-0.0819834866914508,-0.304016393415938,1,"con","ALL","17","q","17q",0,1,"LUAD","plasma_cell"
"5051","17q12",-0.0313662380998757,-0.221620986991134,0.825105514102889,"con","ALL","17","q","17q",0,1,"LUAD","plasma_cell"
"5052","17q21.1",-0.0285162079568628,-0.209274810726913,0.834701489504285,"con","ALL","17","q","17q",0,1,"LUAD","plasma_cell"
"5053","17q21.2",-0.00879547396059197,-0.066478436665064,0.947142761869789,"con","ALL","17","q","17q",0,1,"LUAD","plasma_cell"
"5054","17q21.31",0.00565397398783,0.0392637177343495,0.968766145260129,"con","ALL","17","q","17q",0,1,"LUAD","plasma_cell"
"5055","17q21.32",-0.0196937377322408,-0.122140074701535,0.903057409790254,"con","ALL","17","q","17q",0,1,"LUAD","plasma_cell"
"5056","17q21.33",-0.0196933559948179,-0.127016552738239,0.899207540383873,"con","ALL","17","q","17q",0,1,"LUAD","plasma_cell"
"5057","17q22",-0.0238135340763281,-0.156937169509502,0.875642036152712,"con","ALL","17","q","17q",0,1,"LUAD","plasma_cell"
"5058","17q23.1",-0.0228364926728943,-0.154597399749446,0.877481088393182,"con","ALL","17","q","17q",0,1,"LUAD","plasma_cell"
"5059","17q23.3",-0.0155774035218698,-0.106340000048978,0.915546670281283,"con","ALL","17","q","17q",0,1,"LUAD","plasma_cell"
"5060","17q24.2",0.0268518127382854,0.183861821724689,0.854530936489719,"con","ALL","17","q","17q",0,1,"LUAD","plasma_cell"
"5061","17q25.1",0.0797301131977417,0.545514203384502,0.586734613219209,"con","ALL","17","q","17q",0,1,"LUAD","plasma_cell"
"5062","17q25.3",0.14458239097695,1.22339400060875,0.224339420961587,"con","ALL","17","q","17q",0,1,"LUAD","plasma_cell"
"5063","18p11.32",-0.17886263733542,-1.5536469718114,0.123739754948916,"con","ALL","18","p","18p",-0.0332175545994984,-1,"LUAD","plasma_cell"
"5064","18p11.31",-0.187551939550731,-1.5884314381141,0.115657407556835,"con","ALL","18","p","18p",-0.0334337290208549,-1,"LUAD","plasma_cell"
"5065","18p11.22",-0.208554543398627,-1.61343523197841,0.110112596770154,"con","ALL","18","p","18p",-0.0372195985970751,-1,"LUAD","plasma_cell"
"5066","18p11.21",-0.243084404024761,-1.60797141998663,0.111305653991582,"con","ALL","18","p","18p",-0.0372195985970751,-1,"LUAD","plasma_cell"
"5067","18q11.1",-0.254181214565703,-1.55119184804243,0.12432674150619,"con","ALL","18","q","18q",-0.0332175545994984,-1,"LUAD","plasma_cell"
"5068","18q11.2",-0.256756809682576,-1.47836362583152,0.142763555839215,"con","ALL","18","q","18q",-0.0244677300290372,-1,"LUAD","plasma_cell"
"5069","18q12.2",-0.248526642053487,-1.25744459455845,1,"con","ALL","18","q","18q",0,-1,"LUAD","plasma_cell"
"5070","18q21.1",-0.216437571054325,-1.08555888258719,1,"con","ALL","18","q","18q",0,-1,"LUAD","plasma_cell"
"5071","18q21.31",-0.178615772722995,-0.913132251603689,1,"con","ALL","18","q","18q",0,-1,"LUAD","plasma_cell"
"5072","18q21.32",-0.167836454577136,-0.864900574095797,0.389367661151322,"con","ALL","18","q","18q",0,-1,"LUAD","plasma_cell"
"5073","18q21.33",-0.15484816435264,-0.801665282734846,0.424835018652594,"con","ALL","18","q","18q",0,-1,"LUAD","plasma_cell"
"5074","18q22.3",-0.14592876864861,-0.752881847446039,0.453464216380138,"con","ALL","18","q","18q",0,-1,"LUAD","plasma_cell"
"5075","18q23",-0.124132681157067,-0.643145851010133,0.52174682980797,"con","ALL","18","q","18q",0,-1,"LUAD","plasma_cell"
"5076","19p13.3",-0.150949784956503,-1.49226544822294,0.139088408065807,"con","ALL","19","p","19p",-0.0244677300290372,1,"LUAD","plasma_cell"
"5077","19p13.2",-0.33284299649731,-2.44816585863215,0.0162763950824499,"con","ALL","19","p","19p",-0.47197630424085,-1,"LUAD","plasma_cell"
"5078","19p13.13",-0.399395728453496,-2.82206710398576,0.00585917055490682,"con","ALL","19","p","19p",-0.623179629190514,-1,"LUAD","plasma_cell"
"5079","19p13.12",-0.466552307949183,-3.0007206551816,0.00347515121037822,"con","ALL","19","p","19p",-0.783095273343935,-1,"LUAD","plasma_cell"
"5080","19p13.11",-0.475640846964641,-2.44788977592155,0.0162880810614495,"con","ALL","19","p","19p",-0.47197630424085,-1,"LUAD","plasma_cell"
"5081","19q12",-0.159981436125749,-1.15160672130148,0.252499393188302,"con","ALL","19","q","19q",0,1,"LUAD","plasma_cell"
"5082","19q13.11",-0.126329862828386,-1.02855088451536,0.30641692022897,"con","ALL","19","q","19q",0,1,"LUAD","plasma_cell"
"5083","19q13.12",-0.0824674843260488,-0.781221184661474,0.436700119020867,"con","ALL","19","q","19q",0,1,"LUAD","plasma_cell"
"5084","19q13.2",-0.0570748224541114,-0.510880986544996,0.610671610523661,"con","ALL","19","q","19q",0,1,"LUAD","plasma_cell"
"5085","19q13.31",0.000631888307308334,0.00499554396426248,0.996025084250148,"con","ALL","19","q","19q",0,1,"LUAD","plasma_cell"
"5086","19q13.32",0.0690051131407278,0.559495060907837,0.577198412206009,"con","ALL","19","q","19q",0,-1,"LUAD","plasma_cell"
"5087","19q13.33",0.11658293819497,1.16580223721867,0.246740913319768,"con","ALL","19","q","19q",0,-1,"LUAD","plasma_cell"
"5088","19q13.41",0.122847554090666,1.37158832677773,0.173564051645486,"con","ALL","19","q","19q",0,-1,"LUAD","plasma_cell"
"5089","19q13.42",0.120704801386081,1.54689009173595,0.125360554420268,"con","ALL","19","q","19q",0.0332175545994984,1,"LUAD","plasma_cell"
"5090","19q13.43",0.121366856554222,1.65882332525442,0.100594389864673,"con","ALL","19","q","19q",0.0372195985970751,1,"LUAD","plasma_cell"
"5091","20p13",0.012434826205408,0.111642887067524,0.911352450951117,"con","ALL","20","p","20p",0,-1,"LUAD","plasma_cell"
"5092","20p12.3",0.044187461523689,0.351658505714931,0.725907357065757,"con","ALL","20","p","20p",0,-1,"LUAD","plasma_cell"
"5093","20p12.1",0.0728505874248272,0.527475047162767,0.599147453968442,"con","ALL","20","p","20p",0,-1,"LUAD","plasma_cell"
"5094","20p11.23",0.0971549460803656,0.65431683693857,0.514557986939192,"con","ALL","20","p","20p",0,-1,"LUAD","plasma_cell"
"5095","20p11.22",0.101655478718326,0.643664208696891,0.521412093888617,"con","ALL","20","p","20p",0,-1,"LUAD","plasma_cell"
"5096","20p11.21",0.104285536579429,0.632515922734784,0.528635933755118,"con","ALL","20","p","20p",0,-1,"LUAD","plasma_cell"
"5097","20q11.21",0.098245277833253,0.521484123506764,0.603296443721188,"con","ALL","20","q","20q",0,1,"LUAD","plasma_cell"
"5098","20q11.22",0.119431434821852,0.579723993750409,0.563533308989201,"con","ALL","20","q","20q",0,1,"LUAD","plasma_cell"
"5099","20q12",0.235317085638304,1.17714301727819,1,"con","ALL","20","q","20q",0,1,"LUAD","plasma_cell"
"5100","20q13.11",0.243444724072754,1.23027628561448,1,"con","ALL","20","q","20q",0,1,"LUAD","plasma_cell"
"5101","20q13.12",0.240243544681401,1.28760946528776,0.201146962219809,"con","ALL","20","q","20q",0,1,"LUAD","plasma_cell"
"5102","20q13.13",0.278599927203566,2.04004440333515,0.0442445372658136,"con","ALL","20","q","20q",0.229044791524413,1,"LUAD","plasma_cell"
"5103","20q13.2",0.273181805294167,2.27832075976579,0.0250479257736235,"con","ALL","20","q","20q",0.390184010321493,1,"LUAD","plasma_cell"
"5104","20q13.32",0.24476036110432,2.44061953851846,0.0165985236164578,"con","ALL","20","q","20q",0.47197630424085,1,"LUAD","plasma_cell"
"5105","20q13.33",0.220331911511672,2.53033556747066,0.0131138415439034,"con","ALL","20","q","20q",0.47197630424085,1,"LUAD","plasma_cell"
"5106","21q21.3",0.0286094283911068,0.293219588981799,0.770021944477343,"con","ALL","21","q","21q",0,1,"LUAD","plasma_cell"
"5107","21q22.11",0.0300256058867054,0.315033997136467,0.753457094156721,"con","ALL","21","q","21q",0,1,"LUAD","plasma_cell"
"5108","21q22.12",0.0387656191345712,0.409987500329059,0.682778707516414,"con","ALL","21","q","21q",0,1,"LUAD","plasma_cell"
"5109","21q22.13",0.04747690340359,0.510969079733189,0.610610168805008,"con","ALL","21","q","21q",0,1,"LUAD","plasma_cell"
"5110","21q22.2",0.0550290898394334,0.602597008459134,0.548275552225247,"con","ALL","21","q","21q",0,1,"LUAD","plasma_cell"
"5111","21q22.3",0.0664783007609639,0.759180804586984,0.449706481957738,"con","ALL","21","q","21q",0,1,"LUAD","plasma_cell"
"5112","22q11.21",0.131805567076364,0.778863328197403,0.43808091736807,"con","ALL","22","q","22q",0,1,"LUAD","plasma_cell"
"5113","22q11.22",0.117092613656493,0.624948582849381,0.533568750976371,"con","ALL","22","q","22q",0,1,"LUAD","plasma_cell"
"5114","22q11.23",0.0950019188274692,0.485516498714364,1,"con","ALL","22","q","22q",0,1,"LUAD","plasma_cell"
"5115","22q12.1",0.0563220473970705,0.273521088424082,0.785072521231211,"con","ALL","22","q","22q",0,1,"LUAD","plasma_cell"
"5116","22q12.2",0.0401677799814453,0.190876445427345,0.849047601706526,"con","ALL","22","q","22q",0,-1,"LUAD","plasma_cell"
"5117","22q12.3",0.0214377297538131,0.108983057649472,0.913455886998841,"con","ALL","22","q","22q",0,-1,"LUAD","plasma_cell"
"5118","22q13.1",-0.0180606672640507,-0.103129340517947,0.918087251257022,"con","ALL","22","q","22q",0,-1,"LUAD","plasma_cell"
"5119","22q13.2",-0.108592506919646,-0.616117309318851,0.53935522469269,"con","ALL","22","q","22q",0,-1,"LUAD","plasma_cell"
"5120","22q13.31",-0.190176992893442,-1.07490446410826,0.285259318166885,"con","ALL","22","q","22q",0,-1,"LUAD","plasma_cell"
"5121","22q13.33",-0.193432934751356,-1.09214888474528,0.2776506932266,"con","ALL","22","q","22q",0,-1,"LUAD","plasma_cell"
"5122","1p36.33",-0.037178538228173,-0.658516416340674,0.511869037505825,"con","ALL","1","p","1p",-0.00994513741605578,1,"LUAD","Treg"
"5123","1p36.32",-0.0355281221973245,-0.60492533223337,0.546734121053759,"con","ALL","1","p","1p",0,1,"LUAD","Treg"
"5124","1p36.31",-0.0344408297850153,-0.572153553160455,0.568628721859838,"con","ALL","1","p","1p",0,1,"LUAD","Treg"
"5125","1p36.23",-0.0354841930393797,-0.568359716151176,0.571190621136591,"con","ALL","1","p","1p",0,1,"LUAD","Treg"
"5126","1p36.22",-0.0365699272036267,-0.520620782314106,0.60389542847901,"con","ALL","1","p","1p",0,1,"LUAD","Treg"
"5127","1p36.21",-0.0417978285764045,-0.559678821060709,0.577073566921059,"con","ALL","1","p","1p",0,1,"LUAD","Treg"
"5128","1p36.13",-0.0484342846922668,-0.62291935674814,0.534895524116829,"con","ALL","1","p","1p",0,1,"LUAD","Treg"
"5129","1p36.12",-0.0586774483620132,-0.740612130145658,0.460835365957206,"con","ALL","1","p","1p",-0.0251355961343908,1,"LUAD","Treg"
"5130","1p36.11",-0.0648748208249549,-0.781327690936838,0.436637807464971,"con","ALL","1","p","1p",-0.0312776574064511,1,"LUAD","Treg"
"5131","1p35.3",-0.0956912961638756,-1.03812866178392,0.301960761890804,"con","ALL","1","p","1p",-0.103393714720729,1,"LUAD","Treg"
"5132","1p35.2",-0.118269149167193,-1.28238576510221,0.202964474212742,"con","ALL","1","p","1p",-0.17562035528967,1,"LUAD","Treg"
"5133","1p35.1",-0.123669345306888,-1.36835314418411,0.174570548701676,"con","ALL","1","p","1p",-0.209408015615689,1,"LUAD","Treg"
"5134","1p34.3",-0.105589924703831,-1.27023752228002,0.207238247721702,"con","ALL","1","p","1p",-0.17562035528967,1,"LUAD","Treg"
"5135","1p34.2",-0.0940039872140065,-1.27046705811035,0.207156885984167,"con","ALL","1","p","1p",-0.17562035528967,1,"LUAD","Treg"
"5136","1p34.1",-0.0794476200788074,-1.16385885311062,0.247523684478408,"con","ALL","1","p","1p",-0.14793616283465,1,"LUAD","Treg"
"5137","1p33",-0.0796787790147869,-1.14674596419812,0.254492897972073,"con","ALL","1","p","1p",-0.145522193670448,1,"LUAD","Treg"
"5138","1p32.3",-0.0819684644640351,-1.10906841143766,0.270323101824978,"con","ALL","1","p","1p",-0.127431241600277,1,"LUAD","Treg"
"5139","1p32.1",-0.067663508272928,-0.891957832365421,0.374768032343337,"con","ALL","1","p","1p",-0.058515021401867,1,"LUAD","Treg"
"5140","1p31.3",-0.0604976429792786,-0.73758451397587,0.462664655615043,"con","ALL","1","p","1p",-0.0251355961343908,1,"LUAD","Treg"
"5141","1p31.1",-0.0760131720478792,-0.841534046446867,0.402254860848366,"con","ALL","1","p","1p",-0.0452201494068939,1,"LUAD","Treg"
"5142","1p22.3",-0.0850560425882691,-0.903067766128963,1,"con","ALL","1","p","1p",0,-1,"LUAD","Treg"
"5143","1p22.2",-0.0912887368373758,-0.977082126114659,0.331118861418231,"con","ALL","1","p","1p",-0.0841212526413791,-1,"LUAD","Treg"
"5144","1p22.1",-0.071908638595552,-0.751710023752128,0.45416526671848,"con","ALL","1","p","1p",-0.0251355961343908,-1,"LUAD","Treg"
"5145","1p21.3",-0.0649657161398376,-0.640859104444532,0.523224864934706,"con","ALL","1","p","1p",-0.00187054737893312,-1,"LUAD","Treg"
"5146","1p21.2",-0.0492005770722645,-0.455910852693271,0.649540211548294,"con","ALL","1","p","1p",0,-1,"LUAD","Treg"
"5147","1p13.3",-0.125721154399058,-0.853161698197702,1,"con","ALL","1","p","1p",0,-1,"LUAD","Treg"
"5148","1p13.2",-0.271923495181731,-1.6067370769071,1,"con","ALL","1","p","1p",0,1,"LUAD","Treg"
"5149","1p13.1",-0.267928668509162,-1.95693157085629,0.0534207158002712,"con","ALL","1","p","1p",-0.562956338683908,1,"LUAD","Treg"
"5150","1p12",-0.257566548665085,-2.15634769909209,0.0336934643859339,"con","ALL","1","p","1p",-0.669133481483003,1,"LUAD","Treg"
"5151","1q21.1",-0.239734744746663,-2.28163922440656,0.0248428629702043,"con","ALL","1","q","1q",-0.724747353136461,1,"LUAD","Treg"
"5152","1q21.2",-0.205982948471985,-2.49086686411953,0.0145566496466738,"con","ALL","1","q","1q",-0.851034432379152,1,"LUAD","Treg"
"5153","1q21.3",-0.14312708662123,-2.80138595867954,0.00621567939202313,"con","ALL","1","q","1q",-0.998189374066637,1,"LUAD","Treg"
"5154","1q22",-0.124069664087403,-3.03011007645194,0.00318244375120823,"con","ALL","1","q","1q",-1.14006700591538,1,"LUAD","Treg"
"5155","1q23.1",-0.121071668305506,-2.88138542788573,0.00493802272526161,"con","ALL","1","q","1q",-0.998189374066637,1,"LUAD","Treg"
"5156","1q23.2",-0.119529323421939,-2.80656918055166,0.00612451125832555,"con","ALL","1","q","1q",-0.998189374066637,1,"LUAD","Treg"
"5157","1q23.3",-0.11958609267909,-2.64747724916701,0.009557636974535,"con","ALL","1","q","1q",-0.963507207147508,1,"LUAD","Treg"
"5158","1q24.1",-0.119500720269642,-2.51092765176681,0.0138064273760528,"con","ALL","1","q","1q",-0.851034432379152,1,"LUAD","Treg"
"5159","1q24.2",-0.116594560690931,-2.38890964765136,0.0189631226134197,"con","ALL","1","q","1q",-0.786521815990981,1,"LUAD","Treg"
"5160","1q24.3",-0.112609534981426,-2.25699206961997,0.0264018262059275,"con","ALL","1","q","1q",-0.709744490857319,1,"LUAD","Treg"
"5161","1q25.1",-0.11402760621965,-2.2332184053866,0.0279862932807671,"con","ALL","1","q","1q",-0.70818701642265,1,"LUAD","Treg"
"5162","1q25.2",-0.11404280123879,-2.22688824852438,0.0284219879444606,"con","ALL","1","q","1q",-0.70818701642265,1,"LUAD","Treg"
"5163","1q25.3",-0.114092175617927,-2.21397051511568,0.0293295579275224,"con","ALL","1","q","1q",-0.701861502580718,1,"LUAD","Treg"
"5164","1q31.1",-0.115930965201521,-2.23962632991133,0.0275512177863382,"con","ALL","1","q","1q",-0.70818701642265,1,"LUAD","Treg"
"5165","1q31.2",-0.114823898442434,-2.22488133620877,0.0285613551502937,"con","ALL","1","q","1q",-0.70818701642265,1,"LUAD","Treg"
"5166","1q32.1",-0.107804512655717,-2.12597038555823,0.0362135776057857,"con","ALL","1","q","1q",-0.64980412926519,1,"LUAD","Treg"
"5167","1q32.2",-0.107338728848284,-2.08278861427351,0.0400762381055184,"con","ALL","1","q","1q",-0.624272018423337,1,"LUAD","Treg"
"5168","1q32.3",-0.103812846305905,-1.93871749814694,0.0556345790754264,"con","ALL","1","q","1q",-0.552621370511753,1,"LUAD","Treg"
"5169","1q41",-0.0903047479068173,-1.63497131275063,0.105509759708602,"con","ALL","1","q","1q",-0.345446740610826,1,"LUAD","Treg"
"5170","1q42.11",-0.0863943199407817,-1.5394579873486,0.127162699082942,"con","ALL","1","q","1q",-0.282042222015463,1,"LUAD","Treg"
"5171","1q42.12",-0.078056395073206,-1.36124716395933,0.176796830429761,"con","ALL","1","q","1q",-0.20692827332573,1,"LUAD","Treg"
"5172","1q42.13",-0.0706710789937273,-1.19466419332868,0.235322741187969,"con","ALL","1","q","1q",-0.157528081843797,1,"LUAD","Treg"
"5173","1q42.2",-0.055022335914871,-0.911430251793688,0.364476827250997,"con","ALL","1","q","1q",-0.0659930941955956,1,"LUAD","Treg"
"5174","1q42.3",-0.0473056659303603,-0.784149828433246,0.434988612158134,"con","ALL","1","q","1q",-0.0312776574064511,1,"LUAD","Treg"
"5175","1q43",-0.0475583704071587,-0.786795187509283,0.433446046302117,"con","ALL","1","q","1q",-0.0312776574064511,1,"LUAD","Treg"
"5176","1q44",-0.0494398040339429,-0.825955894892293,0.410989341370369,"con","ALL","1","q","1q",-0.0419943098703273,1,"LUAD","Treg"
"5177","2p25.3",0.146831479639421,1.42125175130244,0.158661492283428,"con","ALL","2","p","2p",0.231936919735086,1,"LUAD","Treg"
"5178","2p25.1",0.186089057411659,1.61406930711674,0.109974810141806,"con","ALL","2","p","2p",0.333928281207227,1,"LUAD","Treg"
"5179","2p24.1",0.235044413607471,1.85502947069296,0.0668298458067365,"con","ALL","2","p","2p",0.499098520554309,1,"LUAD","Treg"
"5180","2p23.3",0.30091775715812,2.12146610198954,1,"con","ALL","2","p","2p",0,1,"LUAD","Treg"
"5181","2p23.2",0.401526938123864,2.68414593073153,1,"con","ALL","2","p","2p",0,1,"LUAD","Treg"
"5182","2p22.3",0.433589910210265,2.95826115299486,1,"con","ALL","2","p","2p",0,1,"LUAD","Treg"
"5183","2p22.2",0.4508124445353,3.31350890171989,1,"con","ALL","2","p","2p",0,1,"LUAD","Treg"
"5184","2p22.1",0.447444694479337,3.59068162545083,1,"con","ALL","2","p","2p",0,1,"LUAD","Treg"
"5185","2p21",0.458895903867792,3.99775092588067,1,"con","ALL","2","p","2p",0,-1,"LUAD","Treg"
"5186","2p16.2",0.431835451959664,4.12069534077588,1,"con","ALL","2","p","2p",0,-1,"LUAD","Treg"
"5187","2p16.1",0.420677663333655,4.13378637571589,1,"con","ALL","2","p","2p",0,-1,"LUAD","Treg"
"5188","2p15",0.407888590785636,4.17125429240915,1,"con","ALL","2","p","2p",0,1,"LUAD","Treg"
"5189","2p14",0.407632896100861,4.14509055296294,1,"con","ALL","2","p","2p",0,1,"LUAD","Treg"
"5190","2p13.3",0.393364807025768,3.93981151209378,1,"con","ALL","2","p","2p",0,1,"LUAD","Treg"
"5191","2p13.2",0.378806429932797,3.67634530064772,1,"con","ALL","2","p","2p",0,1,"LUAD","Treg"
"5192","2p13.1",0.391009067053941,3.62684599802284,1,"con","ALL","2","p","2p",0,1,"LUAD","Treg"
"5193","2p12",0.402840548165239,3.57474059891462,1,"con","ALL","2","p","2p",0,1,"LUAD","Treg"
"5194","2p11.2",0.395490493007252,3.45133336697701,1,"con","ALL","2","p","2p",0,1,"LUAD","Treg"
"5195","2q11.1",0.399573330115906,3.42687955474849,1,"con","ALL","2","q","2q",0,1,"LUAD","Treg"
"5196","2q11.2",0.393606202597267,3.16491328909006,1,"con","ALL","2","q","2q",0,1,"LUAD","Treg"
"5197","2q12.2",0.355938920145043,2.64813745426842,1,"con","ALL","2","q","2q",0,1,"LUAD","Treg"
"5198","2q12.3",0.35197604232351,2.59664131636799,1,"con","ALL","2","q","2q",0,1,"LUAD","Treg"
"5199","2q13",0.346207545956463,2.52803436388289,1,"con","ALL","2","q","2q",0,1,"LUAD","Treg"
"5200","2q14.1",0.325333131257183,2.33511016147828,1,"con","ALL","2","q","2q",0,1,"LUAD","Treg"
"5201","2q14.2",0.339986466438866,2.40359460455002,1,"con","ALL","2","q","2q",0,1,"LUAD","Treg"
"5202","2q14.3",0.292962818820215,2.06977935089547,1,"con","ALL","2","q","2q",0,1,"LUAD","Treg"
"5203","2q21.1",0.247139950228186,1.68824375141647,1,"con","ALL","2","q","2q",0,1,"LUAD","Treg"
"5204","2q21.3",0.222129432136555,1.53919238791974,1,"con","ALL","2","q","2q",0,1,"LUAD","Treg"
"5205","2q23.2",0.212978759900337,1.48552009157213,1,"con","ALL","2","q","2q",0,1,"LUAD","Treg"
"5206","2q23.3",0.179790736987533,1.2495695590346,1,"con","ALL","2","q","2q",0,1,"LUAD","Treg"
"5207","2q24.2",0.157793044608708,1.08972675893972,1,"con","ALL","2","q","2q",0,1,"LUAD","Treg"
"5208","2q31.1",0.174945455446372,1.20520028002778,1,"con","ALL","2","q","2q",0,1,"LUAD","Treg"
"5209","2q31.2",0.153264207172584,0.958029898585163,1,"con","ALL","2","q","2q",0,1,"LUAD","Treg"
"5210","2q31.3",0.137649656277809,0.839330518863107,1,"con","ALL","2","q","2q",0,1,"LUAD","Treg"
"5211","2q32.1",0.147917009562384,0.886228127154971,1,"con","ALL","2","q","2q",0,1,"LUAD","Treg"
"5212","2q32.3",0.126053885982057,0.7458010249847,1,"con","ALL","2","q","2q",0,1,"LUAD","Treg"
"5213","2q33.1",0.0996069716723114,0.546002089155398,1,"con","ALL","2","q","2q",0,1,"LUAD","Treg"
"5214","2q33.2",-0.00437051148553531,-0.022986700266076,1,"con","ALL","2","q","2q",0,1,"LUAD","Treg"
"5215","2q34",-0.0255131622995677,-0.146914635665492,1,"con","ALL","2","q","2q",0,1,"LUAD","Treg"
"5216","2q35",-0.0302139853860553,-0.190749707121829,1,"con","ALL","2","q","2q",0,1,"LUAD","Treg"
"5217","2q36.1",-0.0457800176009179,-0.319600185915786,0.750004004499485,"con","ALL","2","q","2q",0,1,"LUAD","Treg"
"5218","2q36.3",-0.0474766005532418,-0.341050971147035,0.733851396266559,"con","ALL","2","q","2q",0,1,"LUAD","Treg"
"5219","2q37.1",-0.0385610135419994,-0.301953245283096,0.763376716596682,"con","ALL","2","q","2q",0,1,"LUAD","Treg"
"5220","2q37.3",-0.0475879688459858,-0.403807471138589,0.687301667635094,"con","ALL","2","q","2q",0,1,"LUAD","Treg"
"5221","3p26.2",-0.061947610414999,-0.776552822588751,0.43943645904982,"con","ALL","3","p","3p",-0.0301264411227807,-1,"LUAD","Treg"
"5222","3p26.1",-0.0613999628502153,-0.773328665660978,0.441332112944191,"con","ALL","3","p","3p",-0.0298744841500625,-1,"LUAD","Treg"
"5223","3p25.3",-0.0608909464602005,-0.782081720797816,0.436196810817811,"con","ALL","3","p","3p",-0.0312776574064511,-1,"LUAD","Treg"
"5224","3p25.2",-0.0511970828023064,-0.665730939859771,0.507267107396729,"con","ALL","3","p","3p",-0.0124074805480206,-1,"LUAD","Treg"
"5225","3p25.1",-0.0450124630195776,-0.589698638091457,0.556854052193215,"con","ALL","3","p","3p",0,-1,"LUAD","Treg"
"5226","3p24.3",-0.0403529097108111,-0.545955071147852,0.586432771525382,"con","ALL","3","p","3p",0,-1,"LUAD","Treg"
"5227","3p24.2",-0.0426558014343136,-0.580569538743917,0.562965592449774,"con","ALL","3","p","3p",0,-1,"LUAD","Treg"
"5228","3p24.1",-0.0416731547592107,-0.573496717869102,0.567723050652474,"con","ALL","3","p","3p",0,-1,"LUAD","Treg"
"5229","3p23",-0.0391658793446228,-0.5406145105849,0.590094120864546,"con","ALL","3","p","3p",0,-1,"LUAD","Treg"
"5230","3p22.3",-0.037171330989837,-0.511964537151704,0.609916068158451,"con","ALL","3","p","3p",0,-1,"LUAD","Treg"
"5231","3p22.2",-0.0342923431019339,-0.468081514627107,0.64084547161463,"con","ALL","3","p","3p",0,-1,"LUAD","Treg"
"5232","3p22.1",-0.0394958689403884,-0.524819981008418,0.600984587650779,"con","ALL","3","p","3p",0,-1,"LUAD","Treg"
"5233","3p21.33",-0.0527436216020097,-0.67600755791645,0.500750294872868,"con","ALL","3","p","3p",-0.0126808912439826,-1,"LUAD","Treg"
"5234","3p21.31",-0.103354195107289,-1.18460930933938,0.239256651270418,"con","ALL","3","p","3p",-0.157528081843797,-1,"LUAD","Treg"
"5235","3p21.2",-0.150109464882401,-1.44370362823271,1,"con","ALL","3","p","3p",0,-1,"LUAD","Treg"
"5236","3p21.1",-0.186590229063741,-1.59361393185209,1,"con","ALL","3","p","3p",0,-1,"LUAD","Treg"
"5237","3p14.3",-0.23189671213638,-1.8155368348727,1,"con","ALL","3","p","3p",0,-1,"LUAD","Treg"
"5238","3p14.1",-0.258328728624455,-1.92796391421931,1,"con","ALL","3","p","3p",0,-1,"LUAD","Treg"
"5239","3p13",-0.245505781527325,-1.82778127897862,1,"con","ALL","3","p","3p",0,-1,"LUAD","Treg"
"5240","3p11.2",-0.260950354803674,-1.90280422246415,1,"con","ALL","3","p","3p",0,-1,"LUAD","Treg"
"5241","3p11.1",-0.269712381296414,-1.94011269041756,1,"con","ALL","3","p","3p",0,-1,"LUAD","Treg"
"5242","3q11.2",-0.265166206785657,-1.855362652985,1,"con","ALL","3","q","3q",0,-1,"LUAD","Treg"
"5243","3q12.2",-0.170269520021202,-1.23367744406184,1,"con","ALL","3","q","3q",0,1,"LUAD","Treg"
"5244","3q12.3",-0.167730230398887,-1.21008670830588,1,"con","ALL","3","q","3q",0,1,"LUAD","Treg"
"5245","3q13.12",-0.1601757667283,-1.1822684171491,1,"con","ALL","3","q","3q",0,1,"LUAD","Treg"
"5246","3q13.13",-0.152657068189439,-1.13978658879286,1,"con","ALL","3","q","3q",0,1,"LUAD","Treg"
"5247","3q13.2",-0.14351505419176,-1.07805898162395,1,"con","ALL","3","q","3q",0,1,"LUAD","Treg"
"5248","3q13.31",-0.129998018196377,-0.986682218680614,1,"con","ALL","3","q","3q",0,1,"LUAD","Treg"
"5249","3q13.33",-0.104219668110638,-0.858831405798327,0.392690166098201,"con","ALL","3","q","3q",-0.0539582291476145,1,"LUAD","Treg"
"5250","3q21.1",-0.0786431821645489,-0.709176864300131,0.480027749735827,"con","ALL","3","q","3q",-0.0189690922285012,1,"LUAD","Treg"
"5251","3q21.3",-0.033182308945845,-0.324388073932807,0.746388721851883,"con","ALL","3","q","3q",0,1,"LUAD","Treg"
"5252","3q22.1",0.00487336676368351,0.0485324441027715,0.96139826743486,"con","ALL","3","q","3q",0,1,"LUAD","Treg"
"5253","3q22.2",0.0320452034344828,0.322759148525145,0.747618073723388,"con","ALL","3","q","3q",0,-1,"LUAD","Treg"
"5254","3q22.3",0.0718574215352438,0.748330682605345,0.456190452032416,"con","ALL","3","q","3q",0.0251355961343908,-1,"LUAD","Treg"
"5255","3q23",0.113526862825744,1.28708211072302,0.201329898165625,"con","ALL","3","q","3q",0.17562035528967,-1,"LUAD","Treg"
"5256","3q24",0.136036721877141,1.72562960520155,0.0878082893298547,"con","ALL","3","q","3q",0.408562186887878,-1,"LUAD","Treg"
"5257","3q25.1",0.165229686316396,2.37522220314806,0.0196371741394455,"con","ALL","3","q","3q",0.784317654914434,-1,"LUAD","Treg"
"5258","3q25.2",0.178539025157175,2.86234180119252,0.00521812805042629,"con","ALL","3","q","3q",0.998189374066637,-1,"LUAD","Treg"
"5259","3q25.31",0.183518695713427,3.11603865424822,0.00245250618922659,"con","ALL","3","q","3q",1.20065414876803,-1,"LUAD","Treg"
"5260","3q25.32",0.186920055331345,3.2511678480271,0.00161228588625873,"con","ALL","3","q","3q",1.33847567702551,-1,"LUAD","Treg"
"5261","3q25.33",0.188985582301453,3.53685709060713,0.000639443221132834,"con","ALL","3","q","3q",1.66953466729979,-1,"LUAD","Treg"
"5262","3q26.1",0.192043859161373,3.77329661145726,0.000286537586913291,"con","ALL","3","q","3q",1.99182611711856,-1,"LUAD","Treg"
"5263","3q26.2",0.192524819479094,4.04313688040415,0.000110247928224595,"con","ALL","3","q","3q",2.37860855569153,-1,"LUAD","Treg"
"5264","3q26.31",0.192029326978421,4.11852548894939,8.38293324919675e-05,"con","ALL","3","q","3q",2.43543507789702,-1,"LUAD","Treg"
"5265","3q26.32",0.188003092086996,4.32711173646579,3.86825641607331e-05,"con","ALL","3","q","3q",2.73655372510127,-1,"LUAD","Treg"
"5266","3q26.33",0.173420922391511,4.64866838309266,1.12575221106159e-05,"con","ALL","3","q","3q",3.23483761014048,-1,"LUAD","Treg"
"5267","3q27.1",0.160312838096244,4.8982206258786,4.18034063303848e-06,"con","ALL","3","q","3q",3.52676604910375,-1,"LUAD","Treg"
"5268","3q27.2",0.156282653895494,5.01219415752654,2.63552770281919e-06,"con","ALL","3","q","3q",3.66911818804515,-1,"LUAD","Treg"
"5269","3q27.3",0.15594889882923,5.0691087892335,2.08909099021582e-06,"con","ALL","3","q","3q",3.66911818804515,-1,"LUAD","Treg"
"5270","3q29",0.14592241291659,5.24258002214328,1.02086386483939e-06,"con","ALL","3","q","3q",3.8058744589192,-1,"LUAD","Treg"
"5271","4p16.3",-0.0514971236011898,-0.561936333805079,0.575540886008716,"con","ALL","4","p","4p",0,-1,"LUAD","Treg"
"5272","4p16.1",-0.0706518138627963,-0.744599750748669,0.458432324233662,"con","ALL","4","p","4p",-0.0251355961343908,1,"LUAD","Treg"
"5273","4p15.32",-0.0888048100623206,-0.915830138392269,0.362176578867819,"con","ALL","4","p","4p",-0.0661786132627044,1,"LUAD","Treg"
"5274","4p15.2",-0.0985730427773066,-1.00916049898858,0.315573502330574,"con","ALL","4","p","4p",-0.0921401782670353,1,"LUAD","Treg"
"5275","4p14",-0.123942648847292,-1.1834040280922,0.239731356547209,"con","ALL","4","p","4p",-0.157528081843797,1,"LUAD","Treg"
"5276","4p13",-0.127544826083247,-1.14943427025153,0.253388992327047,"con","ALL","4","p","4p",-0.145522193670448,1,"LUAD","Treg"
"5277","4p12",-0.137792557238491,-1.22328498427005,0.224380381529501,"con","ALL","4","p","4p",-0.16574445799379,1,"LUAD","Treg"
"5278","4p11",-0.141165231424515,-1.24718058452311,0.215531598225029,"con","ALL","4","p","4p",-0.17008156227428,1,"LUAD","Treg"
"5279","4q12",-0.171558919041284,-1.48572131034322,1,"con","ALL","4","q","4q",0,1,"LUAD","Treg"
"5280","4q13.2",-0.198956322974549,-1.66054001395592,1,"con","ALL","4","q","4q",0,1,"LUAD","Treg"
"5281","4q21.1",-0.284175614769001,-2.07389552009906,1,"con","ALL","4","q","4q",0,1,"LUAD","Treg"
"5282","4q21.22",-0.328513289839618,-2.3302280519816,1,"con","ALL","4","q","4q",0,1,"LUAD","Treg"
"5283","4q21.23",-0.340972545328256,-2.40695230989334,1,"con","ALL","4","q","4q",0,1,"LUAD","Treg"
"5284","4q22.1",-0.331768629695857,-2.3392420766401,1,"con","ALL","4","q","4q",0,1,"LUAD","Treg"
"5285","4q22.3",-0.318039814613479,-2.23701434381134,1,"con","ALL","4","q","4q",0,-1,"LUAD","Treg"
"5286","4q23",-0.255707558019053,-1.90962580926778,1,"con","ALL","4","q","4q",0,-1,"LUAD","Treg"
"5287","4q24",-0.257331260446555,-1.96656650010106,1,"con","ALL","4","q","4q",0,-1,"LUAD","Treg"
"5288","4q25",-0.253492742573593,-1.98133380506014,1,"con","ALL","4","q","4q",0,-1,"LUAD","Treg"
"5289","4q27",-0.228412146105168,-1.76360265211282,1,"con","ALL","4","q","4q",0,-1,"LUAD","Treg"
"5290","4q31.1",-0.185428653340513,-1.44409348553227,1,"con","ALL","4","q","4q",0,-1,"LUAD","Treg"
"5291","4q31.21",-0.171888808207963,-1.34960365132313,1,"con","ALL","4","q","4q",0,-1,"LUAD","Treg"
"5292","4q31.22",-0.162110969706037,-1.27629940123618,1,"con","ALL","4","q","4q",0,-1,"LUAD","Treg"
"5293","4q32.1",-0.154971423591761,-1.18594481998248,1,"con","ALL","4","q","4q",0,1,"LUAD","Treg"
"5294","4q32.2",-0.157175940937118,-1.19653971416239,1,"con","ALL","4","q","4q",0,1,"LUAD","Treg"
"5295","4q34.1",-0.155904257533828,-1.21728362040462,1,"con","ALL","4","q","4q",0,1,"LUAD","Treg"
"5296","4q34.2",-0.152279134981826,-1.1985029818382,1,"con","ALL","4","q","4q",0,1,"LUAD","Treg"
"5297","4q35.1",-0.159867074759314,-1.28238079445581,1,"con","ALL","4","q","4q",0,1,"LUAD","Treg"
"5298","5p15.33",-0.0556979764647699,-1.22748500669055,0.222806237892806,"con","ALL","5","p","5p",-0.166473332234524,1,"LUAD","Treg"
"5299","5p15.31",-0.0626933400966315,-1.26891629821929,0.207707029845377,"con","ALL","5","p","5p",-0.17562035528967,1,"LUAD","Treg"
"5300","5p15.2",-0.0678397999181282,-1.31552074733541,0.191639804403801,"con","ALL","5","p","5p",-0.187711296404927,1,"LUAD","Treg"
"5301","5p15.1",-0.0790127343141335,-1.40702128240783,0.162827356446926,"con","ALL","5","p","5p",-0.223492059748743,1,"LUAD","Treg"
"5302","5p13.3",-0.0899055316537069,-1.50855073943744,0.134877812075515,"con","ALL","5","p","5p",-0.267235565571178,1,"LUAD","Treg"
"5303","5p13.1",-0.120336453465998,-1.74968879500978,0.083543120784748,"con","ALL","5","p","5p",-0.426780760094791,1,"LUAD","Treg"
"5304","5p12",-0.131972268942644,-1.8615494999932,0.0658945976316299,"con","ALL","5","p","5p",-0.501584884575636,1,"LUAD","Treg"
"5305","5q11.1",-0.172765738487867,-2.23811391635504,0.0276533671662355,"con","ALL","5","q","5q",-0.70818701642265,1,"LUAD","Treg"
"5306","5q11.2",-0.18743357518057,-2.39066440692449,0.0188782120632386,"con","ALL","5","q","5q",-0.786521815990981,1,"LUAD","Treg"
"5307","5q12.1",-0.181424130161844,-2.36248713609478,0.0202833406712456,"con","ALL","5","q","5q",-0.776597339380846,1,"LUAD","Treg"
"5308","5q12.3",-0.160107074826696,-2.15434165129782,0.0338550569560056,"con","ALL","5","q","5q",-0.669133481483003,1,"LUAD","Treg"
"5309","5q13.1",-0.149262146070258,-2.06347293340568,0.041915971874463,"con","ALL","5","q","5q",-0.612602323338331,1,"LUAD","Treg"
"5310","5q13.2",-0.124474408994436,-1.86270955605212,0.0657293508359412,"con","ALL","5","q","5q",-0.501584884575636,1,"LUAD","Treg"
"5311","5q13.3",-0.117942453811108,-1.8672558009196,0.0650850940111845,"con","ALL","5","q","5q",-0.501584884575636,-1,"LUAD","Treg"
"5312","5q14.1",-0.12215814950778,-1.9781102199797,0.0509409970515312,"con","ALL","5","q","5q",-0.579212977748033,-1,"LUAD","Treg"
"5313","5q14.2",-0.137929438883713,-2.31726546080125,0.0227327762283581,"con","ALL","5","q","5q",-0.746167729476769,-1,"LUAD","Treg"
"5314","5q14.3",-0.146277889498698,-2.48441238773301,0.0148056854492039,"con","ALL","5","q","5q",-0.851034432379152,-1,"LUAD","Treg"
"5315","5q15",-0.160542026207555,-2.72397567982365,0.0077333626581321,"con","ALL","5","q","5q",-0.963507207147508,-1,"LUAD","Treg"
"5316","5q21.1",-0.164807460874604,-2.78026031494635,0.00660024992272657,"con","ALL","5","q","5q",-0.998189374066637,-1,"LUAD","Treg"
"5317","5q21.3",-0.165830324884096,-2.76544630461739,0.00688276539596816,"con","ALL","5","q","5q",-0.998189374066637,-1,"LUAD","Treg"
"5318","5q22.2",-0.171989116611181,-2.79957439757584,0.00624783486712545,"con","ALL","5","q","5q",-0.998189374066637,-1,"LUAD","Treg"
"5319","5q22.3",-0.170650374791981,-2.70826246711761,0.00807992019731644,"con","ALL","5","q","5q",-0.963507207147508,-1,"LUAD","Treg"
"5320","5q23.1",-0.175115087282484,-2.76760602378287,0.00684090145776662,"con","ALL","5","q","5q",-0.998189374066637,-1,"LUAD","Treg"
"5321","5q23.2",-0.180204552471671,-2.85052302045061,0.00539922852779821,"con","ALL","5","q","5q",-0.998189374066637,-1,"LUAD","Treg"
"5322","5q31.1",-0.182537590414538,-3.1247330357862,0.00238805316268219,"con","ALL","5","q","5q",-1.20065414876803,1,"LUAD","Treg"
"5323","5q31.2",-0.173293327914201,-3.25572815173196,0.00158929785174299,"con","ALL","5","q","5q",-1.33847567702551,1,"LUAD","Treg"
"5324","5q31.3",-0.157326348803699,-3.08878563907884,0.00266517332680342,"con","ALL","5","q","5q",-1.19937351714099,1,"LUAD","Treg"
"5325","5q32",-0.131455305608979,-2.8010079128394,0.00622237722915979,"con","ALL","5","q","5q",-0.998189374066637,1,"LUAD","Treg"
"5326","5q33.1",-0.125269616000291,-2.70742389854137,0.00809880625380964,"con","ALL","5","q","5q",-0.963507207147508,1,"LUAD","Treg"
"5327","5q33.2",-0.124285871002063,-2.69421138017766,0.00840172583931965,"con","ALL","5","q","5q",-0.963507207147508,1,"LUAD","Treg"
"5328","5q33.3",-0.120936219627918,-2.67644715271438,0.00882523631381071,"con","ALL","5","q","5q",-0.963507207147508,1,"LUAD","Treg"
"5329","5q34",-0.119051405745216,-2.68334195403216,0.00865860950077924,"con","ALL","5","q","5q",-0.963507207147508,1,"LUAD","Treg"
"5330","5q35.1",-0.121011372398033,-2.77467080857007,0.00670557737045005,"con","ALL","5","q","5q",-0.998189374066637,1,"LUAD","Treg"
"5331","5q35.2",-0.127598408228685,-2.96854421468128,0.00382404881754896,"con","ALL","5","q","5q",-1.07733765376227,1,"LUAD","Treg"
"5332","5q35.3",-0.13108565738448,-3.32122139713867,0.00129122712003516,"con","ALL","5","q","5q",-1.38915759961561,1,"LUAD","Treg"
"5333","6p25.2",-0.086968782303987,-0.883815020913619,0.379125146508868,"con","ALL","6","p","6p",-0.0552712268222394,1,"LUAD","Treg"
"5334","6p25.1",-0.0826135995395183,-0.865949480778679,0.388795214717092,"con","ALL","6","p","6p",-0.0539582291476145,1,"LUAD","Treg"
"5335","6p24.3",-0.0801437990025899,-0.868926447889227,0.387173357911203,"con","ALL","6","p","6p",-0.0539582291476145,1,"LUAD","Treg"
"5336","6p24.2",-0.0892661008859247,-1.00095998205254,0.319500396102283,"con","ALL","6","p","6p",-0.091183920897932,1,"LUAD","Treg"
"5337","6p23",-0.0856726335664843,-0.97026478312756,0.334486397323405,"con","ALL","6","p","6p",-0.0841212526413791,1,"LUAD","Treg"
"5338","6p22.3",-0.0918872951737203,-1.19183842836545,0.236423572682891,"con","ALL","6","p","6p",-0.157528081843797,1,"LUAD","Treg"
"5339","6p22.2",-0.081136214204713,-1.10640347768859,0.271468215495145,"con","ALL","6","p","6p",-0.127431241600277,1,"LUAD","Treg"
"5340","6p22.1",-0.0682220051979836,-0.988086439670758,0.325730298225673,"con","ALL","6","p","6p",-0.0880554338904345,1,"LUAD","Treg"
"5341","6p21.33",-0.0552774356075772,-0.896844242521242,0.372168545036216,"con","ALL","6","p","6p",-0.0597543425849367,1,"LUAD","Treg"
"5342","6p21.32",-0.0400816284907659,-0.675559350164312,0.501033577405232,"con","ALL","6","p","6p",-0.0126808912439826,1,"LUAD","Treg"
"5343","6p21.31",-0.0257681502709998,-0.40545398980253,0.686095514257024,"con","ALL","6","p","6p",0,1,"LUAD","Treg"
"5344","6p21.2",-0.0145344580598482,-0.198731446924922,0.842916155669204,"con","ALL","6","p","6p",0,1,"LUAD","Treg"
"5345","6p21.1",-0.0120915915956851,-0.136758778479565,0.891523578993879,"con","ALL","6","p","6p",0,1,"LUAD","Treg"
"5346","6p12.1",0.0138327480319541,0.140504077587395,0.888572271042583,"con","ALL","6","p","6p",0,1,"LUAD","Treg"
"5347","6q12",0.0188059866800337,0.202919673497163,0.839650842748286,"con","ALL","6","q","6q",0,1,"LUAD","Treg"
"5348","6q13",0.0234113951434067,0.261279664070206,0.794467271823887,"con","ALL","6","q","6q",0,1,"LUAD","Treg"
"5349","6q14.1",0.0304980311660408,0.371363621545582,0.711229943826387,"con","ALL","6","q","6q",0,1,"LUAD","Treg"
"5350","6q14.3",0.038503640912848,0.533563617861926,0.594944357746096,"con","ALL","6","q","6q",0,1,"LUAD","Treg"
"5351","6q15",0.0430892364730698,0.637914922961987,0.525131044049964,"con","ALL","6","q","6q",0.00174129519260248,1,"LUAD","Treg"
"5352","6q16.1",0.0405078276655858,0.626519939694238,0.532542510164937,"con","ALL","6","q","6q",0,1,"LUAD","Treg"
"5353","6q16.2",0.0372874780106355,0.59964646551621,0.550232044129392,"con","ALL","6","q","6q",0,1,"LUAD","Treg"
"5354","6q21",0.0350176318811286,0.592609450004996,0.554912321041406,"con","ALL","6","q","6q",0,-1,"LUAD","Treg"
"5355","6q22.1",0.0289600400081546,0.502814325051661,0.61630957625174,"con","ALL","6","q","6q",0,-1,"LUAD","Treg"
"5356","6q22.31",0.02120842189775,0.361234084176926,0.718761778665738,"con","ALL","6","q","6q",0,-1,"LUAD","Treg"
"5357","6q22.33",0.00780843279192902,0.130114013064547,0.896763410942699,"con","ALL","6","q","6q",0,-1,"LUAD","Treg"
"5358","6q23.2",-4.43513720736789e-05,-0.000733738415881715,0.999416167607413,"con","ALL","6","q","6q",0,-1,"LUAD","Treg"
"5359","6q23.3",-0.00517087152718449,-0.0845171755992443,0.932830906433008,"con","ALL","6","q","6q",0,-1,"LUAD","Treg"
"5360","6q24.1",-0.0113181444396025,-0.183259087136994,0.855002431811425,"con","ALL","6","q","6q",0,-1,"LUAD","Treg"
"5361","6q24.2",-0.0225041019614318,-0.365281925780886,0.715748617503767,"con","ALL","6","q","6q",0,-1,"LUAD","Treg"
"5362","6q25.1",-0.0242976667710758,-0.403451411303352,0.687562604990146,"con","ALL","6","q","6q",0,-1,"LUAD","Treg"
"5363","6q25.3",-0.0219821465595169,-0.382111670052357,0.703269442891612,"con","ALL","6","q","6q",0,1,"LUAD","Treg"
"5364","6q27",-0.0255985038026762,-0.455865795364027,0.649572491872063,"con","ALL","6","q","6q",0,1,"LUAD","Treg"
"5365","7p22.3",-0.0856661029191433,-2.66064280208774,0.00921822042164579,"con","ALL","7","p","7p",-0.963507207147508,1,"LUAD","Treg"
"5366","7p22.1",-0.0834808635307692,-2.64950554761383,0.00950461855392494,"con","ALL","7","p","7p",-0.963507207147508,1,"LUAD","Treg"
"5367","7p21.3",-0.0820475803759186,-2.62538981470036,0.0101525857891245,"con","ALL","7","p","7p",-0.945881241746556,1,"LUAD","Treg"
"5368","7p21.1",-0.0815051733084775,-2.59777127182184,0.0109435912904654,"con","ALL","7","p","7p",-0.921731212126304,1,"LUAD","Treg"
"5369","7p15.3",-0.0795208160386799,-2.50109670493519,0.0141696316656954,"con","ALL","7","p","7p",-0.851034432379152,1,"LUAD","Treg"
"5370","7p15.2",-0.0789965334095219,-2.46828742784035,0.0154445972194519,"con","ALL","7","p","7p",-0.846291968307205,1,"LUAD","Treg"
"5371","7p14.3",-0.0779790465788859,-2.37564513673064,0.0196160319598351,"con","ALL","7","p","7p",-0.784317654914434,1,"LUAD","Treg"
"5372","7p14.2",-0.0780461533185159,-2.3441981973807,0.0212442829593783,"con","ALL","7","p","7p",-0.762743696326887,1,"LUAD","Treg"
"5373","7p14.1",-0.0761864010153441,-2.24680525930923,0.0270708478105655,"con","ALL","7","p","7p",-0.70818701642265,1,"LUAD","Treg"
"5374","7p13",-0.0716186242328375,-2.04554876342866,0.0436877070000332,"con","ALL","7","p","7p",-0.612602323338331,1,"LUAD","Treg"
"5375","7p12.3",-0.0656083526905203,-1.7894725553288,0.0768654468592194,"con","ALL","7","p","7p",-0.459527122415565,1,"LUAD","Treg"
"5376","7p11.2",-0.0654289516103328,-1.71620593172326,0.0895268493828603,"con","ALL","7","p","7p",-0.406877784784369,1,"LUAD","Treg"
"5377","7q11.21",-0.0724902823178283,-1.79432902783216,0.0760814432619551,"con","ALL","7","q","7q",-0.460519004056422,1,"LUAD","Treg"
"5378","7q11.23",-0.0991130623531927,-2.04449776126098,0.0437935610478014,"con","ALL","7","q","7q",-0.612602323338331,1,"LUAD","Treg"
"5379","7q21.12",-0.113484186762664,-2.14186251194153,0.0348754917387944,"con","ALL","7","q","7q",-0.661408786119225,1,"LUAD","Treg"
"5380","7q21.2",-0.116643574083348,-2.05344442631062,0.0428994789905006,"con","ALL","7","q","7q",-0.612602323338331,1,"LUAD","Treg"
"5381","7q21.3",-0.114506555462962,-1.92113198715951,0.0578452839751145,"con","ALL","7","q","7q",-0.543317616497441,1,"LUAD","Treg"
"5382","7q22.1",-0.0939504829049059,-1.4496977840348,0.150580550650108,"con","ALL","7","q","7q",-0.243210111704377,1,"LUAD","Treg"
"5383","7q22.3",-0.0573826394383666,-0.801017517066876,0.425207999874904,"con","ALL","7","q","7q",-0.0328861563922631,1,"LUAD","Treg"
"5384","7q31.1",-0.0549886304203107,-0.737425967407679,0.462760562972833,"con","ALL","7","q","7q",-0.0251355961343908,1,"LUAD","Treg"
"5385","7q31.2",-0.0466505678978176,-0.615687705501653,0.539637524941372,"con","ALL","7","q","7q",0,1,"LUAD","Treg"
"5386","7q31.31",-0.0384521923001077,-0.505232933259567,0.614616720828536,"con","ALL","7","q","7q",0,1,"LUAD","Treg"
"5387","7q31.32",-0.0342522628999639,-0.44596829839818,0.656679451074835,"con","ALL","7","q","7q",0,1,"LUAD","Treg"
"5388","7q32.1",-0.0243656767434914,-0.309883846489399,0.757357814137582,"con","ALL","7","q","7q",0,-1,"LUAD","Treg"
"5389","7q32.2",-0.0221599514031654,-0.278802795599461,0.781028764523019,"con","ALL","7","q","7q",0,-1,"LUAD","Treg"
"5390","7q33",-0.0236672769127378,-0.295981000573661,0.767918970486065,"con","ALL","7","q","7q",0,-1,"LUAD","Treg"
"5391","7q34",-0.0322412445643865,-0.407419365884405,0.684656846375039,"con","ALL","7","q","7q",0,1,"LUAD","Treg"
"5392","7q36.1",-0.0595819514078215,-0.788758608066782,0.432303215540722,"con","ALL","7","q","7q",-0.0312776574064511,1,"LUAD","Treg"
"5393","7q36.3",-0.0702315239229162,-0.965826542104877,0.336690756518596,"con","ALL","7","q","7q",-0.08367695900541,1,"LUAD","Treg"
"5394","8p23.3",-0.0573036587344944,-0.83147276007858,0.407883088511875,"con","ALL","8","p","8p",-0.0421824501349474,1,"LUAD","Treg"
"5395","8p22",-0.0477904666583893,-0.671608991775592,0.503534066901427,"con","ALL","8","p","8p",-0.0126808912439826,1,"LUAD","Treg"
"5396","8p21.3",-0.0344124454772401,-0.461515805430613,0.64552990083639,"con","ALL","8","p","8p",0,1,"LUAD","Treg"
"5397","8p21.2",-0.0189344684575402,-0.244243528605045,0.807592062055983,"con","ALL","8","p","8p",0,1,"LUAD","Treg"
"5398","8p21.1",-0.0135132653664377,-0.170934427823087,0.864654827219722,"con","ALL","8","p","8p",0,1,"LUAD","Treg"
"5399","8p12",-0.00908692793711931,-0.112165529794208,0.910939210388057,"con","ALL","8","p","8p",0,1,"LUAD","Treg"
"5400","8p11.23",0.00745536570104731,0.0886121802582899,0.929584849963701,"con","ALL","8","p","8p",0,1,"LUAD","Treg"
"5401","8p11.22",0.013599633559974,0.16235630010583,0.87138525248849,"con","ALL","8","p","8p",0,1,"LUAD","Treg"
"5402","8p11.21",0.00693743126906282,0.0850797754613673,0.9323848723668,"con","ALL","8","p","8p",0,1,"LUAD","Treg"
"5403","8q11.21",-0.0012525519040031,-0.0163637066324208,0.986980057713017,"con","ALL","8","q","8q",0,1,"LUAD","Treg"
"5404","8q11.23",-0.00633081389735584,-0.0857594613609481,0.931846040271331,"con","ALL","8","q","8q",0,1,"LUAD","Treg"
"5405","8q12.1",-0.0270528221656715,-0.393673465250195,0.694743031024318,"con","ALL","8","q","8q",0,1,"LUAD","Treg"
"5406","8q12.3",-0.0358916916685884,-0.551922036350394,0.582354684261295,"con","ALL","8","q","8q",0,1,"LUAD","Treg"
"5407","8q13.1",-0.0456457721573321,-0.73009292154139,0.46720873683942,"con","ALL","8","q","8q",-0.0242709705747904,1,"LUAD","Treg"
"5408","8q13.3",-0.0573195544147993,-0.947219573446903,0.346035471501116,"con","ALL","8","q","8q",-0.0786791167198357,1,"LUAD","Treg"
"5409","8q21.11",-0.0628991155076678,-1.09490080902574,0.276449602105128,"con","ALL","8","q","8q",-0.126725498981754,1,"LUAD","Treg"
"5410","8q21.13",-0.0663363644369942,-1.27975492254661,0.203884429505554,"con","ALL","8","q","8q",-0.17562035528967,1,"LUAD","Treg"
"5411","8q21.3",-0.0652644715484148,-1.397443187753,0.165678153068856,"con","ALL","8","q","8q",-0.218747087433696,1,"LUAD","Treg"
"5412","8q22.1",-0.0559347778997375,-1.34411245868981,0.182253446554882,"con","ALL","8","q","8q",-0.19911832481392,1,"LUAD","Treg"
"5413","8q22.2",-0.052461038634045,-1.340751912097,0.183338364571277,"con","ALL","8","q","8q",-0.19911832481392,1,"LUAD","Treg"
"5414","8q22.3",-0.0492311194704767,-1.30650835102203,0.194672175027342,"con","ALL","8","q","8q",-0.183470557040932,1,"LUAD","Treg"
"5415","8q23.1",-0.0502245606204074,-1.37664213363386,0.172000592700731,"con","ALL","8","q","8q",-0.209408015615689,1,"LUAD","Treg"
"5416","8q23.2",-0.049577730979278,-1.36792171577794,0.174705104387561,"con","ALL","8","q","8q",-0.209408015615689,1,"LUAD","Treg"
"5417","8q24.11",-0.0498925247131413,-1.38849287035756,0.168376456163348,"con","ALL","8","q","8q",-0.214506021375342,1,"LUAD","Treg"
"5418","8q24.12",-0.050353316913079,-1.42740172044032,0.156886716728542,"con","ALL","8","q","8q",-0.233992990088028,1,"LUAD","Treg"
"5419","8q24.13",-0.0506370417726879,-1.46539794371644,0.146259096814145,"con","ALL","8","q","8q",-0.252951114795814,1,"LUAD","Treg"
"5420","8q24.22",-0.0500274117573,-1.49641854538487,0.13800496335718,"con","ALL","8","q","8q",-0.261191200061426,1,"LUAD","Treg"
"5421","8q24.3",-0.047252195827054,-1.47046014086799,0.144886489494966,"con","ALL","8","q","8q",-0.254121559121163,1,"LUAD","Treg"
"5422","9p24.1",0.00729235687384086,0.167550713911328,0.867308536138967,"con","ALL","9","p","9p",0,-1,"LUAD","Treg"
"5423","9p22.3",0.00582348603849936,0.132432103364461,0.894934913134702,"con","ALL","9","p","9p",0,-1,"LUAD","Treg"
"5424","9p22.1",0.00978050619517962,0.224560333280366,0.82282478081609,"con","ALL","9","p","9p",0,-1,"LUAD","Treg"
"5425","9p21.1",0.0210391932478746,0.438649921949072,0.661954883783422,"con","ALL","9","p","9p",0,-1,"LUAD","Treg"
"5426","9p13.3",0.0253200213807189,0.447166736731077,0.655817206211318,"con","ALL","9","p","9p",0,-1,"LUAD","Treg"
"5427","9p13.2",0.0197893806702246,0.297407390927872,0.766833370827374,"con","ALL","9","p","9p",0,-1,"LUAD","Treg"
"5428","9q21.12",0.0242942455835357,0.325096574548007,0.745854220105582,"con","ALL","9","q","9q",0,-1,"LUAD","Treg"
"5429","9q21.13",0.0306654570826658,0.373022089858525,0.709999488644261,"con","ALL","9","q","9q",0,-1,"LUAD","Treg"
"5430","9q21.2",0.0424951637805769,0.449105177434284,1,"con","ALL","9","q","9q",0,-1,"LUAD","Treg"
"5431","9q21.31",0.0537364356174441,0.561809519636834,1,"con","ALL","9","q","9q",0,-1,"LUAD","Treg"
"5432","9q21.32",0.0652225675980693,0.671657019099855,1,"con","ALL","9","q","9q",0,-1,"LUAD","Treg"
"5433","9q21.33",0.0779340569031335,0.796052315185544,1,"con","ALL","9","q","9q",0,-1,"LUAD","Treg"
"5434","9q22.2",0.0945574973629933,0.969699515110439,1,"con","ALL","9","q","9q",0,-1,"LUAD","Treg"
"5435","9q22.31",0.121351215647362,1.28213251657029,1,"con","ALL","9","q","9q",0,-1,"LUAD","Treg"
"5436","9q22.32",0.134453388625695,1.4393678065815,1,"con","ALL","9","q","9q",0,-1,"LUAD","Treg"
"5437","9q22.33",0.142752946334912,1.60970380496582,1,"con","ALL","9","q","9q",0,-1,"LUAD","Treg"
"5438","9q31.1",0.148573292054707,1.82460767968437,0.0713416653475537,"con","ALL","9","q","9q",0.477904321306898,-1,"LUAD","Treg"
"5439","9q31.2",0.155314404254121,2.05593166724769,0.0426537211466793,"con","ALL","9","q","9q",0.612602323338331,-1,"LUAD","Treg"
"5440","9q31.3",0.15624355617445,2.15562775925354,0.0337513801822809,"con","ALL","9","q","9q",0.669133481483003,-1,"LUAD","Treg"
"5441","9q32",0.162102067144313,2.18838385087214,0.0312022845488039,"con","ALL","9","q","9q",0.680120266242562,-1,"LUAD","Treg"
"5442","9q33.2",0.156464640474153,1.93418309868867,0.0561976479275212,"con","ALL","9","q","9q",0.55207444576869,-1,"LUAD","Treg"
"5443","9q33.3",0.108807816305798,1.27446969077274,0.205741890698852,"con","ALL","9","q","9q",0.17562035528967,-1,"LUAD","Treg"
"5444","9q34.11",0.0134600848556598,0.146563034381205,0.883801134161239,"con","ALL","9","q","9q",0,-1,"LUAD","Treg"
"5445","9q34.13",-0.0454055614833051,-0.490995493406773,0.624611658398389,"con","ALL","9","q","9q",0,-1,"LUAD","Treg"
"5446","9q34.3",-0.079914939516798,-0.998793947987172,0.32054302479462,"con","ALL","9","q","9q",-0.091183920897932,1,"LUAD","Treg"
"5447","10p15.3",0.12089806436981,2.46352205097503,0.015638078811946,"con","ALL","10","p","10p",0.846291968307205,-1,"LUAD","Treg"
"5448","10p14",0.10725235759983,1.8047265633162,0.0744252033662038,"con","ALL","10","p","10p",0.46431987069781,-1,"LUAD","Treg"
"5449","10p13",0.102463371345505,1.53553923831887,0.128121139500254,"con","ALL","10","p","10p",0.282042222015463,-1,"LUAD","Treg"
"5450","10p12.2",0.084961740484263,1.10075436596715,0.273906777263051,"con","ALL","10","p","10p",0.127431241600277,-1,"LUAD","Treg"
"5451","10p12.1",0.0598823178284714,0.704634864837246,0.482836994711567,"con","ALL","10","p","10p",0.0189690922285012,-1,"LUAD","Treg"
"5452","10p11.22",0.0406501646301748,0.44078170934887,0.660416413802957,"con","ALL","10","p","10p",0,-1,"LUAD","Treg"
"5453","10q11.21",0.0295673723411134,0.288897737864651,0.773316731146734,"con","ALL","10","q","10q",0,-1,"LUAD","Treg"
"5454","10q11.22",0.0181115649762399,0.171400968405417,0.864289059435102,"con","ALL","10","q","10q",0,-1,"LUAD","Treg"
"5455","10q21.1",0.0157511437909058,0.146452137410094,0.883888422260882,"con","ALL","10","q","10q",0,-1,"LUAD","Treg"
"5456","10q21.3",-0.0166936784017051,-0.146785168587438,1,"con","ALL","10","q","10q",0,-1,"LUAD","Treg"
"5457","10q22.1",-0.0383892797324056,-0.299613864961227,1,"con","ALL","10","q","10q",0,1,"LUAD","Treg"
"5458","10q22.2",-0.0164847422389926,-0.117165485624223,1,"con","ALL","10","q","10q",0,1,"LUAD","Treg"
"5459","10q22.3",0.00136857478031063,0.00968601558847152,1,"con","ALL","10","q","10q",0,1,"LUAD","Treg"
"5460","10q23.1",0.00763423859355118,0.0537949532552236,1,"con","ALL","10","q","10q",0,1,"LUAD","Treg"
"5461","10q23.2",0.0170991398844921,0.120353974491914,1,"con","ALL","10","q","10q",0,1,"LUAD","Treg"
"5462","10q23.31",0.0200644618079932,0.140030832601547,1,"con","ALL","10","q","10q",0,-1,"LUAD","Treg"
"5463","10q23.32",0.0304373095340155,0.211954821526818,1,"con","ALL","10","q","10q",0,-1,"LUAD","Treg"
"5464","10q24.1",0.0546142318773043,0.393895469429362,1,"con","ALL","10","q","10q",0,-1,"LUAD","Treg"
"5465","10q24.2",0.0572182833563112,0.416591903783071,1,"con","ALL","10","q","10q",0,-1,"LUAD","Treg"
"5466","10q24.31",0.0650525479115066,0.496328733061623,1,"con","ALL","10","q","10q",0,-1,"LUAD","Treg"
"5467","10q24.32",0.0726206689872302,0.569189616425935,0.570629729821959,"con","ALL","10","q","10q",0,-1,"LUAD","Treg"
"5468","10q25.1",0.0631925207966826,0.494680398443134,0.62201794611083,"con","ALL","10","q","10q",0,-1,"LUAD","Treg"
"5469","10q25.2",0.070675063950971,0.548559236084101,0.584651315283562,"con","ALL","10","q","10q",0,-1,"LUAD","Treg"
"5470","10q25.3",0.0533741856160331,0.413423443427907,1,"con","ALL","10","q","10q",0,-1,"LUAD","Treg"
"5471","10q26.11",0.0670615419128397,0.514450092231258,1,"con","ALL","10","q","10q",0,-1,"LUAD","Treg"
"5472","10q26.13",0.0686461571290475,0.600368132795091,1,"con","ALL","10","q","10q",0,-1,"LUAD","Treg"
"5473","10q26.3",0.0526604722630888,0.511203951513949,0.610446368110098,"con","ALL","10","q","10q",0,-1,"LUAD","Treg"
"5474","11p15.5",-0.0885917880569955,-1.83387702532181,0.0699408013288648,"con","ALL","11","p","11p",-0.482942500101563,-1,"LUAD","Treg"
"5475","11p15.4",-0.109389869979504,-1.47646487481627,0.143271346176183,"con","ALL","11","p","11p",-0.254121559121163,-1,"LUAD","Treg"
"5476","11p15.3",-0.103753604634424,-1.19601748541182,0.234796848039678,"con","ALL","11","p","11p",-0.157528081843797,-1,"LUAD","Treg"
"5477","11p15.2",-0.108459841945227,-1.15493875301014,0.251139259639943,"con","ALL","11","p","11p",-0.145522193670448,-1,"LUAD","Treg"
"5478","11p15.1",-0.108365839997802,-1.03844131413484,0.301816039876531,"con","ALL","11","p","11p",-0.103393714720729,-1,"LUAD","Treg"
"5479","11p14.3",-0.105031754875183,-0.878512588091858,0.381979373069287,"con","ALL","11","p","11p",-0.0539582291476145,-1,"LUAD","Treg"
"5480","11p13",-0.031585945325944,-0.205886699060614,1,"con","ALL","11","p","11p",0,-1,"LUAD","Treg"
"5481","11p12",0.029885719047869,0.169341843723308,1,"con","ALL","11","p","11p",0,-1,"LUAD","Treg"
"5482","11p11.2",0.0910139930369928,0.439879845773178,1,"con","ALL","11","p","11p",0,1,"LUAD","Treg"
"5483","11q12.1",0.144591043009435,0.614865241101403,1,"con","ALL","11","q","11q",0,1,"LUAD","Treg"
"5484","11q12.2",0.171239027121861,0.845580037246898,1,"con","ALL","11","q","11q",0,1,"LUAD","Treg"
"5485","11q12.3",0.221638897020523,1.2685569296051,1,"con","ALL","11","q","11q",0,1,"LUAD","Treg"
"5486","11q13.1",0.223685489968066,1.59723617485197,1,"con","ALL","11","q","11q",0,1,"LUAD","Treg"
"5487","11q13.2",0.0662963701724699,0.704856733891027,0.482699557220829,"con","ALL","11","q","11q",0.0189690922285012,1,"LUAD","Treg"
"5488","11q13.3",0.0417141647717317,0.540611121253929,0.5900964478969,"con","ALL","11","q","11q",0,1,"LUAD","Treg"
"5489","11q13.4",0.0642204068137957,0.788210794674348,0.432621897873239,"con","ALL","11","q","11q",0.0312776574064511,1,"LUAD","Treg"
"5490","11q13.5",0.0859177145774683,1.0161702883456,0.312242450497315,"con","ALL","11","q","11q",0.0947880606345587,1,"LUAD","Treg"
"5491","11q14.1",0.127753283306017,1.24254819232401,0.2172267499867,"con","ALL","11","q","11q",0.17008156227428,-1,"LUAD","Treg"
"5492","11q14.2",0.162231265126146,1.39322853596892,1,"con","ALL","11","q","11q",0,-1,"LUAD","Treg"
"5493","11q14.3",0.181424044037085,1.48580484512518,1,"con","ALL","11","q","11q",0,-1,"LUAD","Treg"
"5494","11q21",0.198642394960952,1.535187251668,1,"con","ALL","11","q","11q",0,-1,"LUAD","Treg"
"5495","11q22.2",0.199825899624608,1.53543691692868,1,"con","ALL","11","q","11q",0,-1,"LUAD","Treg"
"5496","11q22.3",0.15101384982957,1.20801976291102,1,"con","ALL","11","q","11q",0,-1,"LUAD","Treg"
"5497","11q23.1",0.091116701857598,0.808233416129658,0.421064097836744,"con","ALL","11","q","11q",0.0338392849434383,-1,"LUAD","Treg"
"5498","11q23.2",0.0705018853375979,0.666334889020979,0.50688287062327,"con","ALL","11","q","11q",0.0124074805480206,-1,"LUAD","Treg"
"5499","11q23.3",0.0369957196460876,0.386932311234487,0.699709703856092,"con","ALL","11","q","11q",0,-1,"LUAD","Treg"
"5500","11q24.1",-0.00915298056548831,-0.116105443118075,0.907824815209607,"con","ALL","11","q","11q",0,-1,"LUAD","Treg"
"5501","11q24.2",-0.013160736262288,-0.172964008087924,0.863063852285484,"con","ALL","11","q","11q",0,1,"LUAD","Treg"
"5502","11q24.3",-0.022601379459705,-0.314419101124207,0.753922482027146,"con","ALL","11","q","11q",0,1,"LUAD","Treg"
"5503","11q25",-0.0279699489407356,-0.403209630178607,0.687739815112151,"con","ALL","11","q","11q",0,1,"LUAD","Treg"
"5504","12p13.33",0.204534988087168,5.26670616245461,9.23249261139017e-07,"con","ALL","12","p","12p",3.8058744589192,1,"LUAD","Treg"
"5505","12p13.32",0.209427784251615,5.26775185983946,9.19231625371478e-07,"con","ALL","12","p","12p",3.8058744589192,1,"LUAD","Treg"
"5506","12p13.31",0.230831374474676,5.22480062901195,1.09919125871024e-06,"con","ALL","12","p","12p",3.8058744589192,-1,"LUAD","Treg"
"5507","12p13.2",0.277615985580733,5.01681652404426,2.58638578506018e-06,"con","ALL","12","p","12p",3.66911818804515,-1,"LUAD","Treg"
"5508","12p13.1",0.292257845706803,4.81942894979595,5.7322550092487e-06,"con","ALL","12","p","12p",3.44080474055027,-1,"LUAD","Treg"
"5509","12p12.3",0.301962360597864,4.68928022089515,9.59937488677458e-06,"con","ALL","12","p","12p",3.26264478098866,-1,"LUAD","Treg"
"5510","12p12.1",0.318558114747594,4.06304856760148,0.000102582818262254,"con","ALL","12","p","12p",2.37994114299823,1,"LUAD","Treg"
"5511","12p11.23",0.336427968932014,3.73330694864112,1,"con","ALL","12","p","12p",0,1,"LUAD","Treg"
"5512","12p11.22",0.342321405783667,3.40990803624296,1,"con","ALL","12","p","12p",0,1,"LUAD","Treg"
"5513","12q12",0.34772531035525,2.98355322528066,1,"con","ALL","12","q","12q",0,1,"LUAD","Treg"
"5514","12q13.11",0.325374289434368,2.62240118875766,1,"con","ALL","12","q","12q",0,1,"LUAD","Treg"
"5515","12q13.12",0.260193165965068,1.99336163655706,0.0492165639266505,"con","ALL","12","q","12q",0.586200199103102,1,"LUAD","Treg"
"5516","12q13.13",0.13531643583132,1.24146633697263,0.217624038531571,"con","ALL","12","q","12q",0.17008156227428,1,"LUAD","Treg"
"5517","12q13.2",0.0486211957020936,0.6097243322935,0.543563913918912,"con","ALL","12","q","12q",0,1,"LUAD","Treg"
"5518","12q13.3",0.00959108613337138,0.155807530717964,0.876529844376695,"con","ALL","12","q","12q",0,1,"LUAD","Treg"
"5519","12q14.1",-0.00010287596403268,-0.00185069585000725,0.998527410263501,"con","ALL","12","q","12q",0,1,"LUAD","Treg"
"5520","12q14.3",0.00258169524797643,0.046740540908626,0.962822442201997,"con","ALL","12","q","12q",0,1,"LUAD","Treg"
"5521","12q15",0.00772571762637136,0.137421988676724,0.89100085465789,"con","ALL","12","q","12q",0,1,"LUAD","Treg"
"5522","12q21.1",0.032338365773181,0.512695664504112,0.609406503470056,"con","ALL","12","q","12q",0,-1,"LUAD","Treg"
"5523","12q21.2",0.0598252853437144,0.860285068034949,0.391892786360852,"con","ALL","12","q","12q",0.0539582291476145,-1,"LUAD","Treg"
"5524","12q21.31",0.0966372460694828,1.27551700385311,0.205372829618527,"con","ALL","12","q","12q",0.17562035528967,-1,"LUAD","Treg"
"5525","12q21.33",0.138389446924143,1.719956662841,0.0888395722563947,"con","ALL","12","q","12q",0.406877784784369,-1,"LUAD","Treg"
"5526","12q22",0.169128053331884,2.03061860736018,0.0452122100788651,"con","ALL","12","q","12q",0.606665336017699,-1,"LUAD","Treg"
"5527","12q23.1",0.175863511400229,2.10448152008867,0.0380934944611614,"con","ALL","12","q","12q",0.641760524920446,-1,"LUAD","Treg"
"5528","12q23.2",0.175156150002113,2.11481191632117,0.037179478318059,"con","ALL","12","q","12q",0.643067390460956,-1,"LUAD","Treg"
"5529","12q23.3",0.181024820987751,2.26154755774006,0.0261073720820063,"con","ALL","12","q","12q",0.709744490857319,-1,"LUAD","Treg"
"5530","12q24.11",0.194742025498316,2.65899998799068,0.00925996772735494,"con","ALL","12","q","12q",0.963507207147508,-1,"LUAD","Treg"
"5531","12q24.13",0.18993021079452,2.65064826371341,0.00947486623780972,"con","ALL","12","q","12q",0.963507207147508,-1,"LUAD","Treg"
"5532","12q24.23",0.180846572437324,2.50199112698558,0.0141362363692004,"con","ALL","12","q","12q",0.851034432379152,-1,"LUAD","Treg"
"5533","12q24.31",0.179864085646848,2.39216651316893,0.0188057957452454,"con","ALL","12","q","12q",0.786521815990981,-1,"LUAD","Treg"
"5534","12q24.33",0.183509451964966,2.30686158396494,0.023331986896803,"con","ALL","12","q","12q",0.746167729476769,-1,"LUAD","Treg"
"5535","13q12.11",0.0514223898619347,1.05358730846781,0.294861375857446,"con","ALL","13","q","13q",0.106075846353423,-1,"LUAD","Treg"
"5536","13q12.2",0.0521558403375085,1.08066675069558,0.282701079949159,"con","ALL","13","q","13q",0.121939869498383,-1,"LUAD","Treg"
"5537","13q12.3",0.0509602967184776,1.03824280525982,0.30190792117292,"con","ALL","13","q","13q",0.103393714720729,-1,"LUAD","Treg"
"5538","13q13.1",0.0518352879079045,1.03063833098595,0.30544195841474,"con","ALL","13","q","13q",0.101457210101458,-1,"LUAD","Treg"
"5539","13q13.3",0.0484581108348339,0.936549469176879,0.351469229714529,"con","ALL","13","q","13q",0.073748770031978,-1,"LUAD","Treg"
"5540","13q14.11",0.0436591970462131,0.824810935455522,0.411635791789379,"con","ALL","13","q","13q",0.0419943098703273,-1,"LUAD","Treg"
"5541","13q14.12",0.0380951410282773,0.706394042875152,0.481747860069262,"con","ALL","13","q","13q",0.0189690922285012,-1,"LUAD","Treg"
"5542","13q14.13",0.0367183338433182,0.676051017516295,0.500722831519415,"con","ALL","13","q","13q",0.0126808912439826,-1,"LUAD","Treg"
"5543","13q14.2",0.0341192936329706,0.607327209341928,0.54514628425046,"con","ALL","13","q","13q",0,-1,"LUAD","Treg"
"5544","13q14.3",0.0187363391411177,0.304424794970621,0.761499362926759,"con","ALL","13","q","13q",0,-1,"LUAD","Treg"
"5545","13q21.33",0.00930823711712542,0.147696149014787,0.882909330825456,"con","ALL","13","q","13q",0,-1,"LUAD","Treg"
"5546","13q22.2",-0.00652543457106622,-0.101648664474039,0.919259191939993,"con","ALL","13","q","13q",0,-1,"LUAD","Treg"
"5547","13q22.3",-0.0265464098868376,-0.406970353086882,0.684985424370857,"con","ALL","13","q","13q",0,-1,"LUAD","Treg"
"5548","13q31.1",-0.0334511769055138,-0.508720346851966,0.612179448052094,"con","ALL","13","q","13q",0,-1,"LUAD","Treg"
"5549","13q32.1",-0.0412009511051401,-0.626211663221396,0.532743763003786,"con","ALL","13","q","13q",0,-1,"LUAD","Treg"
"5550","13q32.2",-0.0486837798116436,-0.731191174156959,0.466541013812627,"con","ALL","13","q","13q",-0.0242709705747904,-1,"LUAD","Treg"
"5551","13q32.3",-0.0550920469706127,-0.830787915707841,0.408267913022318,"con","ALL","13","q","13q",-0.0421824501349474,-1,"LUAD","Treg"
"5552","13q33.3",-0.0648970732665778,-0.972954569365632,0.333155062912205,"con","ALL","13","q","13q",-0.0841212526413791,-1,"LUAD","Treg"
"5553","13q34",-0.0820529249314499,-1.24360933196653,0.216837584272974,"con","ALL","13","q","13q",-0.17008156227428,-1,"LUAD","Treg"
"5554","14q11.2",0.0980634507355586,1.26590251272223,0.208779272831263,"con","ALL","14","q","14q",0.17562035528967,1,"LUAD","Treg"
"5555","14q12",0.0178395847754042,0.238020377088867,0.812400411965818,"con","ALL","14","q","14q",0,1,"LUAD","Treg"
"5556","14q13.1",-0.00476617747252565,-0.0655194420584626,0.947904151368378,"con","ALL","14","q","14q",0,1,"LUAD","Treg"
"5557","14q13.2",-0.029088997862131,-0.413598445581208,0.680141311965595,"con","ALL","14","q","14q",0,1,"LUAD","Treg"
"5558","14q13.3",-0.0475037387532469,-0.69414479498384,0.489359703347374,"con","ALL","14","q","14q",-0.0161573721434279,1,"LUAD","Treg"
"5559","14q21.1",-0.0505348821023589,-0.740794431428578,0.46072535063315,"con","ALL","14","q","14q",-0.0251355961343908,1,"LUAD","Treg"
"5560","14q21.2",-0.0638494876114244,-0.958145055058161,0.340528344400093,"con","ALL","14","q","14q",-0.0819503240930645,1,"LUAD","Treg"
"5561","14q21.3",-0.0806723834594256,-1.25054828965702,0.214305333742411,"con","ALL","14","q","14q",-0.17008156227428,1,"LUAD","Treg"
"5562","14q22.1",-0.102875791674225,-1.64784035153016,0.10283419903953,"con","ALL","14","q","14q",-0.353324095052509,1,"LUAD","Treg"
"5563","14q22.3",-0.12100117104879,-2.00612771875317,0.0478116620007939,"con","ALL","14","q","14q",-0.59473767064333,1,"LUAD","Treg"
"5564","14q23.1",-0.132125814552189,-2.30730423380747,0.0233062113583302,"con","ALL","14","q","14q",-0.746167729476769,1,"LUAD","Treg"
"5565","14q23.2",-0.137836773853908,-2.46021067170357,0.0157737994463292,"con","ALL","14","q","14q",-0.846291968307205,1,"LUAD","Treg"
"5566","14q23.3",-0.140727582160438,-2.5157679548425,0.0136306909273856,"con","ALL","14","q","14q",-0.851034432379152,1,"LUAD","Treg"
"5567","14q24.1",-0.141267951775,-2.53484723540113,0.0129573817755389,"con","ALL","14","q","14q",-0.856646348222826,1,"LUAD","Treg"
"5568","14q24.2",-0.13963255560977,-2.48303010814489,0.0148595121566956,"con","ALL","14","q","14q",-0.851034432379152,1,"LUAD","Treg"
"5569","14q24.3",-0.142800894600204,-2.32831628828728,0.0221112300941091,"con","ALL","14","q","14q",-0.751533178360235,1,"LUAD","Treg"
"5570","14q32.11",-0.137894256305495,-2.04078252938706,0.0441695154500125,"con","ALL","14","q","14q",-0.612602323338331,1,"LUAD","Treg"
"5571","14q32.12",-0.136097704574409,-1.95338773924596,0.0538455004329084,"con","ALL","14","q","14q",-0.562956338683908,1,"LUAD","Treg"
"5572","14q32.2",-0.107122127793483,-1.47404940312586,0.143919359546969,"con","ALL","14","q","14q",-0.254121559121163,1,"LUAD","Treg"
"5573","14q32.31",-0.0966050116046088,-1.31602863581116,0.191469974046567,"con","ALL","14","q","14q",-0.187711296404927,1,"LUAD","Treg"
"5574","14q32.32",-0.0882621356891425,-1.18802412883217,0.237915370515262,"con","ALL","14","q","14q",-0.157528081843797,1,"LUAD","Treg"
"5575","14q32.33",-0.0653897940960217,-0.925711944752994,0.35704418425095,"con","ALL","14","q","14q",-0.0687427272411047,1,"LUAD","Treg"
"5576","15q14",0.0063008805855155,0.119524567144372,0.905123255080515,"con","ALL","15","q","15q",0,-1,"LUAD","Treg"
"5577","15q15.1",-0.00175980228440139,-0.034524738715198,0.972534332904682,"con","ALL","15","q","15q",0,-1,"LUAD","Treg"
"5578","15q15.2",-0.00229176939142097,-0.0463214310587476,0.963155561290765,"con","ALL","15","q","15q",0,-1,"LUAD","Treg"
"5579","15q15.3",-0.001663273841973,-0.033794243159413,0.973115242261203,"con","ALL","15","q","15q",0,-1,"LUAD","Treg"
"5580","15q21.1",-0.00014968409687067,-0.00301190893011421,0.99760344091231,"con","ALL","15","q","15q",0,-1,"LUAD","Treg"
"5581","15q21.2",-0.00349564102240255,-0.0683482704034216,0.94565835745045,"con","ALL","15","q","15q",0,-1,"LUAD","Treg"
"5582","15q21.3",-0.00508477856086138,-0.0986237845499865,0.921653906440562,"con","ALL","15","q","15q",0,-1,"LUAD","Treg"
"5583","15q22.1",-0.00362859908809606,-0.0696159577468779,0.944652087592001,"con","ALL","15","q","15q",0,-1,"LUAD","Treg"
"5584","15q22.2",-0.00358376862848037,-0.0662068196265819,0.947358406058012,"con","ALL","15","q","15q",0,-1,"LUAD","Treg"
"5585","15q22.31",0.00497638602186986,0.0849628093138259,0.93247760237399,"con","ALL","15","q","15q",0,-1,"LUAD","Treg"
"5586","15q23",0.028560434761381,0.445486218758137,0.657026425903125,"con","ALL","15","q","15q",0,-1,"LUAD","Treg"
"5587","15q24.1",0.0426660293345666,0.629696260703519,0.530471185622389,"con","ALL","15","q","15q",0,-1,"LUAD","Treg"
"5588","15q24.2",0.052196802008615,0.74667776798442,0.457182894522723,"con","ALL","15","q","15q",0.0251355961343908,-1,"LUAD","Treg"
"5589","15q24.3",0.0548900032347311,0.765340798296278,0.446049065609454,"con","ALL","15","q","15q",0.0272484179845141,-1,"LUAD","Treg"
"5590","15q25.1",0.063257971288405,0.868013151883291,0.387670476575813,"con","ALL","15","q","15q",0.0539582291476145,-1,"LUAD","Treg"
"5591","15q25.3",0.0546138723799737,0.763213789414971,0.44730999916237,"con","ALL","15","q","15q",0.0272484179845141,-1,"LUAD","Treg"
"5592","15q26.1",0.0397524350232701,0.563360955091708,0.574574682744324,"con","ALL","15","q","15q",0,-1,"LUAD","Treg"
"5593","15q26.3",0.0252892654723854,0.376914903058167,0.707114345206606,"con","ALL","15","q","15q",0,-1,"LUAD","Treg"
"5594","16p13.3",-0.0374525748874974,-0.707903054213696,0.480814691130652,"con","ALL","16","p","16p",-0.0189690922285012,1,"LUAD","Treg"
"5595","16p13.2",-0.0679041065383239,-1.0894714707157,0.27882272650725,"con","ALL","16","p","16p",-0.125895424840725,1,"LUAD","Treg"
"5596","16p13.13",-0.0755838957923199,-1.18045941905317,0.240893941680032,"con","ALL","16","p","16p",-0.157528081843797,1,"LUAD","Treg"
"5597","16p12.3",-0.0930100938620827,-1.32638077764564,0.188032858630723,"con","ALL","16","p","16p",-0.190762073045836,1,"LUAD","Treg"
"5598","16p12.2",-0.112033785875223,-1.42785966960955,0.156755174960523,"con","ALL","16","p","16p",-0.233992990088028,1,"LUAD","Treg"
"5599","16p12.1",-0.12141785574,-1.43650374405766,0.154288159464784,"con","ALL","16","p","16p",-0.235532082614723,1,"LUAD","Treg"
"5600","16p11.2",-0.16278189521423,-1.53391184818051,0.128520837594524,"con","ALL","16","p","16p",-0.282042222015463,1,"LUAD","Treg"
"5601","16q11.2",-0.135754271761889,-1.06202336036425,1,"con","ALL","16","q","16q",0,1,"LUAD","Treg"
"5602","16q12.1",-0.0848925937264743,-0.632041670255953,1,"con","ALL","16","q","16q",0,1,"LUAD","Treg"
"5603","16q12.2",-0.0245395150119516,-0.180541607198436,1,"con","ALL","16","q","16q",0,1,"LUAD","Treg"
"5604","16q13",0.0401671781906497,0.299577597593364,1,"con","ALL","16","q","16q",0,-1,"LUAD","Treg"
"5605","16q21",0.0962009777039983,0.755894987693197,1,"con","ALL","16","q","16q",0,-1,"LUAD","Treg"
"5606","16q22.1",0.143452943591788,1.32608141986577,1,"con","ALL","16","q","16q",0,-1,"LUAD","Treg"
"5607","16q22.2",0.111139261017187,1.34255857820476,0.182754497875888,"con","ALL","16","q","16q",0.19911832481392,-1,"LUAD","Treg"
"5608","16q23.1",0.0811459358926727,1.05115282144234,0.295971809153834,"con","ALL","16","q","16q",0.106075846353423,-1,"LUAD","Treg"
"5609","16q23.3",0.0532224165739182,0.800948399727121,0.425247808874331,"con","ALL","16","q","16q",0.0328861563922631,-1,"LUAD","Treg"
"5610","16q24.1",0.0359107200429486,0.59201727186856,0.555307075796199,"con","ALL","16","q","16q",0,-1,"LUAD","Treg"
"5611","16q24.2",0.0218264458247737,0.388320156692957,0.69868610581558,"con","ALL","16","q","16q",0,-1,"LUAD","Treg"
"5612","16q24.3",0.00647811745664192,0.127863038468703,0.898539501881215,"con","ALL","16","q","16q",0,-1,"LUAD","Treg"
"5613","17p13.3",0.183942800462779,2.76638786056134,0.00686448561824796,"con","ALL","17","p","17p",0.998189374066637,-1,"LUAD","Treg"
"5614","17p13.2",0.18966083617121,3.10371955020442,0.00254660402320598,"con","ALL","17","p","17p",1.20065414876803,-1,"LUAD","Treg"
"5615","17p13.1",0.199472223711933,2.77098835813776,0.0067758055124551,"con","ALL","17","p","17p",0.998189374066637,-1,"LUAD","Treg"
"5616","17p12",0.197243179029881,2.16650407470812,0.0328855921051088,"con","ALL","17","p","17p",0.669133481483003,-1,"LUAD","Treg"
"5617","17p11.2",0.234411671459211,2.06178692420416,0.0420799515994048,"con","ALL","17","p","17p",0.612602323338331,-1,"LUAD","Treg"
"5618","17q11.1",0.247540880275773,1.86043964183,1,"con","ALL","17","q","17q",0,1,"LUAD","Treg"
"5619","17q11.2",0.185107546092568,1.29407992799888,1,"con","ALL","17","q","17q",0,1,"LUAD","Treg"
"5620","17q12",0.0685968212499317,0.909763247049534,0.365350751832594,"con","ALL","17","q","17q",0.0659930941955956,1,"LUAD","Treg"
"5621","17q21.1",0.0746203799781986,1.02924421022794,0.306092863576089,"con","ALL","17","q","17q",0.101457210101458,1,"LUAD","Treg"
"5622","17q21.2",0.067876451797105,0.963745318292919,0.337727710298861,"con","ALL","17","q","17q",0.08367695900541,1,"LUAD","Treg"
"5623","17q21.31",0.0225203448414501,0.292442160821615,0.770614311825989,"con","ALL","17","q","17q",0,1,"LUAD","Treg"
"5624","17q21.32",-0.0371903391031217,-0.431514587262315,0.667114849299312,"con","ALL","17","q","17q",0,1,"LUAD","Treg"
"5625","17q21.33",-0.0601949721303697,-0.727694830645279,0.468668614943081,"con","ALL","17","q","17q",-0.0242709705747904,1,"LUAD","Treg"
"5626","17q22",-0.0744643064815032,-0.921371396153797,0.359292809618539,"con","ALL","17","q","17q",-0.0678371086209969,1,"LUAD","Treg"
"5627","17q23.1",-0.0750342300574632,-0.95403285118606,0.342594418597892,"con","ALL","17","q","17q",-0.0811753125299576,1,"LUAD","Treg"
"5628","17q23.3",-0.0858650950139019,-1.10281125366862,0.273017121123171,"con","ALL","17","q","17q",-0.127431241600277,1,"LUAD","Treg"
"5629","17q24.2",-0.0932066653471796,-1.20207701302402,0.232452473627555,"con","ALL","17","q","17q",-0.157528081843797,1,"LUAD","Treg"
"5630","17q25.1",-0.0851053293213063,-1.09368998752285,0.276977626862057,"con","ALL","17","q","17q",-0.126725498981754,1,"LUAD","Treg"
"5631","17q25.3",-0.0781261683507275,-1.23579398934512,0.219715782537653,"con","ALL","17","q","17q",-0.17008156227428,1,"LUAD","Treg"
"5632","18p11.32",0.0370124757208581,0.594242926841525,0.553824144424868,"con","ALL","18","p","18p",0,-1,"LUAD","Treg"
"5633","18p11.31",0.0437829143043366,0.685421945462925,0.494820078719808,"con","ALL","18","p","18p",0.012838417466177,-1,"LUAD","Treg"
"5634","18p11.22",0.0679724218989421,0.974136327735871,0.332571241581258,"con","ALL","18","p","18p",0.0841212526413791,-1,"LUAD","Treg"
"5635","18p11.21",0.120989143063591,1.49302124745924,0.138890743890107,"con","ALL","18","p","18p",0.261191200061426,-1,"LUAD","Treg"
"5636","18q11.1",0.157296884531323,1.80226140419308,0.0748151494936688,"con","ALL","18","q","18q",0.46431987069781,-1,"LUAD","Treg"
"5637","18q11.2",0.185012988576908,2.01082977354471,0.0473029075803603,"con","ALL","18","q","18q",0.595305762417372,-1,"LUAD","Treg"
"5638","18q12.2",0.221024792072112,2.12295129077283,1,"con","ALL","18","q","18q",0,-1,"LUAD","Treg"
"5639","18q21.1",0.242409596821918,2.32392911514475,1,"con","ALL","18","q","18q",0,-1,"LUAD","Treg"
"5640","18q21.31",0.21992256082631,2.14403184815267,1,"con","ALL","18","q","18q",0,-1,"LUAD","Treg"
"5641","18q21.32",0.214249966272119,2.10460331438873,0.0380826061594261,"con","ALL","18","q","18q",0.641760524920446,-1,"LUAD","Treg"
"5642","18q21.33",0.217900269430896,2.15398120762603,0.0338841629462029,"con","ALL","18","q","18q",0.669133481483003,-1,"LUAD","Treg"
"5643","18q22.3",0.2050014485193,2.01415273072665,0.0469461663328802,"con","ALL","18","q","18q",0.595305762417372,-1,"LUAD","Treg"
"5644","18q23",0.201107308061457,1.98470125837259,0.050189555300746,"con","ALL","18","q","18q",0.581700883866837,-1,"LUAD","Treg"
"5645","19p13.3",0.0817849703651756,1.51164449850687,0.134089350654438,"con","ALL","19","p","19p",0.267235565571178,1,"LUAD","Treg"
"5646","19p13.2",0.119576367805873,1.61495000965129,0.109783660373851,"con","ALL","19","p","19p",0.333928281207227,-1,"LUAD","Treg"
"5647","19p13.13",0.124888170574151,1.60378728423305,0.112226279967192,"con","ALL","19","p","19p",0.328332074642214,-1,"LUAD","Treg"
"5648","19p13.12",0.143807580988372,1.67430153241961,0.0975051177456352,"con","ALL","19","p","19p",0.373131618173857,-1,"LUAD","Treg"
"5649","19p13.11",0.199522991465622,1.89536343549634,0.061218440085547,"con","ALL","19","p","19p",0.5224634637396,-1,"LUAD","Treg"
"5650","19q12",0.0856689223467858,1.15263151714164,0.252080517482293,"con","ALL","19","q","19q",0.145522193670448,1,"LUAD","Treg"
"5651","19q13.11",0.0724361428890773,1.10325893887243,0.272823752428679,"con","ALL","19","q","19q",0.127431241600277,1,"LUAD","Treg"
"5652","19q13.12",0.0564481050325166,1.00160618810217,0.319189779695952,"con","ALL","19","q","19q",0.091183920897932,1,"LUAD","Treg"
"5653","19q13.2",0.051489569472313,0.863718949997532,0.390013162854456,"con","ALL","19","q","19q",0.0539582291476145,1,"LUAD","Treg"
"5654","19q13.31",0.0212296905717489,0.313868732353815,0.75433910912852,"con","ALL","19","q","19q",0,1,"LUAD","Treg"
"5655","19q13.32",0.00867803567226426,0.131298235503879,0.895829232046875,"con","ALL","19","q","19q",0,-1,"LUAD","Treg"
"5656","19q13.33",0.00800360489392804,0.148503278627728,0.882274181741801,"con","ALL","19","q","19q",0,-1,"LUAD","Treg"
"5657","19q13.41",0.00863759311880655,0.178447173755753,0.858768474008429,"con","ALL","19","q","19q",0,-1,"LUAD","Treg"
"5658","19q13.42",0.00784648623642967,0.185559480542489,0.853203209795994,"con","ALL","19","q","19q",0,1,"LUAD","Treg"
"5659","19q13.43",0.00931401551329587,0.234491077465434,0.815130554941221,"con","ALL","19","q","19q",0,1,"LUAD","Treg"
"5660","20p13",0.0278194910870863,0.467367402833151,0.641354268338429,"con","ALL","20","p","20p",0,-1,"LUAD","Treg"
"5661","20p12.3",0.0278461226350098,0.414312628177248,0.679620150230367,"con","ALL","20","p","20p",0,-1,"LUAD","Treg"
"5662","20p12.1",0.00912654264952835,0.123331941183379,0.902116240510455,"con","ALL","20","p","20p",0,-1,"LUAD","Treg"
"5663","20p11.23",-0.00422884533417721,-0.0531079480573952,0.957762312075616,"con","ALL","20","p","20p",0,-1,"LUAD","Treg"
"5664","20p11.22",-0.0156840944878734,-0.185229659639988,0.853461127378834,"con","ALL","20","p","20p",0,-1,"LUAD","Treg"
"5665","20p11.21",-0.0176585874165793,-0.199789665620716,0.842090863443086,"con","ALL","20","p","20p",0,-1,"LUAD","Treg"
"5666","20q11.21",-0.0262450521570122,-0.260086180726824,0.795384865366098,"con","ALL","20","q","20q",0,1,"LUAD","Treg"
"5667","20q11.22",-0.00201103767175494,-0.01821168661299,0.985509850470549,"con","ALL","20","q","20q",0,1,"LUAD","Treg"
"5668","20q12",0.0166643218882742,0.154655694621657,1,"con","ALL","20","q","20q",0,1,"LUAD","Treg"
"5669","20q13.11",0.0157660438826563,0.147714137581478,1,"con","ALL","20","q","20q",0,1,"LUAD","Treg"
"5670","20q13.12",0.0169589846877796,0.16838614071591,0.866653202384752,"con","ALL","20","q","20q",0,1,"LUAD","Treg"
"5671","20q13.13",0.0121489454565141,0.162621045313631,0.871177388302841,"con","ALL","20","q","20q",0,1,"LUAD","Treg"
"5672","20q13.2",0.00590515063720219,0.0895352993532187,0.928853268056416,"con","ALL","20","q","20q",0,1,"LUAD","Treg"
"5673","20q13.32",0.00239700032120535,0.0432803284399649,0.965572898573439,"con","ALL","20","q","20q",0,1,"LUAD","Treg"
"5674","20q13.33",-0.00500941516839645,-0.10393838882561,0.91744697365068,"con","ALL","20","q","20q",0,1,"LUAD","Treg"
"5675","21q21.3",-0.0578388798358763,-1.11499301473361,0.267789393334513,"con","ALL","21","q","21q",-0.127431241600277,1,"LUAD","Treg"
"5676","21q22.11",-0.0580048330179848,-1.14505553750794,0.255188781292619,"con","ALL","21","q","21q",-0.145522193670448,1,"LUAD","Treg"
"5677","21q22.12",-0.0607329388728005,-1.20902372012212,0.229785688332286,"con","ALL","21","q","21q",-0.160026561606365,1,"LUAD","Treg"
"5678","21q22.13",-0.0676821737454238,-1.37355934616861,0.172953012607889,"con","ALL","21","q","21q",-0.209408015615689,1,"LUAD","Treg"
"5679","21q22.2",-0.072074554233868,-1.49009378881844,0.139657587558552,"con","ALL","21","q","21q",-0.261191200061426,1,"LUAD","Treg"
"5680","21q22.3",-0.0735171530565607,-1.58572876987982,0.116269882621078,"con","ALL","21","q","21q",-0.31614106673246,1,"LUAD","Treg"
"5681","22q11.21",-0.0295326664762095,-0.325287060557696,0.745710536264894,"con","ALL","22","q","22q",0,1,"LUAD","Treg"
"5682","22q11.22",0.00942608521993002,0.0938348614965637,0.925446633739693,"con","ALL","22","q","22q",0,1,"LUAD","Treg"
"5683","22q11.23",0.0342859868954179,0.327272086114866,1,"con","ALL","22","q","22q",0,1,"LUAD","Treg"
"5684","22q12.1",0.061271527622344,0.556875886140946,0.578979264592261,"con","ALL","22","q","22q",0,1,"LUAD","Treg"
"5685","22q12.2",0.09688024919939,0.863819846443709,0.389958018982273,"con","ALL","22","q","22q",0.0539582291476145,-1,"LUAD","Treg"
"5686","22q12.3",0.128972786314965,1.2356345114069,0.219774803150037,"con","ALL","22","q","22q",0.17008156227428,-1,"LUAD","Treg"
"5687","22q13.1",0.112481946068646,1.21003802844523,0.229398161747634,"con","ALL","22","q","22q",0.160026561606365,-1,"LUAD","Treg"
"5688","22q13.2",0.0931597401152903,0.991166509672971,0.324232498160215,"con","ALL","22","q","22q",0.0881396302709535,-1,"LUAD","Treg"
"5689","22q13.31",0.0639864121477594,0.67338943274569,0.502406258656675,"con","ALL","22","q","22q",0.0126808912439826,-1,"LUAD","Treg"
"5690","22q13.33",0.0661440441812047,0.695331781204147,0.488619225042225,"con","ALL","22","q","22q",0.0161573721434279,-1,"LUAD","Treg"
