"","Cytoband","Coefficients","T_val","P_val","cnv_type","Event","Chromosome","Arm","ChrArm","-signedlog(P.adj)","cnv_status","TumorType","CellType"
"1","1p36.33",-0.240511452633257,-1.75538183642266,0.0825966183248969,"con","ALL","1","p","1p",0,1,"LUAD","B_cell"
"2","1p36.32",-0.249415176673915,-1.74997132102454,0.0835315233339847,"con","ALL","1","p","1p",0,1,"LUAD","B_cell"
"3","1p36.31",-0.258803654713,-1.77275152229137,0.0796533599755752,"con","ALL","1","p","1p",0,1,"LUAD","B_cell"
"4","1p36.23",-0.253886226903225,-1.66948773220287,0.0984956820868649,"con","ALL","1","p","1p",0,1,"LUAD","B_cell"
"5","1p36.22",-0.242150172793065,-1.41048298159498,0.16184410892427,"con","ALL","1","p","1p",0,1,"LUAD","B_cell"
"6","1p36.21",-0.253172376262705,-1.38913744856274,0.168218581935515,"con","ALL","1","p","1p",0,1,"LUAD","B_cell"
"7","1p36.13",-0.232313310673482,-1.22075097161395,0.225368950145285,"con","ALL","1","p","1p",0,1,"LUAD","B_cell"
"8","1p36.12",-0.211407120932647,-1.08821741284006,0.279404699682156,"con","ALL","1","p","1p",0,1,"LUAD","B_cell"
"9","1p36.11",-0.188802949802058,-0.923737896540324,0.358092794361674,"con","ALL","1","p","1p",0,1,"LUAD","B_cell"
"10","1p35.3",-0.213943662518502,-0.933009075657946,0.353311614609286,"con","ALL","1","p","1p",0,1,"LUAD","B_cell"
"11","1p35.2",-0.23179589868492,-1.00549188578206,0.317355792783266,"con","ALL","1","p","1p",0,1,"LUAD","B_cell"
"12","1p35.1",-0.235295681819649,-1.04227599610308,0.300075432898877,"con","ALL","1","p","1p",0,1,"LUAD","B_cell"
"13","1p34.3",-0.205538649515294,-0.998819305061792,0.320560152394839,"con","ALL","1","p","1p",0,1,"LUAD","B_cell"
"14","1p34.2",-0.179417996255539,-0.986794173546163,0.326389063053423,"con","ALL","1","p","1p",0,1,"LUAD","B_cell"
"15","1p34.1",-0.148917421730806,-0.895426358823117,0.372947844135145,"con","ALL","1","p","1p",0,1,"LUAD","B_cell"
"16","1p33",-0.13958548931669,-0.826235952095512,0.410855266384423,"con","ALL","1","p","1p",0,1,"LUAD","B_cell"
"17","1p32.3",-0.058499713798237,-0.324628307743587,0.746215738326132,"con","ALL","1","p","1p",0,1,"LUAD","B_cell"
"18","1p32.1",0.0704689600932042,0.382064086456654,0.703314495272371,"con","ALL","1","p","1p",0,1,"LUAD","B_cell"
"19","1p31.3",0.117743389259222,0.593930347696492,0.554048635617691,"con","ALL","1","p","1p",0,1,"LUAD","B_cell"
"20","1p31.1",0.0752198394286816,0.345340492236338,0.730644246966391,"con","ALL","1","p","1p",0,1,"LUAD","B_cell"
"21","1p22.3",0.0397469345306137,0.175717940164375,1,"con","ALL","1","p","1p",0,-1,"LUAD","B_cell"
"22","1p22.2",-0.00206138494210654,-0.00919086630599309,0.99268719522887,"con","ALL","1","p","1p",0,-1,"LUAD","B_cell"
"23","1p22.1",-0.0121955064904033,-0.0532075836306842,0.95768443970607,"con","ALL","1","p","1p",0,-1,"LUAD","B_cell"
"24","1p21.3",-0.0248410665034274,-0.102288570863316,0.918755187334832,"con","ALL","1","p","1p",0,-1,"LUAD","B_cell"
"25","1p21.2",-0.0296048250127374,-0.114591118415214,0.909024481389171,"con","ALL","1","p","1p",0,-1,"LUAD","B_cell"
"26","1p13.3",-0.184317596264043,-0.522399213823118,1,"con","ALL","1","p","1p",0,-1,"LUAD","B_cell"
"27","1p13.2",-0.389247541441355,-0.950949137623556,1,"con","ALL","1","p","1p",0,1,"LUAD","B_cell"
"28","1p13.1",-0.329371529300816,-0.979749233520433,0.329836270238826,"con","ALL","1","p","1p",0,1,"LUAD","B_cell"
"29","1p12",-0.301319888693663,-1.01721533488646,0.311777749543335,"con","ALL","1","p","1p",0,1,"LUAD","B_cell"
"30","1q21.1",-0.277864142295397,-1.06072920124802,0.291651261954909,"con","ALL","1","q","1q",0,1,"LUAD","B_cell"
"31","1q21.2",-0.248723576064731,-1.19709763867734,0.2344121478364,"con","ALL","1","q","1q",0,1,"LUAD","B_cell"
"32","1q21.3",-0.175441002980967,-1.34203613742486,0.182960185567104,"con","ALL","1","q","1q",0,1,"LUAD","B_cell"
"33","1q22",-0.131680484481383,-1.23405222899967,0.220396211501922,"con","ALL","1","q","1q",0,1,"LUAD","B_cell"
"34","1q23.1",-0.108808137636177,-0.989787129067509,0.324931789834582,"con","ALL","1","q","1q",0,1,"LUAD","B_cell"
"35","1q23.2",-0.100035036892373,-0.897686127385841,0.371748079874241,"con","ALL","1","q","1q",0,1,"LUAD","B_cell"
"36","1q23.3",-0.0938926805324867,-0.799626347499567,0.426032770070907,"con","ALL","1","q","1q",0,1,"LUAD","B_cell"
"37","1q24.1",-0.0793411594529226,-0.6455763259915,0.520196306447999,"con","ALL","1","q","1q",0,1,"LUAD","B_cell"
"38","1q24.2",-0.0723487175541829,-0.576941144040983,0.565419549131083,"con","ALL","1","q","1q",0,1,"LUAD","B_cell"
"39","1q24.3",-0.0660629279906105,-0.519576827119065,0.604634077504504,"con","ALL","1","q","1q",0,1,"LUAD","B_cell"
"40","1q25.1",-0.0664482225605295,-0.51269928546582,0.609417759055045,"con","ALL","1","q","1q",0,1,"LUAD","B_cell"
"41","1q25.2",-0.0736653877454852,-0.568340088331035,0.571219414489051,"con","ALL","1","q","1q",0,1,"LUAD","B_cell"
"42","1q25.3",-0.0863243296469989,-0.66414024442747,0.508298483557826,"con","ALL","1","q","1q",0,1,"LUAD","B_cell"
"43","1q31.1",-0.096009466496943,-0.736214006191015,0.463515063367987,"con","ALL","1","q","1q",0,1,"LUAD","B_cell"
"44","1q31.2",-0.103551942510222,-0.797843926895965,0.427061173743613,"con","ALL","1","q","1q",0,1,"LUAD","B_cell"
"45","1q32.1",-0.104511190865298,-0.818645518246558,0.415151055912607,"con","ALL","1","q","1q",0,1,"LUAD","B_cell"
"46","1q32.2",-0.108521014994266,-0.838170636819179,0.404155386577316,"con","ALL","1","q","1q",0,1,"LUAD","B_cell"
"47","1q32.3",-0.0995359609902595,-0.741521487890988,0.46030790312936,"con","ALL","1","q","1q",0,1,"LUAD","B_cell"
"48","1q41",-0.0754699134749572,-0.548816370762297,0.584490460390487,"con","ALL","1","q","1q",0,1,"LUAD","B_cell"
"49","1q42.11",-0.0675280342169464,-0.484554892562341,0.629169306983838,"con","ALL","1","q","1q",0,1,"LUAD","B_cell"
"50","1q42.12",-0.0505607257326697,-0.357026712421441,0.72190757922449,"con","ALL","1","q","1q",0,1,"LUAD","B_cell"
"51","1q42.13",-0.0336206793876197,-0.231301307301612,0.817605776782311,"con","ALL","1","q","1q",0,1,"LUAD","B_cell"
"52","1q42.2",-0.0225020824791315,-0.152945014523341,0.878784021190618,"con","ALL","1","q","1q",0,1,"LUAD","B_cell"
"53","1q42.3",-0.0227192011539553,-0.154922522738973,0.87722930895167,"con","ALL","1","q","1q",0,1,"LUAD","B_cell"
"54","1q43",-0.0350874030248152,-0.238692559940561,0.811886650946353,"con","ALL","1","q","1q",0,1,"LUAD","B_cell"
"55","1q44",-0.0422616899270029,-0.290397841346434,0.772179975612823,"con","ALL","1","q","1q",0,1,"LUAD","B_cell"
"56","2p25.3",0.527723882617231,2.17039680108871,0.0326096661428653,"con","ALL","2","p","2p",0,1,"LUAD","B_cell"
"57","2p25.1",0.64834002557147,2.39436153626449,0.0187236504251603,"con","ALL","2","p","2p",0,1,"LUAD","B_cell"
"58","2p24.1",0.80790762532202,2.72732152737243,0.00767610334303931,"con","ALL","2","p","2p",0,1,"LUAD","B_cell"
"59","2p23.3",0.930634858851894,2.7927845770415,1,"con","ALL","2","p","2p",0,1,"LUAD","B_cell"
"60","2p23.2",0.948770779760314,2.63640177435298,1,"con","ALL","2","p","2p",0,1,"LUAD","B_cell"
"61","2p22.3",0.936803050576783,2.62614016296564,1,"con","ALL","2","p","2p",0,1,"LUAD","B_cell"
"62","2p22.2",0.843708702670468,2.49034164249555,1,"con","ALL","2","p","2p",0,1,"LUAD","B_cell"
"63","2p22.1",0.740860542691002,2.34128446374743,1,"con","ALL","2","p","2p",0,1,"LUAD","B_cell"
"64","2p21",0.514981772102933,1.6776399555102,1,"con","ALL","2","p","2p",0,-1,"LUAD","B_cell"
"65","2p16.2",0.466056787724283,1.63049966840114,1,"con","ALL","2","p","2p",0,-1,"LUAD","B_cell"
"66","2p16.1",0.465484754894183,1.670791855931,1,"con","ALL","2","p","2p",0,-1,"LUAD","B_cell"
"67","2p15",0.433866096924987,1.61705486003541,1,"con","ALL","2","p","2p",0,1,"LUAD","B_cell"
"68","2p14",0.379983191138536,1.40915567813728,1,"con","ALL","2","p","2p",0,1,"LUAD","B_cell"
"69","2p13.3",0.348804671766,1.27724161260129,1,"con","ALL","2","p","2p",0,1,"LUAD","B_cell"
"70","2p13.2",0.327822519366338,1.16941638889639,1,"con","ALL","2","p","2p",0,1,"LUAD","B_cell"
"71","2p13.1",0.343223360333604,1.16798291570222,1,"con","ALL","2","p","2p",0,1,"LUAD","B_cell"
"72","2p12",0.353652824507332,1.14855893073703,1,"con","ALL","2","p","2p",0,1,"LUAD","B_cell"
"73","2p11.2",0.296994027171944,0.944547681284659,1,"con","ALL","2","p","2p",0,1,"LUAD","B_cell"
"74","2q11.1",0.272089992096829,0.847340913988812,1,"con","ALL","2","q","2q",0,1,"LUAD","B_cell"
"75","2q11.2",0.1992930060061,0.585165926456726,1,"con","ALL","2","q","2q",0,1,"LUAD","B_cell"
"76","2q12.2",0.111356832839025,0.310518844790582,1,"con","ALL","2","q","2q",0,1,"LUAD","B_cell"
"77","2q12.3",0.0999426689346115,0.27674509383133,1,"con","ALL","2","q","2q",0,1,"LUAD","B_cell"
"78","2q13",0.109435586520705,0.300892012292872,1,"con","ALL","2","q","2q",0,1,"LUAD","B_cell"
"79","2q14.1",0.113073201266905,0.309753481856263,1,"con","ALL","2","q","2q",0,1,"LUAD","B_cell"
"80","2q14.2",0.164829218517167,0.445338567108842,1,"con","ALL","2","q","2q",0,1,"LUAD","B_cell"
"81","2q14.3",0.15801578137361,0.437720247373949,1,"con","ALL","2","q","2q",0,1,"LUAD","B_cell"
"82","2q21.1",0.142358536254276,0.391138334493581,1,"con","ALL","2","q","2q",0,1,"LUAD","B_cell"
"83","2q21.3",0.158605146663132,0.448140779602612,1,"con","ALL","2","q","2q",0,1,"LUAD","B_cell"
"84","2q23.2",0.148229117491577,0.423001559216227,1,"con","ALL","2","q","2q",0,1,"LUAD","B_cell"
"85","2q23.3",0.126710274865127,0.36258436649218,1,"con","ALL","2","q","2q",0,1,"LUAD","B_cell"
"86","2q24.2",0.0922463980295504,0.263858860865313,1,"con","ALL","2","q","2q",0,1,"LUAD","B_cell"
"87","2q31.1",0.141973449836456,0.405918904898462,1,"con","ALL","2","q","2q",0,1,"LUAD","B_cell"
"88","2q31.2",0.198853164347996,0.518713068315324,1,"con","ALL","2","q","2q",0,1,"LUAD","B_cell"
"89","2q31.3",0.220345698735211,0.561158116290511,1,"con","ALL","2","q","2q",0,1,"LUAD","B_cell"
"90","2q32.1",0.234879743500817,0.587551339462188,1,"con","ALL","2","q","2q",0,1,"LUAD","B_cell"
"91","2q32.3",0.226280304783722,0.558945259632106,1,"con","ALL","2","q","2q",0,1,"LUAD","B_cell"
"92","2q33.1",0.319612536775729,0.731206723546996,1,"con","ALL","2","q","2q",0,1,"LUAD","B_cell"
"93","2q33.2",0.185974464192986,0.406841604415608,1,"con","ALL","2","q","2q",0,1,"LUAD","B_cell"
"94","2q34",0.191012382666299,0.458681858812537,1,"con","ALL","2","q","2q",0,1,"LUAD","B_cell"
"95","2q35",0.296995271807253,0.783689354072271,1,"con","ALL","2","q","2q",0,1,"LUAD","B_cell"
"96","2q36.1",0.288870311788646,0.842449597437519,0.401769548316917,"con","ALL","2","q","2q",0,1,"LUAD","B_cell"
"97","2q36.3",0.281665648634567,0.845562274833934,0.400039410069712,"con","ALL","2","q","2q",0,1,"LUAD","B_cell"
"98","2q37.1",0.287892585017021,0.941198707875223,0.349122493084018,"con","ALL","2","q","2q",0,1,"LUAD","B_cell"
"99","2q37.3",0.230505639812852,0.8116786058869,0.419117620157306,"con","ALL","2","q","2q",0,1,"LUAD","B_cell"
"100","3p26.2",-0.0576354189105014,-0.29872985791772,0.765834837068641,"con","ALL","3","p","3p",0,-1,"LUAD","B_cell"
"101","3p26.1",-0.0588856007482325,-0.306398492430106,0.760008959442785,"con","ALL","3","p","3p",0,-1,"LUAD","B_cell"
"102","3p25.3",-0.0453810851127212,-0.240513811909057,0.810478974518362,"con","ALL","3","p","3p",0,-1,"LUAD","B_cell"
"103","3p25.2",-0.0276189774197314,-0.148153091725488,0.882553379394865,"con","ALL","3","p","3p",0,-1,"LUAD","B_cell"
"104","3p25.1",0.047119718321606,0.255387394122108,0.799006643414636,"con","ALL","3","p","3p",0,-1,"LUAD","B_cell"
"105","3p24.3",0.130779344570957,0.735941901451898,0.463679828951646,"con","ALL","3","p","3p",0,-1,"LUAD","B_cell"
"106","3p24.2",0.128671011940814,0.728595481385439,0.468140769857764,"con","ALL","3","p","3p",0,-1,"LUAD","B_cell"
"107","3p24.1",0.146394774750956,0.840034454251276,0.403115112056249,"con","ALL","3","p","3p",0,-1,"LUAD","B_cell"
"108","3p23",0.157761781609613,0.909477601252394,0.365527259919755,"con","ALL","3","p","3p",0,-1,"LUAD","B_cell"
"109","3p22.3",0.170480546310136,0.981642638020673,0.328907448396804,"con","ALL","3","p","3p",0,-1,"LUAD","B_cell"
"110","3p22.2",0.182400764458821,1.0416117296456,0.300381726271125,"con","ALL","3","p","3p",0,-1,"LUAD","B_cell"
"111","3p22.1",0.17864548243246,0.991578439296601,0.324061661476244,"con","ALL","3","p","3p",0,-1,"LUAD","B_cell"
"112","3p21.33",0.173025877805952,0.925619384223864,0.357119171590774,"con","ALL","3","p","3p",0,-1,"LUAD","B_cell"
"113","3p21.31",0.098473396258142,0.467422138577813,0.641327657802136,"con","ALL","3","p","3p",0,-1,"LUAD","B_cell"
"114","3p21.2",0.0679468440002975,0.269675066738915,1,"con","ALL","3","p","3p",0,-1,"LUAD","B_cell"
"115","3p21.1",0.0254534033691815,0.0895734354916994,1,"con","ALL","3","p","3p",0,-1,"LUAD","B_cell"
"116","3p14.3",0.0155520668351482,0.0500531366738301,1,"con","ALL","3","p","3p",0,-1,"LUAD","B_cell"
"117","3p14.1",0.00901171489728309,0.0276022756014863,1,"con","ALL","3","p","3p",0,-1,"LUAD","B_cell"
"118","3p13",-0.00542940727876979,-0.0166118416212881,1,"con","ALL","3","p","3p",0,-1,"LUAD","B_cell"
"119","3p11.2",-0.0371579059498217,-0.111204374194335,1,"con","ALL","3","p","3p",0,-1,"LUAD","B_cell"
"120","3p11.1",-0.058506996005597,-0.17259589058834,1,"con","ALL","3","p","3p",0,-1,"LUAD","B_cell"
"121","3q11.2",-0.0574480833051396,-0.16517509764375,1,"con","ALL","3","q","3q",0,-1,"LUAD","B_cell"
"122","3q12.2",0.226527950882105,0.682411803165943,1,"con","ALL","3","q","3q",0,1,"LUAD","B_cell"
"123","3q12.3",0.236137417087961,0.708631293973557,1,"con","ALL","3","q","3q",0,1,"LUAD","B_cell"
"124","3q13.12",0.196941835355957,0.603928771245808,1,"con","ALL","3","q","3q",0,1,"LUAD","B_cell"
"125","3q13.13",0.196977455880105,0.611281861609713,1,"con","ALL","3","q","3q",0,1,"LUAD","B_cell"
"126","3q13.2",0.204204094784773,0.637807451278403,1,"con","ALL","3","q","3q",0,1,"LUAD","B_cell"
"127","3q13.31",0.212097442083088,0.669915655963382,1,"con","ALL","3","q","3q",0,1,"LUAD","B_cell"
"128","3q13.33",0.185781027294927,0.636438459922831,0.526106038989423,"con","ALL","3","q","3q",0,1,"LUAD","B_cell"
"129","3q21.1",0.172219992428479,0.645511033244499,0.520238409476207,"con","ALL","3","q","3q",0,1,"LUAD","B_cell"
"130","3q21.3",0.192761763935506,0.788895296617542,0.432246450815886,"con","ALL","3","q","3q",0,1,"LUAD","B_cell"
"131","3q22.1",0.219983219372275,0.920847827020203,0.359591636943294,"con","ALL","3","q","3q",0,1,"LUAD","B_cell"
"132","3q22.2",0.231897447987195,0.982628888517716,0.328424320279102,"con","ALL","3","q","3q",0,-1,"LUAD","B_cell"
"133","3q22.3",0.26875599809163,1.17704162839488,0.242282405666382,"con","ALL","3","q","3q",0,-1,"LUAD","B_cell"
"134","3q23",0.284955856720974,1.34929515975667,0.18062685241999,"con","ALL","3","q","3q",0,-1,"LUAD","B_cell"
"135","3q24",0.265189649109938,1.38695255619545,0.168881727263109,"con","ALL","3","q","3q",0,-1,"LUAD","B_cell"
"136","3q25.1",0.274078448437345,1.5833819808413,0.116842291150682,"con","ALL","3","q","3q",0,-1,"LUAD","B_cell"
"137","3q25.2",0.271034688410632,1.70327023514138,0.0919685247633328,"con","ALL","3","q","3q",0,-1,"LUAD","B_cell"
"138","3q25.31",0.269937489828409,1.76694420259184,0.0806276021194759,"con","ALL","3","q","3q",0,-1,"LUAD","B_cell"
"139","3q25.32",0.270510006693744,1.80135318536426,0.074996072296804,"con","ALL","3","q","3q",0,-1,"LUAD","B_cell"
"140","3q25.33",0.266460001539796,1.86671775359862,0.0651969128089588,"con","ALL","3","q","3q",0,-1,"LUAD","B_cell"
"141","3q26.1",0.266802195024438,1.92961895957735,0.0568039978124883,"con","ALL","3","q","3q",0,-1,"LUAD","B_cell"
"142","3q26.2",0.260323255259709,1.96711613213215,0.0522497202695489,"con","ALL","3","q","3q",0,-1,"LUAD","B_cell"
"143","3q26.31",0.259206834173429,1.98836997350439,0.0498089295810689,"con","ALL","3","q","3q",0,-1,"LUAD","B_cell"
"144","3q26.32",0.253648844386455,2.04805385694256,0.0434684991033185,"con","ALL","3","q","3q",0,-1,"LUAD","B_cell"
"145","3q26.33",0.235819420267453,2.14417260488547,0.0347144874283566,"con","ALL","3","q","3q",0,-1,"LUAD","B_cell"
"146","3q27.1",0.223185787325071,2.25306884900973,0.0266847925765733,"con","ALL","3","q","3q",0,-1,"LUAD","B_cell"
"147","3q27.2",0.215979624114621,2.26039114432935,0.0262086959234375,"con","ALL","3","q","3q",0,-1,"LUAD","B_cell"
"148","3q27.3",0.216741849092234,2.28556214119563,0.0246285314523389,"con","ALL","3","q","3q",0,-1,"LUAD","B_cell"
"149","3q29",0.199031601544499,2.26172586812007,0.0261227208564637,"con","ALL","3","q","3q",0,-1,"LUAD","B_cell"
"150","4p16.3",-0.435860756289601,-2.03243338304912,0.045057073396821,"con","ALL","4","p","4p",0,-1,"LUAD","B_cell"
"151","4p16.1",-0.504142122196003,-2.28148797534453,0.0248784623140492,"con","ALL","4","p","4p",0,1,"LUAD","B_cell"
"152","4p15.32",-0.538303930270887,-2.38601788728267,0.0191272499905642,"con","ALL","4","p","4p",0,1,"LUAD","B_cell"
"153","4p15.2",-0.558728741448596,-2.45973568383992,0.0158148275136557,"con","ALL","4","p","4p",0,1,"LUAD","B_cell"
"154","4p14",-0.55225011933028,-2.24514582790926,0.0272084868454232,"con","ALL","4","p","4p",0,1,"LUAD","B_cell"
"155","4p13",-0.495006736302473,-1.88093222508011,0.0632144362727494,"con","ALL","4","p","4p",0,1,"LUAD","B_cell"
"156","4p12",-0.509455775941884,-1.90630009206655,0.0598022590163538,"con","ALL","4","p","4p",0,1,"LUAD","B_cell"
"157","4p11",-0.523761720407278,-1.95125280820405,0.054137088471279,"con","ALL","4","p","4p",0,1,"LUAD","B_cell"
"158","4q12",-0.578995549921166,-2.11711720773944,1,"con","ALL","4","q","4q",0,1,"LUAD","B_cell"
"159","4q13.2",-0.627379191204447,-2.21067946351163,1,"con","ALL","4","q","4q",0,1,"LUAD","B_cell"
"160","4q21.1",-0.715207018551193,-2.17870843695922,1,"con","ALL","4","q","4q",0,1,"LUAD","B_cell"
"161","4q21.22",-0.787348521316928,-2.32764216683317,1,"con","ALL","4","q","4q",0,1,"LUAD","B_cell"
"162","4q21.23",-0.808657378873864,-2.37985930590801,1,"con","ALL","4","q","4q",0,1,"LUAD","B_cell"
"163","4q22.1",-0.749147588198682,-2.20014145970648,1,"con","ALL","4","q","4q",0,1,"LUAD","B_cell"
"164","4q22.3",-0.70894906862176,-2.07778553176303,1,"con","ALL","4","q","4q",0,-1,"LUAD","B_cell"
"165","4q23",-0.40074269903108,-1.23516638993753,1,"con","ALL","4","q","4q",0,-1,"LUAD","B_cell"
"166","4q24",-0.506688063220176,-1.6064850800981,1,"con","ALL","4","q","4q",0,-1,"LUAD","B_cell"
"167","4q25",-0.577163369282181,-1.87919666857042,1,"con","ALL","4","q","4q",0,-1,"LUAD","B_cell"
"168","4q27",-0.554448295161854,-1.78227236548512,1,"con","ALL","4","q","4q",0,-1,"LUAD","B_cell"
"169","4q31.1",-0.563934985716342,-1.84024479533012,1,"con","ALL","4","q","4q",0,-1,"LUAD","B_cell"
"170","4q31.21",-0.596776652042671,-1.97028162100009,1,"con","ALL","4","q","4q",0,-1,"LUAD","B_cell"
"171","4q31.22",-0.614713946665428,-2.03920480792271,1,"con","ALL","4","q","4q",0,-1,"LUAD","B_cell"
"172","4q32.1",-0.694312434530768,-2.25642296412606,1,"con","ALL","4","q","4q",0,1,"LUAD","B_cell"
"173","4q32.2",-0.693632713451968,-2.24139146342115,1,"con","ALL","4","q","4q",0,1,"LUAD","B_cell"
"174","4q34.1",-0.723227894934124,-2.41269486218023,1,"con","ALL","4","q","4q",0,1,"LUAD","B_cell"
"175","4q34.2",-0.726504289881307,-2.44713195153421,1,"con","ALL","4","q","4q",0,1,"LUAD","B_cell"
"176","4q35.1",-0.808480642490905,-2.80449775565782,1,"con","ALL","4","q","4q",0,1,"LUAD","B_cell"
"177","5p15.33",-0.0421717113633224,-0.351259792534801,0.726214427955964,"con","ALL","5","p","5p",0,1,"LUAD","B_cell"
"178","5p15.31",-0.0523685436044815,-0.399592765361448,0.690403209335669,"con","ALL","5","p","5p",0,1,"LUAD","B_cell"
"179","5p15.2",-0.0548043942555503,-0.400593254446898,0.689668980673634,"con","ALL","5","p","5p",0,1,"LUAD","B_cell"
"180","5p15.1",-0.0580958524141508,-0.389397106095699,0.697902283382108,"con","ALL","5","p","5p",0,1,"LUAD","B_cell"
"181","5p13.3",-0.0644722715616129,-0.40580767071986,0.685847099370154,"con","ALL","5","p","5p",0,1,"LUAD","B_cell"
"182","5p13.1",-0.0763708966891187,-0.415619288501723,0.67867789522276,"con","ALL","5","p","5p",0,1,"LUAD","B_cell"
"183","5p12",-0.0965363959191085,-0.508353872451253,0.612449008538013,"con","ALL","5","p","5p",0,1,"LUAD","B_cell"
"184","5q11.1",-0.128164049335589,-0.617068695125884,0.538747407673016,"con","ALL","5","q","5q",0,1,"LUAD","B_cell"
"185","5q11.2",-0.202085613760533,-0.977749344886801,0.330819202222563,"con","ALL","5","q","5q",0,1,"LUAD","B_cell"
"186","5q12.1",-0.242597575082563,-1.22553940448912,0.22356946851231,"con","ALL","5","q","5q",0,1,"LUAD","B_cell"
"187","5q12.3",-0.226318565558804,-1.21145219323937,0.228893400740778,"con","ALL","5","q","5q",0,1,"LUAD","B_cell"
"188","5q13.1",-0.225605715094171,-1.25312253161897,0.213407007012696,"con","ALL","5","q","5q",0,1,"LUAD","B_cell"
"189","5q13.2",-0.190513941411257,-1.15620507857084,0.250657237923366,"con","ALL","5","q","5q",0,1,"LUAD","B_cell"
"190","5q13.3",-0.172863196995267,-1.1123426944162,0.268953226436606,"con","ALL","5","q","5q",0,-1,"LUAD","B_cell"
"191","5q14.1",-0.169310520321868,-1.11166602385321,0.269242601760228,"con","ALL","5","q","5q",0,-1,"LUAD","B_cell"
"192","5q14.2",-0.175813672290856,-1.19050281221754,0.23697947469987,"con","ALL","5","q","5q",0,-1,"LUAD","B_cell"
"193","5q14.3",-0.182230572349453,-1.24315225140216,0.217040529070572,"con","ALL","5","q","5q",0,-1,"LUAD","B_cell"
"194","5q15",-0.187648221596383,-1.27136205209394,0.206875762559709,"con","ALL","5","q","5q",0,-1,"LUAD","B_cell"
"195","5q21.1",-0.185006115630201,-1.24407559618681,0.216702140188327,"con","ALL","5","q","5q",0,-1,"LUAD","B_cell"
"196","5q21.3",-0.190172329792827,-1.26624094154408,0.20869446627214,"con","ALL","5","q","5q",0,-1,"LUAD","B_cell"
"197","5q22.2",-0.200327383660567,-1.30298319517739,0.195904379382968,"con","ALL","5","q","5q",0,-1,"LUAD","B_cell"
"198","5q22.3",-0.197090331044856,-1.25347722439721,0.213278571576761,"con","ALL","5","q","5q",0,-1,"LUAD","B_cell"
"199","5q23.1",-0.194490135004236,-1.2302034441259,0.221826800796583,"con","ALL","5","q","5q",0,-1,"LUAD","B_cell"
"200","5q23.2",-0.189808928461901,-1.198617064097,0.23382349434743,"con","ALL","5","q","5q",0,-1,"LUAD","B_cell"
"201","5q31.1",-0.171316986586957,-1.15493385231646,0.251174752896867,"con","ALL","5","q","5q",0,1,"LUAD","B_cell"
"202","5q31.2",-0.147764126463662,-1.08734350469591,0.279788490493683,"con","ALL","5","q","5q",0,1,"LUAD","B_cell"
"203","5q31.3",-0.0680266534259437,-0.524192177319157,0.601433500475975,"con","ALL","5","q","5q",0,1,"LUAD","B_cell"
"204","5q32",-0.00172588233305031,-0.0145808189876151,0.988398875916446,"con","ALL","5","q","5q",0,1,"LUAD","B_cell"
"205","5q33.1",0.00657087905880806,0.0562853883819471,0.955239227492615,"con","ALL","5","q","5q",0,1,"LUAD","B_cell"
"206","5q33.2",0.00648259303719373,0.0555990217922588,0.955784486353123,"con","ALL","5","q","5q",0,1,"LUAD","B_cell"
"207","5q33.3",0.00819212899967556,0.0715512943944594,0.943117764294018,"con","ALL","5","q","5q",0,1,"LUAD","B_cell"
"208","5q34",0.00582832540128116,0.0516757182005027,0.958901607568329,"con","ALL","5","q","5q",0,1,"LUAD","B_cell"
"209","5q35.1",0.00619456852242373,0.0555727739762651,0.955805338390873,"con","ALL","5","q","5q",0,1,"LUAD","B_cell"
"210","5q35.2",-0.000931660763498383,-0.0083920715459555,0.993322748471135,"con","ALL","5","q","5q",0,1,"LUAD","B_cell"
"211","5q35.3",-0.0116310813961919,-0.111297739149444,0.91162808375611,"con","ALL","5","q","5q",0,1,"LUAD","B_cell"
"212","6p25.2",-0.0851044141398279,-0.360854948815532,0.719053508882669,"con","ALL","6","p","6p",0,1,"LUAD","B_cell"
"213","6p25.1",-0.044370290210101,-0.193828633196219,0.846746869903569,"con","ALL","6","p","6p",0,1,"LUAD","B_cell"
"214","6p24.3",-0.0255504855465538,-0.115310889889853,0.90845559264601,"con","ALL","6","p","6p",0,1,"LUAD","B_cell"
"215","6p24.2",-0.0224487885741342,-0.104460619221214,0.917036262163466,"con","ALL","6","p","6p",0,1,"LUAD","B_cell"
"216","6p23",0.100312365843354,0.470004876734083,0.639488423222305,"con","ALL","6","p","6p",0,1,"LUAD","B_cell"
"217","6p22.3",0.0753302959713863,0.401952603080782,0.688671871787931,"con","ALL","6","p","6p",0,1,"LUAD","B_cell"
"218","6p22.2",0.0817668294948261,0.458852025370233,0.647446658867545,"con","ALL","6","p","6p",0,1,"LUAD","B_cell"
"219","6p22.1",0.074868450204214,0.446572249589411,0.656256634242765,"con","ALL","6","p","6p",0,1,"LUAD","B_cell"
"220","6p21.33",0.0619019382546077,0.41400167296709,0.679857851353121,"con","ALL","6","p","6p",0,1,"LUAD","B_cell"
"221","6p21.32",0.0637720459418718,0.444070460505464,0.65805754018263,"con","ALL","6","p","6p",0,1,"LUAD","B_cell"
"222","6p21.31",0.0633486709075331,0.413907282142606,0.679926728608901,"con","ALL","6","p","6p",0,1,"LUAD","B_cell"
"223","6p21.2",0.0910887886699196,0.520359464655254,0.604090800133197,"con","ALL","6","p","6p",0,1,"LUAD","B_cell"
"224","6p21.1",0.0669289430478495,0.317037362658672,0.751949523423771,"con","ALL","6","p","6p",0,1,"LUAD","B_cell"
"225","6p12.1",-0.147680550176952,-0.625135136588311,0.533464209966187,"con","ALL","6","p","6p",0,1,"LUAD","B_cell"
"226","6q12",-0.1515000326078,-0.681219140174167,0.497481924324714,"con","ALL","6","q","6q",0,1,"LUAD","B_cell"
"227","6q13",-0.159682255324429,-0.742706394555515,0.459593624995597,"con","ALL","6","q","6q",0,1,"LUAD","B_cell"
"228","6q14.1",-0.128924679413128,-0.65435044545439,0.51455473842951,"con","ALL","6","q","6q",0,1,"LUAD","B_cell"
"229","6q14.3",-0.0805141481579381,-0.464560963361382,0.643367790589959,"con","ALL","6","q","6q",0,1,"LUAD","B_cell"
"230","6q15",-0.0471967830802969,-0.290693394771143,0.771954632726705,"con","ALL","6","q","6q",0,1,"LUAD","B_cell"
"231","6q16.1",-0.0310570179684379,-0.19985727020642,0.84204309297592,"con","ALL","6","q","6q",0,1,"LUAD","B_cell"
"232","6q16.2",-0.0289805963712284,-0.19403880317507,0.846582792640429,"con","ALL","6","q","6q",0,1,"LUAD","B_cell"
"233","6q21",-0.0264514212619916,-0.186541572220852,0.852439922682474,"con","ALL","6","q","6q",0,-1,"LUAD","B_cell"
"234","6q22.1",-0.0276259902901423,-0.200080885570823,0.841868728656935,"con","ALL","6","q","6q",0,-1,"LUAD","B_cell"
"235","6q22.31",-0.0265423001821763,-0.188781294972233,0.850689281280325,"con","ALL","6","q","6q",0,-1,"LUAD","B_cell"
"236","6q22.33",-0.0352606575677945,-0.245521422708853,0.806611731853527,"con","ALL","6","q","6q",0,-1,"LUAD","B_cell"
"237","6q23.2",-0.0351181466242147,-0.242742940022447,0.808756891982226,"con","ALL","6","q","6q",0,-1,"LUAD","B_cell"
"238","6q23.3",-0.0377141283772732,-0.257513189473879,0.797370502840146,"con","ALL","6","q","6q",0,-1,"LUAD","B_cell"
"239","6q24.1",-0.042548396696446,-0.287886112612302,0.77409581443632,"con","ALL","6","q","6q",0,-1,"LUAD","B_cell"
"240","6q24.2",-0.0295932613962455,-0.200803499836331,0.841305323360541,"con","ALL","6","q","6q",0,-1,"LUAD","B_cell"
"241","6q25.1",0.0240164271403895,0.166830605625349,0.867877591796063,"con","ALL","6","q","6q",0,-1,"LUAD","B_cell"
"242","6q25.3",0.0643717055438636,0.468799817614425,0.640346297480204,"con","ALL","6","q","6q",0,1,"LUAD","B_cell"
"243","6q27",0.0800294305292206,0.597264648485895,0.551830410921273,"con","ALL","6","q","6q",0,1,"LUAD","B_cell"
"244","7p22.3",-0.0760662029705076,-0.828422722442267,0.409622665750564,"con","ALL","7","p","7p",0,1,"LUAD","B_cell"
"245","7p22.1",-0.0752064370555378,-0.837548174108476,0.404503172593729,"con","ALL","7","p","7p",0,1,"LUAD","B_cell"
"246","7p21.3",-0.0755713460315519,-0.846104989359366,0.399738216698806,"con","ALL","7","p","7p",0,1,"LUAD","B_cell"
"247","7p21.1",-0.0758506494006681,-0.845270972914829,0.400201132752776,"con","ALL","7","p","7p",0,1,"LUAD","B_cell"
"248","7p15.3",-0.0792753914274364,-0.874822092996831,0.383999326895251,"con","ALL","7","p","7p",0,1,"LUAD","B_cell"
"249","7p15.2",-0.0813003732014986,-0.892180170462095,0.374675583696083,"con","ALL","7","p","7p",0,1,"LUAD","B_cell"
"250","7p14.3",-0.0809428609921245,-0.870252161493215,0.386477837121409,"con","ALL","7","p","7p",0,1,"LUAD","B_cell"
"251","7p14.2",-0.0811769021271086,-0.861210722075261,0.391410644298668,"con","ALL","7","p","7p",0,1,"LUAD","B_cell"
"252","7p14.1",-0.0700132929748426,-0.726611907008833,0.469349379570032,"con","ALL","7","p","7p",0,1,"LUAD","B_cell"
"253","7p13",-0.0483577922289136,-0.484359546212073,0.629307369448377,"con","ALL","7","p","7p",0,1,"LUAD","B_cell"
"254","7p12.3",-0.0356311706750298,-0.343972062862228,0.731669644306491,"con","ALL","7","p","7p",0,1,"LUAD","B_cell"
"255","7p11.2",-0.0319321388554088,-0.296491077597843,0.767538202415576,"con","ALL","7","p","7p",0,1,"LUAD","B_cell"
"256","7q11.21",-0.0263290403134874,-0.228054597407039,0.820121125416568,"con","ALL","7","q","7q",0,1,"LUAD","B_cell"
"257","7q11.23",0.020134382700331,0.141631604491393,0.887687555259626,"con","ALL","7","q","7q",0,1,"LUAD","B_cell"
"258","7q21.12",0.0183768127158466,0.121168011215277,0.90382807610815,"con","ALL","7","q","7q",0,1,"LUAD","B_cell"
"259","7q21.2",0.0442479884477573,0.277424946775963,0.78209007293129,"con","ALL","7","q","7q",0,1,"LUAD","B_cell"
"260","7q21.3",0.0702658709702355,0.428980391601802,0.668962590948077,"con","ALL","7","q","7q",0,1,"LUAD","B_cell"
"261","7q22.1",0.0826190802549725,0.482242877715492,0.630804184345661,"con","ALL","7","q","7q",0,1,"LUAD","B_cell"
"262","7q22.3",0.0955071967830488,0.522984547960086,0.602270196336391,"con","ALL","7","q","7q",0,1,"LUAD","B_cell"
"263","7q31.1",0.097239703125951,0.511454299324016,0.610285536423474,"con","ALL","7","q","7q",0,1,"LUAD","B_cell"
"264","7q31.2",0.10405304613637,0.537564213211238,0.592204670174731,"con","ALL","7","q","7q",0,1,"LUAD","B_cell"
"265","7q31.31",0.117350479511047,0.603799445361049,0.547495884037576,"con","ALL","7","q","7q",0,1,"LUAD","B_cell"
"266","7q31.32",0.121293450547275,0.617416214446652,0.538519247705626,"con","ALL","7","q","7q",0,1,"LUAD","B_cell"
"267","7q32.1",0.132496668190288,0.655393122317919,0.513886475733536,"con","ALL","7","q","7q",0,-1,"LUAD","B_cell"
"268","7q32.2",0.130188513642516,0.63509086754593,0.526980510169856,"con","ALL","7","q","7q",0,-1,"LUAD","B_cell"
"269","7q33",0.137970921604017,0.664872387527518,0.507832236681002,"con","ALL","7","q","7q",0,-1,"LUAD","B_cell"
"270","7q34",0.146905030942979,0.704656495123227,0.482843547079863,"con","ALL","7","q","7q",0,1,"LUAD","B_cell"
"271","7q36.1",0.135438784097284,0.6656605936566,0.507330542678599,"con","ALL","7","q","7q",0,1,"LUAD","B_cell"
"272","7q36.3",0.124725747084215,0.630508884746049,0.529959453902484,"con","ALL","7","q","7q",0,1,"LUAD","B_cell"
"273","8p23.3",-0.176266885195224,-1.06686425564377,0.288886655189781,"con","ALL","8","p","8p",0,1,"LUAD","B_cell"
"274","8p22",-0.142975021500744,-0.834525065599826,0.406194848658356,"con","ALL","8","p","8p",0,1,"LUAD","B_cell"
"275","8p21.3",-0.110001906460726,-0.611230767465733,0.542587586751651,"con","ALL","8","p","8p",0,1,"LUAD","B_cell"
"276","8p21.2",-0.0299468280908643,-0.159960138157052,0.873270936857867,"con","ALL","8","p","8p",0,1,"LUAD","B_cell"
"277","8p21.1",8.74417906198315e-05,0.000457731156232619,0.999635796452397,"con","ALL","8","p","8p",0,1,"LUAD","B_cell"
"278","8p12",0.0216644690621357,0.110680376721714,0.912116251883385,"con","ALL","8","p","8p",0,1,"LUAD","B_cell"
"279","8p11.23",0.0559438919853543,0.274189679320866,0.784567203639274,"con","ALL","8","p","8p",0,1,"LUAD","B_cell"
"280","8p11.22",0.0737631755010368,0.362653312036746,0.717714143731831,"con","ALL","8","p","8p",0,1,"LUAD","B_cell"
"281","8p11.21",0.0545515550708622,0.276163802755205,0.783055420952974,"con","ALL","8","p","8p",0,1,"LUAD","B_cell"
"282","8q11.21",0.0241540040036403,0.13054171911605,0.896429193360889,"con","ALL","8","q","8q",0,1,"LUAD","B_cell"
"283","8q11.23",0.0198924703662326,0.11183130473857,0.911206203768077,"con","ALL","8","q","8q",0,1,"LUAD","B_cell"
"284","8q12.1",-0.0143171646562425,-0.0869062394381636,0.930939103899258,"con","ALL","8","q","8q",0,1,"LUAD","B_cell"
"285","8q12.3",-0.0259049327746398,-0.166442199101977,0.868182328307782,"con","ALL","8","q","8q",0,1,"LUAD","B_cell"
"286","8q13.1",-0.0582932064171687,-0.389637928940712,0.697724804393314,"con","ALL","8","q","8q",0,1,"LUAD","B_cell"
"287","8q13.3",-0.0735137860299638,-0.506947116074914,0.613431776169727,"con","ALL","8","q","8q",0,1,"LUAD","B_cell"
"288","8q21.11",-0.0997150844772625,-0.723606929955894,0.471183676499971,"con","ALL","8","q","8q",0,1,"LUAD","B_cell"
"289","8q21.13",-0.0773564921091783,-0.617333267847351,0.538573700901016,"con","ALL","8","q","8q",0,1,"LUAD","B_cell"
"290","8q21.3",-0.0592753575448843,-0.520012687509907,0.604331492210694,"con","ALL","8","q","8q",0,1,"LUAD","B_cell"
"291","8q22.1",-0.0362797083580904,-0.354743888178078,0.723611374570586,"con","ALL","8","q","8q",0,1,"LUAD","B_cell"
"292","8q22.2",-0.0227167366794124,-0.235689757496592,0.814208916124768,"con","ALL","8","q","8q",0,1,"LUAD","B_cell"
"293","8q22.3",-0.00993576503075518,-0.107030151934124,0.915003283792554,"con","ALL","8","q","8q",0,1,"LUAD","B_cell"
"294","8q23.1",0.00684712627525202,0.0761648715428586,0.939456985847771,"con","ALL","8","q","8q",0,1,"LUAD","B_cell"
"295","8q23.2",0.0100928305014491,0.113067176638361,0.910229121709341,"con","ALL","8","q","8q",0,1,"LUAD","B_cell"
"296","8q24.11",0.0154176256075686,0.174323427658956,0.862002823595324,"con","ALL","8","q","8q",0,1,"LUAD","B_cell"
"297","8q24.12",0.0228585199236482,0.26344932612562,0.792806505691235,"con","ALL","8","q","8q",0,1,"LUAD","B_cell"
"298","8q24.13",0.0208280221313177,0.245537740186236,0.806599138104374,"con","ALL","8","q","8q",0,1,"LUAD","B_cell"
"299","8q24.22",0.0246175478269274,0.301112357334825,0.764023387375052,"con","ALL","8","q","8q",0,1,"LUAD","B_cell"
"300","8q24.3",0.0432008687717726,0.553071514916648,0.581585669810746,"con","ALL","8","q","8q",0,1,"LUAD","B_cell"
"301","9p24.1",0.0474061649899401,0.444037347356547,0.658081390154137,"con","ALL","9","p","9p",0,-1,"LUAD","B_cell"
"302","9p22.3",0.0480576593262884,0.445028851177513,0.657367406162214,"con","ALL","9","p","9p",0,-1,"LUAD","B_cell"
"303","9p22.1",0.0748500016274702,0.702623967976611,0.484103521401874,"con","ALL","9","p","9p",0,-1,"LUAD","B_cell"
"304","9p21.1",0.113556532647759,0.961069774463742,0.339092060746842,"con","ALL","9","p","9p",0,-1,"LUAD","B_cell"
"305","9p13.3",0.145653784990063,1.03625324705859,0.302860270247382,"con","ALL","9","p","9p",0,-1,"LUAD","B_cell"
"306","9p13.2",0.178410290979305,1.07526061170918,0.285132235370866,"con","ALL","9","p","9p",0,-1,"LUAD","B_cell"
"307","9q21.12",0.225416630478074,1.19666711009707,0.234579136465031,"con","ALL","9","q","9q",0,-1,"LUAD","B_cell"
"308","9q21.13",0.276011168030169,1.31233116255041,0.192745495032044,"con","ALL","9","q","9q",0,-1,"LUAD","B_cell"
"309","9q21.2",0.221279109351334,0.863460975975062,1,"con","ALL","9","q","9q",0,-1,"LUAD","B_cell"
"310","9q21.31",0.256280133494844,0.985158222045495,1,"con","ALL","9","q","9q",0,-1,"LUAD","B_cell"
"311","9q21.32",0.284066596308153,1.06560089256306,1,"con","ALL","9","q","9q",0,-1,"LUAD","B_cell"
"312","9q21.33",0.345485031920632,1.26345685770949,1,"con","ALL","9","q","9q",0,-1,"LUAD","B_cell"
"313","9q22.2",0.357622720698982,1.29446382831557,1,"con","ALL","9","q","9q",0,-1,"LUAD","B_cell"
"314","9q22.31",0.336892965035013,1.22788499415638,1,"con","ALL","9","q","9q",0,-1,"LUAD","B_cell"
"315","9q22.32",0.334554228499738,1.22670439448852,1,"con","ALL","9","q","9q",0,-1,"LUAD","B_cell"
"316","9q22.33",0.324257717511202,1.25144264604906,1,"con","ALL","9","q","9q",0,-1,"LUAD","B_cell"
"317","9q31.1",0.284986500598176,1.1996284038895,0.233432273549782,"con","ALL","9","q","9q",0,-1,"LUAD","B_cell"
"318","9q31.2",0.271245376942084,1.23138596095914,0.221386542556711,"con","ALL","9","q","9q",0,-1,"LUAD","B_cell"
"319","9q31.3",0.256423493160498,1.21709533363656,0.226749792136965,"con","ALL","9","q","9q",0,-1,"LUAD","B_cell"
"320","9q32",0.238641296938757,1.1232853827084,0.264303758260384,"con","ALL","9","q","9q",0,-1,"LUAD","B_cell"
"321","9q33.2",0.20382852228971,0.907508678781455,0.366561382980083,"con","ALL","9","q","9q",0,-1,"LUAD","B_cell"
"322","9q33.3",0.0540174458097495,0.239614976064228,0.811173622357636,"con","ALL","9","q","9q",0,-1,"LUAD","B_cell"
"323","9q34.11",-0.117196912396604,-0.510025688656507,0.611281989882128,"con","ALL","9","q","9q",0,-1,"LUAD","B_cell"
"324","9q34.13",-0.175446910202234,-0.774716020955827,0.440538093253439,"con","ALL","9","q","9q",0,-1,"LUAD","B_cell"
"325","9q34.3",-0.148864094057557,-0.767692575373746,0.444679315478555,"con","ALL","9","q","9q",0,1,"LUAD","B_cell"
"326","10p15.3",0.0818669365663661,0.584662430028008,0.560237556762788,"con","ALL","10","p","10p",0,-1,"LUAD","B_cell"
"327","10p14",0.0170483513232297,0.105115513096303,0.916518066357398,"con","ALL","10","p","10p",0,-1,"LUAD","B_cell"
"328","10p13",-0.0285453169143088,-0.159232554290827,0.87384244858154,"con","ALL","10","p","10p",0,-1,"LUAD","B_cell"
"329","10p12.2",-0.121767532089257,-0.599824813183068,0.550130214706981,"con","ALL","10","p","10p",0,-1,"LUAD","B_cell"
"330","10p12.1",-0.202728304122618,-0.923556372981935,0.358186817992077,"con","ALL","10","p","10p",0,-1,"LUAD","B_cell"
"331","10p11.22",-0.288584690393679,-1.22433043474885,0.224022807442173,"con","ALL","10","p","10p",0,-1,"LUAD","B_cell"
"332","10q11.21",-0.37024204824737,-1.43224020006341,0.155539168937383,"con","ALL","10","q","10q",0,-1,"LUAD","B_cell"
"333","10q11.22",-0.403391818967637,-1.52285859401044,0.131300164171695,"con","ALL","10","q","10q",0,-1,"LUAD","B_cell"
"334","10q21.1",-0.40740119951854,-1.51586634835896,0.133057669799944,"con","ALL","10","q","10q",0,-1,"LUAD","B_cell"
"335","10q21.3",-0.438103034590955,-1.56284330985374,1,"con","ALL","10","q","10q",0,-1,"LUAD","B_cell"
"336","10q22.1",-0.469100649661868,-1.49686365201573,1,"con","ALL","10","q","10q",0,1,"LUAD","B_cell"
"337","10q22.2",-0.424920046017182,-1.2339188071354,1,"con","ALL","10","q","10q",0,1,"LUAD","B_cell"
"338","10q22.3",-0.294182123535214,-0.844193031656514,1,"con","ALL","10","q","10q",0,1,"LUAD","B_cell"
"339","10q23.1",-0.228113378268934,-0.649358882424706,1,"con","ALL","10","q","10q",0,1,"LUAD","B_cell"
"340","10q23.2",-0.194111167817388,-0.550434292867719,1,"con","ALL","10","q","10q",0,1,"LUAD","B_cell"
"341","10q23.31",-0.177752461253675,-0.499629746142833,1,"con","ALL","10","q","10q",0,-1,"LUAD","B_cell"
"342","10q23.32",-0.157138947713063,-0.440106489660949,1,"con","ALL","10","q","10q",0,-1,"LUAD","B_cell"
"343","10q24.1",-0.0914824499901543,-0.260719816148927,1,"con","ALL","10","q","10q",0,-1,"LUAD","B_cell"
"344","10q24.2",-0.0895677809580483,-0.256157595480103,1,"con","ALL","10","q","10q",0,-1,"LUAD","B_cell"
"345","10q24.31",-0.0492744827404029,-0.146169216360392,1,"con","ALL","10","q","10q",0,-1,"LUAD","B_cell"
"346","10q24.32",-0.0416121310878842,-0.126321923155291,0.899758881761191,"con","ALL","10","q","10q",0,-1,"LUAD","B_cell"
"347","10q25.1",-0.0472051455666299,-0.143842417303552,0.88594649893549,"con","ALL","10","q","10q",0,-1,"LUAD","B_cell"
"348","10q25.2",-0.0450940704032594,-0.137341866113995,0.891067369030071,"con","ALL","10","q","10q",0,-1,"LUAD","B_cell"
"349","10q25.3",-0.0963401697443149,-0.297229196298773,1,"con","ALL","10","q","10q",0,-1,"LUAD","B_cell"
"350","10q26.11",-0.0971438443286639,-0.298760713230459,1,"con","ALL","10","q","10q",0,-1,"LUAD","B_cell"
"351","10q26.13",0.128278621354545,0.462237368882496,1,"con","ALL","10","q","10q",0,-1,"LUAD","B_cell"
"352","10q26.3",0.169502179267907,0.685681207602284,0.494676636058454,"con","ALL","10","q","10q",0,-1,"LUAD","B_cell"
"353","11p15.5",-0.140230021148754,-1.20226323800865,0.232415246263561,"con","ALL","11","p","11p",0,-1,"LUAD","B_cell"
"354","11p15.4",-0.238423503449057,-1.34216355843675,0.182919032542979,"con","ALL","11","p","11p",0,-1,"LUAD","B_cell"
"355","11p15.3",-0.287954177357323,-1.38984354180034,0.168004698265642,"con","ALL","11","p","11p",0,-1,"LUAD","B_cell"
"356","11p15.2",-0.297996770392594,-1.32806072700099,0.187516272243122,"con","ALL","11","p","11p",0,-1,"LUAD","B_cell"
"357","11p15.1",-0.309421395524772,-1.24120502207192,0.217755419447029,"con","ALL","11","p","11p",0,-1,"LUAD","B_cell"
"358","11p14.3",-0.337518848657233,-1.18360146638868,0.239687697658103,"con","ALL","11","p","11p",0,-1,"LUAD","B_cell"
"359","11p13",-0.132561802840167,-0.361606676695087,1,"con","ALL","11","p","11p",0,-1,"LUAD","B_cell"
"360","11p12",-0.14539494929585,-0.34427285222916,1,"con","ALL","11","p","11p",0,-1,"LUAD","B_cell"
"361","11p11.2",-0.160699547168237,-0.324198945099872,1,"con","ALL","11","p","11p",0,1,"LUAD","B_cell"
"362","11q12.1",-0.150797464891943,-0.267856670372014,1,"con","ALL","11","q","11q",0,1,"LUAD","B_cell"
"363","11q12.2",-0.110113863472283,-0.226813745957973,1,"con","ALL","11","q","11q",0,1,"LUAD","B_cell"
"364","11q12.3",0.0147608197452335,0.0350705850416532,1,"con","ALL","11","q","11q",0,1,"LUAD","B_cell"
"365","11q13.1",0.173979779620002,0.513772395378045,1,"con","ALL","11","q","11q",0,1,"LUAD","B_cell"
"366","11q13.2",0.0711133043222355,0.315732835711449,0.752936305155166,"con","ALL","11","q","11q",0,1,"LUAD","B_cell"
"367","11q13.3",0.0862218032024378,0.467085148034829,0.64156780295551,"con","ALL","11","q","11q",0,1,"LUAD","B_cell"
"368","11q13.4",0.142613060563144,0.729681306615483,0.467479909720048,"con","ALL","11","q","11q",0,1,"LUAD","B_cell"
"369","11q13.5",0.190466022500881,0.934264448071636,0.352667383579485,"con","ALL","11","q","11q",0,1,"LUAD","B_cell"
"370","11q14.1",0.246550057880494,0.984086242813929,0.327711272615823,"con","ALL","11","q","11q",0,-1,"LUAD","B_cell"
"371","11q14.2",0.233446863056525,0.81580347692683,1,"con","ALL","11","q","11q",0,-1,"LUAD","B_cell"
"372","11q14.3",0.221359212114034,0.733675622114685,1,"con","ALL","11","q","11q",0,-1,"LUAD","B_cell"
"373","11q21",0.167379232347186,0.521288364562191,1,"con","ALL","11","q","11q",0,-1,"LUAD","B_cell"
"374","11q22.2",0.0993205013923882,0.307366158172553,1,"con","ALL","11","q","11q",0,-1,"LUAD","B_cell"
"375","11q22.3",-0.0163064313750479,-0.0528697592012565,1,"con","ALL","11","q","11q",0,-1,"LUAD","B_cell"
"376","11q23.1",-0.0867549545393586,-0.315152727380421,0.753375247771843,"con","ALL","11","q","11q",0,-1,"LUAD","B_cell"
"377","11q23.2",-0.108649460652382,-0.422090849065612,0.673965300512219,"con","ALL","11","q","11q",0,-1,"LUAD","B_cell"
"378","11q23.3",-0.141160581623849,-0.611528839225814,0.542391180093112,"con","ALL","11","q","11q",0,-1,"LUAD","B_cell"
"379","11q24.1",-0.147955418287927,-0.782204816608704,0.436147352813101,"con","ALL","11","q","11q",0,-1,"LUAD","B_cell"
"380","11q24.2",-0.131673781710951,-0.721149377366283,0.472686798826037,"con","ALL","11","q","11q",0,1,"LUAD","B_cell"
"381","11q24.3",-0.128461374862086,-0.744999701852774,0.458212981676484,"con","ALL","11","q","11q",0,1,"LUAD","B_cell"
"382","11q25",-0.126251528116668,-0.758869377918171,0.44991358648727,"con","ALL","11","q","11q",0,1,"LUAD","B_cell"
"383","12p13.33",0.169155491770163,1.58938277973404,0.115480905092603,"con","ALL","12","p","12p",0,1,"LUAD","B_cell"
"384","12p13.32",0.169402465560814,1.55073828016624,0.124473916714785,"con","ALL","12","p","12p",0,1,"LUAD","B_cell"
"385","12p13.31",0.186176808052128,1.53702126354685,0.12779647545821,"con","ALL","12","p","12p",0,-1,"LUAD","B_cell"
"386","12p13.2",0.202592162846269,1.34443562423546,0.182186396633664,"con","ALL","12","p","12p",0,-1,"LUAD","B_cell"
"387","12p13.1",0.212776172156751,1.30064809546903,0.19669944977474,"con","ALL","12","p","12p",0,-1,"LUAD","B_cell"
"388","12p12.3",0.215343803463568,1.24868384506816,0.215019071443852,"con","ALL","12","p","12p",0,-1,"LUAD","B_cell"
"389","12p12.1",0.216562997997268,1.06102847990378,0.291515981545988,"con","ALL","12","p","12p",0,1,"LUAD","B_cell"
"390","12p11.23",0.258359064689884,1.11688359054763,1,"con","ALL","12","p","12p",0,1,"LUAD","B_cell"
"391","12p11.22",0.302079768034624,1.18811444955151,1,"con","ALL","12","p","12p",0,1,"LUAD","B_cell"
"392","12q12",0.332150099585487,1.14175363616608,1,"con","ALL","12","q","12q",0,1,"LUAD","B_cell"
"393","12q13.11",0.389607206807906,1.27421782745678,1,"con","ALL","12","q","12q",0,1,"LUAD","B_cell"
"394","12q13.12",0.409742700649521,1.29714644461588,0.197896214487335,"con","ALL","12","q","12q",0,1,"LUAD","B_cell"
"395","12q13.13",0.281316575054449,1.07407722755031,0.28565934373157,"con","ALL","12","q","12q",0,1,"LUAD","B_cell"
"396","12q13.2",0.0581946276324741,0.300916165896252,0.764172505190251,"con","ALL","12","q","12q",0,1,"LUAD","B_cell"
"397","12q13.3",-0.0108735730153452,-0.0720178807293589,0.942747480795906,"con","ALL","12","q","12q",0,1,"LUAD","B_cell"
"398","12q14.1",-0.0283369059793857,-0.206917397326893,0.836541796639727,"con","ALL","12","q","12q",0,1,"LUAD","B_cell"
"399","12q14.3",-0.0333945630830502,-0.245145377896153,0.806901975517637,"con","ALL","12","q","12q",0,1,"LUAD","B_cell"
"400","12q15",-0.0386522226916981,-0.279008807359123,0.780878183590372,"con","ALL","12","q","12q",0,1,"LUAD","B_cell"
"401","12q21.1",-0.0587437829839962,-0.380079534697948,0.704781860466705,"con","ALL","12","q","12q",0,-1,"LUAD","B_cell"
"402","12q21.2",-0.0701706310162428,-0.412939054310927,0.680633403951662,"con","ALL","12","q","12q",0,-1,"LUAD","B_cell"
"403","12q21.31",-0.0798431258301362,-0.432603158768961,0.666337951750481,"con","ALL","12","q","12q",0,-1,"LUAD","B_cell"
"404","12q21.33",-0.0639056739403896,-0.325726502155717,0.745387395335636,"con","ALL","12","q","12q",0,-1,"LUAD","B_cell"
"405","12q22",-0.0550153229457124,-0.269984866038942,0.787789996993313,"con","ALL","12","q","12q",0,-1,"LUAD","B_cell"
"406","12q23.1",-0.0451048027906173,-0.220594976555172,0.825907465803836,"con","ALL","12","q","12q",0,-1,"LUAD","B_cell"
"407","12q23.2",-0.0373578205539647,-0.184428924903459,0.854091915548401,"con","ALL","12","q","12q",0,-1,"LUAD","B_cell"
"408","12q23.3",-0.013899650383632,-0.0706654099072804,0.943820837656122,"con","ALL","12","q","12q",0,-1,"LUAD","B_cell"
"409","12q24.11",0.0574891991184695,0.31518224546626,0.753352910768095,"con","ALL","12","q","12q",0,-1,"LUAD","B_cell"
"410","12q24.13",0.110963190589967,0.623363073918017,0.534622554602084,"con","ALL","12","q","12q",0,-1,"LUAD","B_cell"
"411","12q24.23",0.17080399905655,0.959152309303013,0.340051676486486,"con","ALL","12","q","12q",0,-1,"LUAD","B_cell"
"412","12q24.31",0.216776562638187,1.17439999968417,0.243332941008838,"con","ALL","12","q","12q",0,-1,"LUAD","B_cell"
"413","12q24.33",0.265153678716343,1.36156432017919,0.176734255773769,"con","ALL","12","q","12q",0,-1,"LUAD","B_cell"
"414","13q12.11",-0.196272905176829,-1.62508955931877,0.107640500422545,"con","ALL","13","q","13q",0,-1,"LUAD","B_cell"
"415","13q12.2",-0.195371583483183,-1.63220689654951,0.106130114186996,"con","ALL","13","q","13q",0,-1,"LUAD","B_cell"
"416","13q12.3",-0.202353437051549,-1.66545848857507,0.0992986881257958,"con","ALL","13","q","13q",0,-1,"LUAD","B_cell"
"417","13q13.1",-0.203652099711852,-1.63697647893853,0.105127545804484,"con","ALL","13","q","13q",0,-1,"LUAD","B_cell"
"418","13q13.3",-0.208219996260522,-1.63219498507517,0.10613262760024,"con","ALL","13","q","13q",0,-1,"LUAD","B_cell"
"419","13q14.11",-0.209567046912251,-1.61171391196351,0.110525767836452,"con","ALL","13","q","13q",0,-1,"LUAD","B_cell"
"420","13q14.12",-0.219566970297666,-1.66913277567617,0.0985662105437,"con","ALL","13","q","13q",0,-1,"LUAD","B_cell"
"421","13q14.13",-0.219751136528422,-1.66220968897978,0.0999500166330804,"con","ALL","13","q","13q",0,-1,"LUAD","B_cell"
"422","13q14.2",-0.22283952289444,-1.63394930453038,0.105762969241809,"con","ALL","13","q","13q",0,-1,"LUAD","B_cell"
"423","13q14.3",-0.261253307653259,-1.77694770906434,0.0789554748574134,"con","ALL","13","q","13q",0,-1,"LUAD","B_cell"
"424","13q21.33",-0.272833868843445,-1.82105220683313,0.0719217229449672,"con","ALL","13","q","13q",0,-1,"LUAD","B_cell"
"425","13q22.2",-0.290439792254689,-1.91681049110741,0.0584347350826483,"con","ALL","13","q","13q",0,-1,"LUAD","B_cell"
"426","13q22.3",-0.286904951997613,-1.86643370026209,0.0652370548139969,"con","ALL","13","q","13q",0,-1,"LUAD","B_cell"
"427","13q31.1",-0.289951871339517,-1.8727253217429,0.0643527715268243,"con","ALL","13","q","13q",0,-1,"LUAD","B_cell"
"428","13q32.1",-0.290674984410033,-1.8763189558393,0.0638522177975794,"con","ALL","13","q","13q",0,-1,"LUAD","B_cell"
"429","13q32.2",-0.288598970550565,-1.84095029864791,0.0689235897539029,"con","ALL","13","q","13q",0,-1,"LUAD","B_cell"
"430","13q32.3",-0.282639739498299,-1.80825143649408,0.0739072994972807,"con","ALL","13","q","13q",0,-1,"LUAD","B_cell"
"431","13q33.3",-0.273799281302943,-1.73799510030779,0.0856319506084446,"con","ALL","13","q","13q",0,-1,"LUAD","B_cell"
"432","13q34",-0.272514041030932,-1.74390471068435,0.0845901419110424,"con","ALL","13","q","13q",0,-1,"LUAD","B_cell"
"433","14q11.2",-0.00422048442081752,-0.0224851370529756,0.982110745139908,"con","ALL","14","q","14q",0,1,"LUAD","B_cell"
"434","14q12",-0.0190162817096659,-0.104837615868967,0.916737952826113,"con","ALL","14","q","14q",0,1,"LUAD","B_cell"
"435","14q13.1",-0.0289554771718014,-0.164148550491928,0.869982286727304,"con","ALL","14","q","14q",0,1,"LUAD","B_cell"
"436","14q13.2",-0.0411328756213404,-0.23990912243444,0.81094628037477,"con","ALL","14","q","14q",0,1,"LUAD","B_cell"
"437","14q13.3",-0.0509957749806996,-0.303853449385687,0.761940918242399,"con","ALL","14","q","14q",0,1,"LUAD","B_cell"
"438","14q21.1",-0.0506353941127171,-0.302336984428761,0.763092795190472,"con","ALL","14","q","14q",0,1,"LUAD","B_cell"
"439","14q21.2",-0.0580709376619913,-0.353263741029885,0.724716833817364,"con","ALL","14","q","14q",0,1,"LUAD","B_cell"
"440","14q21.3",-0.066688521449942,-0.415025878444748,0.679110660421029,"con","ALL","14","q","14q",0,1,"LUAD","B_cell"
"441","14q22.1",-0.0873137296052488,-0.553736097771744,0.58113261006827,"con","ALL","14","q","14q",0,1,"LUAD","B_cell"
"442","14q22.3",-0.0985550388820503,-0.638181517795119,0.524976064232327,"con","ALL","14","q","14q",0,1,"LUAD","B_cell"
"443","14q23.1",-0.119708893962618,-0.80733158152919,0.421604012200347,"con","ALL","14","q","14q",0,1,"LUAD","B_cell"
"444","14q23.2",-0.131308020685232,-0.901397976297081,0.369782660549128,"con","ALL","14","q","14q",0,1,"LUAD","B_cell"
"445","14q23.3",-0.132788328940819,-0.911870829053427,0.364272777961097,"con","ALL","14","q","14q",0,1,"LUAD","B_cell"
"446","14q24.1",-0.131790158887558,-0.909970345000445,0.365268749618889,"con","ALL","14","q","14q",0,1,"LUAD","B_cell"
"447","14q24.2",-0.133558286377931,-0.919122666948304,0.360488243342221,"con","ALL","14","q","14q",0,1,"LUAD","B_cell"
"448","14q24.3",-0.139170906939321,-0.886672010923008,0.377618715918715,"con","ALL","14","q","14q",0,1,"LUAD","B_cell"
"449","14q32.11",-0.147872227771113,-0.866733645538667,0.388392858472116,"con","ALL","14","q","14q",0,1,"LUAD","B_cell"
"450","14q32.12",-0.136396217927701,-0.775943583902301,0.43981660240694,"con","ALL","14","q","14q",0,1,"LUAD","B_cell"
"451","14q32.2",-0.0620954404595403,-0.342396293860926,0.732851010039297,"con","ALL","14","q","14q",0,1,"LUAD","B_cell"
"452","14q32.31",-0.0501214095614835,-0.275049048823877,0.783908996967043,"con","ALL","14","q","14q",0,1,"LUAD","B_cell"
"453","14q32.32",-0.0808362927848396,-0.442894031794514,0.658905087846996,"con","ALL","14","q","14q",0,1,"LUAD","B_cell"
"454","14q32.33",-0.0927020989030042,-0.539375712090765,0.590959545980882,"con","ALL","14","q","14q",0,1,"LUAD","B_cell"
"455","15q14",-0.0338124620433265,-0.254862335711583,0.799410898618561,"con","ALL","15","q","15q",0,-1,"LUAD","B_cell"
"456","15q15.1",-0.039326634220741,-0.307106272562546,0.759471948762279,"con","ALL","15","q","15q",0,-1,"LUAD","B_cell"
"457","15q15.2",-0.0322056904712969,-0.259356190640163,0.795952749681632,"con","ALL","15","q","15q",0,-1,"LUAD","B_cell"
"458","15q15.3",-0.0286476709129997,-0.231808377553297,0.817213101959354,"con","ALL","15","q","15q",0,-1,"LUAD","B_cell"
"459","15q21.1",-0.0165552220132399,-0.132648642166237,0.894767386725018,"con","ALL","15","q","15q",0,-1,"LUAD","B_cell"
"460","15q21.2",-0.00958312624535761,-0.0746802270788743,0.940634882520355,"con","ALL","15","q","15q",0,-1,"LUAD","B_cell"
"461","15q21.3",0.00409632159078772,0.0316916135587687,0.974788158747096,"con","ALL","15","q","15q",0,-1,"LUAD","B_cell"
"462","15q22.1",0.0168769961870782,0.129192898387162,0.897493300276546,"con","ALL","15","q","15q",0,-1,"LUAD","B_cell"
"463","15q22.2",0.0295379086247327,0.217444771022915,0.828353953342846,"con","ALL","15","q","15q",0,-1,"LUAD","B_cell"
"464","15q22.31",0.05893266930378,0.399375911418416,0.690562390978563,"con","ALL","15","q","15q",0,-1,"LUAD","B_cell"
"465","15q23",0.10317162817468,0.637603153136714,0.52535086148317,"con","ALL","15","q","15q",0,-1,"LUAD","B_cell"
"466","15q24.1",0.136665533307627,0.796214113935883,0.428002813447291,"con","ALL","15","q","15q",0,-1,"LUAD","B_cell"
"467","15q24.2",0.157445088627051,0.886563544825323,0.377676816833108,"con","ALL","15","q","15q",0,-1,"LUAD","B_cell"
"468","15q24.3",0.170142269332591,0.932182794565289,0.353736057503541,"con","ALL","15","q","15q",0,-1,"LUAD","B_cell"
"469","15q25.1",0.238287238881253,1.29700068300639,0.197946148824886,"con","ALL","15","q","15q",0,-1,"LUAD","B_cell"
"470","15q25.3",0.316209511048108,1.79560335146459,0.0759137326922529,"con","ALL","15","q","15q",0,-1,"LUAD","B_cell"
"471","15q26.1",0.344652735929595,2.01047978455973,0.0473736746618582,"con","ALL","15","q","15q",0,-1,"LUAD","B_cell"
"472","15q26.3",0.351438556783467,2.18418613419651,0.0315481425130026,"con","ALL","15","q","15q",0,-1,"LUAD","B_cell"
"473","16p13.3",0.0647231601135449,0.495591104815948,0.621390907245312,"con","ALL","16","p","16p",0,1,"LUAD","B_cell"
"474","16p13.2",-0.00596167600079066,-0.0387097292248369,0.969207553768659,"con","ALL","16","p","16p",0,1,"LUAD","B_cell"
"475","16p13.13",-0.0221731965087221,-0.14004787226299,0.88893511326459,"con","ALL","16","p","16p",0,1,"LUAD","B_cell"
"476","16p12.3",-0.0556043072482358,-0.321846532360315,0.748315300745733,"con","ALL","16","p","16p",0,1,"LUAD","B_cell"
"477","16p12.2",-0.0698779507470691,-0.361913018772461,0.71826538464665,"con","ALL","16","p","16p",0,1,"LUAD","B_cell"
"478","16p12.1",-0.0697546040880831,-0.336005796479137,0.737648586004014,"con","ALL","16","p","16p",0,1,"LUAD","B_cell"
"479","16p11.2",-0.0727199993911103,-0.279007191990898,0.780879419312679,"con","ALL","16","p","16p",0,1,"LUAD","B_cell"
"480","16q11.2",-0.0281284611490654,-0.0908976336421818,1,"con","ALL","16","q","16q",0,1,"LUAD","B_cell"
"481","16q12.1",0.0505344961523462,0.156386640498577,1,"con","ALL","16","q","16q",0,1,"LUAD","B_cell"
"482","16q12.2",0.118322216840275,0.363514058339418,1,"con","ALL","16","q","16q",0,1,"LUAD","B_cell"
"483","16q13",0.15754171556151,0.491743148343765,1,"con","ALL","16","q","16q",0,-1,"LUAD","B_cell"
"484","16q21",0.194147130797917,0.63747268111853,1,"con","ALL","16","q","16q",0,-1,"LUAD","B_cell"
"485","16q22.1",0.21770596579999,0.838018987774231,1,"con","ALL","16","q","16q",0,-1,"LUAD","B_cell"
"486","16q22.2",0.205305343611255,1.03426916803093,0.303781495677641,"con","ALL","16","q","16q",0,-1,"LUAD","B_cell"
"487","16q23.1",0.106284826507336,0.573281487273707,0.567883811196977,"con","ALL","16","q","16q",0,-1,"LUAD","B_cell"
"488","16q23.3",0.0770723521999882,0.483908543473594,0.629626169252341,"con","ALL","16","q","16q",0,-1,"LUAD","B_cell"
"489","16q24.1",0.0644784215756347,0.444129094974075,0.658015309174409,"con","ALL","16","q","16q",0,-1,"LUAD","B_cell"
"490","16q24.2",0.0480994511922351,0.357852782099549,0.721291383622219,"con","ALL","16","q","16q",0,-1,"LUAD","B_cell"
"491","16q24.3",0.0312388712340964,0.257967744706867,0.797020766832031,"con","ALL","16","q","16q",0,-1,"LUAD","B_cell"
"492","17p13.3",0.0813392196609389,0.471969461343312,0.638090898283202,"con","ALL","17","p","17p",0,-1,"LUAD","B_cell"
"493","17p13.2",0.117233716455748,0.727837877268703,0.46860217789628,"con","ALL","17","p","17p",0,-1,"LUAD","B_cell"
"494","17p13.1",0.0842428272401157,0.44853277004765,0.654846776403927,"con","ALL","17","p","17p",0,-1,"LUAD","B_cell"
"495","17p12",0.0534201498574795,0.230256710066056,0.818414858690397,"con","ALL","17","p","17p",0,-1,"LUAD","B_cell"
"496","17p11.2",0.0524564358464565,0.18102657341303,0.856753762386422,"con","ALL","17","p","17p",0,-1,"LUAD","B_cell"
"497","17q11.1",0.0035027234081077,0.010422552558808,1,"con","ALL","17","q","17q",0,1,"LUAD","B_cell"
"498","17q11.2",-0.202099744733137,-0.575044357872734,1,"con","ALL","17","q","17q",0,1,"LUAD","B_cell"
"499","17q12",-0.0606505309479082,-0.335537126838465,0.738000845156752,"con","ALL","17","q","17q",0,1,"LUAD","B_cell"
"500","17q21.1",-0.0493333191634059,-0.283432310620831,0.777496418330827,"con","ALL","17","q","17q",0,1,"LUAD","B_cell"
"501","17q21.2",-0.0620778283120741,-0.367524583558045,0.714090611004091,"con","ALL","17","q","17q",0,1,"LUAD","B_cell"
"502","17q21.31",-0.123725273034719,-0.674149687957385,0.501944043001474,"con","ALL","17","q","17q",0,1,"LUAD","B_cell"
"503","17q21.32",-0.0737260882728602,-0.357276557312919,0.721721191401129,"con","ALL","17","q","17q",0,1,"LUAD","B_cell"
"504","17q21.33",-0.0809239358597823,-0.407099047063452,0.684901847592933,"con","ALL","17","q","17q",0,1,"LUAD","B_cell"
"505","17q22",-0.0637021145220093,-0.327167681732649,0.744300800551654,"con","ALL","17","q","17q",0,1,"LUAD","B_cell"
"506","17q23.1",-0.0680692971056476,-0.359466524144516,0.720088165212312,"con","ALL","17","q","17q",0,1,"LUAD","B_cell"
"507","17q23.3",-0.078031467589967,-0.416039785208602,0.678371298370031,"con","ALL","17","q","17q",0,1,"LUAD","B_cell"
"508","17q24.2",-0.142634637232474,-0.765495539682142,0.445979371835809,"con","ALL","17","q","17q",0,1,"LUAD","B_cell"
"509","17q25.1",-0.154164863797339,-0.825954966914665,0.411013809433278,"con","ALL","17","q","17q",0,1,"LUAD","B_cell"
"510","17q25.3",-0.114466586278177,-0.742902959371475,0.459475194054819,"con","ALL","17","q","17q",0,1,"LUAD","B_cell"
"511","18p11.32",0.0389042644848795,0.260287560581625,0.795236541057527,"con","ALL","18","p","18p",0,-1,"LUAD","B_cell"
"512","18p11.31",0.0417020308403005,0.271622520869055,0.786534368271238,"con","ALL","18","p","18p",0,-1,"LUAD","B_cell"
"513","18p11.22",0.0473677242581589,0.280863312961052,0.779459898137527,"con","ALL","18","p","18p",0,-1,"LUAD","B_cell"
"514","18p11.21",0.0604205472470804,0.304402857521849,0.761523730772968,"con","ALL","18","p","18p",0,-1,"LUAD","B_cell"
"515","18q11.1",0.0605099258917007,0.280486939426982,0.779747680213163,"con","ALL","18","q","18q",0,-1,"LUAD","B_cell"
"516","18q11.2",0.0662692559923783,0.289197234709059,0.773095571440519,"con","ALL","18","q","18q",0,-1,"LUAD","B_cell"
"517","18q12.2",-0.0671100020502361,-0.258190924535024,1,"con","ALL","18","q","18q",0,-1,"LUAD","B_cell"
"518","18q21.1",-0.103282341607457,-0.395482907527758,1,"con","ALL","18","q","18q",0,-1,"LUAD","B_cell"
"519","18q21.31",-0.0954062808269314,-0.372910341736888,1,"con","ALL","18","q","18q",0,-1,"LUAD","B_cell"
"520","18q21.32",-0.108376650802099,-0.427326874992372,0.670161909114547,"con","ALL","18","q","18q",0,-1,"LUAD","B_cell"
"521","18q21.33",-0.123496410621288,-0.48898897083507,0.626039042034079,"con","ALL","18","q","18q",0,-1,"LUAD","B_cell"
"522","18q22.3",-0.145572127614655,-0.576151532658467,0.565950798668493,"con","ALL","18","q","18q",0,-1,"LUAD","B_cell"
"523","18q23",-0.156145074925862,-0.622660718154454,0.535082020459305,"con","ALL","18","q","18q",0,-1,"LUAD","B_cell"
"524","19p13.3",0.057795885847936,0.441417987739013,0.659969120980338,"con","ALL","19","p","19p",0,1,"LUAD","B_cell"
"525","19p13.2",0.138069898497826,0.758880193734536,0.449907148453772,"con","ALL","19","p","19p",0,-1,"LUAD","B_cell"
"526","19p13.13",0.145455109684473,0.739372201457922,0.461605132729886,"con","ALL","19","p","19p",0,-1,"LUAD","B_cell"
"527","19p13.12",0.072933525477302,0.326861656452041,0.74453148882468,"con","ALL","19","p","19p",0,-1,"LUAD","B_cell"
"528","19p13.11",-0.0127050173891924,-0.0477799084055533,0.961997517007334,"con","ALL","19","p","19p",0,-1,"LUAD","B_cell"
"529","19q12",-0.141029700986783,-0.791603834932861,0.430673090519799,"con","ALL","19","q","19q",0,1,"LUAD","B_cell"
"530","19q13.11",-0.130674077869984,-0.830961610784707,0.408194397848785,"con","ALL","19","q","19q",0,1,"LUAD","B_cell"
"531","19q13.12",-0.106674186830225,-0.789426567229188,0.431937574964756,"con","ALL","19","q","19q",0,1,"LUAD","B_cell"
"532","19q13.2",-0.0390931866361292,-0.271533553682409,0.786602567055979,"con","ALL","19","q","19q",0,1,"LUAD","B_cell"
"533","19q13.31",-0.0595741957386561,-0.365003283773299,0.715965286992721,"con","ALL","19","q","19q",0,1,"LUAD","B_cell"
"534","19q13.32",-0.0702641272361362,-0.440201645101599,0.660846469579539,"con","ALL","19","q","19q",0,-1,"LUAD","B_cell"
"535","19q13.33",-0.0465150818851409,-0.356612263691499,0.722216800856267,"con","ALL","19","q","19q",0,-1,"LUAD","B_cell"
"536","19q13.41",-0.0403428945801996,-0.343972913364555,0.731669006852882,"con","ALL","19","q","19q",0,-1,"LUAD","B_cell"
"537","19q13.42",-0.0784590134185319,-0.771632873506797,0.442353229557203,"con","ALL","19","q","19q",0,1,"LUAD","B_cell"
"538","19q13.43",-0.0757025628102222,-0.793841087843614,0.429376046342439,"con","ALL","19","q","19q",0,1,"LUAD","B_cell"
"539","20p13",-0.0137813670409751,-0.0965356142294668,0.923309831712013,"con","ALL","20","p","20p",0,-1,"LUAD","B_cell"
"540","20p12.3",-0.0308520849035289,-0.191680681570095,0.848424136898283,"con","ALL","20","p","20p",0,-1,"LUAD","B_cell"
"541","20p12.1",-0.0605108026669742,-0.342399379765923,0.732848695883365,"con","ALL","20","p","20p",0,-1,"LUAD","B_cell"
"542","20p11.23",-0.0779470166992472,-0.410236693907182,0.682607268584412,"con","ALL","20","p","20p",0,-1,"LUAD","B_cell"
"543","20p11.22",-0.0967560728081258,-0.47905901488852,0.633058574051446,"con","ALL","20","p","20p",0,-1,"LUAD","B_cell"
"544","20p11.21",-0.086533078920231,-0.41029719162167,0.682563055472279,"con","ALL","20","p","20p",0,-1,"LUAD","B_cell"
"545","20q11.21",0.0222008821759055,0.0919662986443383,0.926929211693331,"con","ALL","20","q","20q",0,1,"LUAD","B_cell"
"546","20q11.22",0.225715836574376,0.854368821564704,0.395169140490453,"con","ALL","20","q","20q",0,1,"LUAD","B_cell"
"547","20q12",0.321482380949439,1.24124382891625,1,"con","ALL","20","q","20q",0,1,"LUAD","B_cell"
"548","20q13.11",0.326225459591274,1.2712775142508,1,"con","ALL","20","q","20q",0,1,"LUAD","B_cell"
"549","20q13.12",0.421889932557746,1.74615469738045,0.0841962406513432,"con","ALL","20","q","20q",0,1,"LUAD","B_cell"
"550","20q13.13",0.447901266555707,2.49894395712122,0.0142707330846768,"con","ALL","20","q","20q",0,1,"LUAD","B_cell"
"551","20q13.2",0.411246525284842,2.59946809361879,0.0109112743340649,"con","ALL","20","q","20q",0,1,"LUAD","B_cell"
"552","20q13.32",0.356199860350269,2.67376541027021,0.00890684641078211,"con","ALL","20","q","20q",0,1,"LUAD","B_cell"
"553","20q13.33",0.312397954485885,2.69295385292751,0.00844664903497851,"con","ALL","20","q","20q",0,1,"LUAD","B_cell"
"554","21q21.3",-0.0145220875826415,-0.115616548262879,0.908214022601334,"con","ALL","21","q","21q",0,1,"LUAD","B_cell"
"555","21q22.11",0.00822260532908546,0.066922961851569,0.946791478636026,"con","ALL","21","q","21q",0,1,"LUAD","B_cell"
"556","21q22.12",0.00815042470623639,0.0668155851764047,0.946876722264334,"con","ALL","21","q","21q",0,1,"LUAD","B_cell"
"557","21q22.13",0.00304043728446991,0.0253055425057507,0.979867277821429,"con","ALL","21","q","21q",0,1,"LUAD","B_cell"
"558","21q22.2",-0.0191816098088487,-0.162399838634809,0.871355062633136,"con","ALL","21","q","21q",0,1,"LUAD","B_cell"
"559","21q22.3",-0.0229542400691002,-0.202038851323084,0.840342340452173,"con","ALL","21","q","21q",0,1,"LUAD","B_cell"
"560","22q11.21",-0.110140227861079,-0.489484559437656,0.625689602112119,"con","ALL","22","q","22q",0,1,"LUAD","B_cell"
"561","22q11.22",-0.0153574651919159,-0.061647974263159,0.950979870530575,"con","ALL","22","q","22q",0,1,"LUAD","B_cell"
"562","22q11.23",-0.00807177723889387,-0.0308456258720071,1,"con","ALL","22","q","22q",0,1,"LUAD","B_cell"
"563","22q12.1",-0.0146222404552468,-0.0526574313084346,0.958121560526779,"con","ALL","22","q","22q",0,1,"LUAD","B_cell"
"564","22q12.2",-0.000716242938540061,-0.00248354327751508,0.998023917857137,"con","ALL","22","q","22q",0,-1,"LUAD","B_cell"
"565","22q12.3",0.0140935922834178,0.0511965589232506,0.959282351274996,"con","ALL","22","q","22q",0,-1,"LUAD","B_cell"
"566","22q13.1",-0.00191636974022378,-0.00770962256822322,0.993865735757149,"con","ALL","22","q","22q",0,-1,"LUAD","B_cell"
"567","22q13.2",-0.0733519417646455,-0.291326586671777,0.771471925318982,"con","ALL","22","q","22q",0,-1,"LUAD","B_cell"
"568","22q13.31",-0.127922066519549,-0.508137116146913,0.612600389541586,"con","ALL","22","q","22q",0,-1,"LUAD","B_cell"
"569","22q13.33",-0.131262964783119,-0.522875987269806,0.602345437815924,"con","ALL","22","q","22q",0,-1,"LUAD","B_cell"
"570","1p36.33",0.11154080071822,0.430582002604495,0.667801738715442,"con","ALL","1","p","1p",0,1,"LUAD","CD4_T"
"571","1p36.32",0.113637135945728,0.421736030399293,0.674223345061079,"con","ALL","1","p","1p",0,1,"LUAD","CD4_T"
"572","1p36.31",0.117729784300576,0.426381646425491,0.670847880732576,"con","ALL","1","p","1p",0,1,"LUAD","CD4_T"
"573","1p36.23",0.149912570478525,0.522476250564135,0.60262252531122,"con","ALL","1","p","1p",0,1,"LUAD","CD4_T"
"574","1p36.22",0.224618064832821,0.697267413729584,0.487432745116272,"con","ALL","1","p","1p",0,1,"LUAD","CD4_T"
"575","1p36.21",0.222278624553506,0.649959553977238,0.517373938866631,"con","ALL","1","p","1p",0,1,"LUAD","CD4_T"
"576","1p36.13",0.182634278360534,0.512213225760378,0.609756484895046,"con","ALL","1","p","1p",0,1,"LUAD","CD4_T"
"577","1p36.12",0.160819720219465,0.442402955255908,0.659259011493567,"con","ALL","1","p","1p",0,1,"LUAD","CD4_T"
"578","1p36.11",0.169545420817129,0.444121583820887,0.658020718960608,"con","ALL","1","p","1p",0,1,"LUAD","CD4_T"
"579","1p35.3",0.282561513902457,0.660554991810131,0.510584953098782,"con","ALL","1","p","1p",0,1,"LUAD","CD4_T"
"580","1p35.2",0.384476742244804,0.895140956046983,0.373099544420574,"con","ALL","1","p","1p",0,1,"LUAD","CD4_T"
"581","1p35.1",0.43064006947955,1.02481788552743,0.308195772718432,"con","ALL","1","p","1p",0,1,"LUAD","CD4_T"
"582","1p34.3",0.4639370873608,1.21461568696798,0.227689913394223,"con","ALL","1","p","1p",0,1,"LUAD","CD4_T"
"583","1p34.2",0.447082053397523,1.32699140068865,0.187868357194218,"con","ALL","1","p","1p",0,1,"LUAD","CD4_T"
"584","1p34.1",0.534206238705796,1.7472729460847,0.0840010329911404,"con","ALL","1","p","1p",0,1,"LUAD","CD4_T"
"585","1p33",0.562873725110398,1.81592270941556,0.072711979978804,"con","ALL","1","p","1p",0,1,"LUAD","CD4_T"
"586","1p32.3",0.648988454228562,1.97552634841038,0.0512719925593443,"con","ALL","1","p","1p",0,1,"LUAD","CD4_T"
"587","1p32.1",0.673253364960366,2.00301911613171,0.0481837903539592,"con","ALL","1","p","1p",0,1,"LUAD","CD4_T"
"588","1p31.3",0.654384482150673,1.80188793906466,0.0749111969179183,"con","ALL","1","p","1p",0,1,"LUAD","CD4_T"
"589","1p31.1",0.642956127121996,1.60770670259366,0.111402153857681,"con","ALL","1","p","1p",0,1,"LUAD","CD4_T"
"590","1p22.3",0.541494499971929,1.29810441136905,1,"con","ALL","1","p","1p",0,-1,"LUAD","CD4_T"
"591","1p22.2",0.484715764467157,1.17007084179577,0.245061610949972,"con","ALL","1","p","1p",0,-1,"LUAD","CD4_T"
"592","1p22.1",0.487554793288863,1.15137014149551,0.252629575819517,"con","ALL","1","p","1p",0,-1,"LUAD","CD4_T"
"593","1p21.3",0.521813061531858,1.16315091742919,0.247842958545484,"con","ALL","1","p","1p",0,-1,"LUAD","CD4_T"
"594","1p21.2",0.602724643775028,1.26459021278973,0.209283207160211,"con","ALL","1","p","1p",0,-1,"LUAD","CD4_T"
"595","1p13.3",0.826209508704385,1.26753578428831,1,"con","ALL","1","p","1p",0,-1,"LUAD","CD4_T"
"596","1p13.2",0.640966382897947,0.84051036264613,1,"con","ALL","1","p","1p",0,1,"LUAD","CD4_T"
"597","1p13.1",0.45459931024253,0.724882352790291,0.470404642661522,"con","ALL","1","p","1p",0,1,"LUAD","CD4_T"
"598","1p12",0.364977266770561,0.659881928379973,0.511014803224486,"con","ALL","1","p","1p",0,1,"LUAD","CD4_T"
"599","1q21.1",0.343388823082677,0.701932545958379,0.484532550453128,"con","ALL","1","q","1q",0,1,"LUAD","CD4_T"
"600","1q21.2",0.214664775589801,0.551729007723025,0.582501396287542,"con","ALL","1","q","1q",0,1,"LUAD","CD4_T"
"601","1q21.3",-0.0312104956646475,-0.127033902792282,0.899196956900155,"con","ALL","1","q","1q",0,1,"LUAD","CD4_T"
"602","1q22",-0.0996874305499256,-0.498490843608239,0.619354219020315,"con","ALL","1","q","1q",0,1,"LUAD","CD4_T"
"603","1q23.1",-0.0747072692080609,-0.363463140815819,0.717111296045335,"con","ALL","1","q","1q",0,1,"LUAD","CD4_T"
"604","1q23.2",-0.0614985557935361,-0.295366731291541,0.768394087405088,"con","ALL","1","q","1q",0,1,"LUAD","CD4_T"
"605","1q23.3",-0.0232853541797218,-0.106188546855994,0.915669088381322,"con","ALL","1","q","1q",0,1,"LUAD","CD4_T"
"606","1q24.1",0.0107137529092223,0.0467349994135995,0.962827982954909,"con","ALL","1","q","1q",0,1,"LUAD","CD4_T"
"607","1q24.2",0.0245006860966022,0.104798078072213,0.916769237675391,"con","ALL","1","q","1q",0,1,"LUAD","CD4_T"
"608","1q24.3",0.0360115945795246,0.151980962003576,0.879542129724536,"con","ALL","1","q","1q",0,1,"LUAD","CD4_T"
"609","1q25.1",0.0441210851037413,0.182693157150258,0.855449693217469,"con","ALL","1","q","1q",0,1,"LUAD","CD4_T"
"610","1q25.2",0.0220505126329803,0.0912546859063323,0.927493024387322,"con","ALL","1","q","1q",0,1,"LUAD","CD4_T"
"611","1q25.3",-0.0114823574504348,-0.0473533779020288,0.962336507125063,"con","ALL","1","q","1q",0,1,"LUAD","CD4_T"
"612","1q31.1",-0.0275584535966467,-0.113219570961238,0.910108648072626,"con","ALL","1","q","1q",0,1,"LUAD","CD4_T"
"613","1q31.2",-0.0371937740509226,-0.153463764168739,0.878376135216336,"con","ALL","1","q","1q",0,1,"LUAD","CD4_T"
"614","1q32.1",-0.0624394959096961,-0.261936790535355,0.79396874019613,"con","ALL","1","q","1q",0,1,"LUAD","CD4_T"
"615","1q32.2",-0.0591070532259924,-0.244434834091176,0.807450470201483,"con","ALL","1","q","1q",0,1,"LUAD","CD4_T"
"616","1q32.3",-0.00114743844316697,-0.00457931037490172,0.996356386873479,"con","ALL","1","q","1q",0,1,"LUAD","CD4_T"
"617","1q41",0.0676413733378104,0.26397190377675,0.792405064887804,"con","ALL","1","q","1q",0,1,"LUAD","CD4_T"
"618","1q42.11",0.0844790778584817,0.325497222035458,0.745560311417471,"con","ALL","1","q","1q",0,1,"LUAD","CD4_T"
"619","1q42.12",0.121136645304366,0.459848480028374,0.646733940875661,"con","ALL","1","q","1q",0,1,"LUAD","CD4_T"
"620","1q42.13",0.150264891674451,0.556281929891022,0.579398619594377,"con","ALL","1","q","1q",0,1,"LUAD","CD4_T"
"621","1q42.2",0.213632915371787,0.782793689952884,0.435803182693724,"con","ALL","1","q","1q",0,1,"LUAD","CD4_T"
"622","1q42.3",0.222127261418648,0.816805726235302,0.416196331513762,"con","ALL","1","q","1q",0,1,"LUAD","CD4_T"
"623","1q43",0.221446624589761,0.812184278579632,0.418828958153351,"con","ALL","1","q","1q",0,1,"LUAD","CD4_T"
"624","1q44",0.224079582379353,0.830139989196226,0.408656275910116,"con","ALL","1","q","1q",0,1,"LUAD","CD4_T"
"625","2p25.3",0.115050300906837,0.247936151643473,0.804748612049849,"con","ALL","2","p","2p",0,1,"LUAD","CD4_T"
"626","2p25.1",0.243959929161393,0.469978173965257,0.639507427456605,"con","ALL","2","p","2p",0,1,"LUAD","CD4_T"
"627","2p24.1",0.371666239665918,0.649454932873761,0.517698454209613,"con","ALL","2","p","2p",0,1,"LUAD","CD4_T"
"628","2p23.3",0.633214644114897,0.98477848785375,1,"con","ALL","2","p","2p",0,1,"LUAD","CD4_T"
"629","2p23.2",1.08015953950268,1.57521342023235,1,"con","ALL","2","p","2p",0,1,"LUAD","CD4_T"
"630","2p22.3",1.0709083441681,1.57597652228379,1,"con","ALL","2","p","2p",0,1,"LUAD","CD4_T"
"631","2p22.2",1.2248301889482,1.91695264051859,1,"con","ALL","2","p","2p",0,1,"LUAD","CD4_T"
"632","2p22.1",1.30971680497494,2.21746686852702,1,"con","ALL","2","p","2p",0,1,"LUAD","CD4_T"
"633","2p21",1.2256228165285,2.16706333448543,1,"con","ALL","2","p","2p",0,-1,"LUAD","CD4_T"
"634","2p16.2",1.28969200025646,2.46903756656861,1,"con","ALL","2","p","2p",0,-1,"LUAD","CD4_T"
"635","2p16.1",1.30687275320686,2.57198248446618,1,"con","ALL","2","p","2p",0,-1,"LUAD","CD4_T"
"636","2p15",1.27179501611764,2.60367115690266,1,"con","ALL","2","p","2p",0,1,"LUAD","CD4_T"
"637","2p14",1.257694072201,2.56825631561474,1,"con","ALL","2","p","2p",0,1,"LUAD","CD4_T"
"638","2p13.3",1.34702541987875,2.73360200416594,1,"con","ALL","2","p","2p",0,1,"LUAD","CD4_T"
"639","2p13.2",1.38340028712412,2.73931998070612,1,"con","ALL","2","p","2p",0,1,"LUAD","CD4_T"
"640","2p13.1",1.39485742374351,2.626709254265,1,"con","ALL","2","p","2p",0,1,"LUAD","CD4_T"
"641","2p12",1.42563909371504,2.55809434118909,1,"con","ALL","2","p","2p",0,1,"LUAD","CD4_T"
"642","2p11.2",1.49477898198177,2.63838492495952,1,"con","ALL","2","p","2p",0,1,"LUAD","CD4_T"
"643","2q11.1",1.43197819392187,2.46606594609192,1,"con","ALL","2","q","2q",0,1,"LUAD","CD4_T"
"644","2q11.2",1.39123736324567,2.25171886315562,1,"con","ALL","2","q","2q",0,1,"LUAD","CD4_T"
"645","2q12.2",1.2935821897093,1.97893293093493,1,"con","ALL","2","q","2q",0,1,"LUAD","CD4_T"
"646","2q12.3",1.29609547973939,1.96873208961176,1,"con","ALL","2","q","2q",0,1,"LUAD","CD4_T"
"647","2q13",1.3046761106197,1.9675749160902,1,"con","ALL","2","q","2q",0,1,"LUAD","CD4_T"
"648","2q14.1",1.26311243164046,1.89501500769547,1,"con","ALL","2","q","2q",0,1,"LUAD","CD4_T"
"649","2q14.2",1.16923639818328,1.72337664184149,1,"con","ALL","2","q","2q",0,1,"LUAD","CD4_T"
"650","2q14.3",1.12825767870178,1.70447667817522,1,"con","ALL","2","q","2q",0,1,"LUAD","CD4_T"
"651","2q21.1",1.11578748351504,1.67126660053576,1,"con","ALL","2","q","2q",0,1,"LUAD","CD4_T"
"652","2q21.3",1.18391887671357,1.82854483888342,1,"con","ALL","2","q","2q",0,1,"LUAD","CD4_T"
"653","2q23.2",1.12456875368302,1.75183749877903,1,"con","ALL","2","q","2q",0,1,"LUAD","CD4_T"
"654","2q23.3",1.05907035100869,1.65173096403538,1,"con","ALL","2","q","2q",0,1,"LUAD","CD4_T"
"655","2q24.2",1.03492772030411,1.61287741385339,1,"con","ALL","2","q","2q",0,1,"LUAD","CD4_T"
"656","2q31.1",1.1032037995446,1.72096098654202,1,"con","ALL","2","q","2q",0,1,"LUAD","CD4_T"
"657","2q31.2",0.904406897962552,1.27720443849039,1,"con","ALL","2","q","2q",0,1,"LUAD","CD4_T"
"658","2q31.3",0.670666249906044,0.920476939474442,1,"con","ALL","2","q","2q",0,1,"LUAD","CD4_T"
"659","2q32.1",0.789142225986744,1.06535672058355,1,"con","ALL","2","q","2q",0,1,"LUAD","CD4_T"
"660","2q32.3",0.612462210574624,0.814504810755276,1,"con","ALL","2","q","2q",0,1,"LUAD","CD4_T"
"661","2q33.1",0.635943195659122,0.782111939606467,1,"con","ALL","2","q","2q",0,1,"LUAD","CD4_T"
"662","2q33.2",0.572504961845163,0.674054960550918,1,"con","ALL","2","q","2q",0,1,"LUAD","CD4_T"
"663","2q34",0.448524104657671,0.579143363404716,1,"con","ALL","2","q","2q",0,1,"LUAD","CD4_T"
"664","2q35",0.29025352087261,0.410535671811806,1,"con","ALL","2","q","2q",0,1,"LUAD","CD4_T"
"665","2q36.1",0.248213860623113,0.387769283330781,0.699102378564062,"con","ALL","2","q","2q",0,1,"LUAD","CD4_T"
"666","2q36.3",0.24844626169721,0.399540014776981,0.69044192962255,"con","ALL","2","q","2q",0,1,"LUAD","CD4_T"
"667","2q37.1",0.325582589151832,0.570187450673075,0.56997127631846,"con","ALL","2","q","2q",0,1,"LUAD","CD4_T"
"668","2q37.3",0.304546853211307,0.575200446478404,0.566591011546647,"con","ALL","2","q","2q",0,1,"LUAD","CD4_T"
"669","3p26.2",-0.345557849379546,-0.966915151594779,0.336177592345663,"con","ALL","3","p","3p",0,-1,"LUAD","CD4_T"
"670","3p26.1",-0.343197640276419,-0.963996796074232,0.337630611685814,"con","ALL","3","p","3p",0,-1,"LUAD","CD4_T"
"671","3p25.3",-0.385432047274498,-1.10470840091777,0.272230603936809,"con","ALL","3","p","3p",0,-1,"LUAD","CD4_T"
"672","3p25.2",-0.361542748154005,-1.04832238226353,0.297297178851223,"con","ALL","3","p","3p",0,-1,"LUAD","CD4_T"
"673","3p25.1",-0.333042153163177,-0.974694156937666,0.332324523122215,"con","ALL","3","p","3p",0,-1,"LUAD","CD4_T"
"674","3p24.3",-0.319218396740534,-0.967353233032032,0.335959829758801,"con","ALL","3","p","3p",0,-1,"LUAD","CD4_T"
"675","3p24.2",-0.329206793608553,-1.00430835041943,0.317922596367695,"con","ALL","3","p","3p",0,-1,"LUAD","CD4_T"
"676","3p24.1",-0.340447269471023,-1.0520322380926,0.295601218213487,"con","ALL","3","p","3p",0,-1,"LUAD","CD4_T"
"677","3p23",-0.356740717422531,-1.10750382379815,0.271027327187271,"con","ALL","3","p","3p",0,-1,"LUAD","CD4_T"
"678","3p22.3",-0.368999015259523,-1.14386528863991,0.255712801359475,"con","ALL","3","p","3p",0,-1,"LUAD","CD4_T"
"679","3p22.2",-0.394019937322288,-1.21159681577667,0.228838281775655,"con","ALL","3","p","3p",0,-1,"LUAD","CD4_T"
"680","3p22.1",-0.449441131904162,-1.3465714517189,0.181499710992352,"con","ALL","3","p","3p",0,-1,"LUAD","CD4_T"
"681","3p21.33",-0.505593203358994,-1.46360068126367,0.146787040268136,"con","ALL","3","p","3p",0,-1,"LUAD","CD4_T"
"682","3p21.31",-0.619398956250093,-1.60020571101796,0.113057618988351,"con","ALL","3","p","3p",0,-1,"LUAD","CD4_T"
"683","3p21.2",-0.756518168829332,-1.63656353787789,1,"con","ALL","3","p","3p",0,-1,"LUAD","CD4_T"
"684","3p21.1",-0.950834996874395,-1.83109717536378,1,"con","ALL","3","p","3p",0,-1,"LUAD","CD4_T"
"685","3p14.3",-1.0331136134604,-1.81918243800133,1,"con","ALL","3","p","3p",0,-1,"LUAD","CD4_T"
"686","3p14.1",-1.05514350663858,-1.76643464652035,1,"con","ALL","3","p","3p",0,-1,"LUAD","CD4_T"
"687","3p13",-1.03877473618393,-1.73615731524227,1,"con","ALL","3","p","3p",0,-1,"LUAD","CD4_T"
"688","3p11.2",-1.03272334087219,-1.68667750769161,1,"con","ALL","3","p","3p",0,-1,"LUAD","CD4_T"
"689","3p11.1",-1.05445167773343,-1.69774441448746,1,"con","ALL","3","p","3p",0,-1,"LUAD","CD4_T"
"690","3q11.2",-0.970344276360874,-1.51798776368059,1,"con","ALL","3","q","3q",0,-1,"LUAD","CD4_T"
"691","3q12.2",-0.58117277611149,-0.942960858855422,1,"con","ALL","3","q","3q",0,1,"LUAD","CD4_T"
"692","3q12.3",-0.526274121482056,-0.849657126792767,1,"con","ALL","3","q","3q",0,1,"LUAD","CD4_T"
"693","3q13.12",-0.422068515198603,-0.695932978690373,1,"con","ALL","3","q","3q",0,1,"LUAD","CD4_T"
"694","3q13.13",-0.376599030956029,-0.628063682148454,1,"con","ALL","3","q","3q",0,1,"LUAD","CD4_T"
"695","3q13.2",-0.309254735468256,-0.518632528315029,1,"con","ALL","3","q","3q",0,1,"LUAD","CD4_T"
"696","3q13.31",-0.223903777922208,-0.379369573861299,1,"con","ALL","3","q","3q",0,1,"LUAD","CD4_T"
"697","3q13.33",0.115872363830769,0.212872057109712,0.831908186146965,"con","ALL","3","q","3q",0,1,"LUAD","CD4_T"
"698","3q21.1",0.331558753016491,0.667883459853157,0.50591711293136,"con","ALL","3","q","3q",0,1,"LUAD","CD4_T"
"699","3q21.3",0.522935294803515,1.15449433767305,0.2513538551092,"con","ALL","3","q","3q",0,1,"LUAD","CD4_T"
"700","3q22.1",0.607844234590343,1.37504997019619,0.172529395733953,"con","ALL","3","q","3q",0,1,"LUAD","CD4_T"
"701","3q22.2",0.640310557962202,1.46740725331708,0.145751285100281,"con","ALL","3","q","3q",0,-1,"LUAD","CD4_T"
"702","3q22.3",0.674392160185754,1.5971568683567,0.113736105882399,"con","ALL","3","q","3q",0,-1,"LUAD","CD4_T"
"703","3q23",0.752676905945704,1.9350405161681,0.0561254282196387,"con","ALL","3","q","3q",0,-1,"LUAD","CD4_T"
"704","3q24",0.747350422723946,2.12992955112313,0.0359063704931531,"con","ALL","3","q","3q",0.0321389066683656,-1,"LUAD","CD4_T"
"705","3q25.1",0.764054075232294,2.41402654283821,0.0178022317110979,"con","ALL","3","q","3q",0.249685789261075,-1,"LUAD","CD4_T"
"706","3q25.2",0.740399444224338,2.54806737045049,0.0125276925201494,"con","ALL","3","q","3q",0.377465569468022,-1,"LUAD","CD4_T"
"707","3q25.31",0.738727201248695,2.65235114077227,0.00944721974496943,"con","ALL","3","q","3q",0.44567497537599,-1,"LUAD","CD4_T"
"708","3q25.32",0.739414353134692,2.70276241774982,0.00821985680074951,"con","ALL","3","q","3q",0.476151517580831,-1,"LUAD","CD4_T"
"709","3q25.33",0.727962755411573,2.8037554172833,0.00618691717580042,"con","ALL","3","q","3q",0.567356783748822,-1,"LUAD","CD4_T"
"710","3q26.1",0.731373635987981,2.91368063404211,0.00450525629614677,"con","ALL","3","q","3q",0.607238051437072,-1,"LUAD","CD4_T"
"711","3q26.2",0.718911129946496,2.99753740417896,0.00351763218370018,"con","ALL","3","q","3q",0.607238051437072,-1,"LUAD","CD4_T"
"712","3q26.31",0.712166541023589,3.01464220624071,0.00334255812443484,"con","ALL","3","q","3q",0.607238051437072,-1,"LUAD","CD4_T"
"713","3q26.32",0.693417119391072,3.09313213091437,0.00263792691956728,"con","ALL","3","q","3q",0.607238051437072,-1,"LUAD","CD4_T"
"714","3q26.33",0.634057595058505,3.18763022051254,0.0019731371129528,"con","ALL","3","q","3q",0.631321434251126,-1,"LUAD","CD4_T"
"715","3q27.1",0.570678422504529,3.17617094932324,0.00204448126083423,"con","ALL","3","q","3q",0.631321434251126,-1,"LUAD","CD4_T"
"716","3q27.2",0.55033273486031,3.17471806763108,0.00205369669258398,"con","ALL","3","q","3q",0.631321434251126,-1,"LUAD","CD4_T"
"717","3q27.3",0.54926308988091,3.19244437028797,0.00194386350090608,"con","ALL","3","q","3q",0.631321434251126,-1,"LUAD","CD4_T"
"718","3q29",0.525122844588503,3.30266795506231,0.00137492954959608,"con","ALL","3","q","3q",0.631321434251126,-1,"LUAD","CD4_T"
"719","4p16.3",-0.0443646579551287,-0.10870240164094,0.913680525947352,"con","ALL","4","p","4p",0,-1,"LUAD","CD4_T"
"720","4p16.1",-0.158000215027018,-0.373852520089395,0.709393309155651,"con","ALL","4","p","4p",0,1,"LUAD","CD4_T"
"721","4p15.32",-0.196478601868721,-0.454348833858369,0.650671676115601,"con","ALL","4","p","4p",0,1,"LUAD","CD4_T"
"722","4p15.2",-0.230911814851261,-0.52957883218258,0.597707914302265,"con","ALL","4","p","4p",0,1,"LUAD","CD4_T"
"723","4p14",-0.312026654003121,-0.664937170451917,0.507790992301087,"con","ALL","4","p","4p",0,1,"LUAD","CD4_T"
"724","4p13",-0.287134907654216,-0.576135171028477,0.565961809328534,"con","ALL","4","p","4p",0,1,"LUAD","CD4_T"
"725","4p12",-0.316700987362318,-0.625648815885972,0.533128674375688,"con","ALL","4","p","4p",0,1,"LUAD","CD4_T"
"726","4p11",-0.370929751417241,-0.729463898087134,0.467612187825095,"con","ALL","4","p","4p",0,1,"LUAD","CD4_T"
"727","4q12",-0.435762080980663,-0.838892430261897,1,"con","ALL","4","q","4q",0,1,"LUAD","CD4_T"
"728","4q13.2",-0.478971834202685,-0.887080840992883,1,"con","ALL","4","q","4q",0,1,"LUAD","CD4_T"
"729","4q21.1",-0.784611220256823,-1.26276951069209,1,"con","ALL","4","q","4q",0,1,"LUAD","CD4_T"
"730","4q21.22",-0.994817871307149,-1.55527683770233,1,"con","ALL","4","q","4q",0,1,"LUAD","CD4_T"
"731","4q21.23",-1.09685854242469,-1.70951749830784,1,"con","ALL","4","q","4q",0,1,"LUAD","CD4_T"
"732","4q22.1",-1.04871193642064,-1.63597387534858,1,"con","ALL","4","q","4q",0,1,"LUAD","CD4_T"
"733","4q22.3",-0.99073897625906,-1.54418233791219,1,"con","ALL","4","q","4q",0,-1,"LUAD","CD4_T"
"734","4q23",-0.787703041320433,-1.30586321416176,1,"con","ALL","4","q","4q",0,-1,"LUAD","CD4_T"
"735","4q24",-0.913940298946197,-1.55570196727296,1,"con","ALL","4","q","4q",0,-1,"LUAD","CD4_T"
"736","4q25",-0.996543982631906,-1.73874759064882,1,"con","ALL","4","q","4q",0,-1,"LUAD","CD4_T"
"737","4q27",-0.981275066777205,-1.69208364796148,1,"con","ALL","4","q","4q",0,-1,"LUAD","CD4_T"
"738","4q31.1",-0.927843084835437,-1.62029279456943,1,"con","ALL","4","q","4q",0,-1,"LUAD","CD4_T"
"739","4q31.21",-0.898912853459423,-1.58298572225363,1,"con","ALL","4","q","4q",0,-1,"LUAD","CD4_T"
"740","4q31.22",-0.833075486406082,-1.46912768527223,1,"con","ALL","4","q","4q",0,-1,"LUAD","CD4_T"
"741","4q32.1",-0.765102478487868,-1.31220122357835,1,"con","ALL","4","q","4q",0,1,"LUAD","CD4_T"
"742","4q32.2",-0.755280750073177,-1.28800415158408,1,"con","ALL","4","q","4q",0,1,"LUAD","CD4_T"
"743","4q34.1",-0.644390922767908,-1.1273580191226,1,"con","ALL","4","q","4q",0,1,"LUAD","CD4_T"
"744","4q34.2",-0.575635987954571,-1.0146075247709,1,"con","ALL","4","q","4q",0,1,"LUAD","CD4_T"
"745","4q35.1",-0.474675082809285,-0.851887937762481,1,"con","ALL","4","q","4q",0,1,"LUAD","CD4_T"
"746","5p15.33",0.0117191877861869,0.0524159422478958,0.958313438523081,"con","ALL","5","p","5p",0,1,"LUAD","CD4_T"
"747","5p15.31",0.00968775329625615,0.0396861169625724,0.968431273288427,"con","ALL","5","p","5p",0,1,"LUAD","CD4_T"
"748","5p15.2",-0.0079471474291155,-0.031186350453166,0.975189981274716,"con","ALL","5","p","5p",0,1,"LUAD","CD4_T"
"749","5p15.1",-0.0443790308307484,-0.159724281012315,0.873456193543354,"con","ALL","5","p","5p",0,1,"LUAD","CD4_T"
"750","5p13.3",-0.0926350542553605,-0.313192777532792,0.754858854931237,"con","ALL","5","p","5p",0,1,"LUAD","CD4_T"
"751","5p13.1",-0.179068414066948,-0.523939650464033,0.601608417480812,"con","ALL","5","p","5p",0,1,"LUAD","CD4_T"
"752","5p12",-0.182349217520966,-0.515997175188243,0.607121772153497,"con","ALL","5","p","5p",0,1,"LUAD","CD4_T"
"753","5q11.1",-0.136591145435478,-0.352876574999403,0.725006088146076,"con","ALL","5","q","5q",0,1,"LUAD","CD4_T"
"754","5q11.2",-0.13569778520301,-0.351169957226719,0.726281588805006,"con","ALL","5","q","5q",0,1,"LUAD","CD4_T"
"755","5q12.1",-0.11241043309027,-0.302777874934023,0.762757848315826,"con","ALL","5","q","5q",0,1,"LUAD","CD4_T"
"756","5q12.3",-0.0736436981405971,-0.210167392760659,0.834012091304258,"con","ALL","5","q","5q",0,1,"LUAD","CD4_T"
"757","5q13.1",-0.0719309997002479,-0.212893446189136,0.831891552860904,"con","ALL","5","q","5q",0,1,"LUAD","CD4_T"
"758","5q13.2",-0.0870640835895927,-0.281959504775419,0.778621905092233,"con","ALL","5","q","5q",0,1,"LUAD","CD4_T"
"759","5q13.3",-0.0961745624744531,-0.33047924829613,0.741805968142094,"con","ALL","5","q","5q",0,-1,"LUAD","CD4_T"
"760","5q14.1",-0.0984984267786021,-0.345378610366477,0.730615691121661,"con","ALL","5","q","5q",0,-1,"LUAD","CD4_T"
"761","5q14.2",-0.100072877685649,-0.361547966263717,0.718537266810945,"con","ALL","5","q","5q",0,-1,"LUAD","CD4_T"
"762","5q14.3",-0.106098793315046,-0.385944690939645,0.700448449136275,"con","ALL","5","q","5q",0,-1,"LUAD","CD4_T"
"763","5q15",-0.0952339584549799,-0.343863431591707,0.731751065261856,"con","ALL","5","q","5q",0,-1,"LUAD","CD4_T"
"764","5q21.1",-0.0959001310068622,-0.343804770344051,0.731795034125846,"con","ALL","5","q","5q",0,-1,"LUAD","CD4_T"
"765","5q21.3",-0.106174662165672,-0.376831609114476,0.707185765689885,"con","ALL","5","q","5q",0,-1,"LUAD","CD4_T"
"766","5q22.2",-0.115408776026769,-0.399957969279866,0.690135162857281,"con","ALL","5","q","5q",0,-1,"LUAD","CD4_T"
"767","5q22.3",-0.122402693838879,-0.415096196254744,0.679059373058988,"con","ALL","5","q","5q",0,-1,"LUAD","CD4_T"
"768","5q23.1",-0.0949740069282868,-0.320302221186895,0.749481700110889,"con","ALL","5","q","5q",0,-1,"LUAD","CD4_T"
"769","5q23.2",-0.0763612227448798,-0.257161971984561,0.797640758844353,"con","ALL","5","q","5q",0,-1,"LUAD","CD4_T"
"770","5q31.1",-0.0715777778475901,-0.25748364332015,0.797393237162073,"con","ALL","5","q","5q",0,1,"LUAD","CD4_T"
"771","5q31.2",-0.0667025520052396,-0.262132822613531,0.793818082568912,"con","ALL","5","q","5q",0,1,"LUAD","CD4_T"
"772","5q31.3",-0.100486999236238,-0.415839457135753,0.678517356872412,"con","ALL","5","q","5q",0,1,"LUAD","CD4_T"
"773","5q32",-0.105619161076545,-0.480084680077705,0.632331954117695,"con","ALL","5","q","5q",0,1,"LUAD","CD4_T"
"774","5q33.1",-0.066913224364844,-0.308144921360636,0.758684113161162,"con","ALL","5","q","5q",0,1,"LUAD","CD4_T"
"775","5q33.2",-0.0473265943899095,-0.218162710799987,0.827796242774991,"con","ALL","5","q","5q",0,1,"LUAD","CD4_T"
"776","5q33.3",-0.017505423596676,-0.0821574212019896,0.934703974187759,"con","ALL","5","q","5q",0,1,"LUAD","CD4_T"
"777","5q34",0.00768467238752831,0.0366112374471243,0.97087606641262,"con","ALL","5","q","5q",0,1,"LUAD","CD4_T"
"778","5q35.1",0.0143898849110279,0.0693684551101409,0.94485023296983,"con","ALL","5","q","5q",0,1,"LUAD","CD4_T"
"779","5q35.2",0.00441886477549272,0.0213881167768951,0.982983400358129,"con","ALL","5","q","5q",0,1,"LUAD","CD4_T"
"780","5q35.3",-0.0154027007916264,-0.0791950253879388,0.937053323803041,"con","ALL","5","q","5q",0,1,"LUAD","CD4_T"
"781","6p25.2",0.117568086177033,0.267780251665561,0.789481212401094,"con","ALL","6","p","6p",0,1,"LUAD","CD4_T"
"782","6p25.1",0.12616853860684,0.296242440979011,0.76772744703407,"con","ALL","6","p","6p",0,1,"LUAD","CD4_T"
"783","6p24.3",0.127593605007311,0.309562690592078,0.757609118412091,"con","ALL","6","p","6p",0,1,"LUAD","CD4_T"
"784","6p24.2",0.12174213651155,0.304542189297472,0.76141794180595,"con","ALL","6","p","6p",0,1,"LUAD","CD4_T"
"785","6p23",0.17324138554533,0.436088959124789,0.663816457523537,"con","ALL","6","p","6p",0,1,"LUAD","CD4_T"
"786","6p22.3",0.130276690586429,0.373480764326789,0.709668959618452,"con","ALL","6","p","6p",0,1,"LUAD","CD4_T"
"787","6p22.2",0.0994386930114557,0.299646742299156,0.765137561533948,"con","ALL","6","p","6p",0,1,"LUAD","CD4_T"
"788","6p22.1",0.0709892748852608,0.227341745143361,0.820673651909921,"con","ALL","6","p","6p",0,1,"LUAD","CD4_T"
"789","6p21.33",-0.0184646789704045,-0.0662958888572129,0.947289304756839,"con","ALL","6","p","6p",0,1,"LUAD","CD4_T"
"790","6p21.32",-0.0298337290946322,-0.11151501258222,0.911456286792713,"con","ALL","6","p","6p",0,1,"LUAD","CD4_T"
"791","6p21.31",0.040906456283784,0.143497279146993,0.886218265023001,"con","ALL","6","p","6p",0,1,"LUAD","CD4_T"
"792","6p21.2",0.1376093075245,0.422195097019202,0.673889492812845,"con","ALL","6","p","6p",0,1,"LUAD","CD4_T"
"793","6p21.1",0.407610432656921,1.04317887079693,0.299659456790879,"con","ALL","6","p","6p",0,1,"LUAD","CD4_T"
"794","6p12.1",0.597681999401957,1.37061462235519,0.173903871194271,"con","ALL","6","p","6p",0,1,"LUAD","CD4_T"
"795","6q12",0.459483156168296,1.11494963641143,0.26784040827012,"con","ALL","6","q","6q",0,1,"LUAD","CD4_T"
"796","6q13",0.489314210153325,1.22938335348667,0.222132499792832,"con","ALL","6","q","6q",0,1,"LUAD","CD4_T"
"797","6q14.1",0.488696751133267,1.34289086639541,0.182684268222982,"con","ALL","6","q","6q",0,1,"LUAD","CD4_T"
"798","6q14.3",0.49142999892575,1.54178029891676,0.126635877207015,"con","ALL","6","q","6q",0,1,"LUAD","CD4_T"
"799","6q15",0.47096030683298,1.57939024105821,0.117754962974123,"con","ALL","6","q","6q",0,1,"LUAD","CD4_T"
"800","6q16.1",0.452250456761919,1.58515544007177,0.11643862345638,"con","ALL","6","q","6q",0,1,"LUAD","CD4_T"
"801","6q16.2",0.458278776245621,1.67389000757321,0.0976243681183477,"con","ALL","6","q","6q",0,1,"LUAD","CD4_T"
"802","6q21",0.448612609165453,1.72761952890099,0.0874865607826394,"con","ALL","6","q","6q",0,-1,"LUAD","CD4_T"
"803","6q22.1",0.439139553404553,1.73701550255764,0.0858056590364203,"con","ALL","6","q","6q",0,-1,"LUAD","CD4_T"
"804","6q22.31",0.418847700046877,1.62371497885232,0.107934187768523,"con","ALL","6","q","6q",0,-1,"LUAD","CD4_T"
"805","6q22.33",0.394289923045994,1.49289995739294,0.138960795894823,"con","ALL","6","q","6q",0,-1,"LUAD","CD4_T"
"806","6q23.2",0.374065769574248,1.40402641772497,0.163752386600143,"con","ALL","6","q","6q",0,-1,"LUAD","CD4_T"
"807","6q23.3",0.37204742747991,1.37886840759806,0.171352726035358,"con","ALL","6","q","6q",0,-1,"LUAD","CD4_T"
"808","6q24.1",0.36117034985306,1.32524412443913,0.188444730145976,"con","ALL","6","q","6q",0,-1,"LUAD","CD4_T"
"809","6q24.2",0.351087499180027,1.29161881459585,0.199796411090251,"con","ALL","6","q","6q",0,-1,"LUAD","CD4_T"
"810","6q25.1",0.364367417957036,1.37403349120934,0.172843661757094,"con","ALL","6","q","6q",0,-1,"LUAD","CD4_T"
"811","6q25.3",0.347412208448877,1.37199410961356,0.173475491940372,"con","ALL","6","q","6q",0,1,"LUAD","CD4_T"
"812","6q27",0.325524350750579,1.31530235584276,0.191749476208082,"con","ALL","6","q","6q",0,1,"LUAD","CD4_T"
"813","7p22.3",-0.106992507753768,-0.62510701547602,0.533482581824381,"con","ALL","7","p","7p",0,1,"LUAD","CD4_T"
"814","7p22.1",-0.0961177787588185,-0.574004890457726,0.567396287145455,"con","ALL","7","p","7p",0,1,"LUAD","CD4_T"
"815","7p21.3",-0.0951147112047878,-0.570990775234821,0.56942893691102,"con","ALL","7","p","7p",0,1,"LUAD","CD4_T"
"816","7p21.1",-0.0900321211019375,-0.537852828307632,0.592006210156149,"con","ALL","7","p","7p",0,1,"LUAD","CD4_T"
"817","7p15.3",-0.0807679282500481,-0.477507900701377,0.634158125895851,"con","ALL","7","p","7p",0,1,"LUAD","CD4_T"
"818","7p15.2",-0.0812551648946315,-0.477637267471045,0.634066389109928,"con","ALL","7","p","7p",0,1,"LUAD","CD4_T"
"819","7p14.3",-0.0688661018553222,-0.396534534402854,0.692649387158615,"con","ALL","7","p","7p",0,1,"LUAD","CD4_T"
"820","7p14.2",-0.0639017017705981,-0.363056768107771,0.717413783112069,"con","ALL","7","p","7p",0,1,"LUAD","CD4_T"
"821","7p14.1",-0.0508119258217373,-0.28265700142989,0.778088834044449,"con","ALL","7","p","7p",0,1,"LUAD","CD4_T"
"822","7p13",-0.0175798647936053,-0.0944980178179287,0.924923628173601,"con","ALL","7","p","7p",0,1,"LUAD","CD4_T"
"823","7p12.3",0.00711577090985535,0.0368877841856126,0.970656176284221,"con","ALL","7","p","7p",0,1,"LUAD","CD4_T"
"824","7p11.2",0.0209660406437137,0.104559609956528,0.916957931772503,"con","ALL","7","p","7p",0,1,"LUAD","CD4_T"
"825","7q11.21",0.0340124603451001,0.158280119315228,0.87459068029232,"con","ALL","7","q","7q",0,1,"LUAD","CD4_T"
"826","7q11.23",0.108842993943685,0.411748604949202,0.681502661789272,"con","ALL","7","q","7q",0,1,"LUAD","CD4_T"
"827","7q21.12",0.151867715151651,0.538885983303099,0.591296037725302,"con","ALL","7","q","7q",0,1,"LUAD","CD4_T"
"828","7q21.2",0.196294817494929,0.66264600798866,0.509250758245377,"con","ALL","7","q","7q",0,1,"LUAD","CD4_T"
"829","7q21.3",0.213260713153199,0.700795909396002,0.485238291318823,"con","ALL","7","q","7q",0,1,"LUAD","CD4_T"
"830","7q22.1",0.270016842655235,0.849177295197004,0.398035777499894,"con","ALL","7","q","7q",0,1,"LUAD","CD4_T"
"831","7q22.3",0.433110219519924,1.28405592417507,0.202418159803348,"con","ALL","7","q","7q",0,1,"LUAD","CD4_T"
"832","7q31.1",0.497797452871344,1.42052896854158,0.158908956131667,"con","ALL","7","q","7q",0,1,"LUAD","CD4_T"
"833","7q31.2",0.52903956146109,1.48411461627712,0.141272416889658,"con","ALL","7","q","7q",0,1,"LUAD","CD4_T"
"834","7q31.31",0.545302901277535,1.52387425509153,0.13104640607674,"con","ALL","7","q","7q",0,1,"LUAD","CD4_T"
"835","7q31.32",0.540579520847237,1.4936511710717,0.138764517118188,"con","ALL","7","q","7q",0,1,"LUAD","CD4_T"
"836","7q32.1",0.516817411684672,1.38493312812499,0.16949642354098,"con","ALL","7","q","7q",0,-1,"LUAD","CD4_T"
"837","7q32.2",0.501903912981471,1.32544033203055,0.188379941244636,"con","ALL","7","q","7q",0,-1,"LUAD","CD4_T"
"838","7q33",0.507100989692169,1.32254504862514,0.189337677666435,"con","ALL","7","q","7q",0,-1,"LUAD","CD4_T"
"839","7q34",0.4102502062919,1.06106986481785,0.29149727804768,"con","ALL","7","q","7q",0,1,"LUAD","CD4_T"
"840","7q36.1",0.30050246310425,0.794434923228095,0.429032159132731,"con","ALL","7","q","7q",0,1,"LUAD","CD4_T"
"841","7q36.3",0.208589463837582,0.566359884270366,0.572558771653756,"con","ALL","7","q","7q",0,1,"LUAD","CD4_T"
"842","8p23.3",-0.203825516072066,-0.660339201085744,0.510722746323419,"con","ALL","8","p","8p",0,1,"LUAD","CD4_T"
"843","8p22",-0.193167072393312,-0.604739830585987,0.54687353909583,"con","ALL","8","p","8p",0,1,"LUAD","CD4_T"
"844","8p21.3",-0.197421423972482,-0.589366875180177,0.557091772127733,"con","ALL","8","p","8p",0,1,"LUAD","CD4_T"
"845","8p21.2",-0.103682599337881,-0.297692802657556,0.766623733087991,"con","ALL","8","p","8p",0,1,"LUAD","CD4_T"
"846","8p21.1",-0.103735383321102,-0.291926416542055,0.771014734068792,"con","ALL","8","p","8p",0,1,"LUAD","CD4_T"
"847","8p12",-0.107511422537684,-0.295261894514692,0.768473906849085,"con","ALL","8","p","8p",0,1,"LUAD","CD4_T"
"848","8p11.23",-0.117548575075907,-0.309610135621181,0.757573152409184,"con","ALL","8","p","8p",0,1,"LUAD","CD4_T"
"849","8p11.22",-0.121477753390797,-0.320870289688384,0.749052577011387,"con","ALL","8","p","8p",0,1,"LUAD","CD4_T"
"850","8p11.21",-0.210425340535244,-0.573211068822043,0.567931279279722,"con","ALL","8","p","8p",0,1,"LUAD","CD4_T"
"851","8q11.21",-0.2837814310704,-0.827174592704734,0.410325915677715,"con","ALL","8","q","8q",0,1,"LUAD","CD4_T"
"852","8q11.23",-0.310659632756931,-0.943004744164108,0.348203011396541,"con","ALL","8","q","8q",0,1,"LUAD","CD4_T"
"853","8q12.1",-0.340836711925848,-1.11937063804644,0.26596058978078,"con","ALL","8","q","8q",0,1,"LUAD","CD4_T"
"854","8q12.3",-0.339488396521946,-1.18093954741952,0.240738193627795,"con","ALL","8","q","8q",0,1,"LUAD","CD4_T"
"855","8q13.1",-0.362590465836613,-1.31361220163049,0.192315585431061,"con","ALL","8","q","8q",0,1,"LUAD","CD4_T"
"856","8q13.3",-0.361225436584753,-1.35007000407651,0.180379120406546,"con","ALL","8","q","8q",0,1,"LUAD","CD4_T"
"857","8q21.11",-0.351021012383329,-1.3791327528338,0.171271493422415,"con","ALL","8","q","8q",0,1,"LUAD","CD4_T"
"858","8q21.13",-0.270946809060555,-1.16817177957407,0.245822680933278,"con","ALL","8","q","8q",0,1,"LUAD","CD4_T"
"859","8q21.3",-0.202234090604726,-0.956730247022762,0.341266350354464,"con","ALL","8","q","8q",0,1,"LUAD","CD4_T"
"860","8q22.1",-0.150671621446745,-0.793860068813311,0.429365052035277,"con","ALL","8","q","8q",0,1,"LUAD","CD4_T"
"861","8q22.2",-0.131090020329737,-0.732776685233079,0.465598874366436,"con","ALL","8","q","8q",0,1,"LUAD","CD4_T"
"862","8q22.3",-0.114523814672175,-0.664485100857443,0.508078842000284,"con","ALL","8","q","8q",0,1,"LUAD","CD4_T"
"863","8q23.1",-0.101689478518229,-0.609047369776589,0.544027378088648,"con","ALL","8","q","8q",0,1,"LUAD","CD4_T"
"864","8q23.2",-0.104102060572106,-0.627987519312956,0.531602404911232,"con","ALL","8","q","8q",0,1,"LUAD","CD4_T"
"865","8q24.11",-0.100344174592663,-0.610808330064668,0.542866002646174,"con","ALL","8","q","8q",0,1,"LUAD","CD4_T"
"866","8q24.12",-0.096508857015608,-0.598633772368347,0.550920854247056,"con","ALL","8","q","8q",0,1,"LUAD","CD4_T"
"867","8q24.13",-0.098484140506206,-0.625001534961688,0.533551496399903,"con","ALL","8","q","8q",0,1,"LUAD","CD4_T"
"868","8q24.22",-0.10951180877284,-0.721486049114007,0.4724807204468,"con","ALL","8","q","8q",0,1,"LUAD","CD4_T"
"869","8q24.3",-0.119554421212893,-0.824137724951824,0.412040061393974,"con","ALL","8","q","8q",0,1,"LUAD","CD4_T"
"870","9p24.1",0.312258106762198,1.591849879186,0.114924891692331,"con","ALL","9","p","9p",0,-1,"LUAD","CD4_T"
"871","9p22.3",0.316018182392768,1.59274368400748,0.114723982908045,"con","ALL","9","p","9p",0,-1,"LUAD","CD4_T"
"872","9p22.1",0.334243533651718,1.70838538439188,0.0910117331192093,"con","ALL","9","p","9p",0,-1,"LUAD","CD4_T"
"873","9p21.1",0.419233847409512,1.93593543743318,0.05601408113711,"con","ALL","9","p","9p",0,-1,"LUAD","CD4_T"
"874","9p13.3",0.504675106630822,1.95835560643375,0.0532849845487625,"con","ALL","9","p","9p",0,-1,"LUAD","CD4_T"
"875","9p13.2",0.612660751391143,2.01547676315993,0.0468376139661112,"con","ALL","9","p","9p",0,-1,"LUAD","CD4_T"
"876","9q21.12",0.738152241451638,2.14165099909496,0.0349229629543794,"con","ALL","9","q","9q",0.0321389066683656,-1,"LUAD","CD4_T"
"877","9q21.13",0.885787329940404,2.30704536533592,0.0233468785805071,"con","ALL","9","q","9q",0.155412509864561,-1,"LUAD","CD4_T"
"878","9q21.2",1.23104579211891,2.67050633978635,1,"con","ALL","9","q","9q",0,-1,"LUAD","CD4_T"
"879","9q21.31",1.3104154621066,2.80771782973177,1,"con","ALL","9","q","9q",0,-1,"LUAD","CD4_T"
"880","9q21.32",1.43637093432656,3.01939752250803,1,"con","ALL","9","q","9q",0,-1,"LUAD","CD4_T"
"881","9q21.33",1.50756775861505,3.08824199495805,1,"con","ALL","9","q","9q",0,-1,"LUAD","CD4_T"
"882","9q22.2",1.55114657404058,3.149688441509,1,"con","ALL","9","q","9q",0,-1,"LUAD","CD4_T"
"883","9q22.31",1.48527942021434,3.02820161389043,1,"con","ALL","9","q","9q",0,-1,"LUAD","CD4_T"
"884","9q22.32",1.48951220686476,3.05795711483477,1,"con","ALL","9","q","9q",0,-1,"LUAD","CD4_T"
"885","9q22.33",1.41093217463349,3.04681852750929,1,"con","ALL","9","q","9q",0,-1,"LUAD","CD4_T"
"886","9q31.1",1.23340699819298,2.89368510274742,0.00477575860999157,"con","ALL","9","q","9q",0.607238051437072,-1,"LUAD","CD4_T"
"887","9q31.2",1.14500005323937,2.89605489892468,0.00474293664254381,"con","ALL","9","q","9q",0.607238051437072,-1,"LUAD","CD4_T"
"888","9q31.3",1.06851146834463,2.81991322453877,0.00590813037946948,"con","ALL","9","q","9q",0.567356783748822,-1,"LUAD","CD4_T"
"889","9q32",1.00767736585709,2.62618892952746,0.0101476641914969,"con","ALL","9","q","9q",0.442641629231944,-1,"LUAD","CD4_T"
"890","9q33.2",0.888036902112057,2.16948870455754,0.0326806518215724,"con","ALL","9","q","9q",0.0321389066683656,-1,"LUAD","CD4_T"
"891","9q33.3",0.606258610071355,1.46164965652184,0.147320121427086,"con","ALL","9","q","9q",0,-1,"LUAD","CD4_T"
"892","9q34.11",0.350666661691025,0.821896123166687,0.413308088513409,"con","ALL","9","q","9q",0,-1,"LUAD","CD4_T"
"893","9q34.13",0.245753237165877,0.582262415541318,0.561845771579151,"con","ALL","9","q","9q",0,-1,"LUAD","CD4_T"
"894","9q34.3",0.169384381899571,0.468415975094015,0.640619655362338,"con","ALL","9","q","9q",0,1,"LUAD","CD4_T"
"895","10p15.3",0.374325149430857,1.45040476758623,0.1504219556803,"con","ALL","10","p","10p",0,-1,"LUAD","CD4_T"
"896","10p14",0.244865187994786,0.814194048849408,0.417682862105499,"con","ALL","10","p","10p",0,-1,"LUAD","CD4_T"
"897","10p13",0.141020313956214,0.423056556124354,0.673263180352716,"con","ALL","10","p","10p",0,-1,"LUAD","CD4_T"
"898","10p12.2",-0.0655845230838179,-0.173280582610302,0.86282001221716,"con","ALL","10","p","10p",0,-1,"LUAD","CD4_T"
"899","10p12.1",-0.228509496563283,-0.557703897196321,0.578431179907999,"con","ALL","10","p","10p",0,-1,"LUAD","CD4_T"
"900","10p11.22",-0.43666304819972,-0.992656443228346,0.323538765812669,"con","ALL","10","p","10p",0,-1,"LUAD","CD4_T"
"901","10q11.21",-0.704452555202084,-1.46506063253137,0.14638911791275,"con","ALL","10","q","10q",0,-1,"LUAD","CD4_T"
"902","10q11.22",-0.764825499906738,-1.55223237960415,0.124116188665364,"con","ALL","10","q","10q",0,-1,"LUAD","CD4_T"
"903","10q21.1",-0.813939901658293,-1.63052544665117,0.106485388132765,"con","ALL","10","q","10q",0,-1,"LUAD","CD4_T"
"904","10q21.3",-0.968486942648499,-1.86688806494415,1,"con","ALL","10","q","10q",0,-1,"LUAD","CD4_T"
"905","10q22.1",-1.03082914774481,-1.77620982433952,1,"con","ALL","10","q","10q",0,1,"LUAD","CD4_T"
"906","10q22.2",-0.915441132809528,-1.43255857664824,1,"con","ALL","10","q","10q",0,1,"LUAD","CD4_T"
"907","10q22.3",-0.71876515652352,-1.11150096963628,1,"con","ALL","10","q","10q",0,1,"LUAD","CD4_T"
"908","10q23.1",-0.7410703197947,-1.13903197017016,1,"con","ALL","10","q","10q",0,1,"LUAD","CD4_T"
"909","10q23.2",-0.743128504406256,-1.1385283145454,1,"con","ALL","10","q","10q",0,1,"LUAD","CD4_T"
"910","10q23.31",-0.768630445782991,-1.16806089448174,1,"con","ALL","10","q","10q",0,-1,"LUAD","CD4_T"
"911","10q23.32",-0.778100784618193,-1.17874326898911,1,"con","ALL","10","q","10q",0,-1,"LUAD","CD4_T"
"912","10q24.1",-0.498055055070797,-0.764902823955443,1,"con","ALL","10","q","10q",0,-1,"LUAD","CD4_T"
"913","10q24.2",-0.487451861347643,-0.751165387380686,1,"con","ALL","10","q","10q",0,-1,"LUAD","CD4_T"
"914","10q24.31",-0.363846730770352,-0.580982679275125,1,"con","ALL","10","q","10q",0,-1,"LUAD","CD4_T"
"915","10q24.32",-0.28681943803724,-0.468389411238778,0.640638574953152,"con","ALL","10","q","10q",0,-1,"LUAD","CD4_T"
"916","10q25.1",-0.308069822845315,-0.505081011724923,0.614736537342703,"con","ALL","10","q","10q",0,-1,"LUAD","CD4_T"
"917","10q25.2",-0.347244155395339,-0.569249828419856,0.570604599190258,"con","ALL","10","q","10q",0,-1,"LUAD","CD4_T"
"918","10q25.3",-0.333958205645644,-0.554310027652287,1,"con","ALL","10","q","10q",0,-1,"LUAD","CD4_T"
"919","10q26.11",-0.404203984995123,-0.66930059730992,1,"con","ALL","10","q","10q",0,-1,"LUAD","CD4_T"
"920","10q26.13",-0.15867216688033,-0.307024803772549,1,"con","ALL","10","q","10q",0,-1,"LUAD","CD4_T"
"921","10q26.3",-0.196295037182843,-0.426002166253505,0.6711233557466,"con","ALL","10","q","10q",0,-1,"LUAD","CD4_T"
"922","11p15.5",-0.392494284799198,-1.82678600699982,0.0710468460569649,"con","ALL","11","p","11p",0,-1,"LUAD","CD4_T"
"923","11p15.4",-0.451828544618203,-1.36722543214847,0.174959745072419,"con","ALL","11","p","11p",0,-1,"LUAD","CD4_T"
"924","11p15.3",-0.463622381556225,-1.19918827529852,0.233602472302478,"con","ALL","11","p","11p",0,-1,"LUAD","CD4_T"
"925","11p15.2",-0.439550954862404,-1.04879030515019,0.297082904148129,"con","ALL","11","p","11p",0,-1,"LUAD","CD4_T"
"926","11p15.1",-0.463121155242544,-0.995241595988114,0.322287092811948,"con","ALL","11","p","11p",0,-1,"LUAD","CD4_T"
"927","11p14.3",-0.502646527671949,-0.944512021476335,0.347436831889668,"con","ALL","11","p","11p",0,-1,"LUAD","CD4_T"
"928","11p13",-0.304814721995349,-0.446961089476326,1,"con","ALL","11","p","11p",0,-1,"LUAD","CD4_T"
"929","11p12",-0.188902867863817,-0.240267482255831,1,"con","ALL","11","p","11p",0,-1,"LUAD","CD4_T"
"930","11p11.2",-0.243453674188832,-0.263862262274061,1,"con","ALL","11","p","11p",0,1,"LUAD","CD4_T"
"931","11q12.1",-0.320319008443031,-0.30576874362041,1,"con","ALL","11","q","11q",0,1,"LUAD","CD4_T"
"932","11q12.2",-0.0527267267736327,-0.0583434138055725,1,"con","ALL","11","q","11q",0,1,"LUAD","CD4_T"
"933","11q12.3",-0.229801880746108,-0.293521856321295,1,"con","ALL","11","q","11q",0,1,"LUAD","CD4_T"
"934","11q13.1",0.0664985988064696,0.105371911746606,1,"con","ALL","11","q","11q",0,1,"LUAD","CD4_T"
"935","11q13.2",-0.380109957072144,-0.910496542337415,0.364992816612373,"con","ALL","11","q","11q",0,1,"LUAD","CD4_T"
"936","11q13.3",-0.433691513865709,-1.2721957880462,0.206580781278214,"con","ALL","11","q","11q",0,1,"LUAD","CD4_T"
"937","11q13.4",-0.43155324530743,-1.19228480626139,0.236283770968646,"con","ALL","11","q","11q",0,1,"LUAD","CD4_T"
"938","11q13.5",-0.415594400732767,-1.09739263161389,0.275397220307675,"con","ALL","11","q","11q",0,1,"LUAD","CD4_T"
"939","11q14.1",-0.425577625661307,-0.912074216443465,0.364166292672321,"con","ALL","11","q","11q",0,-1,"LUAD","CD4_T"
"940","11q14.2",-0.438390169679949,-0.82326019200411,1,"con","ALL","11","q","11q",0,-1,"LUAD","CD4_T"
"941","11q14.3",-0.359130628289163,-0.639141444193051,1,"con","ALL","11","q","11q",0,-1,"LUAD","CD4_T"
"942","11q21",-0.249835562012458,-0.417875100816254,1,"con","ALL","11","q","11q",0,-1,"LUAD","CD4_T"
"943","11q22.2",-0.153633754646286,-0.255436447884727,1,"con","ALL","11","q","11q",0,-1,"LUAD","CD4_T"
"944","11q22.3",0.110351040569988,0.192290052206564,1,"con","ALL","11","q","11q",0,-1,"LUAD","CD4_T"
"945","11q23.1",0.287489624518309,0.561848585526574,0.575615742545809,"con","ALL","11","q","11q",0,-1,"LUAD","CD4_T"
"946","11q23.2",0.33613621757393,0.70291469033678,0.483923190037306,"con","ALL","11","q","11q",0,-1,"LUAD","CD4_T"
"947","11q23.3",0.375228741101362,0.875366029555351,0.383704982013363,"con","ALL","11","q","11q",0,-1,"LUAD","CD4_T"
"948","11q24.1",0.330779563025303,0.941093995732428,0.349175851735364,"con","ALL","11","q","11q",0,-1,"LUAD","CD4_T"
"949","11q24.2",0.2988472772839,0.880718396562544,0.38081610652272,"con","ALL","11","q","11q",0,1,"LUAD","CD4_T"
"950","11q24.3",0.257145409942577,0.801718871861662,0.424827322386325,"con","ALL","11","q","11q",0,1,"LUAD","CD4_T"
"951","11q25",0.233345419886739,0.753633523448507,0.453036417186442,"con","ALL","11","q","11q",0,1,"LUAD","CD4_T"
"952","12p13.33",0.0502870526201396,0.250488899439881,0.802780227137175,"con","ALL","12","p","12p",0,1,"LUAD","CD4_T"
"953","12p13.32",0.0501249572027001,0.243410463903966,0.80824138828329,"con","ALL","12","p","12p",0,1,"LUAD","CD4_T"
"954","12p13.31",0.0368690324655716,0.161473788601416,0.87208219143837,"con","ALL","12","p","12p",0,-1,"LUAD","CD4_T"
"955","12p13.2",0.0506335840911456,0.178798901633582,0.85849749246074,"con","ALL","12","p","12p",0,-1,"LUAD","CD4_T"
"956","12p13.1",0.0667408958318553,0.217244352504883,0.828509658343321,"con","ALL","12","p","12p",0,-1,"LUAD","CD4_T"
"957","12p12.3",0.0768316463433881,0.237419274871386,0.812871162113066,"con","ALL","12","p","12p",0,-1,"LUAD","CD4_T"
"958","12p12.1",0.0822474587194628,0.215242078524643,0.830065598681495,"con","ALL","12","p","12p",0,1,"LUAD","CD4_T"
"959","12p11.23",0.0840640544100509,0.19397500348487,1,"con","ALL","12","p","12p",0,1,"LUAD","CD4_T"
"960","12p11.22",0.0632108795814858,0.132568689009008,1,"con","ALL","12","p","12p",0,1,"LUAD","CD4_T"
"961","12q12",0.0879681724656274,0.161344146973827,1,"con","ALL","12","q","12q",0,1,"LUAD","CD4_T"
"962","12q13.11",0.0852415502155241,0.148486940724467,1,"con","ALL","12","q","12q",0,1,"LUAD","CD4_T"
"963","12q13.12",0.0145269536772966,0.0244839301519026,0.980520806408861,"con","ALL","12","q","12q",0,1,"LUAD","CD4_T"
"964","12q13.13",-0.422202224562949,-0.864249597601016,0.389748382618105,"con","ALL","12","q","12q",0,1,"LUAD","CD4_T"
"965","12q13.2",-0.462117876548495,-1.29526061038576,0.1985429787185,"con","ALL","12","q","12q",0,1,"LUAD","CD4_T"
"966","12q13.3",-0.363251288875807,-1.30491521222251,0.195248365508489,"con","ALL","12","q","12q",0,1,"LUAD","CD4_T"
"967","12q14.1",-0.289366020079817,-1.14332473401091,0.255935900002754,"con","ALL","12","q","12q",0,1,"LUAD","CD4_T"
"968","12q14.3",-0.259363224569012,-1.02872519603374,0.306365635580351,"con","ALL","12","q","12q",0,1,"LUAD","CD4_T"
"969","12q15",-0.265376668397006,-1.03499264419014,0.30344536027855,"con","ALL","12","q","12q",0,1,"LUAD","CD4_T"
"970","12q21.1",-0.312435781006266,-1.09253562802066,0.277513629035928,"con","ALL","12","q","12q",0,-1,"LUAD","CD4_T"
"971","12q21.2",-0.32644782906755,-1.03744305594005,0.302308738293011,"con","ALL","12","q","12q",0,-1,"LUAD","CD4_T"
"972","12q21.31",-0.355303672864919,-1.03954218146693,0.301337353217651,"con","ALL","12","q","12q",0,-1,"LUAD","CD4_T"
"973","12q21.33",-0.34508805917955,-0.94929404671201,0.34501325585447,"con","ALL","12","q","12q",0,-1,"LUAD","CD4_T"
"974","12q22",-0.386564420642711,-1.02487515330634,0.308168896192063,"con","ALL","12","q","12q",0,-1,"LUAD","CD4_T"
"975","12q23.1",-0.363652349604394,-0.960295770431896,0.339479206444561,"con","ALL","12","q","12q",0,-1,"LUAD","CD4_T"
"976","12q23.2",-0.326715772677469,-0.870170514830567,0.386522208409337,"con","ALL","12","q","12q",0,-1,"LUAD","CD4_T"
"977","12q23.3",-0.275697807077119,-0.75552123549441,0.451909093533736,"con","ALL","12","q","12q",0,-1,"LUAD","CD4_T"
"978","12q24.11",-0.157597997007571,-0.464575475852181,0.643357435683912,"con","ALL","12","q","12q",0,-1,"LUAD","CD4_T"
"979","12q24.13",-0.137276767268806,-0.41389111487998,0.679938526179309,"con","ALL","12","q","12q",0,-1,"LUAD","CD4_T"
"980","12q24.23",-0.11155633718721,-0.335116423798696,0.738317099541866,"con","ALL","12","q","12q",0,-1,"LUAD","CD4_T"
"981","12q24.31",-0.134476413751358,-0.388831449393119,0.69831922093866,"con","ALL","12","q","12q",0,-1,"LUAD","CD4_T"
"982","12q24.33",-0.214551782720378,-0.5871172201007,0.558594987502515,"con","ALL","12","q","12q",0,-1,"LUAD","CD4_T"
"983","13q12.11",-0.0760298343539028,-0.333609737867914,0.739450087065983,"con","ALL","13","q","13q",0,-1,"LUAD","CD4_T"
"984","13q12.2",-0.061035221202963,-0.270137802018335,0.787672713560261,"con","ALL","13","q","13q",0,-1,"LUAD","CD4_T"
"985","13q12.3",-0.0674219825956104,-0.293826642207872,0.76956691371253,"con","ALL","13","q","13q",0,-1,"LUAD","CD4_T"
"986","13q13.1",-0.0743887807694825,-0.316797313843823,0.752131072362606,"con","ALL","13","q","13q",0,-1,"LUAD","CD4_T"
"987","13q13.3",-0.0614861004683466,-0.255328275430971,0.799052157594561,"con","ALL","13","q","13q",0,-1,"LUAD","CD4_T"
"988","13q14.11",-0.0514597640602324,-0.209705440306837,0.834371556314278,"con","ALL","13","q","13q",0,-1,"LUAD","CD4_T"
"989","13q14.12",-0.0647296024132143,-0.260507385499593,0.795067524766437,"con","ALL","13","q","13q",0,-1,"LUAD","CD4_T"
"990","13q14.13",-0.0640551712447009,-0.256537662942771,0.798121215111991,"con","ALL","13","q","13q",0,-1,"LUAD","CD4_T"
"991","13q14.2",-0.0715478873826082,-0.277927266226147,0.781705665306907,"con","ALL","13","q","13q",0,-1,"LUAD","CD4_T"
"992","13q14.3",-0.124615319362566,-0.448156916268344,0.655116965247282,"con","ALL","13","q","13q",0,-1,"LUAD","CD4_T"
"993","13q21.33",-0.132351341690807,-0.466734185875222,0.641817945052905,"con","ALL","13","q","13q",0,-1,"LUAD","CD4_T"
"994","13q22.2",-0.147158196411575,-0.512272012607531,0.60971551292885,"con","ALL","13","q","13q",0,-1,"LUAD","CD4_T"
"995","13q22.3",-0.127876909993342,-0.439070667131621,0.661662669970285,"con","ALL","13","q","13q",0,-1,"LUAD","CD4_T"
"996","13q31.1",-0.138977852056888,-0.473787039791977,0.636799110804002,"con","ALL","13","q","13q",0,-1,"LUAD","CD4_T"
"997","13q32.1",-0.146934132062768,-0.500659941736892,0.61783264923331,"con","ALL","13","q","13q",0,-1,"LUAD","CD4_T"
"998","13q32.2",-0.157417429434562,-0.530518831689573,0.597058874033206,"con","ALL","13","q","13q",0,-1,"LUAD","CD4_T"
"999","13q32.3",-0.153940864618915,-0.520634395624138,0.603900006368836,"con","ALL","13","q","13q",0,-1,"LUAD","CD4_T"
"1000","13q33.3",-0.18692836568771,-0.628526604288223,0.531250910384287,"con","ALL","13","q","13q",0,-1,"LUAD","CD4_T"
"1001","13q34",-0.218015055416951,-0.739552664964882,0.461496131873167,"con","ALL","13","q","13q",0,-1,"LUAD","CD4_T"
"1002","14q11.2",-0.0677949616263531,-0.194119813547863,0.846519550587961,"con","ALL","14","q","14q",0,1,"LUAD","CD4_T"
"1003","14q12",-0.194191896362781,-0.576295844600239,0.565853687583757,"con","ALL","14","q","14q",0,1,"LUAD","CD4_T"
"1004","14q13.1",-0.224400726818827,-0.685243768911108,0.494951271802514,"con","ALL","14","q","14q",0,1,"LUAD","CD4_T"
"1005","14q13.2",-0.245003935194404,-0.770136638735862,0.443235670950321,"con","ALL","14","q","14q",0,1,"LUAD","CD4_T"
"1006","14q13.3",-0.248854189288085,-0.799166579135037,0.42629790205018,"con","ALL","14","q","14q",0,1,"LUAD","CD4_T"
"1007","14q21.1",-0.258683120930216,-0.832723704998736,0.407204895852105,"con","ALL","14","q","14q",0,1,"LUAD","CD4_T"
"1008","14q21.2",-0.282024871665673,-0.925622025876102,0.357117805794622,"con","ALL","14","q","14q",0,1,"LUAD","CD4_T"
"1009","14q21.3",-0.329406153403614,-1.10798033983883,0.270822583282719,"con","ALL","14","q","14q",0,1,"LUAD","CD4_T"
"1010","14q22.1",-0.362941935613925,-1.24531222571546,0.216249543107077,"con","ALL","14","q","14q",0,1,"LUAD","CD4_T"
"1011","14q22.3",-0.381527194128495,-1.33762574459349,0.184388908866125,"con","ALL","14","q","14q",0,1,"LUAD","CD4_T"
"1012","14q23.1",-0.37862264765858,-1.38156663512242,0.170524944657809,"con","ALL","14","q","14q",0,1,"LUAD","CD4_T"
"1013","14q23.2",-0.364769058017484,-1.35305060916446,0.179428557819125,"con","ALL","14","q","14q",0,1,"LUAD","CD4_T"
"1014","14q23.3",-0.359191015408786,-1.33226988131138,0.186135182590963,"con","ALL","14","q","14q",0,1,"LUAD","CD4_T"
"1015","14q24.1",-0.321825038465792,-1.19800989884831,0.234058593476853,"con","ALL","14","q","14q",0,1,"LUAD","CD4_T"
"1016","14q24.2",-0.274838250469193,-1.01738115895789,0.311699324266901,"con","ALL","14","q","14q",0,1,"LUAD","CD4_T"
"1017","14q24.3",-0.195838313245681,-0.669192230757985,0.505085905500344,"con","ALL","14","q","14q",0,1,"LUAD","CD4_T"
"1018","14q32.11",-0.109176293389092,-0.342653376219525,0.7326582294655,"con","ALL","14","q","14q",0,1,"LUAD","CD4_T"
"1019","14q32.12",-0.060090061374828,-0.183110407211834,0.855123265874526,"con","ALL","14","q","14q",0,1,"LUAD","CD4_T"
"1020","14q32.2",0.0317427458627871,0.0939944054286064,0.925322542838074,"con","ALL","14","q","14q",0,1,"LUAD","CD4_T"
"1021","14q32.31",0.0633476039637707,0.186753295217013,0.852274401205192,"con","ALL","14","q","14q",0,1,"LUAD","CD4_T"
"1022","14q32.32",0.0559588736048406,0.164590409885253,0.869635480595444,"con","ALL","14","q","14q",0,1,"LUAD","CD4_T"
"1023","14q32.33",0.0160885676613946,0.0502196885915895,0.960058609233371,"con","ALL","14","q","14q",0,1,"LUAD","CD4_T"
"1024","15q14",0.0822715157644345,0.333302904133913,0.739680888405797,"con","ALL","15","q","15q",0,-1,"LUAD","CD4_T"
"1025","15q15.1",0.0657133191879849,0.27571522016414,0.783398872376681,"con","ALL","15","q","15q",0,-1,"LUAD","CD4_T"
"1026","15q15.2",0.0574273113590742,0.248495609044654,0.80431711481044,"con","ALL","15","q","15q",0,-1,"LUAD","CD4_T"
"1027","15q15.3",0.0556266313597905,0.241870883537614,0.809430475686897,"con","ALL","15","q","15q",0,-1,"LUAD","CD4_T"
"1028","15q21.1",0.0597833636506286,0.257463163449124,0.797408995524904,"con","ALL","15","q","15q",0,-1,"LUAD","CD4_T"
"1029","15q21.2",0.0653714619021388,0.273844201305491,0.784831855697503,"con","ALL","15","q","15q",0,-1,"LUAD","CD4_T"
"1030","15q21.3",0.0800503792296837,0.332987682845492,0.739918023715479,"con","ALL","15","q","15q",0,-1,"LUAD","CD4_T"
"1031","15q22.1",0.106285178995071,0.437609776214955,0.662717566128373,"con","ALL","15","q","15q",0,-1,"LUAD","CD4_T"
"1032","15q22.2",0.12893235498013,0.510616429134167,0.610869860545516,"con","ALL","15","q","15q",0,-1,"LUAD","CD4_T"
"1033","15q22.31",0.155505328511586,0.566773760674029,0.572278711414449,"con","ALL","15","q","15q",0,-1,"LUAD","CD4_T"
"1034","15q23",0.153907654627478,0.510680857875227,0.61082491949403,"con","ALL","15","q","15q",0,-1,"LUAD","CD4_T"
"1035","15q24.1",0.193836651708118,0.605921132055311,0.546092261253914,"con","ALL","15","q","15q",0,-1,"LUAD","CD4_T"
"1036","15q24.2",0.203375171303963,0.61397070313077,0.540783535349624,"con","ALL","15","q","15q",0,-1,"LUAD","CD4_T"
"1037","15q24.3",0.197250068746054,0.578997061525162,0.564037474542497,"con","ALL","15","q","15q",0,-1,"LUAD","CD4_T"
"1038","15q25.1",0.201521561739102,0.585077693117877,0.559959525347265,"con","ALL","15","q","15q",0,-1,"LUAD","CD4_T"
"1039","15q25.3",0.184169204851787,0.55308998105358,0.581573078799394,"con","ALL","15","q","15q",0,-1,"LUAD","CD4_T"
"1040","15q26.1",0.169128068377475,0.519389733125439,0.604763984076184,"con","ALL","15","q","15q",0,-1,"LUAD","CD4_T"
"1041","15q26.3",0.171563605348315,0.559310122629355,0.577339309173521,"con","ALL","15","q","15q",0,-1,"LUAD","CD4_T"
"1042","16p13.3",-0.0680981052366314,-0.279927481486327,0.780175508677159,"con","ALL","16","p","16p",0,1,"LUAD","CD4_T"
"1043","16p13.2",-0.111102360101712,-0.387957188425497,0.698963808409604,"con","ALL","16","p","16p",0,1,"LUAD","CD4_T"
"1044","16p13.13",-0.128560304535313,-0.436734022813881,0.663350266195977,"con","ALL","16","p","16p",0,1,"LUAD","CD4_T"
"1045","16p12.3",-0.152160111552786,-0.473566953961907,0.636955470366311,"con","ALL","16","p","16p",0,1,"LUAD","CD4_T"
"1046","16p12.2",-0.126533959095762,-0.352130661291847,0.725563477728619,"con","ALL","16","p","16p",0,1,"LUAD","CD4_T"
"1047","16p12.1",-0.102378807644786,-0.264929633613933,0.79166948825692,"con","ALL","16","p","16p",0,1,"LUAD","CD4_T"
"1048","16p11.2",-0.0609655191153181,-0.125645136891829,0.900293077874607,"con","ALL","16","p","16p",0,1,"LUAD","CD4_T"
"1049","16q11.2",0.0913240344024271,0.158592251097865,1,"con","ALL","16","q","16q",0,1,"LUAD","CD4_T"
"1050","16q12.1",0.0845883315417575,0.140656701131308,1,"con","ALL","16","q","16q",0,1,"LUAD","CD4_T"
"1051","16q12.2",0.120991449664892,0.199634992104006,1,"con","ALL","16","q","16q",0,1,"LUAD","CD4_T"
"1052","16q13",0.161252326042318,0.270203954458643,1,"con","ALL","16","q","16q",0,-1,"LUAD","CD4_T"
"1053","16q21",0.0515320545383296,0.0907191932409352,1,"con","ALL","16","q","16q",0,-1,"LUAD","CD4_T"
"1054","16q22.1",-0.0348526153843186,-0.0718113408949756,1,"con","ALL","16","q","16q",0,-1,"LUAD","CD4_T"
"1055","16q22.2",-0.0595514157693659,-0.160276993843074,0.873022070066522,"con","ALL","16","q","16q",0,-1,"LUAD","CD4_T"
"1056","16q23.1",-0.11311262392608,-0.327434375256213,0.744099780401646,"con","ALL","16","q","16q",0,-1,"LUAD","CD4_T"
"1057","16q23.3",-0.178707705486645,-0.603350638276394,0.547793029113768,"con","ALL","16","q","16q",0,-1,"LUAD","CD4_T"
"1058","16q24.1",-0.181466703549197,-0.672596605110756,0.502927199983986,"con","ALL","16","q","16q",0,-1,"LUAD","CD4_T"
"1059","16q24.2",-0.194323359499188,-0.778913045675233,0.438074177499849,"con","ALL","16","q","16q",0,-1,"LUAD","CD4_T"
"1060","16q24.3",-0.243869386515559,-1.08882508751,0.279138044183494,"con","ALL","16","q","16q",0,-1,"LUAD","CD4_T"
"1061","17p13.3",0.491597482839095,1.55119209340838,0.124365175122833,"con","ALL","17","p","17p",0,-1,"LUAD","CD4_T"
"1062","17p13.2",0.489081086178724,1.65127452683597,0.102167817964602,"con","ALL","17","p","17p",0,-1,"LUAD","CD4_T"
"1063","17p13.1",0.543955147814934,1.57579236397322,0.118582447137002,"con","ALL","17","p","17p",0,-1,"LUAD","CD4_T"
"1064","17p12",0.600961385308892,1.40668856958155,0.162963492468669,"con","ALL","17","p","17p",0,-1,"LUAD","CD4_T"
"1065","17p11.2",0.585785165028569,1.09324396988205,0.277204273924761,"con","ALL","17","p","17p",0,-1,"LUAD","CD4_T"
"1066","17q11.1",0.384771045825354,0.616502717763504,1,"con","ALL","17","q","17q",0,1,"LUAD","CD4_T"
"1067","17q11.2",-0.257643519955518,-0.393533126857402,1,"con","ALL","17","q","17q",0,1,"LUAD","CD4_T"
"1068","17q12",-0.322554666196928,-0.963195219374399,0.338030425691781,"con","ALL","17","q","17q",0,1,"LUAD","CD4_T"
"1069","17q21.1",-0.270819726475352,-0.838951175026411,0.40371953689139,"con","ALL","17","q","17q",0,1,"LUAD","CD4_T"
"1070","17q21.2",-0.256817727577169,-0.819431813522833,0.414704804723235,"con","ALL","17","q","17q",0,1,"LUAD","CD4_T"
"1071","17q21.31",-0.285437196445179,-0.836849537974728,0.404893735393212,"con","ALL","17","q","17q",0,1,"LUAD","CD4_T"
"1072","17q21.32",-0.290573243666392,-0.75851550835257,0.450124253971416,"con","ALL","17","q","17q",0,1,"LUAD","CD4_T"
"1073","17q21.33",-0.282368884646721,-0.765063746687273,0.446235136131506,"con","ALL","17","q","17q",0,1,"LUAD","CD4_T"
"1074","17q22",-0.220691653787028,-0.609943559093517,0.543436173012938,"con","ALL","17","q","17q",0,1,"LUAD","CD4_T"
"1075","17q23.1",-0.15829004107501,-0.449350667844453,0.654258975574904,"con","ALL","17","q","17q",0,1,"LUAD","CD4_T"
"1076","17q23.3",-0.180631068428504,-0.517768597986462,0.605890133216453,"con","ALL","17","q","17q",0,1,"LUAD","CD4_T"
"1077","17q24.2",-0.210687841238096,-0.606853905839996,0.545475749978323,"con","ALL","17","q","17q",0,1,"LUAD","CD4_T"
"1078","17q25.1",-0.171336352115966,-0.492054970673905,0.623878575820912,"con","ALL","17","q","17q",0,1,"LUAD","CD4_T"
"1079","17q25.3",-0.0929267299741733,-0.32327193156073,0.747239233568088,"con","ALL","17","q","17q",0,1,"LUAD","CD4_T"
"1080","18p11.32",-0.236425465198353,-0.853071344667615,0.395884384377965,"con","ALL","18","p","18p",0,-1,"LUAD","CD4_T"
"1081","18p11.31",-0.231123419718184,-0.811535161729648,0.419199526557289,"con","ALL","18","p","18p",0,-1,"LUAD","CD4_T"
"1082","18p11.22",-0.213142312106342,-0.680543712068721,0.497907313266161,"con","ALL","18","p","18p",0,-1,"LUAD","CD4_T"
"1083","18p11.21",-0.17295961863657,-0.468558620825004,0.640518062767743,"con","ALL","18","p","18p",0,-1,"LUAD","CD4_T"
"1084","18q11.1",-0.146678516964158,-0.365455354155783,0.715629028082305,"con","ALL","18","q","18q",0,-1,"LUAD","CD4_T"
"1085","18q11.2",-0.118886632694408,-0.278772753162869,0.781058765990678,"con","ALL","18","q","18q",0,-1,"LUAD","CD4_T"
"1086","18q12.2",-0.0784521011880833,-0.162147581563649,1,"con","ALL","18","q","18q",0,-1,"LUAD","CD4_T"
"1087","18q21.1",-0.0430938945367597,-0.0885949180997948,1,"con","ALL","18","q","18q",0,-1,"LUAD","CD4_T"
"1088","18q21.31",-0.041665315058095,-0.087444972688767,1,"con","ALL","18","q","18q",0,-1,"LUAD","CD4_T"
"1089","18q21.32",-0.0423194086075828,-0.0895762377631651,0.928823009494638,"con","ALL","18","q","18q",0,-1,"LUAD","CD4_T"
"1090","18q21.33",0.00134679252085019,0.0028616652249957,0.99772305815038,"con","ALL","18","q","18q",0,-1,"LUAD","CD4_T"
"1091","18q22.3",0.0820673869662881,0.174241831185268,0.862066758381589,"con","ALL","18","q","18q",0,-1,"LUAD","CD4_T"
"1092","18q23",0.0545668048285945,0.116681136022981,0.907372717742469,"con","ALL","18","q","18q",0,-1,"LUAD","CD4_T"
"1093","19p13.3",-0.0133060060999757,-0.0545491406804946,0.956618566659258,"con","ALL","19","p","19p",0,1,"LUAD","CD4_T"
"1094","19p13.2",0.217459344637305,0.641664314025188,0.522722056147722,"con","ALL","19","p","19p",0,-1,"LUAD","CD4_T"
"1095","19p13.13",0.22496317522361,0.613885629988576,0.540839504036093,"con","ALL","19","p","19p",0,-1,"LUAD","CD4_T"
"1096","19p13.12",0.0817256531833061,0.196734462073663,0.844478925110022,"con","ALL","19","p","19p",0,-1,"LUAD","CD4_T"
"1097","19p13.11",-0.263907652484675,-0.534137819938459,0.5945631245512,"con","ALL","19","p","19p",0,-1,"LUAD","CD4_T"
"1098","19q12",-0.201744787751583,-0.607619141481306,0.544970234360135,"con","ALL","19","q","19q",0,1,"LUAD","CD4_T"
"1099","19q13.11",-0.144386698547171,-0.492143996093285,0.62381589277679,"con","ALL","19","q","19q",0,1,"LUAD","CD4_T"
"1100","19q13.12",-0.0971669902990038,-0.385372104339268,0.700871065352791,"con","ALL","19","q","19q",0,1,"LUAD","CD4_T"
"1101","19q13.2",-0.0177567906550511,-0.0662474556098375,0.947327756234312,"con","ALL","19","q","19q",0,1,"LUAD","CD4_T"
"1102","19q13.31",-0.0488657246489233,-0.160780587580285,0.872626560594273,"con","ALL","19","q","19q",0,1,"LUAD","CD4_T"
"1103","19q13.32",-0.0589304812283694,-0.198214427304249,0.843324342410862,"con","ALL","19","q","19q",0,-1,"LUAD","CD4_T"
"1104","19q13.33",-0.11548016542566,-0.475991016173304,0.635234207757854,"con","ALL","19","q","19q",0,-1,"LUAD","CD4_T"
"1105","19q13.41",-0.136269391885696,-0.625260475168298,0.533382328730677,"con","ALL","19","q","19q",0,-1,"LUAD","CD4_T"
"1106","19q13.42",-0.162916795094077,-0.861658975476068,0.39116517541481,"con","ALL","19","q","19q",0,1,"LUAD","CD4_T"
"1107","19q13.43",-0.161275225823726,-0.909730364797589,0.365394636976274,"con","ALL","19","q","19q",0,1,"LUAD","CD4_T"
"1108","20p13",0.218350746328515,0.824921606790122,0.41159719004193,"con","ALL","20","p","20p",0,-1,"LUAD","CD4_T"
"1109","20p12.3",0.176009264652851,0.58860583478739,0.557600073623828,"con","ALL","20","p","20p",0,-1,"LUAD","CD4_T"
"1110","20p12.1",0.0943549873936373,0.2868337034357,0.77489896378116,"con","ALL","20","p","20p",0,-1,"LUAD","CD4_T"
"1111","20p11.23",0.0688397120369754,0.194540129695161,0.846191440162729,"con","ALL","20","p","20p",0,-1,"LUAD","CD4_T"
"1112","20p11.22",0.0286117596602512,0.0760266426793822,0.939566649098214,"con","ALL","20","p","20p",0,-1,"LUAD","CD4_T"
"1113","20p11.21",0.00751815827262682,0.0191369390322111,0.984774225826687,"con","ALL","20","p","20p",0,-1,"LUAD","CD4_T"
"1114","20q11.21",-0.0574415692303345,-0.127865487603583,0.898540699574472,"con","ALL","20","q","20q",0,1,"LUAD","CD4_T"
"1115","20q11.22",-0.203159457756017,-0.411931392894229,0.681369163327915,"con","ALL","20","q","20q",0,1,"LUAD","CD4_T"
"1116","20q12",-0.310974241328514,-0.641176630676587,1,"con","ALL","20","q","20q",0,1,"LUAD","CD4_T"
"1117","20q13.11",-0.305154936586798,-0.634742545574842,1,"con","ALL","20","q","20q",0,1,"LUAD","CD4_T"
"1118","20q13.12",-0.305256796026676,-0.669332537842672,0.504996839153649,"con","ALL","20","q","20q",0,1,"LUAD","CD4_T"
"1119","20q13.13",-0.0776460094821561,-0.225163494511583,0.822362557387148,"con","ALL","20","q","20q",0,1,"LUAD","CD4_T"
"1120","20q13.2",-0.0504419253919886,-0.165260419336874,0.869109652946397,"con","ALL","20","q","20q",0,1,"LUAD","CD4_T"
"1121","20q13.32",-0.081760178858785,-0.317589531201494,0.751531971288915,"con","ALL","20","q","20q",0,1,"LUAD","CD4_T"
"1122","20q13.33",-0.0639997036495959,-0.285309687248919,0.776062455466018,"con","ALL","20","q","20q",0,1,"LUAD","CD4_T"
"1123","21q21.3",-0.0363412299097043,-0.155477004467247,0.876793462895828,"con","ALL","21","q","21q",0,1,"LUAD","CD4_T"
"1124","21q22.11",-0.0440233359193456,-0.192564767434136,0.847733697449431,"con","ALL","21","q","21q",0,1,"LUAD","CD4_T"
"1125","21q22.12",-0.05505878510781,-0.242607869225615,0.808861212376165,"con","ALL","21","q","21q",0,1,"LUAD","CD4_T"
"1126","21q22.13",-0.0801765417348664,-0.358827188748134,0.720564774459055,"con","ALL","21","q","21q",0,1,"LUAD","CD4_T"
"1127","21q22.2",-0.111119038433948,-0.506165098667962,0.613978403564707,"con","ALL","21","q","21q",0,1,"LUAD","CD4_T"
"1128","21q22.3",-0.140627114863116,-0.666594250017447,0.506736612046834,"con","ALL","21","q","21q",0,1,"LUAD","CD4_T"
"1129","22q11.21",0.123339734805339,0.294291089075805,0.76921316621622,"con","ALL","22","q","22q",0,1,"LUAD","CD4_T"
"1130","22q11.22",0.137255234120577,0.296196633784379,0.767762313768942,"con","ALL","22","q","22q",0,1,"LUAD","CD4_T"
"1131","22q11.23",0.180791573215081,0.371520349256573,1,"con","ALL","22","q","22q",0,1,"LUAD","CD4_T"
"1132","22q12.1",0.248967818552537,0.482383571684753,0.630704643868753,"con","ALL","22","q","22q",0,1,"LUAD","CD4_T"
"1133","22q12.2",0.259243551967891,0.483651468937787,0.629807918646657,"con","ALL","22","q","22q",0,-1,"LUAD","CD4_T"
"1134","22q12.3",0.162380452026424,0.317130884474018,0.751878796643672,"con","ALL","22","q","22q",0,-1,"LUAD","CD4_T"
"1135","22q13.1",-0.0784762389281723,-0.169672253461696,0.865648697985336,"con","ALL","22","q","22q",0,-1,"LUAD","CD4_T"
"1136","22q13.2",-0.183166798448709,-0.391046813627776,0.696686837064379,"con","ALL","22","q","22q",0,-1,"LUAD","CD4_T"
"1137","22q13.31",-0.205143195284551,-0.437705260786015,0.662648596770559,"con","ALL","22","q","22q",0,-1,"LUAD","CD4_T"
"1138","22q13.33",-0.174761390444242,-0.37379175170123,0.709438365220283,"con","ALL","22","q","22q",0,-1,"LUAD","CD4_T"
"1139","1p36.33",0.363938049169409,1.42249380796103,0.158339704286879,"con","ALL","1","p","1p",0.391382360507369,1,"LUAD","CD8_T"
"1140","1p36.32",0.36995686420892,1.38954211589242,0.168095978190857,"con","ALL","1","p","1p",0.377265257828688,1,"LUAD","CD8_T"
"1141","1p36.31",0.367540278712334,1.34625679540763,0.181600752683247,"con","ALL","1","p","1p",0.356837951661293,1,"LUAD","CD8_T"
"1142","1p36.23",0.402453216822885,1.4194280374752,0.159228604738636,"con","ALL","1","p","1p",0.391171507094277,1,"LUAD","CD8_T"
"1143","1p36.22",0.489698417641536,1.53949183925175,0.127192924275294,"con","ALL","1","p","1p",0.42172406390614,1,"LUAD","CD8_T"
"1144","1p36.21",0.495532788574842,1.4661873002376,0.146082608936089,"con","ALL","1","p","1p",0.398454861875987,1,"LUAD","CD8_T"
"1145","1p36.13",0.48289104257813,1.3695700787364,0.174228772831131,"con","ALL","1","p","1p",0.371123776921861,1,"LUAD","CD8_T"
"1146","1p36.12",0.459336478669577,1.27659873680382,0.205028137179013,"con","ALL","1","p","1p",0.320570065611374,1,"LUAD","CD8_T"
"1147","1p36.11",0.406752505211362,1.07362770539626,0.285859747331462,"con","ALL","1","p","1p",0.238674815487512,1,"LUAD","CD8_T"
"1148","1p35.3",0.398441777395062,0.935908448988898,0.351824860077928,"con","ALL","1","p","1p",0.18295653013926,1,"LUAD","CD8_T"
"1149","1p35.2",0.399989202487251,0.933809454429269,0.352900789495489,"con","ALL","1","p","1p",0.18295653013926,1,"LUAD","CD8_T"
"1150","1p35.1",0.432424693501754,1.03156214996753,0.305041438079044,"con","ALL","1","p","1p",0.221426736664965,1,"LUAD","CD8_T"
"1151","1p34.3",0.510817983369927,1.34289783728643,0.182682019221095,"con","ALL","1","p","1p",0.356103933269299,1,"LUAD","CD8_T"
"1152","1p34.2",0.422353443097416,1.25527183453998,0.212629606777887,"con","ALL","1","p","1p",0.316937719051856,1,"LUAD","CD8_T"
"1153","1p34.1",0.321141322831365,1.04166010241329,0.300359414429928,"con","ALL","1","p","1p",0.225128381367382,1,"LUAD","CD8_T"
"1154","1p33",0.260956670294484,0.832001711710831,0.407610154369694,"con","ALL","1","p","1p",0.132953292796662,1,"LUAD","CD8_T"
"1155","1p32.3",0.208378107351401,0.623787303848599,0.534345130689509,"con","ALL","1","p","1p",0.0598913044016253,1,"LUAD","CD8_T"
"1156","1p32.1",0.155852952372227,0.455271123532929,0.650010622460975,"con","ALL","1","p","1p",0.00715512459974933,1,"LUAD","CD8_T"
"1157","1p31.3",0.103754351851613,0.281459574076411,0.779004048923668,"con","ALL","1","p","1p",0,1,"LUAD","CD8_T"
"1158","1p31.1",0.0393237683732572,0.0971794799034495,0.922799950149101,"con","ALL","1","p","1p",0,1,"LUAD","CD8_T"
"1159","1p22.3",0.0165616557865248,0.0394288938073909,1,"con","ALL","1","p","1p",0,-1,"LUAD","CD8_T"
"1160","1p22.2",0.053902811312637,0.129454783072433,0.897286680403894,"con","ALL","1","p","1p",0,-1,"LUAD","CD8_T"
"1161","1p22.1",0.0630606084006998,0.148199628325569,0.88251676024639,"con","ALL","1","p","1p",0,-1,"LUAD","CD8_T"
"1162","1p21.3",0.0994033446060497,0.220505293038825,0.825977091461297,"con","ALL","1","p","1p",0,-1,"LUAD","CD8_T"
"1163","1p21.2",0.153422596069675,0.320008972030473,0.749703253539873,"con","ALL","1","p","1p",0,-1,"LUAD","CD8_T"
"1164","1p13.3",-0.00953510019586546,-0.0145335982688463,1,"con","ALL","1","p","1p",0,-1,"LUAD","CD8_T"
"1165","1p13.2",-1.03870640536588,-1.37414045114157,1,"con","ALL","1","p","1p",0,1,"LUAD","CD8_T"
"1166","1p13.1",-1.16615560660335,-1.89516957244454,0.0612797922659212,"con","ALL","1","p","1p",-0.647902147375167,1,"LUAD","CD8_T"
"1167","1p12",-1.0983700861424,-2.0307155662075,0.0452347728655073,"con","ALL","1","p","1p",-0.719749088137049,1,"LUAD","CD8_T"
"1168","1q21.1",-0.965962218589017,-2.01796077323253,0.0465730734262523,"con","ALL","1","q","1q",-0.712614877779697,1,"LUAD","CD8_T"
"1169","1q21.2",-0.825487726037594,-2.17830634334679,0.0319970362532383,"con","ALL","1","q","1q",-0.778186421191344,1,"LUAD","CD8_T"
"1170","1q21.3",-0.565886601618252,-2.38003493726429,0.0194213992290248,"con","ALL","1","q","1q",-0.896126470458276,1,"LUAD","CD8_T"
"1171","1q22",-0.45233920771978,-2.33150606655554,0.021959574734921,"con","ALL","1","q","1q",-0.862305200533464,1,"LUAD","CD8_T"
"1172","1q23.1",-0.414974383642214,-2.06974710923788,0.0413422782908051,"con","ALL","1","q","1q",-0.738473784110998,1,"LUAD","CD8_T"
"1173","1q23.2",-0.417651213916526,-2.05631341450353,0.0426481305095561,"con","ALL","1","q","1q",-0.738473784110998,1,"LUAD","CD8_T"
"1174","1q23.3",-0.413559698531922,-1.92895598782472,0.0568874506017095,"con","ALL","1","q","1q",-0.665485264843965,1,"LUAD","CD8_T"
"1175","1q24.1",-0.408628360564657,-1.81922012200095,0.0722031512536482,"con","ALL","1","q","1q",-0.593157457188955,1,"LUAD","CD8_T"
"1176","1q24.2",-0.401042956012509,-1.74828050242313,0.0838254675523483,"con","ALL","1","q","1q",-0.564501963013369,1,"LUAD","CD8_T"
"1177","1q24.3",-0.407175642155823,-1.75133610856161,0.0832948782078359,"con","ALL","1","q","1q",-0.564501963013369,1,"LUAD","CD8_T"
"1178","1q25.1",-0.425233151180478,-1.79592426456482,0.0758622713921382,"con","ALL","1","q","1q",-0.579705739880846,1,"LUAD","CD8_T"
"1179","1q25.2",-0.483676317235336,-2.05270398772633,0.0430049797851771,"con","ALL","1","q","1q",-0.738473784110998,1,"LUAD","CD8_T"
"1180","1q25.3",-0.51332327939464,-2.17705540583058,0.0320932542559603,"con","ALL","1","q","1q",-0.778186421191344,1,"LUAD","CD8_T"
"1181","1q31.1",-0.524387726544583,-2.21747658465611,0.0291087476512607,"con","ALL","1","q","1q",-0.780864212461777,1,"LUAD","CD8_T"
"1182","1q31.2",-0.529822233875613,-2.25180326877676,0.0267678460608013,"con","ALL","1","q","1q",-0.799545540603016,1,"LUAD","CD8_T"
"1183","1q32.1",-0.504056909134503,-2.17360607372202,0.0323598727102551,"con","ALL","1","q","1q",-0.778186421191344,1,"LUAD","CD8_T"
"1184","1q32.2",-0.476038861051882,-2.01669000972634,0.0467082462289876,"con","ALL","1","q","1q",-0.712614877779697,1,"LUAD","CD8_T"
"1185","1q32.3",-0.413115737212649,-1.67823680633599,0.0967701895931958,"con","ALL","1","q","1q",-0.513651444911633,1,"LUAD","CD8_T"
"1186","1q41",-0.325870376687161,-1.28586339564764,0.201789276208915,"con","ALL","1","q","1q",-0.323805017005793,1,"LUAD","CD8_T"
"1187","1q42.11",-0.29826430124841,-1.15980503009377,0.249195808936027,"con","ALL","1","q","1q",-0.279710763834821,1,"LUAD","CD8_T"
"1188","1q42.12",-0.237584298168655,-0.907074747941174,0.366789542589762,"con","ALL","1","q","1q",-0.171349824431034,1,"LUAD","CD8_T"
"1189","1q42.13",-0.210897032382367,-0.783898298109895,0.43515801833279,"con","ALL","1","q","1q",-0.114830115289825,1,"LUAD","CD8_T"
"1190","1q42.2",-0.156657769112564,-0.57447618903976,0.567078773959365,"con","ALL","1","q","1q",-0.0390190472610501,1,"LUAD","CD8_T"
"1191","1q42.3",-0.140365377044964,-0.516219866791912,0.606966876163784,"con","ALL","1","q","1q",-0.0216293675522891,1,"LUAD","CD8_T"
"1192","1q43",-0.16587812116709,-0.608836917946348,0.544166257709906,"con","ALL","1","q","1q",-0.0532241691125601,1,"LUAD","CD8_T"
"1193","1q44",-0.203457686827861,-0.755018193637664,0.452209347638776,"con","ALL","1","q","1q",-0.104626990879443,1,"LUAD","CD8_T"
"1194","2p25.3",1.2150169277374,2.73013083142102,0.00761603916663228,"con","ALL","2","p","2p",1.11134659180397,1,"LUAD","CD8_T"
"1195","2p25.1",1.37090967463998,2.75304174532161,0.00714195806640703,"con","ALL","2","p","2p",1.13080315206265,1,"LUAD","CD8_T"
"1196","2p24.1",1.41261829164329,2.55651210792799,0.0122481398315446,"con","ALL","2","p","2p",1.01415009417147,1,"LUAD","CD8_T"
"1197","2p23.3",1.75285547016309,2.83675798970638,1,"con","ALL","2","p","2p",0,1,"LUAD","CD8_T"
"1198","2p23.2",2.19952646959647,3.36537290876474,1,"con","ALL","2","p","2p",0,1,"LUAD","CD8_T"
"1199","2p22.3",2.3223549140358,3.61659337713649,1,"con","ALL","2","p","2p",0,1,"LUAD","CD8_T"
"1200","2p22.2",2.37465492593879,3.95624331199114,1,"con","ALL","2","p","2p",0,1,"LUAD","CD8_T"
"1201","2p22.1",2.34568206256661,4.24700135265611,1,"con","ALL","2","p","2p",0,1,"LUAD","CD8_T"
"1202","2p21",2.35723017338492,4.50949447446065,1,"con","ALL","2","p","2p",0,-1,"LUAD","CD8_T"
"1203","2p16.2",2.37649700679257,4.98567853842808,1,"con","ALL","2","p","2p",0,-1,"LUAD","CD8_T"
"1204","2p16.1",2.38256762936746,5.16499613761008,1,"con","ALL","2","p","2p",0,-1,"LUAD","CD8_T"
"1205","2p15",2.32379928053896,5.25745325971935,1,"con","ALL","2","p","2p",0,1,"LUAD","CD8_T"
"1206","2p14",2.28784404498668,5.14122255325757,1,"con","ALL","2","p","2p",0,1,"LUAD","CD8_T"
"1207","2p13.3",2.34405921601073,5.23238199669836,1,"con","ALL","2","p","2p",0,1,"LUAD","CD8_T"
"1208","2p13.2",2.40067761736512,5.22658815278412,1,"con","ALL","2","p","2p",0,1,"LUAD","CD8_T"
"1209","2p13.1",2.48561979003993,5.14345246536669,1,"con","ALL","2","p","2p",0,1,"LUAD","CD8_T"
"1210","2p12",2.55217366644855,5.01257670173225,1,"con","ALL","2","p","2p",0,1,"LUAD","CD8_T"
"1211","2p11.2",2.59332795889983,4.99585986893827,1,"con","ALL","2","p","2p",0,1,"LUAD","CD8_T"
"1212","2q11.1",2.59227390872489,4.86762686501735,1,"con","ALL","2","q","2q",0,1,"LUAD","CD8_T"
"1213","2q11.2",2.67932083652025,4.72462733501671,1,"con","ALL","2","q","2q",0,1,"LUAD","CD8_T"
"1214","2q12.2",2.6307787526071,4.34322231564799,1,"con","ALL","2","q","2q",0,1,"LUAD","CD8_T"
"1215","2q12.3",2.62905105600262,4.30379230463151,1,"con","ALL","2","q","2q",0,1,"LUAD","CD8_T"
"1216","2q13",2.64313785086173,4.29436942751982,1,"con","ALL","2","q","2q",0,1,"LUAD","CD8_T"
"1217","2q14.1",2.59127760655798,4.17493692592544,1,"con","ALL","2","q","2q",0,1,"LUAD","CD8_T"
"1218","2q14.2",2.60676344343718,4.1332241982393,1,"con","ALL","2","q","2q",0,1,"LUAD","CD8_T"
"1219","2q14.3",2.59969804088811,4.24476053904725,1,"con","ALL","2","q","2q",0,1,"LUAD","CD8_T"
"1220","2q21.1",2.57750808349399,4.16164283098588,1,"con","ALL","2","q","2q",0,1,"LUAD","CD8_T"
"1221","2q21.3",2.47700885404054,4.10236145109539,1,"con","ALL","2","q","2q",0,1,"LUAD","CD8_T"
"1222","2q23.2",2.36817822321945,3.93700158087029,1,"con","ALL","2","q","2q",0,1,"LUAD","CD8_T"
"1223","2q23.3",2.2902758534321,3.79965234718754,1,"con","ALL","2","q","2q",0,1,"LUAD","CD8_T"
"1224","2q24.2",2.24960832519115,3.7214350220083,1,"con","ALL","2","q","2q",0,1,"LUAD","CD8_T"
"1225","2q31.1",2.4999602132304,4.20756721657974,1,"con","ALL","2","q","2q",0,1,"LUAD","CD8_T"
"1226","2q31.2",2.60874514722712,3.96675804514076,1,"con","ALL","2","q","2q",0,1,"LUAD","CD8_T"
"1227","2q31.3",2.43539742664911,3.56205172107126,1,"con","ALL","2","q","2q",0,1,"LUAD","CD8_T"
"1228","2q32.1",2.48733984983519,3.57435605511649,1,"con","ALL","2","q","2q",0,1,"LUAD","CD8_T"
"1229","2q32.3",2.41859687037186,3.41384976799816,1,"con","ALL","2","q","2q",0,1,"LUAD","CD8_T"
"1230","2q33.1",2.41021541259881,3.11683172436355,1,"con","ALL","2","q","2q",0,1,"LUAD","CD8_T"
"1231","2q33.2",1.75788632874514,2.12040426312098,1,"con","ALL","2","q","2q",0,1,"LUAD","CD8_T"
"1232","2q34",0.455096869523666,0.589049156425989,1,"con","ALL","2","q","2q",0,1,"LUAD","CD8_T"
"1233","2q35",-0.0948065036876624,-0.134297634075207,1,"con","ALL","2","q","2q",0,1,"LUAD","CD8_T"
"1234","2q36.1",-0.460479031170359,-0.722554051654042,0.471827324036888,"con","ALL","2","q","2q",-0.0947260822873303,1,"LUAD","CD8_T"
"1235","2q36.3",-0.437315841597507,-0.706249119933822,0.481857537506949,"con","ALL","2","q","2q",-0.0883083541248563,1,"LUAD","CD8_T"
"1236","2q37.1",-0.356734774271076,-0.626445493926622,0.532608498590641,"con","ALL","2","q","2q",-0.0600588855545354,1,"LUAD","CD8_T"
"1237","2q37.3",-0.28087504891876,-0.531596107598378,0.596315449814313,"con","ALL","2","q","2q",-0.0257141728343237,1,"LUAD","CD8_T"
"1238","3p26.2",-0.755358904884671,-2.16166180590279,0.0332980756254858,"con","ALL","3","p","3p",-0.771686620948431,-1,"LUAD","CD8_T"
"1239","3p26.1",-0.764984483641893,-2.19959805745413,0.0303974866472943,"con","ALL","3","p","3p",-0.778186421191344,-1,"LUAD","CD8_T"
"1240","3p25.3",-0.775888130565122,-2.27696224319784,0.025158710288405,"con","ALL","3","p","3p",-0.812682308063904,-1,"LUAD","CD8_T"
"1241","3p25.2",-0.759599886558401,-2.25550712726106,0.0265254187045447,"con","ALL","3","p","3p",-0.799545540603016,-1,"LUAD","CD8_T"
"1242","3p25.1",-0.701362127360357,-2.09604424215135,0.0388854352095081,"con","ALL","3","p","3p",-0.741460600295975,-1,"LUAD","CD8_T"
"1243","3p24.3",-0.640816265185033,-1.97808687071039,0.050977429377132,"con","ALL","3","p","3p",-0.689798146334425,-1,"LUAD","CD8_T"
"1244","3p24.2",-0.637945375399043,-1.98178422108688,0.0505546284652916,"con","ALL","3","p","3p",-0.690345923229111,-1,"LUAD","CD8_T"
"1245","3p24.1",-0.631020293696514,-1.98467588947717,0.0502260442868659,"con","ALL","3","p","3p",-0.690345923229111,-1,"LUAD","CD8_T"
"1246","3p23",-0.622654300243119,-1.96537290086675,0.0524543506688838,"con","ALL","3","p","3p",-0.684579207458816,-1,"LUAD","CD8_T"
"1247","3p22.3",-0.619439845905353,-1.95086855786647,0.0541835137702296,"con","ALL","3","p","3p",-0.681282283637918,-1,"LUAD","CD8_T"
"1248","3p22.2",-0.609109411134959,-1.89921670460144,0.0607390331380967,"con","ALL","3","p","3p",-0.647902147375167,-1,"LUAD","CD8_T"
"1249","3p22.1",-0.625082307087078,-1.89531116095742,0.0612608056618746,"con","ALL","3","p","3p",-0.647902147375167,-1,"LUAD","CD8_T"
"1250","3p21.33",-0.669456213545902,-1.96035600436351,0.053047067659315,"con","ALL","3","p","3p",-0.684579207458816,-1,"LUAD","CD8_T"
"1251","3p21.31",-0.9094941530392,-2.39525694439382,0.0186807909082251,"con","ALL","3","p","3p",-0.907506521044887,-1,"LUAD","CD8_T"
"1252","3p21.2",-1.04393311998599,-2.29502938025099,1,"con","ALL","3","p","3p",0,-1,"LUAD","CD8_T"
"1253","3p21.1",-1.09724053764289,-2.13146770508532,1,"con","ALL","3","p","3p",0,-1,"LUAD","CD8_T"
"1254","3p14.3",-1.03234807989277,-1.82221493050195,1,"con","ALL","3","p","3p",0,-1,"LUAD","CD8_T"
"1255","3p14.1",-0.842851839758645,-1.40563151675476,1,"con","ALL","3","p","3p",0,-1,"LUAD","CD8_T"
"1256","3p13",-0.697929117507328,-1.15867159666053,1,"con","ALL","3","p","3p",0,-1,"LUAD","CD8_T"
"1257","3p11.2",-0.634422379931491,-1.02855142774296,1,"con","ALL","3","p","3p",0,-1,"LUAD","CD8_T"
"1258","3p11.1",-0.614828243558199,-0.981946324875094,1,"con","ALL","3","p","3p",0,-1,"LUAD","CD8_T"
"1259","3q11.2",-0.521769150519171,-0.810832621052054,1,"con","ALL","3","q","3q",0,-1,"LUAD","CD8_T"
"1260","3q12.2",0.0424661741868112,0.0687270479222656,1,"con","ALL","3","q","3q",0,1,"LUAD","CD8_T"
"1261","3q12.3",0.129258755054773,0.208392045028813,1,"con","ALL","3","q","3q",0,1,"LUAD","CD8_T"
"1262","3q13.12",0.277899743980756,0.458599538256245,1,"con","ALL","3","q","3q",0,1,"LUAD","CD8_T"
"1263","3q13.13",0.352394447171055,0.588923199388947,1,"con","ALL","3","q","3q",0,1,"LUAD","CD8_T"
"1264","3q13.2",0.421463183526826,0.709390553604063,1,"con","ALL","3","q","3q",0,1,"LUAD","CD8_T"
"1265","3q13.31",0.484640912303574,0.82552806996464,1,"con","ALL","3","q","3q",0,1,"LUAD","CD8_T"
"1266","3q13.33",0.750739535873521,1.39700117706695,0.165848274166102,"con","ALL","3","q","3q",0.381202634231295,1,"LUAD","CD8_T"
"1267","3q21.1",0.965862106566667,1.98760351518353,0.0498952300029424,"con","ALL","3","q","3q",0.690345923229111,1,"LUAD","CD8_T"
"1268","3q21.3",1.07770010485428,2.44472910331552,0.0164442759221469,"con","ALL","3","q","3q",0.937357997190854,1,"LUAD","CD8_T"
"1269","3q22.1",1.10933257550601,2.5797907410851,0.0115063921897135,"con","ALL","3","q","3q",1.03520690966862,1,"LUAD","CD8_T"
"1270","3q22.2",1.12784223284511,2.65898236159448,0.00927678968954158,"con","ALL","3","q","3q",1.06281985762638,-1,"LUAD","CD8_T"
"1271","3q22.3",1.145630062823,2.79586051268402,0.00632747030880207,"con","ALL","3","q","3q",1.15966096130018,-1,"LUAD","CD8_T"
"1272","3q23",1.18065811090475,3.14014315717734,0.00228476787432424,"con","ALL","3","q","3q",1.47661917209337,-1,"LUAD","CD8_T"
"1273","3q24",1.14466657101835,3.38785272949997,0.00104659613805844,"con","ALL","3","q","3q",1.64008195371653,-1,"LUAD","CD8_T"
"1274","3q25.1",1.11087013272428,3.65347814904179,0.000434407577151032,"con","ALL","3","q","3q",1.94941302260191,-1,"LUAD","CD8_T"
"1275","3q25.2",1.07716373394623,3.87660653783641,0.000201009338052432,"con","ALL","3","q","3q",2.22042510116492,-1,"LUAD","CD8_T"
"1276","3q25.31",1.0621536549363,3.99439322771288,0.000132329222699264,"con","ALL","3","q","3q",2.35368089351976,-1,"LUAD","CD8_T"
"1277","3q25.32",1.0530313675208,4.0316906152726,0.000115739453344697,"con","ALL","3","q","3q",2.38552628946835,-1,"LUAD","CD8_T"
"1278","3q25.33",1.03159461238612,4.1722730653878,6.93950550108671e-05,"con","ALL","3","q","3q",2.54968724490913,-1,"LUAD","CD8_T"
"1279","3q26.1",1.01690911264171,4.25420806173816,5.1262328155298e-05,"con","ALL","3","q","3q",2.60949211444649,-1,"LUAD","CD8_T"
"1280","3q26.2",0.992422280756336,4.35108915996565,3.56761255911987e-05,"con","ALL","3","q","3q",2.64675255893564,-1,"LUAD","CD8_T"
"1281","3q26.31",0.982998365152026,4.37782398729,3.22538337549394e-05,"con","ALL","3","q","3q",2.64675255893564,-1,"LUAD","CD8_T"
"1282","3q26.32",0.949635097513436,4.460864213139,2.35280139338697e-05,"con","ALL","3","q","3q",2.65145371528959,-1,"LUAD","CD8_T"
"1283","3q26.33",0.865075017413684,4.59059044713519,1.42797923609744e-05,"con","ALL","3","q","3q",2.78913584542647,-1,"LUAD","CD8_T"
"1284","3q27.1",0.79011846876145,4.65606074083737,1.10660325418338e-05,"con","ALL","3","q","3q",2.80295578192499,-1,"LUAD","CD8_T"
"1285","3q27.2",0.766217118175993,4.68608811655523,9.83841188535005e-06,"con","ALL","3","q","3q",2.80295578192499,-1,"LUAD","CD8_T"
"1286","3q27.3",0.76347282289803,4.70574379711397,9.10756285950619e-06,"con","ALL","3","q","3q",2.80295578192499,-1,"LUAD","CD8_T"
"1287","3q29",0.727956552693589,4.87213463455055,4.7063237661942e-06,"con","ALL","3","q","3q",2.80295578192499,-1,"LUAD","CD8_T"
"1288","4p16.3",-0.949717130398703,-2.40616460685249,0.018165649307167,"con","ALL","4","p","4p",-0.907506521044887,-1,"LUAD","CD8_T"
"1289","4p16.1",-1.01754224167329,-2.49334167898433,0.0144827441177443,"con","ALL","4","p","4p",-0.970527601178507,1,"LUAD","CD8_T"
"1290","4p15.32",-1.07654784941852,-2.58321733147244,0.0114006979948279,"con","ALL","4","p","4p",-1.03520690966862,1,"LUAD","CD8_T"
"1291","4p15.2",-1.12999435190357,-2.69633200803888,0.00836790530800663,"con","ALL","4","p","4p",-1.08919408574682,1,"LUAD","CD8_T"
"1292","4p14",-1.30586332523207,-2.91055423438381,0.00454659833073199,"con","ALL","4","p","4p",-1.24995897713637,1,"LUAD","CD8_T"
"1293","4p13",-1.4575540725765,-3.07602954158097,0.00277853515141889,"con","ALL","4","p","4p",-1.40313182949057,1,"LUAD","CD8_T"
"1294","4p12",-1.53705757082976,-3.20573300458071,0.00186514906903626,"con","ALL","4","p","4p",-1.51824223013614,1,"LUAD","CD8_T"
"1295","4p11",-1.56440694833289,-3.25012359482716,0.00162326202272853,"con","ALL","4","p","4p",-1.55301304531377,1,"LUAD","CD8_T"
"1296","4q12",-1.72473142703819,-3.53824456030289,1,"con","ALL","4","q","4q",0,1,"LUAD","CD8_T"
"1297","4q13.2",-1.86194609762154,-3.69308823105998,1,"con","ALL","4","q","4q",0,1,"LUAD","CD8_T"
"1298","4q21.1",-2.36158139684684,-4.11661772845781,1,"con","ALL","4","q","4q",0,1,"LUAD","CD8_T"
"1299","4q21.22",-2.59486952127316,-4.42838201420339,1,"con","ALL","4","q","4q",0,1,"LUAD","CD8_T"
"1300","4q21.23",-2.71230151907387,-4.64261245018756,1,"con","ALL","4","q","4q",0,1,"LUAD","CD8_T"
"1301","4q22.1",-2.701817009967,-4.63323011062271,1,"con","ALL","4","q","4q",0,1,"LUAD","CD8_T"
"1302","4q22.3",-2.73853116312168,-4.71570677176889,1,"con","ALL","4","q","4q",0,-1,"LUAD","CD8_T"
"1303","4q23",-2.28958192252424,-4.10713232279043,1,"con","ALL","4","q","4q",0,-1,"LUAD","CD8_T"
"1304","4q24",-2.38713177181622,-4.43711409628862,1,"con","ALL","4","q","4q",0,-1,"LUAD","CD8_T"
"1305","4q25",-2.37283138134054,-4.52174585883062,1,"con","ALL","4","q","4q",0,-1,"LUAD","CD8_T"
"1306","4q27",-2.24024588129392,-4.16277066882171,1,"con","ALL","4","q","4q",0,-1,"LUAD","CD8_T"
"1307","4q31.1",-2.05828749788946,-3.82989445592102,1,"con","ALL","4","q","4q",0,-1,"LUAD","CD8_T"
"1308","4q31.21",-1.79429093650948,-3.30850901273008,1,"con","ALL","4","q","4q",0,-1,"LUAD","CD8_T"
"1309","4q31.22",-1.68234568024578,-3.09079261335304,1,"con","ALL","4","q","4q",0,-1,"LUAD","CD8_T"
"1310","4q32.1",-1.63095986615965,-2.90459576389533,1,"con","ALL","4","q","4q",0,1,"LUAD","CD8_T"
"1311","4q32.2",-1.61122010427566,-2.84953707641736,1,"con","ALL","4","q","4q",0,1,"LUAD","CD8_T"
"1312","4q34.1",-1.5584169179378,-2.83209958692756,1,"con","ALL","4","q","4q",0,1,"LUAD","CD8_T"
"1313","4q34.2",-1.50864510152492,-2.76014393743074,1,"con","ALL","4","q","4q",0,1,"LUAD","CD8_T"
"1314","4q35.1",-1.40319024474869,-2.60729478675713,1,"con","ALL","4","q","4q",0,1,"LUAD","CD8_T"
"1315","5p15.33",0.182623238622067,0.821784969949745,0.413371026640629,"con","ALL","5","p","5p",0.129606962358357,1,"LUAD","CD8_T"
"1316","5p15.31",0.190007696151834,0.782845650561715,0.435772821690151,"con","ALL","5","p","5p",0.114830115289825,1,"LUAD","CD8_T"
"1317","5p15.2",0.17117717759535,0.675014279978565,0.50139717373492,"con","ALL","5","p","5p",0.0787319580539995,1,"LUAD","CD8_T"
"1318","5p15.1",0.118829277841304,0.429060304162389,0.668904650993138,"con","ALL","5","p","5p",0.00385474229545354,1,"LUAD","CD8_T"
"1319","5p13.3",0.0709595954733796,0.240419654032854,0.810551735500384,"con","ALL","5","p","5p",0,1,"LUAD","CD8_T"
"1320","5p13.1",-0.220650829288963,-0.647643119888593,0.518864489697496,"con","ALL","5","p","5p",-0.0663922269233182,1,"LUAD","CD8_T"
"1321","5p12",-0.2604913725018,-0.740000665237595,0.461225600675342,"con","ALL","5","p","5p",-0.0994882683478712,1,"LUAD","CD8_T"
"1322","5q11.1",-0.402298384214485,-1.04736641808641,0.297735267478752,"con","ALL","5","q","5q",-0.227423485784796,1,"LUAD","CD8_T"
"1323","5q11.2",-0.458524897527617,-1.19802355973816,0.234053302001443,"con","ALL","5","q","5q",-0.298818835050331,1,"LUAD","CD8_T"
"1324","5q12.1",-0.448338755748887,-1.21978366015593,0.225733736732947,"con","ALL","5","q","5q",-0.304058021777301,1,"LUAD","CD8_T"
"1325","5q12.3",-0.388425910296803,-1.11853302534554,0.266316033465043,"con","ALL","5","q","5q",-0.258823113659488,1,"LUAD","CD8_T"
"1326","5q13.1",-0.38538540313579,-1.15140211770643,0.25261649559767,"con","ALL","5","q","5q",-0.278344822795949,1,"LUAD","CD8_T"
"1327","5q13.2",-0.418140454858788,-1.37083460704055,0.173835504426629,"con","ALL","5","q","5q",-0.371123776921861,1,"LUAD","CD8_T"
"1328","5q13.3",-0.423806822125371,-1.47640220713922,0.143326395682413,"con","ALL","5","q","5q",-0.399623752878599,-1,"LUAD","CD8_T"
"1329","5q14.1",-0.430530738702826,-1.53176005276535,0.129089311843368,"con","ALL","5","q","5q",-0.42172406390614,-1,"LUAD","CD8_T"
"1330","5q14.2",-0.418009896307301,-1.53226045680507,0.128965904831721,"con","ALL","5","q","5q",-0.42172406390614,-1,"LUAD","CD8_T"
"1331","5q14.3",-0.409564376496661,-1.51090264560647,0.134316498453657,"con","ALL","5","q","5q",-0.411224598272002,-1,"LUAD","CD8_T"
"1332","5q15",-0.362016685844887,-1.3220064191364,0.189516253825704,"con","ALL","5","q","5q",-0.343818227575821,-1,"LUAD","CD8_T"
"1333","5q21.1",-0.332086901840841,-1.20209228272153,0.232481136650755,"con","ALL","5","q","5q",-0.298818835050331,-1,"LUAD","CD8_T"
"1334","5q21.3",-0.309902444170216,-1.1091150022044,0.270335488607588,"con","ALL","5","q","5q",-0.25546444071185,-1,"LUAD","CD8_T"
"1335","5q22.2",-0.246973613364668,-0.86067661017005,0.3917032544191,"con","ALL","5","q","5q",-0.146085147777356,-1,"LUAD","CD8_T"
"1336","5q22.3",-0.20155657469042,-0.68626577800606,0.494309756411875,"con","ALL","5","q","5q",-0.0817952940160685,-1,"LUAD","CD8_T"
"1337","5q23.1",-0.167394740280528,-0.566555243045562,0.572426568809833,"con","ALL","5","q","5q",-0.037396303606322,-1,"LUAD","CD8_T"
"1338","5q23.2",-0.129673352960442,-0.438033312972376,0.662411663912116,"con","ALL","5","q","5q",-0.00554928972642151,-1,"LUAD","CD8_T"
"1339","5q31.1",-0.110468596921134,-0.39852246321396,0.691188999744796,"con","ALL","5","q","5q",0,1,"LUAD","CD8_T"
"1340","5q31.2",-0.212933787897559,-0.841744342746225,0.402162187725774,"con","ALL","5","q","5q",-0.137416146929163,1,"LUAD","CD8_T"
"1341","5q31.3",-0.346169326084407,-1.45120873735692,0.150198518219105,"con","ALL","5","q","5q",-0.395312679840143,1,"LUAD","CD8_T"
"1342","5q32",-0.466452175589791,-2.17769623838775,0.0320439320711501,"con","ALL","5","q","5q",-0.778186421191344,1,"LUAD","CD8_T"
"1343","5q33.1",-0.495697091632162,-2.35640612169187,0.0206227456055007,"con","ALL","5","q","5q",-0.884783758530324,1,"LUAD","CD8_T"
"1344","5q33.2",-0.530956241576491,-2.53898810227904,0.0128346463237172,"con","ALL","5","q","5q",-0.99982668813314,1,"LUAD","CD8_T"
"1345","5q33.3",-0.538912400072228,-2.63077223961321,0.0100216555425821,"con","ALL","5","q","5q",-1.06111868174244,1,"LUAD","CD8_T"
"1346","5q34",-0.541913592110927,-2.68983720001182,0.00851989412460478,"con","ALL","5","q","5q",-1.08919408574682,1,"LUAD","CD8_T"
"1347","5q35.1",-0.547101150877033,-2.75252606698664,0.00715232550327276,"con","ALL","5","q","5q",-1.13080315206265,1,"LUAD","CD8_T"
"1348","5q35.2",-0.557360852353338,-2.82108821621746,0.00588831297026555,"con","ALL","5","q","5q",-1.1824670245339,1,"LUAD","CD8_T"
"1349","5q35.3",-0.560852834646638,-3.03465217789852,0.00314800110684529,"con","ALL","5","q","5q",-1.37010214761672,1,"LUAD","CD8_T"
"1350","6p25.2",0.716963462436574,1.66107772315667,0.100177768430156,"con","ALL","6","p","6p",0.504187768515443,1,"LUAD","CD8_T"
"1351","6p25.1",0.730873406691087,1.74822746965289,0.0838347009098729,"con","ALL","6","p","6p",0.564501963013369,1,"LUAD","CD8_T"
"1352","6p24.3",0.723610865143574,1.78981432846612,0.0768470379774512,"con","ALL","6","p","6p",0.577282702613616,1,"LUAD","CD8_T"
"1353","6p24.2",0.720948701862284,1.84047358115226,0.068994178985037,"con","ALL","6","p","6p",0.601974935006171,1,"LUAD","CD8_T"
"1354","6p23",0.807280384271982,2.08322082013411,0.0400672673971808,"con","ALL","6","p","6p",0.739008022218549,1,"LUAD","CD8_T"
"1355","6p22.3",0.721710208740642,2.12355804378866,0.0364509336029141,"con","ALL","6","p","6p",0.750255845686998,1,"LUAD","CD8_T"
"1356","6p22.2",0.66871059610027,2.066133563094,0.041690111417584,"con","ALL","6","p","6p",0.738473784110998,1,"LUAD","CD8_T"
"1357","6p22.1",0.626182113097247,2.05612714762267,0.0426664834636186,"con","ALL","6","p","6p",0.738473784110998,1,"LUAD","CD8_T"
"1358","6p21.33",0.533619198115786,1.96096790983382,0.0529744712939795,"con","ALL","6","p","6p",0.684579207458816,1,"LUAD","CD8_T"
"1359","6p21.32",0.474993853279511,1.81167988061212,0.0733710838130471,"con","ALL","6","p","6p",0.588877813772945,1,"LUAD","CD8_T"
"1360","6p21.31",0.469808717368036,1.6773636093126,0.0969412898224635,"con","ALL","6","p","6p",0.513651444911633,1,"LUAD","CD8_T"
"1361","6p21.2",0.575914260520143,1.80094713604541,0.075060573209311,"con","ALL","6","p","6p",0.581663461375865,1,"LUAD","CD8_T"
"1362","6p21.1",0.818413367909813,2.13927328959493,0.0351205364639164,"con","ALL","6","p","6p",0.75623144383663,1,"LUAD","CD8_T"
"1363","6p12.1",0.953648135154247,2.2285958385224,0.0283315731265023,"con","ALL","6","p","6p",0.785927039009513,1,"LUAD","CD8_T"
"1364","6q12",0.834029696950554,2.06171645295313,0.0421187129022811,"con","ALL","6","q","6q",0.738473784110998,1,"LUAD","CD8_T"
"1365","6q13",0.823136508775092,2.105806920994,0.0380059880558595,"con","ALL","6","q","6q",0.741460600295975,1,"LUAD","CD8_T"
"1366","6q14.1",0.778365148963198,2.17795887415076,0.0320237371928959,"con","ALL","6","q","6q",0.778186421191344,1,"LUAD","CD8_T"
"1367","6q14.3",0.742345750822434,2.37536087558853,0.0196539862704238,"con","ALL","6","q","6q",0.895919757421673,1,"LUAD","CD8_T"
"1368","6q15",0.737006235970744,2.52911422370353,0.0131761300300541,"con","ALL","6","q","6q",0.994331581271328,1,"LUAD","CD8_T"
"1369","6q16.1",0.732071324215034,2.6326694108123,0.00996991263566081,"con","ALL","6","q","6q",1.06111868174244,1,"LUAD","CD8_T"
"1370","6q16.2",0.70204486382069,2.62639772924755,0.0101418926373987,"con","ALL","6","q","6q",1.06111868174244,1,"LUAD","CD8_T"
"1371","6q21",0.667014087646767,2.62849766386119,0.0100840121344298,"con","ALL","6","q","6q",1.06111868174244,-1,"LUAD","CD8_T"
"1372","6q22.1",0.651287596794651,2.63624175267021,0.00987313782721548,"con","ALL","6","q","6q",1.06111868174244,-1,"LUAD","CD8_T"
"1373","6q22.31",0.654852637120988,2.60064663809822,0.0108765294022256,"con","ALL","6","q","6q",1.04530361530073,-1,"LUAD","CD8_T"
"1374","6q22.33",0.648783564453546,2.51644653426976,0.013626188397703,"con","ALL","6","q","6q",0.985574607731782,-1,"LUAD","CD8_T"
"1375","6q23.2",0.638944756977163,2.45638345650877,0.0159535370133653,"con","ALL","6","q","6q",0.945120736332727,-1,"LUAD","CD8_T"
"1376","6q23.3",0.622492632801614,2.35807020451694,0.0205360319400581,"con","ALL","6","q","6q",0.884783758530324,-1,"LUAD","CD8_T"
"1377","6q24.1",0.598902096237827,2.24160886780725,0.0274451690352445,"con","ALL","6","q","6q",0.793193557918493,-1,"LUAD","CD8_T"
"1378","6q24.2",0.554100624300333,2.07234030855544,0.0410942045580719,"con","ALL","6","q","6q",0.738473784110998,-1,"LUAD","CD8_T"
"1379","6q25.1",0.547693233900652,2.09835279186116,0.0386759034930243,"con","ALL","6","q","6q",0.741460600295975,-1,"LUAD","CD8_T"
"1380","6q25.3",0.540344466444809,2.17166766997873,0.032510548085728,"con","ALL","6","q","6q",0.778186421191344,1,"LUAD","CD8_T"
"1381","6q27",0.500196904707721,2.05308703785456,0.0429669878718434,"con","ALL","6","q","6q",0.738473784110998,1,"LUAD","CD8_T"
"1382","7p22.3",-0.0839126854502651,-0.491007756229466,0.624616130165747,"con","ALL","7","p","7p",-0.013940602542532,1,"LUAD","CD8_T"
"1383","7p22.1",-0.0776558309721926,-0.464549584738139,0.643375909478095,"con","ALL","7","p","7p",-0.00813177023498835,1,"LUAD","CD8_T"
"1384","7p21.3",-0.0796115112345862,-0.478788852514592,0.633250027226943,"con","ALL","7","p","7p",-0.0117168960331274,1,"LUAD","CD8_T"
"1385","7p21.1",-0.0780645424915652,-0.467270846194127,0.641435466592421,"con","ALL","7","p","7p",-0.00827770398804592,1,"LUAD","CD8_T"
"1386","7p15.3",-0.0657262368389211,-0.389328260953846,0.697953023210796,"con","ALL","7","p","7p",0,1,"LUAD","CD8_T"
"1387","7p15.2",-0.0607644187310571,-0.3578286641714,0.721309371463153,"con","ALL","7","p","7p",0,1,"LUAD","CD8_T"
"1388","7p14.3",-0.0451596747949862,-0.260513682408597,0.795062683420183,"con","ALL","7","p","7p",0,1,"LUAD","CD8_T"
"1389","7p14.2",-0.0377341893782478,-0.214788095174943,0.830418477552625,"con","ALL","7","p","7p",0,1,"LUAD","CD8_T"
"1390","7p14.1",-0.0232304179130083,-0.12948470229431,0.897263075404458,"con","ALL","7","p","7p",0,1,"LUAD","CD8_T"
"1391","7p13",-0.00837159448542197,-0.0451043361409909,0.964124072453006,"con","ALL","7","p","7p",0,1,"LUAD","CD8_T"
"1392","7p12.3",-0.0226171049538994,-0.117529596701807,0.906702285832696,"con","ALL","7","p","7p",0,1,"LUAD","CD8_T"
"1393","7p11.2",-0.038958450252672,-0.194775317596171,0.846007857800806,"con","ALL","7","p","7p",0,1,"LUAD","CD8_T"
"1394","7q11.21",-0.0840422248169327,-0.392297917597357,0.69576559518654,"con","ALL","7","q","7q",0,1,"LUAD","CD8_T"
"1395","7q11.23",-0.301633945279989,-1.1510553340526,0.252758376895116,"con","ALL","7","q","7q",-0.278344822795949,1,"LUAD","CD8_T"
"1396","7q21.12",-0.414359897047076,-1.48941818940059,0.139873359853998,"con","ALL","7","q","7q",-0.401053262529329,1,"LUAD","CD8_T"
"1397","7q21.2",-0.419244008819904,-1.43116197873949,0.155847092596148,"con","ALL","7","q","7q",-0.394320483056969,1,"LUAD","CD8_T"
"1398","7q21.3",-0.433396367710454,-1.43995810190873,0.153348745294978,"con","ALL","7","q","7q",-0.395312679840143,1,"LUAD","CD8_T"
"1399","7q22.1",-0.297953819033365,-0.940080444321968,0.349692603936212,"con","ALL","7","q","7q",-0.184074870216588,1,"LUAD","CD8_T"
"1400","7q22.3",-0.0467170319632695,-0.137589047756573,0.890872563451053,"con","ALL","7","q","7q",0,1,"LUAD","CD8_T"
"1401","7q31.1",-0.0198862928092199,-0.0562553147810324,0.955263117921858,"con","ALL","7","q","7q",0,1,"LUAD","CD8_T"
"1402","7q31.2",-0.0185069027234849,-0.0514148617263453,0.959108884985006,"con","ALL","7","q","7q",0,1,"LUAD","CD8_T"
"1403","7q31.31",-0.00332877081232476,-0.00920625927700694,0.992674948006972,"con","ALL","7","q","7q",0,1,"LUAD","CD8_T"
"1404","7q31.32",-0.00922923567974625,-0.0252498765727866,0.979911555303394,"con","ALL","7","q","7q",0,1,"LUAD","CD8_T"
"1405","7q32.1",-0.00476570026211292,-0.0126665760681663,0.98992184098988,"con","ALL","7","q","7q",0,-1,"LUAD","CD8_T"
"1406","7q32.2",0.0232008451560611,0.0608238708119367,0.951634344135421,"con","ALL","7","q","7q",0,-1,"LUAD","CD8_T"
"1407","7q33",0.0292159348095841,0.0756466110836312,0.939868151463586,"con","ALL","7","q","7q",0,-1,"LUAD","CD8_T"
"1408","7q34",-0.0226880385908727,-0.058454824496646,0.953515939501676,"con","ALL","7","q","7q",0,1,"LUAD","CD8_T"
"1409","7q36.1",-0.147450050817055,-0.389693764173794,0.697683657953483,"con","ALL","7","q","7q",0,1,"LUAD","CD8_T"
"1410","7q36.3",-0.247979538990228,-0.675399646958138,0.501153525924607,"con","ALL","7","q","7q",-0.0787319580539995,1,"LUAD","CD8_T"
"1411","8p23.3",-0.465965918398102,-1.52897777403681,0.129777164509206,"con","ALL","8","p","8p",-0.42172406390614,1,"LUAD","CD8_T"
"1412","8p22",-0.454540762391433,-1.43976639973809,0.153402862071237,"con","ALL","8","p","8p",-0.395312679840143,1,"LUAD","CD8_T"
"1413","8p21.3",-0.440989512981228,-1.329930333364,0.186901878464653,"con","ALL","8","p","8p",-0.348022413320558,1,"LUAD","CD8_T"
"1414","8p21.2",-0.400567093087133,-1.16083572257236,0.248778508437269,"con","ALL","8","p","8p",-0.279710763834821,1,"LUAD","CD8_T"
"1415","8p21.1",-0.421847443122771,-1.19882592754472,0.233742660138482,"con","ALL","8","p","8p",-0.298818835050331,1,"LUAD","CD8_T"
"1416","8p12",-0.44189364902963,-1.22595986130074,0.223411962265281,"con","ALL","8","p","8p",-0.304058021777301,1,"LUAD","CD8_T"
"1417","8p11.23",-0.492187592627335,-1.31106746985818,0.193170286417554,"con","ALL","8","p","8p",-0.339158651566917,1,"LUAD","CD8_T"
"1418","8p11.22",-0.545763400017431,-1.46116598222742,0.147452508901576,"con","ALL","8","p","8p",-0.398454861875987,1,"LUAD","CD8_T"
"1419","8p11.21",-0.722806846294109,-2.01390324750035,0.0470058534475056,"con","ALL","8","p","8p",-0.712614877779697,1,"LUAD","CD8_T"
"1420","8q11.21",-0.80288938725143,-2.41122153943715,0.0179311429215545,"con","ALL","8","q","8q",-0.907506521044887,1,"LUAD","CD8_T"
"1421","8q11.23",-0.827897639591576,-2.59899344295474,0.0109252959210394,"con","ALL","8","q","8q",-1.04530361530073,1,"LUAD","CD8_T"
"1422","8q12.1",-0.837754894135591,-2.86061171361958,0.00525616984087646,"con","ALL","8","q","8q",-1.22200996802327,1,"LUAD","CD8_T"
"1423","8q12.3",-0.795112020525864,-2.8746623369041,0.00504689512308749,"con","ALL","8","q","8q",-1.22310469100166,1,"LUAD","CD8_T"
"1424","8q13.1",-0.770846475796508,-2.89937694226207,0.00469727530415112,"con","ALL","8","q","8q",-1.24513957690352,1,"LUAD","CD8_T"
"1425","8q13.3",-0.7538141496999,-2.92574990766836,0.00434888548256267,"con","ALL","8","q","8q",-1.24995897713637,1,"LUAD","CD8_T"
"1426","8q21.11",-0.714187085446069,-2.91144331786241,0.00453480610046573,"con","ALL","8","q","8q",-1.24995897713637,1,"LUAD","CD8_T"
"1427","8q21.13",-0.602749349519638,-2.68700022523292,0.0085870679248955,"con","ALL","8","q","8q",-1.08919408574682,1,"LUAD","CD8_T"
"1428","8q21.3",-0.492154187232428,-2.39482116948965,0.0187016387545949,"con","ALL","8","q","8q",-0.907506521044887,1,"LUAD","CD8_T"
"1429","8q22.1",-0.38725385047131,-2.08676139956606,0.039737904056103,"con","ALL","8","q","8q",-0.739104461903629,1,"LUAD","CD8_T"
"1430","8q22.2",-0.337232762395281,-1.92218934506946,0.0577451610323654,"con","ALL","8","q","8q",-0.665215724760279,1,"LUAD","CD8_T"
"1431","8q22.3",-0.294182669263839,-1.73503302451425,0.0861580903476096,"con","ALL","8","q","8q",-0.555104336949564,1,"LUAD","CD8_T"
"1432","8q23.1",-0.238661334137212,-1.44634891716875,0.151553079038727,"con","ALL","8","q","8q",-0.395312679840143,1,"LUAD","CD8_T"
"1433","8q23.2",-0.234494135985941,-1.43079628935942,0.155951634677273,"con","ALL","8","q","8q",-0.394320483056969,1,"LUAD","CD8_T"
"1434","8q24.11",-0.223972098200171,-1.37804091233128,0.171607202804521,"con","ALL","8","q","8q",-0.372080057248479,1,"LUAD","CD8_T"
"1435","8q24.12",-0.204003545213289,-1.27728992508684,0.204785183782014,"con","ALL","8","q","8q",-0.320570065611374,1,"LUAD","CD8_T"
"1436","8q24.13",-0.192023254943673,-1.22902858281411,0.222264839990063,"con","ALL","8","q","8q",-0.304557146823465,1,"LUAD","CD8_T"
"1437","8q24.22",-0.177998564201168,-1.18111114046036,0.240670377123084,"con","ALL","8","q","8q",-0.289976356475516,1,"LUAD","CD8_T"
"1438","8q24.3",-0.166591581299637,-1.15523550555248,0.251051881613027,"con","ALL","8","q","8q",-0.278344822795949,1,"LUAD","CD8_T"
"1439","9p24.1",0.766582094355641,4.2296738701967,5.61486050887737e-05,"con","ALL","9","p","9p",2.60949211444649,-1,"LUAD","CD8_T"
"1440","9p22.3",0.778096805090558,4.24739601173506,5.2576331063201e-05,"con","ALL","9","p","9p",2.60949211444649,-1,"LUAD","CD8_T"
"1441","9p22.1",0.77878666864019,4.3135876065921,4.10727909871026e-05,"con","ALL","9","p","9p",2.63133351847677,-1,"LUAD","CD8_T"
"1442","9p21.1",0.873376328516388,4.35903663234435,3.46237600090166e-05,"con","ALL","9","p","9p",2.64675255893564,-1,"LUAD","CD8_T"
"1443","9p13.3",0.957173788899728,3.94943723089386,0.000155360861960954,"con","ALL","9","p","9p",2.30881861661903,-1,"LUAD","CD8_T"
"1444","9p13.2",0.965220199341036,3.29579875980469,0.0014052392813985,"con","ALL","9","p","9p",1.58161546600833,-1,"LUAD","CD8_T"
"1445","9q21.12",0.965166709689612,2.85967172594326,0.00527045087764227,"con","ALL","9","q","9q",1.22200996802327,-1,"LUAD","CD8_T"
"1446","9q21.13",0.945281227418044,2.47837498053994,0.0150630544008225,"con","ALL","9","q","9q",0.964490944347274,-1,"LUAD","CD8_T"
"1447","9q21.2",0.943178548247902,2.01830306232111,1,"con","ALL","9","q","9q",0,-1,"LUAD","CD8_T"
"1448","9q21.31",0.912045585869144,1.91615394008725,1,"con","ALL","9","q","9q",0,-1,"LUAD","CD8_T"
"1449","9q21.32",0.838617040849862,1.71094127502156,1,"con","ALL","9","q","9q",0,-1,"LUAD","CD8_T"
"1450","9q21.33",0.625065922283551,1.230642766599,1,"con","ALL","9","q","9q",0,-1,"LUAD","CD8_T"
"1451","9q22.2",0.539103332730505,1.04768944640704,1,"con","ALL","9","q","9q",0,-1,"LUAD","CD8_T"
"1452","9q22.31",0.497475266226027,0.973584807059891,1,"con","ALL","9","q","9q",0,-1,"LUAD","CD8_T"
"1453","9q22.32",0.517164794594222,1.01873313220695,1,"con","ALL","9","q","9q",0,-1,"LUAD","CD8_T"
"1454","9q22.33",0.53014304016185,1.09985617595945,1,"con","ALL","9","q","9q",0,-1,"LUAD","CD8_T"
"1455","9q31.1",0.544954751874598,1.23612679869072,0.219627892472501,"con","ALL","9","q","9q",0.308033956078605,-1,"LUAD","CD8_T"
"1456","9q31.2",0.57160133971604,1.40104254299056,0.164640093528168,"con","ALL","9","q","9q",0.382460568621412,-1,"LUAD","CD8_T"
"1457","9q31.3",0.569990495503767,1.46237225916144,0.147122508530663,"con","ALL","9","q","9q",0.398454861875987,-1,"LUAD","CD8_T"
"1458","9q32",0.588980074859746,1.50128108340669,0.136783237868445,"con","ALL","9","q","9q",0.406726725758457,-1,"LUAD","CD8_T"
"1459","9q33.2",0.609728672082473,1.4729433040035,0.144255108281916,"con","ALL","9","q","9q",0.399623752878599,-1,"LUAD","CD8_T"
"1460","9q33.3",0.424237271025067,1.01908576547404,0.310893909812043,"con","ALL","9","q","9q",0.216168507980676,-1,"LUAD","CD8_T"
"1461","9q34.11",0.203452791295992,0.476792845917058,0.634665289846411,"con","ALL","9","q","9q",0.0117168960331274,-1,"LUAD","CD8_T"
"1462","9q34.13",-0.00665472830119417,-0.0157744259473591,0.987449267727063,"con","ALL","9","q","9q",0,-1,"LUAD","CD8_T"
"1463","9q34.3",-0.256854137625779,-0.713114457489053,0.47761991317239,"con","ALL","9","q","9q",-0.0908501153165218,1,"LUAD","CD8_T"
"1464","10p15.3",0.972090084765023,4.05937134051977,0.000104736355902028,"con","ALL","10","p","10p",2.40088153326482,-1,"LUAD","CD8_T"
"1465","10p14",1.07330322108897,3.84581701875971,0.000223938108708891,"con","ALL","10","p","10p",2.19578972325723,-1,"LUAD","CD8_T"
"1466","10p13",1.17026441406823,3.78498527006917,0.000276779411360747,"con","ALL","10","p","10p",2.12497324697961,-1,"LUAD","CD8_T"
"1467","10p12.2",1.19264833709582,3.34896395602377,0.001186100709434,"con","ALL","10","p","10p",1.60212993209606,-1,"LUAD","CD8_T"
"1468","10p12.1",1.08871075129541,2.76978115864911,0.00681278028896299,"con","ALL","10","p","10p",1.13583921996566,-1,"LUAD","CD8_T"
"1469","10p11.22",0.94438215350754,2.19683803024806,0.030600815717554,"con","ALL","10","p","10p",0.778186421191344,-1,"LUAD","CD8_T"
"1470","10q11.21",0.710806819998379,1.4821552950065,0.14179203384216,"con","ALL","10","q","10q",0.399623752878599,-1,"LUAD","CD8_T"
"1471","10q11.22",0.615458895298144,1.24621008332409,0.215921367795008,"con","ALL","10","q","10q",0.313712632102504,-1,"LUAD","CD8_T"
"1472","10q21.1",0.455895975439666,0.906299471660102,0.367197404700754,"con","ALL","10","q","10q",0.171349824431034,-1,"LUAD","CD8_T"
"1473","10q21.3",0.109003226119971,0.206697944390659,1,"con","ALL","10","q","10q",0,-1,"LUAD","CD8_T"
"1474","10q22.1",-0.517002721034121,-0.881464750865825,1,"con","ALL","10","q","10q",0,1,"LUAD","CD8_T"
"1475","10q22.2",-1.20594285273601,-1.90783791589144,1,"con","ALL","10","q","10q",0,1,"LUAD","CD8_T"
"1476","10q22.3",-1.47437380201763,-2.33770681528864,1,"con","ALL","10","q","10q",0,1,"LUAD","CD8_T"
"1477","10q23.1",-1.58567626776886,-2.50889368401312,1,"con","ALL","10","q","10q",0,1,"LUAD","CD8_T"
"1478","10q23.2",-1.60607830509823,-2.53474590875687,1,"con","ALL","10","q","10q",0,1,"LUAD","CD8_T"
"1479","10q23.31",-1.64619379190543,-2.5790790326728,1,"con","ALL","10","q","10q",0,-1,"LUAD","CD8_T"
"1480","10q23.32",-1.64562439989392,-2.56906091490976,1,"con","ALL","10","q","10q",0,-1,"LUAD","CD8_T"
"1481","10q24.1",-1.25805887064105,-1.9716261794941,1,"con","ALL","10","q","10q",0,-1,"LUAD","CD8_T"
"1482","10q24.2",-1.11323122323052,-1.74284777373848,1,"con","ALL","10","q","10q",0,-1,"LUAD","CD8_T"
"1483","10q24.31",-0.871173642332932,-1.40695582954719,1,"con","ALL","10","q","10q",0,-1,"LUAD","CD8_T"
"1484","10q24.32",-0.440546928622445,-0.722331922406775,0.471963179420341,"con","ALL","10","q","10q",-0.0947260822873303,-1,"LUAD","CD8_T"
"1485","10q25.1",-0.109631102845,-0.179940413903596,0.857603875241892,"con","ALL","10","q","10q",0,-1,"LUAD","CD8_T"
"1486","10q25.2",0.114367309491812,0.187626394577416,0.851591896772575,"con","ALL","10","q","10q",0,-1,"LUAD","CD8_T"
"1487","10q25.3",0.224181284486986,0.37262691908054,1,"con","ALL","10","q","10q",0,-1,"LUAD","CD8_T"
"1488","10q26.11",0.255955261550722,0.424189417751936,1,"con","ALL","10","q","10q",0,-1,"LUAD","CD8_T"
"1489","10q26.13",0.472290392976469,0.919826521846614,1,"con","ALL","10","q","10q",0,-1,"LUAD","CD8_T"
"1490","10q26.3",0.432931542159835,0.945474991221466,0.346947906217701,"con","ALL","10","q","10q",0.184612042946823,-1,"LUAD","CD8_T"
"1491","11p15.5",-0.636524901584466,-3.06431540386225,0.00287882468193954,"con","ALL","11","p","11p",-1.3984563728188,-1,"LUAD","CD8_T"
"1492","11p15.4",-0.798716870263639,-2.47827755647832,0.0150668991225825,"con","ALL","11","p","11p",-0.964490944347274,-1,"LUAD","CD8_T"
"1493","11p15.3",-0.806154545709389,-2.12494992086939,0.0363313649378308,"con","ALL","11","p","11p",-0.750255845686998,-1,"LUAD","CD8_T"
"1494","11p15.2",-0.756043469644332,-1.830394263717,0.0705008506870511,"con","ALL","11","p","11p",-0.598090500558618,-1,"LUAD","CD8_T"
"1495","11p15.1",-0.754890056691497,-1.64120920048781,0.10424423926885,"con","ALL","11","p","11p",-0.489286758949777,-1,"LUAD","CD8_T"
"1496","11p14.3",-0.728973769502358,-1.3806565021999,0.170803820569404,"con","ALL","11","p","11p",-0.372225635109088,-1,"LUAD","CD8_T"
"1497","11p13",-0.311684985736888,-0.458135120704817,1,"con","ALL","11","p","11p",0,-1,"LUAD","CD8_T"
"1498","11p12",-0.0627390881464821,-0.0799632460128645,1,"con","ALL","11","p","11p",0,-1,"LUAD","CD8_T"
"1499","11p11.2",0.245497406726629,0.266704948042145,1,"con","ALL","11","p","11p",0,1,"LUAD","CD8_T"
"1500","11q12.1",0.941737333161951,0.904690661086461,1,"con","ALL","11","q","11q",0,1,"LUAD","CD8_T"
"1501","11q12.2",1.11180151475264,1.24365433884404,1,"con","ALL","11","q","11q",0,1,"LUAD","CD8_T"
"1502","11q12.3",0.923880497499841,1.19155296003642,1,"con","ALL","11","q","11q",0,1,"LUAD","CD8_T"
"1503","11q13.1",0.541003678034909,0.862767865571836,1,"con","ALL","11","q","11q",0,1,"LUAD","CD8_T"
"1504","11q13.2",-0.246321462782648,-0.589844704829037,0.556772745376091,"con","ALL","11","q","11q",-0.0457524291416011,1,"LUAD","CD8_T"
"1505","11q13.3",-0.376540967280136,-1.10473825623665,0.272217733244313,"con","ALL","11","q","11q",-0.255340968139495,1,"LUAD","CD8_T"
"1506","11q13.4",-0.49524275759871,-1.37497403125353,0.172552858839533,"con","ALL","11","q","11q",-0.37157755445984,1,"LUAD","CD8_T"
"1507","11q13.5",-0.584006751953681,-1.55599363971505,0.123219251147067,"con","ALL","11","q","11q",-0.428367017785386,1,"LUAD","CD8_T"
"1508","11q14.1",-0.821496809619118,-1.78753546922183,0.0772170345691602,"con","ALL","11","q","11q",-0.577282702613616,-1,"LUAD","CD8_T"
"1509","11q14.2",-1.02514816234684,-1.9631733453595,1,"con","ALL","11","q","11q",0,-1,"LUAD","CD8_T"
"1510","11q14.3",-1.08880006606368,-1.97963080473525,1,"con","ALL","11","q","11q",0,-1,"LUAD","CD8_T"
"1511","11q21",-1.16464158090474,-1.99325875897461,1,"con","ALL","11","q","11q",0,-1,"LUAD","CD8_T"
"1512","11q22.2",-1.15781259128412,-1.96998978752684,1,"con","ALL","11","q","11q",0,-1,"LUAD","CD8_T"
"1513","11q22.3",-1.01466556006932,-1.80361528283824,1,"con","ALL","11","q","11q",0,-1,"LUAD","CD8_T"
"1514","11q23.1",-0.814842006857736,-1.61638118805601,0.10951201222844,"con","ALL","11","q","11q",-0.472597703029047,-1,"LUAD","CD8_T"
"1515","11q23.2",-0.703167658030505,-1.48782978414531,0.140291231805976,"con","ALL","11","q","11q",-0.401053262529329,-1,"LUAD","CD8_T"
"1516","11q23.3",-0.648751616690128,-1.53012655961334,0.129492804566452,"con","ALL","11","q","11q",-0.42172406390614,-1,"LUAD","CD8_T"
"1517","11q24.1",-0.511945180277002,-1.47015845312995,0.145006241038077,"con","ALL","11","q","11q",-0.399471384481569,-1,"LUAD","CD8_T"
"1518","11q24.2",-0.513772465680486,-1.53071973836461,0.129346167193217,"con","ALL","11","q","11q",-0.42172406390614,1,"LUAD","CD8_T"
"1519","11q24.3",-0.502064923258596,-1.58509957757634,0.116451321641096,"con","ALL","11","q","11q",-0.450584918303981,1,"LUAD","CD8_T"
"1520","11q25",-0.492736662894177,-1.61293640617544,0.110259510349454,"con","ALL","11","q","11q",-0.47198461833008,1,"LUAD","CD8_T"
"1521","12p13.33",0.67345057624862,3.59447473635978,0.000530042177781495,"con","ALL","12","p","12p",1.90078854562341,1,"LUAD","CD8_T"
"1522","12p13.32",0.691924705961056,3.60124493913861,0.000518132066087237,"con","ALL","12","p","12p",1.90078854562341,1,"LUAD","CD8_T"
"1523","12p13.31",0.746798816844981,3.49307700548847,0.000742526960096329,"con","ALL","12","p","12p",1.77211551538738,-1,"LUAD","CD8_T"
"1524","12p13.2",0.887723427626399,3.32941929128658,0.00126263685343552,"con","ALL","12","p","12p",1.59076730372414,-1,"LUAD","CD8_T"
"1525","12p13.1",0.953162569197347,3.29079961285989,0.0014276901441188,"con","ALL","12","p","12p",1.58161546600833,-1,"LUAD","CD8_T"
"1526","12p12.3",1.00832188881281,3.30637479236288,0.00135882917199695,"con","ALL","12","p","12p",1.58161546600833,-1,"LUAD","CD8_T"
"1527","12p12.1",1.14417712172307,3.16296157074197,0.00212970426751806,"con","ALL","12","p","12p",1.47661917209337,1,"LUAD","CD8_T"
"1528","12p11.23",1.27745316766693,3.10852849323628,1,"con","ALL","12","p","12p",0,1,"LUAD","CD8_T"
"1529","12p11.22",1.30088320500848,2.85560708270868,1,"con","ALL","12","p","12p",0,1,"LUAD","CD8_T"
"1530","12q12",1.19675079942996,2.26146368550228,1,"con","ALL","12","q","12q",0,1,"LUAD","CD8_T"
"1531","12q13.11",1.04572658668733,1.8604413270428,1,"con","ALL","12","q","12q",0,1,"LUAD","CD8_T"
"1532","12q13.12",0.733994700296039,1.25071818151839,0.214279126684686,"con","ALL","12","q","12q",0.315308406691227,1,"LUAD","CD8_T"
"1533","12q13.13",-0.234837381996637,-0.480470849315051,0.632058470705056,"con","ALL","12","q","12q",-0.0117168960331274,1,"LUAD","CD8_T"
"1534","12q13.2",-0.328227165856181,-0.917933926329962,0.361106889314767,"con","ALL","12","q","12q",-0.175802675988028,1,"LUAD","CD8_T"
"1535","12q13.3",-0.187894090063245,-0.671930550078152,0.503349153448831,"con","ALL","12","q","12q",-0.0783125111121546,1,"LUAD","CD8_T"
"1536","12q14.1",-0.127966651062268,-0.503870477816326,0.615583593914826,"con","ALL","12","q","12q",-0.0178935612476509,1,"LUAD","CD8_T"
"1537","12q14.3",-0.0916502247366076,-0.362512075518383,0.717819300458168,"con","ALL","12","q","12q",0,1,"LUAD","CD8_T"
"1538","12q15",-0.0717728682508178,-0.279044134611768,0.780851159134762,"con","ALL","12","q","12q",0,1,"LUAD","CD8_T"
"1539","12q21.1",-0.0159200929504386,-0.0554353035746015,0.955914549427012,"con","ALL","12","q","12q",0,-1,"LUAD","CD8_T"
"1540","12q21.2",0.0510885000348668,0.161798675510659,0.87182707968245,"con","ALL","12","q","12q",0,-1,"LUAD","CD8_T"
"1541","12q21.31",0.126742001147659,0.369760389082332,0.712429676307079,"con","ALL","12","q","12q",0,-1,"LUAD","CD8_T"
"1542","12q21.33",0.2044211938625,0.561840648056112,0.575621128079349,"con","ALL","12","q","12q",0.0362010053127601,-1,"LUAD","CD8_T"
"1543","12q22",0.238708623925398,0.632090152270713,0.52893042168325,"con","ALL","12","q","12q",0.0604852055436009,-1,"LUAD","CD8_T"
"1544","12q23.1",0.226804040905304,0.598463655152919,0.551033828229376,"con","ALL","12","q","12q",0.0490165888552932,-1,"LUAD","CD8_T"
"1545","12q23.2",0.179832381100055,0.478690291601578,0.633319879588824,"con","ALL","12","q","12q",0.0117168960331274,-1,"LUAD","CD8_T"
"1546","12q23.3",0.13616197353725,0.373122594381316,0.709934572981417,"con","ALL","12","q","12q",0,-1,"LUAD","CD8_T"
"1547","12q24.11",0.148069965564872,0.437454864865078,0.662829466164155,"con","ALL","12","q","12q",0.00554928972642151,-1,"LUAD","CD8_T"
"1548","12q24.13",0.162920119237566,0.492555309369206,0.623526321921809,"con","ALL","12","q","12q",0.013940602542532,-1,"LUAD","CD8_T"
"1549","12q24.23",0.209538741530066,0.631940199381155,0.529027961258165,"con","ALL","12","q","12q",0.0604852055436009,-1,"LUAD","CD8_T"
"1550","12q24.31",0.262431798640287,0.762403262653863,0.447812895025793,"con","ALL","12","q","12q",0.105674499405298,-1,"LUAD","CD8_T"
"1551","12q24.33",0.273581107373075,0.751321777310052,0.454419166401125,"con","ALL","12","q","12q",0.104626990879443,-1,"LUAD","CD8_T"
"1552","13q12.11",-0.173314733349989,-0.76426878859407,0.446706236309152,"con","ALL","13","q","13q",-0.105674499405298,-1,"LUAD","CD8_T"
"1553","13q12.2",-0.169027812588373,-0.751910969629344,0.454066517085559,"con","ALL","13","q","13q",-0.104626990879443,-1,"LUAD","CD8_T"
"1554","13q12.3",-0.182156612644654,-0.798137163277912,0.42689188405806,"con","ALL","13","q","13q",-0.119719813720338,-1,"LUAD","CD8_T"
"1555","13q13.1",-0.207147186973202,-0.887612243038237,0.377115306203175,"con","ALL","13","q","13q",-0.161173962900039,-1,"LUAD","CD8_T"
"1556","13q13.3",-0.233722620116811,-0.977639966752283,0.330873016365405,"con","ALL","13","q","13q",-0.196518094008837,-1,"LUAD","CD8_T"
"1557","13q14.11",-0.268625251651529,-1.10439718882295,0.272364793358586,"con","ALL","13","q","13q",-0.255340968139495,-1,"LUAD","CD8_T"
"1558","13q14.12",-0.300508612205623,-1.2218057159929,0.224971679384589,"con","ALL","13","q","13q",-0.304058021777301,-1,"LUAD","CD8_T"
"1559","13q14.13",-0.314738161242904,-1.27435526205091,0.205818188926927,"con","ALL","13","q","13q",-0.320570065611374,-1,"LUAD","CD8_T"
"1560","13q14.2",-0.356319959714235,-1.40183912146316,0.164402750573087,"con","ALL","13","q","13q",-0.382460568621412,-1,"LUAD","CD8_T"
"1561","13q14.3",-0.472481765870423,-1.72932838123855,0.0871788600376666,"con","ALL","13","q","13q",-0.552449814140173,-1,"LUAD","CD8_T"
"1562","13q21.33",-0.495756743099819,-1.78083850092691,0.078312907008076,"con","ALL","13","q","13q",-0.574420347027979,-1,"LUAD","CD8_T"
"1563","13q22.2",-0.542258202325112,-1.92795828202014,0.0570132341203222,"con","ALL","13","q","13q",-0.665485264843965,-1,"LUAD","CD8_T"
"1564","13q22.3",-0.585620379347066,-2.06025269359325,0.0422615782885608,"con","ALL","13","q","13q",-0.738473784110998,-1,"LUAD","CD8_T"
"1565","13q31.1",-0.600087523107099,-2.09746185619908,0.0387566519406443,"con","ALL","13","q","13q",-0.741460600295975,-1,"LUAD","CD8_T"
"1566","13q32.1",-0.603289609937502,-2.10777687154501,0.0378306302101555,"con","ALL","13","q","13q",-0.741460600295975,-1,"LUAD","CD8_T"
"1567","13q32.2",-0.636228864013498,-2.20296359055349,0.0301511479353117,"con","ALL","13","q","13q",-0.778186421191344,-1,"LUAD","CD8_T"
"1568","13q32.3",-0.630932234856634,-2.19190280933637,0.0309673510205896,"con","ALL","13","q","13q",-0.778186421191344,-1,"LUAD","CD8_T"
"1569","13q33.3",-0.635229060920302,-2.19253621020176,0.0309200954740007,"con","ALL","13","q","13q",-0.778186421191344,-1,"LUAD","CD8_T"
"1570","13q34",-0.639402778360567,-2.22639895678124,0.0284836663023886,"con","ALL","13","q","13q",-0.785927039009513,-1,"LUAD","CD8_T"
"1571","14q11.2",0.500984743000561,1.4543531895035,0.149327089912655,"con","ALL","14","q","14q",0.395312679840143,1,"LUAD","CD8_T"
"1572","14q12",-0.0243936301987162,-0.0724307894655659,0.942419806396765,"con","ALL","14","q","14q",0,1,"LUAD","CD8_T"
"1573","14q13.1",-0.131137631075233,-0.400705057657075,0.68958695011584,"con","ALL","14","q","14q",0,1,"LUAD","CD8_T"
"1574","14q13.2",-0.231739873388158,-0.729911812206693,0.467339685990276,"con","ALL","14","q","14q",-0.0950830649637413,1,"LUAD","CD8_T"
"1575","14q13.3",-0.317854845063669,-1.02548151817762,0.30788441785285,"con","ALL","14","q","14q",-0.218898021852935,1,"LUAD","CD8_T"
"1576","14q21.1",-0.371150128514995,-1.20253209146022,0.232311650766958,"con","ALL","14","q","14q",-0.298818835050331,1,"LUAD","CD8_T"
"1577","14q21.2",-0.434794775458647,-1.43992054288915,0.153359346897063,"con","ALL","14","q","14q",-0.395312679840143,1,"LUAD","CD8_T"
"1578","14q21.3",-0.52206485255516,-1.77870864614953,0.0786641163128431,"con","ALL","14","q","14q",-0.574420347027979,1,"LUAD","CD8_T"
"1579","14q22.1",-0.650829449982476,-2.28264930762114,0.0248069934900156,"con","ALL","14","q","14q",-0.814101428271032,1,"LUAD","CD8_T"
"1580","14q22.3",-0.726584936835749,-2.62324875853626,0.0102292514553787,"con","ALL","14","q","14q",-1.06111868174244,1,"LUAD","CD8_T"
"1581","14q23.1",-0.77230467065368,-2.92507340859903,0.00435751621853828,"con","ALL","14","q","14q",-1.24995897713637,1,"LUAD","CD8_T"
"1582","14q23.2",-0.809813722900172,-3.13977513145962,0.00228735287073367,"con","ALL","14","q","14q",-1.47661917209337,1,"LUAD","CD8_T"
"1583","14q23.3",-0.832671775178779,-3.23942476644784,0.00167871822147484,"con","ALL","14","q","14q",-1.55138884618784,1,"LUAD","CD8_T"
"1584","14q24.1",-0.830911959633578,-3.25161479307992,0.00161567008714806,"con","ALL","14","q","14q",-1.55301304531377,1,"LUAD","CD8_T"
"1585","14q24.2",-0.811684130414165,-3.15588423787828,0.00217671649321456,"con","ALL","14","q","14q",-1.47661917209337,1,"LUAD","CD8_T"
"1586","14q24.3",-0.763873704110979,-2.71459966778703,0.00795354189940201,"con","ALL","14","q","14q",-1.1002020159907,1,"LUAD","CD8_T"
"1587","14q32.11",-0.666364884113755,-2.1479854544792,0.0344013099605704,"con","ALL","14","q","14q",-0.761391196789626,1,"LUAD","CD8_T"
"1588","14q32.12",-0.590339066801418,-1.83627384842762,0.0696186611909464,"con","ALL","14","q","14q",-0.60081915327691,1,"LUAD","CD8_T"
"1589","14q32.2",-0.397144182422266,-1.18790646752655,0.237995739706214,"con","ALL","14","q","14q",-0.293200187291427,1,"LUAD","CD8_T"
"1590","14q32.31",-0.348252217697008,-1.03499132587248,0.303445972555558,"con","ALL","14","q","14q",-0.222198843612495,1,"LUAD","CD8_T"
"1591","14q32.32",-0.358482201792985,-1.06333086992982,0.290476685676449,"con","ALL","14","q","14q",-0.235094792995826,1,"LUAD","CD8_T"
"1592","14q32.33",-0.372410669326959,-1.17406689405748,0.243465642753213,"con","ALL","14","q","14q",-0.286584844282086,1,"LUAD","CD8_T"
"1593","15q14",0.0689407037527203,0.279901977638502,0.780195013584196,"con","ALL","15","q","15q",0,-1,"LUAD","CD8_T"
"1594","15q15.1",0.0305466473690001,0.128424215158629,0.898099811137336,"con","ALL","15","q","15q",0,-1,"LUAD","CD8_T"
"1595","15q15.2",0.0230661895482712,0.100016319564045,0.920553824693663,"con","ALL","15","q","15q",0,-1,"LUAD","CD8_T"
"1596","15q15.3",0.0228485908783289,0.0995548998158674,0.920919119764455,"con","ALL","15","q","15q",0,-1,"LUAD","CD8_T"
"1597","15q21.1",0.0341781862324093,0.147501337180414,0.883066264795241,"con","ALL","15","q","15q",0,-1,"LUAD","CD8_T"
"1598","15q21.2",0.0681891549905909,0.286330163323757,0.775283328676584,"con","ALL","15","q","15q",0,-1,"LUAD","CD8_T"
"1599","15q21.3",0.109458705676265,0.45663565158703,0.649033106854369,"con","ALL","15","q","15q",0.00715512459974933,-1,"LUAD","CD8_T"
"1600","15q22.1",0.152041611752671,0.628181022731915,0.531476222901638,"con","ALL","15","q","15q",0.0600588855545354,-1,"LUAD","CD8_T"
"1601","15q22.2",0.197734152233745,0.78649019133405,0.433646383132166,"con","ALL","15","q","15q",0.114830115289825,-1,"LUAD","CD8_T"
"1602","15q22.31",0.291830169220641,1.07100278775137,0.287031903097187,"con","ALL","15","q","15q",0.238674815487512,-1,"LUAD","CD8_T"
"1603","15q23",0.374708148745883,1.25528611662162,0.212624447930258,"con","ALL","15","q","15q",0.316937719051856,-1,"LUAD","CD8_T"
"1604","15q24.1",0.417589785071816,1.31831409873294,0.190743797365672,"con","ALL","15","q","15q",0.342835210147168,-1,"LUAD","CD8_T"
"1605","15q24.2",0.443408340279999,1.3524922122006,0.179606350715652,"con","ALL","15","q","15q",0.359781902158164,-1,"LUAD","CD8_T"
"1606","15q24.3",0.426547066835393,1.26374037060446,0.209586784268512,"con","ALL","15","q","15q",0.317286660922034,-1,"LUAD","CD8_T"
"1607","15q25.1",0.416272554988402,1.21904933369569,0.226010947464085,"con","ALL","15","q","15q",0.304058021777301,-1,"LUAD","CD8_T"
"1608","15q25.3",0.368736255538435,1.11573311114473,0.267506598172841,"con","ALL","15","q","15q",0.258462317108357,-1,"LUAD","CD8_T"
"1609","15q26.1",0.316844353155385,0.979024781939029,0.330192111034735,"con","ALL","15","q","15q",0.196518094008837,-1,"LUAD","CD8_T"
"1610","15q26.3",0.249278521886696,0.816168401328535,0.416558794884087,"con","ALL","15","q","15q",0.127638545345646,-1,"LUAD","CD8_T"
"1611","16p13.3",-0.169392806956907,-0.699541644588019,0.486017724242732,"con","ALL","16","p","16p",-0.0858655269414333,1,"LUAD","CD8_T"
"1612","16p13.2",-0.396867517959011,-1.40301064067282,0.16405416905507,"con","ALL","16","p","16p",-0.382460568621412,1,"LUAD","CD8_T"
"1613","16p13.13",-0.435595154731419,-1.50008395830057,0.137092622485331,"con","ALL","16","p","16p",-0.406726725758457,1,"LUAD","CD8_T"
"1614","16p12.3",-0.537446126257825,-1.70124875320118,0.0923489022655985,"con","ALL","16","p","16p",-0.529875998485442,1,"LUAD","CD8_T"
"1615","16p12.2",-0.618187534849952,-1.75235858505614,0.0831179495617664,"con","ALL","16","p","16p",-0.564501963013369,1,"LUAD","CD8_T"
"1616","16p12.1",-0.669581622857726,-1.76591975440866,0.0808004814564246,"con","ALL","16","p","16p",-0.569311760755795,1,"LUAD","CD8_T"
"1617","16p11.2",-0.913534968464185,-1.92545657040755,0.0573296665876643,"con","ALL","16","p","16p",-0.665485264843965,1,"LUAD","CD8_T"
"1618","16q11.2",-1.04507449521436,-1.85325655504194,1,"con","ALL","16","q","16q",0,1,"LUAD","CD8_T"
"1619","16q12.1",-1.12226284972109,-1.90776487755202,1,"con","ALL","16","q","16q",0,1,"LUAD","CD8_T"
"1620","16q12.2",-1.08637408623482,-1.82941919144374,1,"con","ALL","16","q","16q",0,1,"LUAD","CD8_T"
"1621","16q13",-0.923885771390686,-1.57228602264418,1,"con","ALL","16","q","16q",0,-1,"LUAD","CD8_T"
"1622","16q21",-0.688477279766151,-1.22490177117144,1,"con","ALL","16","q","16q",0,-1,"LUAD","CD8_T"
"1623","16q22.1",-0.214177788627435,-0.442804266516049,1,"con","ALL","16","q","16q",0,-1,"LUAD","CD8_T"
"1624","16q22.2",-0.0130652050339357,-0.0352416254843152,0.971965116447422,"con","ALL","16","q","16q",0,-1,"LUAD","CD8_T"
"1625","16q23.1",-0.0771464533533481,-0.223774708164746,0.823439789721504,"con","ALL","16","q","16q",0,-1,"LUAD","CD8_T"
"1626","16q23.3",-0.130378354840344,-0.440801775197075,0.660413536102351,"con","ALL","16","q","16q",-0.00554928972642151,-1,"LUAD","CD8_T"
"1627","16q24.1",-0.146277037108035,-0.542968765993444,0.588493508260948,"con","ALL","16","q","16q",-0.0290290837949201,-1,"LUAD","CD8_T"
"1628","16q24.2",-0.17067907571252,-0.685227593517992,0.494961428736183,"con","ALL","16","q","16q",-0.0817952940160685,-1,"LUAD","CD8_T"
"1629","16q24.3",-0.215384428760816,-0.962535832636148,0.338359549234847,"con","ALL","16","q","16q",-0.189725559963577,-1,"LUAD","CD8_T"
"1630","17p13.3",0.272113265449719,0.852792877680753,0.396037994961047,"con","ALL","17","p","17p",0.142695218027977,-1,"LUAD","CD8_T"
"1631","17p13.2",0.282378246940182,0.946144040671811,0.34660847405843,"con","ALL","17","p","17p",0.184612042946823,-1,"LUAD","CD8_T"
"1632","17p13.1",0.286915670477714,0.824965190298981,0.411572575006339,"con","ALL","17","p","17p",0.130128388228737,-1,"LUAD","CD8_T"
"1633","17p12",0.312153222693844,0.726584739986355,0.469365944850366,"con","ALL","17","p","17p",0.0947260822873303,-1,"LUAD","CD8_T"
"1634","17p11.2",0.495191129357217,0.924611739331011,0.357640391595415,"con","ALL","17","p","17p",0.178579547346417,-1,"LUAD","CD8_T"
"1635","17q11.1",0.665631451254985,1.07357932820796,1,"con","ALL","17","q","17q",0,1,"LUAD","CD8_T"
"1636","17q11.2",0.887694002058995,1.37203987050009,1,"con","ALL","17","q","17q",0,1,"LUAD","CD8_T"
"1637","17q12",0.33265426232341,0.996041171581542,0.321900607530918,"con","ALL","17","q","17q",0.205513267676063,1,"LUAD","CD8_T"
"1638","17q21.1",0.312370043398803,0.971220398316219,0.334041534896937,"con","ALL","17","q","17q",0.193843712352945,1,"LUAD","CD8_T"
"1639","17q21.2",0.250621659374737,0.801412376416402,0.425003759509886,"con","ALL","17","q","17q",0.120285644900794,1,"LUAD","CD8_T"
"1640","17q21.31",0.15012423195104,0.439937027808711,0.661037401000278,"con","ALL","17","q","17q",0.00554928972642151,1,"LUAD","CD8_T"
"1641","17q21.32",-0.160283166753365,-0.418460698504858,0.676607191539827,"con","ALL","17","q","17q",-1.1853596636097e-05,1,"LUAD","CD8_T"
"1642","17q21.33",-0.393103498551778,-1.07090053439767,0.287077630945957,"con","ALL","17","q","17q",-0.238674815487512,1,"LUAD","CD8_T"
"1643","17q22",-0.595936715193549,-1.67292843470981,0.097814149523623,"con","ALL","17","q","17q",-0.512164625306696,1,"LUAD","CD8_T"
"1644","17q23.1",-0.63072629893609,-1.82558253665328,0.0712297352090708,"con","ALL","17","q","17q",-0.596346386368806,1,"LUAD","CD8_T"
"1645","17q23.3",-0.667562531734442,-1.95543795827814,0.0536336187697753,"con","ALL","17","q","17q",-0.682767967665935,1,"LUAD","CD8_T"
"1646","17q24.2",-0.70878239414237,-2.09118874809361,0.0393293377709565,"con","ALL","17","q","17q",-0.740076211241767,1,"LUAD","CD8_T"
"1647","17q25.1",-0.606447458214267,-1.77359092047098,0.0795133497327344,"con","ALL","17","q","17q",-0.572334388448467,1,"LUAD","CD8_T"
"1648","17q25.3",-0.286868369705654,-1.00531570547913,0.3174401240948,"con","ALL","17","q","17q",-0.210093533709007,1,"LUAD","CD8_T"
"1649","18p11.32",0.347505931202145,1.2628100374361,0.209919485616888,"con","ALL","18","p","18p",0.317286660922034,-1,"LUAD","CD8_T"
"1650","18p11.31",0.368855785366699,1.3056627541625,0.194994978525647,"con","ALL","18","p","18p",0.336881348543854,-1,"LUAD","CD8_T"
"1651","18p11.22",0.444699992172432,1.43574031792045,0.154542823762133,"con","ALL","18","p","18p",0.394320483056969,-1,"LUAD","CD8_T"
"1652","18p11.21",0.562232021183148,1.54493082064227,0.125872151868588,"con","ALL","18","p","18p",0.42172406390614,-1,"LUAD","CD8_T"
"1653","18q11.1",0.600445201004607,1.51748664253579,0.132648768419619,"con","ALL","18","q","18q",0.41444058284092,-1,"LUAD","CD8_T"
"1654","18q11.2",0.620010367979515,1.47410694274871,0.143942150149947,"con","ALL","18","q","18q",0.399623752878599,-1,"LUAD","CD8_T"
"1655","18q12.2",0.507018655804118,1.05672910420202,1,"con","ALL","18","q","18q",0,-1,"LUAD","CD8_T"
"1656","18q21.1",0.463704559824837,0.960393385010467,1,"con","ALL","18","q","18q",0,-1,"LUAD","CD8_T"
"1657","18q21.31",0.459194542440761,0.971004064610452,1,"con","ALL","18","q","18q",0,-1,"LUAD","CD8_T"
"1658","18q21.32",0.450136360284497,0.959862876155454,0.339695859573287,"con","ALL","18","q","18q",0.189468668481269,-1,"LUAD","CD8_T"
"1659","18q21.33",0.491616248071644,1.05347745280394,0.294942324405488,"con","ALL","18","q","18q",0.229995495063576,-1,"LUAD","CD8_T"
"1660","18q22.3",0.474760675596504,1.01596590471846,0.312369083586643,"con","ALL","18","q","18q",0.215602541577126,-1,"LUAD","CD8_T"
"1661","18q23",0.437927352670767,0.9431847394959,0.348111458760338,"con","ALL","18","q","18q",0.184612042946823,-1,"LUAD","CD8_T"
"1662","19p13.3",0.0872235260485296,0.358671113468635,0.720681141620047,"con","ALL","19","p","19p",0,1,"LUAD","CD8_T"
"1663","19p13.2",0.151385577757021,0.447223676576967,0.655788038865966,"con","ALL","19","p","19p",0.00554928972642151,-1,"LUAD","CD8_T"
"1664","19p13.13",0.125544425544877,0.342901352206301,0.732472293812725,"con","ALL","19","p","19p",0,-1,"LUAD","CD8_T"
"1665","19p13.12",0.117574033448698,0.283761756653562,0.777244727574177,"con","ALL","19","p","19p",0,-1,"LUAD","CD8_T"
"1666","19p13.11",0.463630439639923,0.943721494205153,0.347838536797618,"con","ALL","19","p","19p",0.184612042946823,-1,"LUAD","CD8_T"
"1667","19q12",0.375565034386898,1.1396092157424,0.257473095870816,"con","ALL","19","q","19q",0.271906441398741,1,"LUAD","CD8_T"
"1668","19q13.11",0.353235439569958,1.21506211019378,0.227520450512686,"con","ALL","19","q","19q",0.302840642579784,1,"LUAD","CD8_T"
"1669","19q13.12",0.316227951189202,1.26725461422768,0.208333539984491,"con","ALL","19","q","19q",0.317286660922034,1,"LUAD","CD8_T"
"1670","19q13.2",0.426908312349416,1.61951930286247,0.10883460950874,"con","ALL","19","q","19q",0.472938533232797,1,"LUAD","CD8_T"
"1671","19q13.31",0.431605083489288,1.43951451259886,0.153473991275259,"con","ALL","19","q","19q",0.395312679840143,1,"LUAD","CD8_T"
"1672","19q13.32",0.320650802217078,1.0879009434534,0.279543640248756,"con","ALL","19","q","19q",0.245596148646822,-1,"LUAD","CD8_T"
"1673","19q13.33",0.0829550714167604,0.342523838361809,0.732755364997656,"con","ALL","19","q","19q",0,-1,"LUAD","CD8_T"
"1674","19q13.41",-0.0191292205569973,-0.0877923927728059,0.930236731520749,"con","ALL","19","q","19q",0,-1,"LUAD","CD8_T"
"1675","19q13.42",-0.0730374304322929,-0.385931010949565,0.700458545000475,"con","ALL","19","q","19q",0,1,"LUAD","CD8_T"
"1676","19q13.43",-0.0818964135206961,-0.461482284430675,0.645566069033871,"con","ALL","19","q","19q",-0.00781864001861296,1,"LUAD","CD8_T"
"1677","20p13",0.459863553014871,1.76464374833602,0.081016239949169,"con","ALL","20","p","20p",0.569311760755795,-1,"LUAD","CD8_T"
"1678","20p12.3",0.35602099356348,1.20060519456095,0.233054865697142,"con","ALL","20","p","20p",0.298818835050331,-1,"LUAD","CD8_T"
"1679","20p12.1",0.248029225569944,0.757827895485042,0.450533769727747,"con","ALL","20","p","20p",0.104626990879443,-1,"LUAD","CD8_T"
"1680","20p11.23",0.185434520854593,0.525963323935314,0.600207342099268,"con","ALL","20","p","20p",0.0246100820279939,-1,"LUAD","CD8_T"
"1681","20p11.22",0.135347285475329,0.360736572574431,0.719141702670887,"con","ALL","20","p","20p",0,-1,"LUAD","CD8_T"
"1682","20p11.21",0.114435836870485,0.292110746116834,0.77087425401905,"con","ALL","20","p","20p",0,-1,"LUAD","CD8_T"
"1683","20q11.21",0.153975849719113,0.343751580953775,0.731834902396085,"con","ALL","20","q","20q",0,1,"LUAD","CD8_T"
"1684","20q11.22",0.264240021176841,0.53739381015579,0.592321858775482,"con","ALL","20","q","20q",0.0274244222412652,1,"LUAD","CD8_T"
"1685","20q12",0.280725738742854,0.579929739337641,1,"con","ALL","20","q","20q",0,1,"LUAD","CD8_T"
"1686","20q13.11",0.287131306097162,0.598508017611654,1,"con","ALL","20","q","20q",0,1,"LUAD","CD8_T"
"1687","20q13.12",0.315686662012432,0.6939576879638,0.489496082323503,"con","ALL","20","q","20q",0.0840552136006143,1,"LUAD","CD8_T"
"1688","20q13.13",0.19596875526621,0.57048836818795,0.569768091951591,"con","ALL","20","q","20q",0.0381928713263587,1,"LUAD","CD8_T"
"1689","20q13.2",0.130712650689274,0.429628816164919,0.668492513843995,"con","ALL","20","q","20q",0.00385474229545354,1,"LUAD","CD8_T"
"1690","20q13.32",0.0451308595142679,0.17565023555095,0.860963334690124,"con","ALL","20","q","20q",0,1,"LUAD","CD8_T"
"1691","20q13.33",-0.00525091741865708,-0.0234529963993865,0.981340852603897,"con","ALL","20","q","20q",0,1,"LUAD","CD8_T"
"1692","21q21.3",-0.426292895031572,-1.86273137515458,0.065762160066543,"con","ALL","21","q","21q",-0.620036262075006,1,"LUAD","CD8_T"
"1693","21q22.11",-0.440942689252512,-1.97429813123361,0.0514138003560722,"con","ALL","21","q","21q",-0.689144064252735,1,"LUAD","CD8_T"
"1694","21q22.12",-0.469116763690702,-2.12247578244687,0.03654414030765,"con","ALL","21","q","21q",-0.750255845686998,1,"LUAD","CD8_T"
"1695","21q22.13",-0.492816152905676,-2.27163640516653,0.0254920588628918,"con","ALL","21","q","21q",-0.811610674580245,1,"LUAD","CD8_T"
"1696","21q22.2",-0.510835067860609,-2.40262580780107,0.0183313749048635,"con","ALL","21","q","21q",-0.907506521044887,1,"LUAD","CD8_T"
"1697","21q22.3",-0.511238809841864,-2.50619896563808,0.0140003148605899,"con","ALL","21","q","21q",-0.979563523016116,1,"LUAD","CD8_T"
"1698","22q11.21",-0.213236157439742,-0.510473829709501,0.61096933338138,"con","ALL","22","q","22q",-0.0199697051742558,1,"LUAD","CD8_T"
"1699","22q11.22",0.00151556716491827,0.00327668296781565,0.99739284200359,"con","ALL","22","q","22q",0,1,"LUAD","CD8_T"
"1700","22q11.23",0.100703461861346,0.207319097923895,1,"con","ALL","22","q","22q",0,1,"LUAD","CD8_T"
"1701","22q12.1",0.228431052429221,0.443544761593947,0.658436220178067,"con","ALL","22","q","22q",0.00554928972642151,1,"LUAD","CD8_T"
"1702","22q12.2",0.280466202213194,0.524594799474158,0.601154665690922,"con","ALL","22","q","22q",0.0246100820279939,-1,"LUAD","CD8_T"
"1703","22q12.3",0.172988802247444,0.338669747448033,0.735647386484364,"con","ALL","22","q","22q",0,-1,"LUAD","CD8_T"
"1704","22q13.1",-0.254539670938608,-0.552476045798086,0.581991755872095,"con","ALL","22","q","22q",-0.032639116965199,-1,"LUAD","CD8_T"
"1705","22q13.2",-0.583755951422973,-1.25908744594396,0.211254630897124,"con","ALL","22","q","22q",-0.316937719051856,-1,"LUAD","CD8_T"
"1706","22q13.31",-0.684517879646231,-1.48009477488526,0.142340098101041,"con","ALL","22","q","22q",-0.399623752878599,-1,"LUAD","CD8_T"
"1707","22q13.33",-0.656529556363199,-1.42215540626761,0.158437633717741,"con","ALL","22","q","22q",-0.391382360507369,-1,"LUAD","CD8_T"
"1708","1p36.33",-0.114612379570709,-1.08943925471788,0.278868718522006,"con","ALL","1","p","1p",-0.0429725401050078,1,"LUAD","DN_T"
"1709","1p36.32",-0.118889575633815,-1.08646647138092,0.280174019866068,"con","ALL","1","p","1p",-0.0429725401050078,1,"LUAD","DN_T"
"1710","1p36.31",-0.125979260020332,-1.12396071188215,0.264018673019249,"con","ALL","1","p","1p",-0.051139794294098,1,"LUAD","DN_T"
"1711","1p36.23",-0.0889580829567537,-0.760498865100674,0.448944245159999,"con","ALL","1","p","1p",0,1,"LUAD","DN_T"
"1712","1p36.22",-0.0154902115177975,-0.117442897365977,0.906770790336503,"con","ALL","1","p","1p",0,1,"LUAD","DN_T"
"1713","1p36.21",-0.0306917114124789,-0.219310891513537,0.826904495670063,"con","ALL","1","p","1p",0,1,"LUAD","DN_T"
"1714","1p36.13",-0.0570471766112079,-0.39155382686782,0.696313446413296,"con","ALL","1","p","1p",0,1,"LUAD","DN_T"
"1715","1p36.12",-0.0752750789290442,-0.507258681898958,0.613214053602615,"con","ALL","1","p","1p",0,1,"LUAD","DN_T"
"1716","1p36.11",-0.104600377890741,-0.6719106996476,0.503361731839767,"con","ALL","1","p","1p",0,1,"LUAD","DN_T"
"1717","1p35.3",-0.0641378385238694,-0.366551777619455,0.71481371965567,"con","ALL","1","p","1p",0,1,"LUAD","DN_T"
"1718","1p35.2",-0.00445909752910106,-0.0253102519864799,0.979863531835761,"con","ALL","1","p","1p",0,1,"LUAD","DN_T"
"1719","1p35.1",0.0262923565720102,0.152352564775066,0.87924989658917,"con","ALL","1","p","1p",0,1,"LUAD","DN_T"
"1720","1p34.3",0.0176819337387176,0.112450330475324,0.910716783992019,"con","ALL","1","p","1p",0,1,"LUAD","DN_T"
"1721","1p34.2",-0.0220769780128966,-0.158937056651134,0.874074578912081,"con","ALL","1","p","1p",0,1,"LUAD","DN_T"
"1722","1p34.1",-0.034130568228289,-0.268953529441497,0.788581035272946,"con","ALL","1","p","1p",0,1,"LUAD","DN_T"
"1723","1p33",-0.0376496513065554,-0.292274380917309,0.770749552137298,"con","ALL","1","p","1p",0,1,"LUAD","DN_T"
"1724","1p32.3",0.0520018799218272,0.379792310731865,0.704994324785446,"con","ALL","1","p","1p",0,1,"LUAD","DN_T"
"1725","1p32.1",0.20144126143205,1.45267508317386,0.149791657481563,"con","ALL","1","p","1p",0.163266462275152,1,"LUAD","DN_T"
"1726","1p31.3",0.197271886220146,1.31939738877273,0.19038303300844,"con","ALL","1","p","1p",0.114478604938473,1,"LUAD","DN_T"
"1727","1p31.1",0.106706052596993,0.645685491755737,0.520125916566002,"con","ALL","1","p","1p",0,1,"LUAD","DN_T"
"1728","1p22.3",0.0274258414961187,0.159536548498935,1,"con","ALL","1","p","1p",0,-1,"LUAD","DN_T"
"1729","1p22.2",0.0587444263911851,0.344866834061801,0.73099911525948,"con","ALL","1","p","1p",0,-1,"LUAD","DN_T"
"1730","1p22.1",0.0703290969880764,0.40410703111336,0.687092683250015,"con","ALL","1","p","1p",0,-1,"LUAD","DN_T"
"1731","1p21.3",0.075349636416417,0.408616707187399,0.683791603330323,"con","ALL","1","p","1p",0,-1,"LUAD","DN_T"
"1732","1p21.2",0.0894721584678468,0.456191389769141,0.649351298141379,"con","ALL","1","p","1p",0,-1,"LUAD","DN_T"
"1733","1p13.3",0.196959719925104,0.735628058912515,1,"con","ALL","1","p","1p",0,-1,"LUAD","DN_T"
"1734","1p13.2",0.38243751297994,1.23356639411555,1,"con","ALL","1","p","1p",0,1,"LUAD","DN_T"
"1735","1p13.1",0.392126130809149,1.54685452261354,0.12540761954692,"con","ALL","1","p","1p",0.201763589654331,1,"LUAD","DN_T"
"1736","1p12",0.373536435411975,1.67534887743542,0.097337008797073,"con","ALL","1","p","1p",0.273643076824099,1,"LUAD","DN_T"
"1737","1q21.1",0.349212732668637,1.77347086360867,0.079533362545129,"con","ALL","1","q","1q",0.331110123744535,1,"LUAD","DN_T"
"1738","1q21.2",0.24104720946738,1.53423381698228,0.128480153254505,"con","ALL","1","q","1q",0.200509676859057,1,"LUAD","DN_T"
"1739","1q21.3",0.0670817507157905,0.670219173441596,0.504434201254332,"con","ALL","1","q","1q",0,1,"LUAD","DN_T"
"1740","1q22",0.0055408236708638,0.0677570963256581,0.946129301529842,"con","ALL","1","q","1q",0,1,"LUAD","DN_T"
"1741","1q23.1",-0.000247915282719898,-0.00295143791698248,0.997651628897735,"con","ALL","1","q","1q",0,1,"LUAD","DN_T"
"1742","1q23.2",0.00331844746700046,0.0390100233493154,0.968968800682823,"con","ALL","1","q","1q",0,1,"LUAD","DN_T"
"1743","1q23.3",0.0181080768018681,0.202250659504768,0.840177255796014,"con","ALL","1","q","1q",0,1,"LUAD","DN_T"
"1744","1q24.1",0.0443387265730722,0.474211166236758,0.636497837354599,"con","ALL","1","q","1q",0,1,"LUAD","DN_T"
"1745","1q24.2",0.053957974623712,0.56614476532549,0.572704363614226,"con","ALL","1","q","1q",0,1,"LUAD","DN_T"
"1746","1q24.3",0.063051412849114,0.653076241968313,0.515372012130777,"con","ALL","1","q","1q",0,1,"LUAD","DN_T"
"1747","1q25.1",0.0738477809726604,0.751001673232279,0.454610824092704,"con","ALL","1","q","1q",0,1,"LUAD","DN_T"
"1748","1q25.2",0.0707305080827624,0.718815750506511,0.474116605146262,"con","ALL","1","q","1q",0,1,"LUAD","DN_T"
"1749","1q25.3",0.0615384247453234,0.622796298102599,0.534993311243361,"con","ALL","1","q","1q",0,1,"LUAD","DN_T"
"1750","1q31.1",0.0546133609087578,0.550320181430107,0.583463094374968,"con","ALL","1","q","1q",0,1,"LUAD","DN_T"
"1751","1q31.2",0.0480004799470911,0.48556099459557,0.628458445813647,"con","ALL","1","q","1q",0,1,"LUAD","DN_T"
"1752","1q32.1",0.00820016800372774,0.0842098350715543,0.933076630114397,"con","ALL","1","q","1q",0,1,"LUAD","DN_T"
"1753","1q32.2",-0.00848945228018491,-0.0859465589647987,0.931699816156627,"con","ALL","1","q","1q",0,1,"LUAD","DN_T"
"1754","1q32.3",-0.00952323961080198,-0.0930738259199781,0.926051789156155,"con","ALL","1","q","1q",0,1,"LUAD","DN_T"
"1755","1q41",-0.00353561246501862,-0.0337750468728215,0.973131328605012,"con","ALL","1","q","1q",0,1,"LUAD","DN_T"
"1756","1q42.11",-0.00205102050460469,-0.019340374158819,0.984612388613679,"con","ALL","1","q","1q",0,1,"LUAD","DN_T"
"1757","1q42.12",0.00110338109805894,0.0102448764457535,0.99184858965101,"con","ALL","1","q","1q",0,1,"LUAD","DN_T"
"1758","1q42.13",0.0142988400171958,0.129415001404993,0.897318066598497,"con","ALL","1","q","1q",0,1,"LUAD","DN_T"
"1759","1q42.2",0.0381948591082083,0.341777602478871,0.733315023724151,"con","ALL","1","q","1q",0,1,"LUAD","DN_T"
"1760","1q42.3",0.0438185706069074,0.393455708405494,0.694913470294528,"con","ALL","1","q","1q",0,1,"LUAD","DN_T"
"1761","1q43",0.0674962655160295,0.605219349387166,0.546556331715942,"con","ALL","1","q","1q",0,1,"LUAD","DN_T"
"1762","1q44",0.0831243757588324,0.75359551909324,0.453059129590498,"con","ALL","1","q","1q",0,1,"LUAD","DN_T"
"1763","2p25.3",0.356113122092096,1.91659278630594,0.0584627908515003,"con","ALL","2","p","2p",0.437157470637044,1,"LUAD","DN_T"
"1764","2p25.1",0.48842057116622,2.37214574495225,0.0198154076604586,"con","ALL","2","p","2p",0.646854726480606,1,"LUAD","DN_T"
"1765","2p24.1",0.713150899572978,3.21450494331774,0.00181483103991015,"con","ALL","2","p","2p",1.22304550686099,1,"LUAD","DN_T"
"1766","2p23.3",0.881357189708575,3.56675678942141,1,"con","ALL","2","p","2p",0,1,"LUAD","DN_T"
"1767","2p23.2",0.950068695312164,3.57697908173794,1,"con","ALL","2","p","2p",0,1,"LUAD","DN_T"
"1768","2p22.3",0.886141048034862,3.33971919790882,1,"con","ALL","2","p","2p",0,1,"LUAD","DN_T"
"1769","2p22.2",0.794353537668403,3.14365060736945,1,"con","ALL","2","p","2p",0,1,"LUAD","DN_T"
"1770","2p22.1",0.686740949733439,2.89907477047088,1,"con","ALL","2","p","2p",0,1,"LUAD","DN_T"
"1771","2p21",0.220262984699027,0.934239834342615,1,"con","ALL","2","p","2p",0,-1,"LUAD","DN_T"
"1772","2p16.2",0.150200114153356,0.683210999448034,1,"con","ALL","2","p","2p",0,-1,"LUAD","DN_T"
"1773","2p16.1",0.1637800853071,0.764276770959598,1,"con","ALL","2","p","2p",0,-1,"LUAD","DN_T"
"1774","2p15",0.15838854460994,0.768234625887152,1,"con","ALL","2","p","2p",0,1,"LUAD","DN_T"
"1775","2p14",0.146863182261489,0.71086189409746,1,"con","ALL","2","p","2p",0,1,"LUAD","DN_T"
"1776","2p13.3",0.120228656071187,0.575169107035678,1,"con","ALL","2","p","2p",0,1,"LUAD","DN_T"
"1777","2p13.2",0.109173199217854,0.509328038024754,1,"con","ALL","2","p","2p",0,1,"LUAD","DN_T"
"1778","2p13.1",0.102279654845942,0.455074088975341,1,"con","ALL","2","p","2p",0,1,"LUAD","DN_T"
"1779","2p12",0.115132699458075,0.489093983125988,1,"con","ALL","2","p","2p",0,1,"LUAD","DN_T"
"1780","2p11.2",0.135132270308507,0.56371484517349,1,"con","ALL","2","p","2p",0,1,"LUAD","DN_T"
"1781","2q11.1",0.157760825043595,0.645390908911353,1,"con","ALL","2","q","2q",0,1,"LUAD","DN_T"
"1782","2q11.2",0.17118697869533,0.661740825460784,1,"con","ALL","2","q","2q",0,1,"LUAD","DN_T"
"1783","2q12.2",0.179617335285551,0.660293561056635,1,"con","ALL","2","q","2q",0,1,"LUAD","DN_T"
"1784","2q12.3",0.179498791235264,0.655300157042749,1,"con","ALL","2","q","2q",0,1,"LUAD","DN_T"
"1785","2q13",0.174313236990092,0.631721573836619,1,"con","ALL","2","q","2q",0,1,"LUAD","DN_T"
"1786","2q14.1",0.168609809008854,0.60869668864719,1,"con","ALL","2","q","2q",0,1,"LUAD","DN_T"
"1787","2q14.2",0.146926845121797,0.522562187860972,1,"con","ALL","2","q","2q",0,1,"LUAD","DN_T"
"1788","2q14.3",0.137443481771064,0.50114626193727,1,"con","ALL","2","q","2q",0,1,"LUAD","DN_T"
"1789","2q21.1",0.100404684142524,0.362953085958666,1,"con","ALL","2","q","2q",0,1,"LUAD","DN_T"
"1790","2q21.3",0.0839051395935347,0.311771913686536,1,"con","ALL","2","q","2q",0,1,"LUAD","DN_T"
"1791","2q23.2",0.0681042051592507,0.255569764870168,1,"con","ALL","2","q","2q",0,1,"LUAD","DN_T"
"1792","2q23.3",0.0774311639092495,0.291475327556252,1,"con","ALL","2","q","2q",0,1,"LUAD","DN_T"
"1793","2q24.2",0.0956031109552853,0.359947866766054,1,"con","ALL","2","q","2q",0,1,"LUAD","DN_T"
"1794","2q31.1",0.0948062138405424,0.356598248245541,1,"con","ALL","2","q","2q",0,1,"LUAD","DN_T"
"1795","2q31.2",0.00545577385296514,0.0186984033898746,1,"con","ALL","2","q","2q",0,1,"LUAD","DN_T"
"1796","2q31.3",-0.0443937800826904,-0.148524610476288,1,"con","ALL","2","q","2q",0,1,"LUAD","DN_T"
"1797","2q32.1",-0.0818809163364635,-0.269108325628375,1,"con","ALL","2","q","2q",0,1,"LUAD","DN_T"
"1798","2q32.3",-0.180553565843618,-0.586957435811079,1,"con","ALL","2","q","2q",0,1,"LUAD","DN_T"
"1799","2q33.1",-0.309480591448016,-0.933375291756548,1,"con","ALL","2","q","2q",0,1,"LUAD","DN_T"
"1800","2q33.2",-0.413936289463147,-1.19992423871123,1,"con","ALL","2","q","2q",0,1,"LUAD","DN_T"
"1801","2q34",-0.264939172258007,-0.839428173401849,1,"con","ALL","2","q","2q",0,1,"LUAD","DN_T"
"1802","2q35",-0.129562419375756,-0.448831174370423,1,"con","ALL","2","q","2q",0,1,"LUAD","DN_T"
"1803","2q36.1",-0.0321425526240869,-0.122872018641124,0.902482412800414,"con","ALL","2","q","2q",0,1,"LUAD","DN_T"
"1804","2q36.3",-0.0124096963239529,-0.0488271338303288,0.961165252080697,"con","ALL","2","q","2q",0,1,"LUAD","DN_T"
"1805","2q37.1",0.0285181141795871,0.122090413635859,0.903099615115443,"con","ALL","2","q","2q",0,1,"LUAD","DN_T"
"1806","2q37.3",0.0339088631362494,0.156564024359442,0.875939129685944,"con","ALL","2","q","2q",0,1,"LUAD","DN_T"
"1807","3p26.2",0.0112376106744451,0.0766060313818398,0.9391070014811,"con","ALL","3","p","3p",0,-1,"LUAD","DN_T"
"1808","3p26.1",0.00573345599956007,0.0392348658699452,0.968790038310666,"con","ALL","3","p","3p",0,-1,"LUAD","DN_T"
"1809","3p25.3",-0.0219025291675642,-0.152713348470527,0.878966187712565,"con","ALL","3","p","3p",0,-1,"LUAD","DN_T"
"1810","3p25.2",-0.0407672768033065,-0.287847554707879,0.774125235688993,"con","ALL","3","p","3p",0,-1,"LUAD","DN_T"
"1811","3p25.1",0.0572905410317309,0.408814323043105,0.68364708852013,"con","ALL","3","p","3p",0,-1,"LUAD","DN_T"
"1812","3p24.3",0.128123793690385,0.950608256675511,0.344349126501101,"con","ALL","3","p","3p",0.00455393820399384,-1,"LUAD","DN_T"
"1813","3p24.2",0.129621350918052,0.967954644445546,0.335661029090646,"con","ALL","3","p","3p",0.00504436864402405,-1,"LUAD","DN_T"
"1814","3p24.1",0.147068440734322,1.11369966701015,0.268373577174304,"con","ALL","3","p","3p",0.049144089028741,-1,"LUAD","DN_T"
"1815","3p23",0.150105636529849,1.14162499854756,0.256638313548584,"con","ALL","3","p","3p",0.053050185091599,-1,"LUAD","DN_T"
"1816","3p22.3",0.149518980536155,1.13487650528382,0.259440543233415,"con","ALL","3","p","3p",0.051139794294098,-1,"LUAD","DN_T"
"1817","3p22.2",0.139538396837761,1.04859695626469,0.2971714311657,"con","ALL","3","p","3p",0.0257370413118741,-1,"LUAD","DN_T"
"1818","3p22.1",0.109924704940409,0.801337757847821,0.42504672101102,"con","ALL","3","p","3p",0,-1,"LUAD","DN_T"
"1819","3p21.33",0.0990797913144246,0.696010180547684,0.488215962095069,"con","ALL","3","p","3p",0,-1,"LUAD","DN_T"
"1820","3p21.31",-0.0972568335522885,-0.60795970147743,0.544745336081523,"con","ALL","3","p","3p",0,-1,"LUAD","DN_T"
"1821","3p21.2",-0.16615588594096,-0.871034936424459,1,"con","ALL","3","p","3p",0,-1,"LUAD","DN_T"
"1822","3p21.1",-0.221058099639148,-1.02958923722345,1,"con","ALL","3","p","3p",0,-1,"LUAD","DN_T"
"1823","3p14.3",-0.287068327617935,-1.22579736435696,1,"con","ALL","3","p","3p",0,-1,"LUAD","DN_T"
"1824","3p14.1",-0.30957671163406,-1.25861691851853,1,"con","ALL","3","p","3p",0,-1,"LUAD","DN_T"
"1825","3p13",-0.305195264466192,-1.23912957832721,1,"con","ALL","3","p","3p",0,-1,"LUAD","DN_T"
"1826","3p11.2",-0.304648181976646,-1.20931768728339,1,"con","ALL","3","p","3p",0,-1,"LUAD","DN_T"
"1827","3p11.1",-0.297126539169977,-1.16178427424439,1,"con","ALL","3","p","3p",0,-1,"LUAD","DN_T"
"1828","3q11.2",-0.280834601275139,-1.06904190111972,1,"con","ALL","3","q","3q",0,-1,"LUAD","DN_T"
"1829","3q12.2",0.295683308469221,1.17802478437646,1,"con","ALL","3","q","3q",0,1,"LUAD","DN_T"
"1830","3q12.3",0.343067435449926,1.36482225177952,1,"con","ALL","3","q","3q",0,1,"LUAD","DN_T"
"1831","3q13.12",0.37992583447697,1.55021291359744,1,"con","ALL","3","q","3q",0,1,"LUAD","DN_T"
"1832","3q13.13",0.390287569225687,1.61324795850328,1,"con","ALL","3","q","3q",0,1,"LUAD","DN_T"
"1833","3q13.2",0.410271545700684,1.70945093562021,1,"con","ALL","3","q","3q",0,1,"LUAD","DN_T"
"1834","3q13.31",0.421273817707065,1.77687574632265,1,"con","ALL","3","q","3q",0,1,"LUAD","DN_T"
"1835","3q13.33",0.485053089305713,2.24164972379369,0.027442424805095,"con","ALL","3","q","3q",0.573249395436093,1,"LUAD","DN_T"
"1836","3q21.1",0.522690991299192,2.67202222476819,0.0089497616078906,"con","ALL","3","q","3q",0.884140873333003,1,"LUAD","DN_T"
"1837","3q21.3",0.53808032089028,3.03153936243461,0.00317756129240761,"con","ALL","3","q","3q",1.17509841482752,1,"LUAD","DN_T"
"1838","3q22.1",0.553234900521645,3.2009988813328,0.00189284360372167,"con","ALL","3","q","3q",1.22304550686099,1,"LUAD","DN_T"
"1839","3q22.2",0.566339192878829,3.32862264383696,0.00126585273954498,"con","ALL","3","q","3q",1.3264524860396,-1,"LUAD","DN_T"
"1840","3q22.3",0.574710726302229,3.50374683994021,0.000716857826576603,"con","ALL","3","q","3q",1.50339805472899,-1,"LUAD","DN_T"
"1841","3q23",0.566783254718005,3.76093296553433,0.000300788310421391,"con","ALL","3","q","3q",1.66971676639713,-1,"LUAD","DN_T"
"1842","3q24",0.54130226226866,4.00027197058581,0.00012957106188,"con","ALL","3","q","3q",1.77085305257562,-1,"LUAD","DN_T"
"1843","3q25.1",0.501128663125936,4.09211657734032,9.30138629105926e-05,"con","ALL","3","q","3q",1.77085305257562,-1,"LUAD","DN_T"
"1844","3q25.2",0.457259783803006,4.04595571429591,0.000109937514049728,"con","ALL","3","q","3q",1.77085305257562,-1,"LUAD","DN_T"
"1845","3q25.31",0.432395305215041,3.96878801475108,0.00014501222082586,"con","ALL","3","q","3q",1.77085305257562,-1,"LUAD","DN_T"
"1846","3q25.32",0.424631954726012,3.96129670996211,0.000148937714569863,"con","ALL","3","q","3q",1.77085305257562,-1,"LUAD","DN_T"
"1847","3q25.33",0.398263302251972,3.89382900002644,0.000189180211796908,"con","ALL","3","q","3q",1.7461632766419,-1,"LUAD","DN_T"
"1848","3q26.1",0.378928273082956,3.80778555831619,0.000255714541128232,"con","ALL","3","q","3q",1.68223034886937,-1,"LUAD","DN_T"
"1849","3q26.2",0.352159336930859,3.67713561737068,0.000400867570115695,"con","ALL","3","q","3q",1.59612931946892,-1,"LUAD","DN_T"
"1850","3q26.31",0.343002708404756,3.62786410108468,0.000473717684343324,"con","ALL","3","q","3q",1.5788373496981,-1,"LUAD","DN_T"
"1851","3q26.32",0.317954016289811,3.52228566753027,0.000674239871911587,"con","ALL","3","q","3q",1.50339805472899,-1,"LUAD","DN_T"
"1852","3q26.33",0.268098448535845,3.31405405935508,0.00132603574203233,"con","ALL","3","q","3q",1.3264524860396,-1,"LUAD","DN_T"
"1853","3q27.1",0.230911018575602,3.14387371518647,0.00225871772936244,"con","ALL","3","q","3q",1.19183617342528,-1,"LUAD","DN_T"
"1854","3q27.2",0.218939330545899,3.08404006537471,0.00271183212942742,"con","ALL","3","q","3q",1.19183617342528,-1,"LUAD","DN_T"
"1855","3q27.3",0.213335959712886,3.02013031329518,0.00328811766336384,"con","ALL","3","q","3q",1.17509841482752,-1,"LUAD","DN_T"
"1856","3q29",0.180791177634511,2.73685272119166,0.00747405688762172,"con","ALL","3","q","3q",0.939533058580812,-1,"LUAD","DN_T"
"1857","4p16.3",0.00108210728624572,0.00649225005775006,0.994834339416368,"con","ALL","4","p","4p",0,-1,"LUAD","DN_T"
"1858","4p16.1",0.00656720111382511,0.0380225117617187,0.969753946244712,"con","ALL","4","p","4p",0,1,"LUAD","DN_T"
"1859","4p15.32",0.0226554984853149,0.128156673586454,0.898310922545288,"con","ALL","4","p","4p",0,1,"LUAD","DN_T"
"1860","4p15.2",0.0297921469425169,0.167081866737557,0.867680467644356,"con","ALL","4","p","4p",0,1,"LUAD","DN_T"
"1861","4p14",0.161207095958444,0.842492540732107,0.401745647872161,"con","ALL","4","p","4p",0,1,"LUAD","DN_T"
"1862","4p13",0.352658379016622,1.75907737834333,0.0819630203371859,"con","ALL","4","p","4p",0.324439739214117,1,"LUAD","DN_T"
"1863","4p12",0.33285019298398,1.63026655883177,0.106540173655361,"con","ALL","4","p","4p",0.257600741264851,1,"LUAD","DN_T"
"1864","4p11",0.312189298579352,1.51806947663496,0.132501925166764,"con","ALL","4","p","4p",0.190851407016163,1,"LUAD","DN_T"
"1865","4q12",0.263681291726206,1.2488985850152,1,"con","ALL","4","q","4q",0,1,"LUAD","DN_T"
"1866","4q13.2",0.238637288551051,1.08460694856187,1,"con","ALL","4","q","4q",0,1,"LUAD","DN_T"
"1867","4q21.1",0.0426060099355855,0.166473444214249,1,"con","ALL","4","q","4q",0,1,"LUAD","DN_T"
"1868","4q21.22",-0.0138807540811692,-0.0524416119698945,1,"con","ALL","4","q","4q",0,1,"LUAD","DN_T"
"1869","4q21.23",-0.0255777126762469,-0.0960769380484938,1,"con","ALL","4","q","4q",0,1,"LUAD","DN_T"
"1870","4q22.1",-0.0435726301952151,-0.164054002173878,1,"con","ALL","4","q","4q",0,1,"LUAD","DN_T"
"1871","4q22.3",-0.0351904439565434,-0.13258045532972,1,"con","ALL","4","q","4q",0,-1,"LUAD","DN_T"
"1872","4q23",0.35046599727321,1.42529035673019,1,"con","ALL","4","q","4q",0,-1,"LUAD","DN_T"
"1873","4q24",0.123578465366319,0.509055119411947,1,"con","ALL","4","q","4q",0,-1,"LUAD","DN_T"
"1874","4q25",-0.0432864949041375,-0.181948797145074,1,"con","ALL","4","q","4q",0,-1,"LUAD","DN_T"
"1875","4q27",-0.0711625748328629,-0.295968057779513,1,"con","ALL","4","q","4q",0,-1,"LUAD","DN_T"
"1876","4q31.1",-0.0715791044192649,-0.30187881630463,1,"con","ALL","4","q","4q",0,-1,"LUAD","DN_T"
"1877","4q31.21",-0.0816917852226713,-0.347710092967572,1,"con","ALL","4","q","4q",0,-1,"LUAD","DN_T"
"1878","4q31.22",-0.0771810801047172,-0.329574207086276,1,"con","ALL","4","q","4q",0,-1,"LUAD","DN_T"
"1879","4q32.1",-0.0754308264378134,-0.313981127978638,1,"con","ALL","4","q","4q",0,1,"LUAD","DN_T"
"1880","4q32.2",-0.0799909857579929,-0.331207021158182,1,"con","ALL","4","q","4q",0,1,"LUAD","DN_T"
"1881","4q34.1",-0.0773021692988722,-0.329057309159387,1,"con","ALL","4","q","4q",0,1,"LUAD","DN_T"
"1882","4q34.2",-0.0829115832813611,-0.356084221217202,1,"con","ALL","4","q","4q",0,1,"LUAD","DN_T"
"1883","4q35.1",-0.211681526832848,-0.93101723468323,1,"con","ALL","4","q","4q",0,1,"LUAD","DN_T"
"1884","5p15.33",-0.18532569314631,-2.07788415678265,0.0405681598252392,"con","ALL","5","p","5p",-0.51014035365811,1,"LUAD","DN_T"
"1885","5p15.31",-0.195099529812111,-2.00015371997811,0.0484980591060217,"con","ALL","5","p","5p",-0.478241467510932,1,"LUAD","DN_T"
"1886","5p15.2",-0.200874799525986,-1.9715567204985,0.0517315231505667,"con","ALL","5","p","5p",-0.465162739176046,1,"LUAD","DN_T"
"1887","5p15.1",-0.212668533335359,-1.91174441187193,0.0590905578930346,"con","ALL","5","p","5p",-0.437157470637044,1,"LUAD","DN_T"
"1888","5p13.3",-0.22170573685098,-1.86983825270702,0.0647572904099271,"con","ALL","5","p","5p",-0.406726918596974,1,"LUAD","DN_T"
"1889","5p13.1",-0.226990758279491,-1.64823109131796,0.102792102500534,"con","ALL","5","p","5p",-0.257600741264851,1,"LUAD","DN_T"
"1890","5p12",-0.233813935196321,-1.64184484209287,0.104112109369409,"con","ALL","5","p","5p",-0.257600741264851,1,"LUAD","DN_T"
"1891","5q11.1",-0.220069459124384,-1.40647587144184,0.163026415492259,"con","ALL","5","q","5q",-0.147514883372303,1,"LUAD","DN_T"
"1892","5q11.2",-0.269119104842149,-1.73247410995154,0.0866147533947882,"con","ALL","5","q","5q",-0.307295860384067,1,"LUAD","DN_T"
"1893","5q12.1",-0.326479889029338,-2.2099323477051,0.029646612052438,"con","ALL","5","q","5q",-0.567634916809965,1,"LUAD","DN_T"
"1894","5q12.3",-0.272382047351374,-1.94254816682399,0.0551971016319623,"con","ALL","5","q","5q",-0.452361466475221,1,"LUAD","DN_T"
"1895","5q13.1",-0.257003215049526,-1.89914934500822,0.0607480004112391,"con","ALL","5","q","5q",-0.429838694944599,1,"LUAD","DN_T"
"1896","5q13.2",-0.241728076699997,-1.95649655287847,0.0535069024956356,"con","ALL","5","q","5q",-0.455997175746207,1,"LUAD","DN_T"
"1897","5q13.3",-0.229485056133313,-1.97107675841099,0.0517873210570315,"con","ALL","5","q","5q",-0.465162739176046,-1,"LUAD","DN_T"
"1898","5q14.1",-0.222403814877155,-1.94823856737331,0.0545021780222746,"con","ALL","5","q","5q",-0.452956547805887,-1,"LUAD","DN_T"
"1899","5q14.2",-0.219725040310949,-1.98456726477439,0.0502383544799395,"con","ALL","5","q","5q",-0.468131613698534,-1,"LUAD","DN_T"
"1900","5q14.3",-0.226566281081979,-2.06367711734124,0.04192799986412,"con","ALL","5","q","5q",-0.51014035365811,-1,"LUAD","DN_T"
"1901","5q15",-0.242615840946991,-2.20070137939739,0.0303165364977797,"con","ALL","5","q","5q",-0.567634916809965,-1,"LUAD","DN_T"
"1902","5q21.1",-0.248146887215543,-2.23673870374675,0.0277740192728198,"con","ALL","5","q","5q",-0.573249395436093,-1,"LUAD","DN_T"
"1903","5q21.3",-0.252885163696757,-2.25745372659092,0.0263987833172312,"con","ALL","5","q","5q",-0.573249395436093,-1,"LUAD","DN_T"
"1904","5q22.2",-0.256650828500833,-2.23573888354786,0.0278419563600687,"con","ALL","5","q","5q",-0.573249395436093,-1,"LUAD","DN_T"
"1905","5q22.3",-0.266445670388075,-2.2731320558571,0.0253980547291544,"con","ALL","5","q","5q",-0.573249395436093,-1,"LUAD","DN_T"
"1906","5q23.1",-0.264281545438413,-2.24140926932684,0.0274585792010675,"con","ALL","5","q","5q",-0.573249395436093,-1,"LUAD","DN_T"
"1907","5q23.2",-0.25938984032887,-2.19483136325632,0.0307493899501233,"con","ALL","5","q","5q",-0.567634916809965,-1,"LUAD","DN_T"
"1908","5q31.1",-0.23032064725443,-2.07612763538568,0.0407342009929704,"con","ALL","5","q","5q",-0.51014035365811,1,"LUAD","DN_T"
"1909","5q31.2",-0.205530246065125,-2.02154312062298,0.046193815048385,"con","ALL","5","q","5q",-0.494117754808522,1,"LUAD","DN_T"
"1910","5q31.3",-0.204112289815683,-2.11726196199053,0.0369960644906462,"con","ALL","5","q","5q",-0.52183024579274,1,"LUAD","DN_T"
"1911","5q32",-0.187179327503566,-2.13272602959403,0.0356695957088636,"con","ALL","5","q","5q",-0.523734492234094,1,"LUAD","DN_T"
"1912","5q33.1",-0.188828784422633,-2.18397256873119,0.0315643505942982,"con","ALL","5","q","5q",-0.565234810576537,1,"LUAD","DN_T"
"1913","5q33.2",-0.191882074025777,-2.22415608267102,0.0286396807928739,"con","ALL","5","q","5q",-0.573249395436093,1,"LUAD","DN_T"
"1914","5q33.3",-0.185888073965364,-2.19260749767944,0.030914780938056,"con","ALL","5","q","5q",-0.567634916809965,1,"LUAD","DN_T"
"1915","5q34",-0.177993009743421,-2.12814577127129,0.0360581119747874,"con","ALL","5","q","5q",-0.523734492234094,1,"LUAD","DN_T"
"1916","5q35.1",-0.171510764912898,-2.07232464490957,0.041095699135115,"con","ALL","5","q","5q",-0.51014035365811,1,"LUAD","DN_T"
"1917","5q35.2",-0.170023906822128,-2.06228371918211,0.0420634585708741,"con","ALL","5","q","5q",-0.51014035365811,1,"LUAD","DN_T"
"1918","5q35.3",-0.102240315312133,-1.29925543314248,0.19717477516453,"con","ALL","5","q","5q",-0.102324723709192,1,"LUAD","DN_T"
"1919","6p25.2",0.0511716365854838,0.285425820199148,0.775973777149076,"con","ALL","6","p","6p",0,1,"LUAD","DN_T"
"1920","6p25.1",0.115354886119147,0.664560991942257,0.508030513216077,"con","ALL","6","p","6p",0,1,"LUAD","DN_T"
"1921","6p24.3",0.143142588608199,0.853412436597408,0.395696277900324,"con","ALL","6","p","6p",0,1,"LUAD","DN_T"
"1922","6p24.2",0.168767674864977,1.03947717311225,0.30136740454462,"con","ALL","6","p","6p",0.0257370413118741,1,"LUAD","DN_T"
"1923","6p23",0.400413570156177,2.55335844372799,0.0123518738764806,"con","ALL","6","p","6p",0.765938741839817,1,"LUAD","DN_T"
"1924","6p22.3",0.343355777883075,2.49017205820955,0.0146039411589769,"con","ALL","6","p","6p",0.723870335634238,1,"LUAD","DN_T"
"1925","6p22.2",0.315866578941033,2.40324930647368,0.0183020785222266,"con","ALL","6","p","6p",0.663628556688698,1,"LUAD","DN_T"
"1926","6p22.1",0.292169730896927,2.36043255065142,0.0204134877036393,"con","ALL","6","p","6p",0.642540698174297,1,"LUAD","DN_T"
"1927","6p21.33",0.249729466554471,2.25688578572635,0.0264356755419284,"con","ALL","6","p","6p",0.573249395436093,1,"LUAD","DN_T"
"1928","6p21.32",0.272396397924596,2.58397712213895,0.0113773810383837,"con","ALL","6","p","6p",0.790905421703143,1,"LUAD","DN_T"
"1929","6p21.31",0.311327199304437,2.78706454635878,0.0064875017120696,"con","ALL","6","p","6p",0.976878292487163,1,"LUAD","DN_T"
"1930","6p21.2",0.386104226108437,3.04342665971776,0.00306604224302667,"con","ALL","6","p","6p",1.17509841482752,1,"LUAD","DN_T"
"1931","6p21.1",0.473604395989983,3.1042632858817,0.00254999589481755,"con","ALL","6","p","6p",1.19183617342528,1,"LUAD","DN_T"
"1932","6p12.1",-0.00899115825084412,-0.0499726384669094,0.960254930697077,"con","ALL","6","p","6p",0,1,"LUAD","DN_T"
"1933","6q12",-0.0572570755709307,-0.33811388038188,0.736064812039266,"con","ALL","6","q","6q",0,1,"LUAD","DN_T"
"1934","6q13",-0.0600315208056359,-0.366553863008564,0.714812169260098,"con","ALL","6","q","6q",0,1,"LUAD","DN_T"
"1935","6q14.1",-0.054329595680979,-0.362240834236565,0.718021266624159,"con","ALL","6","q","6q",0,1,"LUAD","DN_T"
"1936","6q14.3",-0.0529034408533525,-0.401535413752119,0.688977829947737,"con","ALL","6","q","6q",0,1,"LUAD","DN_T"
"1937","6q15",-0.0764716489628893,-0.620794896604525,0.536303582692249,"con","ALL","6","q","6q",0,1,"LUAD","DN_T"
"1938","6q16.1",-0.0879118742023123,-0.746539455451178,0.457287330175197,"con","ALL","6","q","6q",0,1,"LUAD","DN_T"
"1939","6q16.2",-0.0798100854752697,-0.704927941254615,0.482675413387904,"con","ALL","6","q","6q",0,1,"LUAD","DN_T"
"1940","6q21",-0.075368875342353,-0.701162226706457,0.485010782077628,"con","ALL","6","q","6q",0,-1,"LUAD","DN_T"
"1941","6q22.1",-0.0618904160092404,-0.590821131520652,0.556121107989957,"con","ALL","6","q","6q",0,-1,"LUAD","DN_T"
"1942","6q22.31",-0.0610109680486791,-0.57191428841654,0.568805765537785,"con","ALL","6","q","6q",0,-1,"LUAD","DN_T"
"1943","6q22.33",-0.0626123861390578,-0.574525937421005,0.567045263597266,"con","ALL","6","q","6q",0,-1,"LUAD","DN_T"
"1944","6q23.2",-0.0618817750653779,-0.563639818980386,0.57440101907834,"con","ALL","6","q","6q",0,-1,"LUAD","DN_T"
"1945","6q23.3",-0.0561714717717413,-0.505204321147189,0.61465028233476,"con","ALL","6","q","6q",0,-1,"LUAD","DN_T"
"1946","6q24.1",-0.0510510463707405,-0.454822224551787,0.650332337095717,"con","ALL","6","q","6q",0,-1,"LUAD","DN_T"
"1947","6q24.2",-0.00224992306547987,-0.0200840213632475,0.984020806087095,"con","ALL","6","q","6q",0,-1,"LUAD","DN_T"
"1948","6q25.1",0.0788276748292851,0.722496204325655,0.471862701648101,"con","ALL","6","q","6q",0,-1,"LUAD","DN_T"
"1949","6q25.3",0.129276226687383,1.24798087458741,0.215275196130809,"con","ALL","6","q","6q",0.0821657108764429,1,"LUAD","DN_T"
"1950","6q27",0.142280929028035,1.40977137567956,0.162053587875765,"con","ALL","6","q","6q",0.147514883372303,1,"LUAD","DN_T"
"1951","7p22.3",-0.0580303317554926,-0.831627626101208,0.40782022663226,"con","ALL","7","p","7p",0,1,"LUAD","DN_T"
"1952","7p22.1",-0.053781982065373,-0.787768570953626,0.43290194900837,"con","ALL","7","p","7p",0,1,"LUAD","DN_T"
"1953","7p21.3",-0.0531077522227456,-0.781944061634171,0.436299803300189,"con","ALL","7","p","7p",0,1,"LUAD","DN_T"
"1954","7p21.1",-0.0514318455196492,-0.753560862969016,0.45307984157322,"con","ALL","7","p","7p",0,1,"LUAD","DN_T"
"1955","7p15.3",-0.049564781803072,-0.718719544998181,0.474175601798819,"con","ALL","7","p","7p",0,1,"LUAD","DN_T"
"1956","7p15.2",-0.0487092250005598,-0.702176664604875,0.484381050312271,"con","ALL","7","p","7p",0,1,"LUAD","DN_T"
"1957","7p14.3",-0.0462523741174396,-0.653143571343895,0.515328809950691,"con","ALL","7","p","7p",0,1,"LUAD","DN_T"
"1958","7p14.2",-0.0464316557371513,-0.647019740335732,0.519265999182799,"con","ALL","7","p","7p",0,1,"LUAD","DN_T"
"1959","7p14.1",-0.0242990576979213,-0.33105979571657,0.741368884782766,"con","ALL","7","p","7p",0,1,"LUAD","DN_T"
"1960","7p13",0.0104436313131597,0.13747827494457,0.890959863450456,"con","ALL","7","p","7p",0,1,"LUAD","DN_T"
"1961","7p12.3",0.0209559476180139,0.26612566769213,0.790751148808231,"con","ALL","7","p","7p",0,1,"LUAD","DN_T"
"1962","7p11.2",0.0222980927155376,0.272407562245763,0.785932658309732,"con","ALL","7","p","7p",0,1,"LUAD","DN_T"
"1963","7q11.21",0.0253673804124124,0.28917216619083,0.773114692395783,"con","ALL","7","q","7q",0,1,"LUAD","DN_T"
"1964","7q11.23",-0.0118784322411823,-0.109941738415205,0.912700361004719,"con","ALL","7","q","7q",0,1,"LUAD","DN_T"
"1965","7q21.12",-0.112648155544939,-0.982480302319398,0.328497077281244,"con","ALL","7","q","7q",-0.00698959907858554,1,"LUAD","DN_T"
"1966","7q21.2",-0.118165108968909,-0.979624510306587,0.329897514590869,"con","ALL","7","q","7q",-0.00698959907858554,1,"LUAD","DN_T"
"1967","7q21.3",-0.125435756229469,-1.01234931725339,0.31408498526668,"con","ALL","7","q","7q",-0.0190985228313607,1,"LUAD","DN_T"
"1968","7q22.1",-0.0920936128484576,-0.708374284898943,0.480543563241373,"con","ALL","7","q","7q",0,1,"LUAD","DN_T"
"1969","7q22.3",-0.0284903614605538,-0.205018968163534,0.838020278060476,"con","ALL","7","q","7q",0,1,"LUAD","DN_T"
"1970","7q31.1",-0.00983374631868237,-0.0679616603377916,0.945966914282499,"con","ALL","7","q","7q",0,1,"LUAD","DN_T"
"1971","7q31.2",-0.0026821821775154,-0.0182041064325,0.985516323168378,"con","ALL","7","q","7q",0,1,"LUAD","DN_T"
"1972","7q31.31",0.000724887649198251,0.00489780626835734,0.996102971698319,"con","ALL","7","q","7q",0,1,"LUAD","DN_T"
"1973","7q31.32",0.000206339671105618,0.00137913400063659,0.998902662959353,"con","ALL","7","q","7q",0,1,"LUAD","DN_T"
"1974","7q32.1",-0.00638730942420408,-0.041474959662552,0.967009127093639,"con","ALL","7","q","7q",0,-1,"LUAD","DN_T"
"1975","7q32.2",-0.00867078073870068,-0.0555339686404805,0.955836166548372,"con","ALL","7","q","7q",0,-1,"LUAD","DN_T"
"1976","7q33",-0.0103979561207941,-0.0657727565319556,0.947704629580468,"con","ALL","7","q","7q",0,-1,"LUAD","DN_T"
"1977","7q34",-0.0126765601073732,-0.0797927968278395,0.936579211249035,"con","ALL","7","q","7q",0,1,"LUAD","DN_T"
"1978","7q36.1",-0.0193789079673662,-0.125029124917185,0.900779343988812,"con","ALL","7","q","7q",0,1,"LUAD","DN_T"
"1979","7q36.3",-0.031305456060361,-0.207827548587057,0.835833185925456,"con","ALL","7","q","7q",0,1,"LUAD","DN_T"
"1980","8p23.3",0.193857599547452,1.55470531326434,0.123525893652003,"con","ALL","8","p","8p",0.20234775178506,1,"LUAD","DN_T"
"1981","8p22",0.245678279924685,1.91764886965291,0.0583267988397168,"con","ALL","8","p","8p",0.437157470637044,1,"LUAD","DN_T"
"1982","8p21.3",0.27114300659899,2.02283025536652,0.0460581949678029,"con","ALL","8","p","8p",0.494117754808522,1,"LUAD","DN_T"
"1983","8p21.2",0.374267332904839,2.73746818526307,0.00746117817481118,"con","ALL","8","p","8p",0.939533058580812,1,"LUAD","DN_T"
"1984","8p21.1",0.395965883976857,2.8476275286437,0.00545661627362487,"con","ALL","8","p","8p",1.01311429801833,1,"LUAD","DN_T"
"1985","8p12",0.426589614009332,3.00821390840801,0.00340738575305976,"con","ALL","8","p","8p",1.17486442830239,1,"LUAD","DN_T"
"1986","8p11.23",0.4524673482211,3.06526540122927,0.00287056785022421,"con","ALL","8","p","8p",1.18485992574334,1,"LUAD","DN_T"
"1987","8p11.22",0.441167426934247,2.99024959786671,0.00359477171059326,"con","ALL","8","p","8p",1.16633767301534,1,"LUAD","DN_T"
"1988","8p11.21",0.364310391504124,2.50917450838326,0.0138907427136701,"con","ALL","8","p","8p",0.72541155667953,1,"LUAD","DN_T"
"1989","8q11.21",0.282448371349569,2.05502203471302,0.042775510404102,"con","ALL","8","q","8q",0.51014035365811,1,"LUAD","DN_T"
"1990","8q11.23",0.217866988416994,1.63529040966995,0.105481081485043,"con","ALL","8","q","8q",0.257600741264851,1,"LUAD","DN_T"
"1991","8q12.1",0.102205530149063,0.819340977927782,0.414756342493481,"con","ALL","8","q","8q",0,1,"LUAD","DN_T"
"1992","8q12.3",0.0448849510093858,0.379719902661901,0.705047889925894,"con","ALL","8","q","8q",0,1,"LUAD","DN_T"
"1993","8q13.1",-0.0187903390998445,-0.165149992340633,0.869196312706374,"con","ALL","8","q","8q",0,1,"LUAD","DN_T"
"1994","8q13.3",-0.0353321950101288,-0.320327028365765,0.74946295893888,"con","ALL","8","q","8q",0,1,"LUAD","DN_T"
"1995","8q21.11",-0.108508177590397,-1.0392883252339,0.301454714514309,"con","ALL","8","q","8q",-0.0257370413118741,1,"LUAD","DN_T"
"1996","8q21.13",-0.108710199790012,-1.14744046059975,0.254240709697212,"con","ALL","8","q","8q",-0.053050185091599,1,"LUAD","DN_T"
"1997","8q21.3",-0.0885633695144559,-1.02676756110729,0.307281650937251,"con","ALL","8","q","8q",-0.0226379844526999,1,"LUAD","DN_T"
"1998","8q22.1",-0.0757238692036411,-0.978769752247045,0.330317438272712,"con","ALL","8","q","8q",-0.00698959907858554,1,"LUAD","DN_T"
"1999","8q22.2",-0.0656758995726107,-0.900357073769244,0.37033315358956,"con","ALL","8","q","8q",0,1,"LUAD","DN_T"
"2000","8q22.3",-0.0577122708373184,-0.821044339536529,0.413790540036618,"con","ALL","8","q","8q",0,1,"LUAD","DN_T"
"2001","8q23.1",-0.0437994662954761,-0.642533645351119,0.522160228487337,"con","ALL","8","q","8q",0,1,"LUAD","DN_T"
"2002","8q23.2",-0.0434506910359529,-0.641921911672839,0.522555544155976,"con","ALL","8","q","8q",0,1,"LUAD","DN_T"
"2003","8q24.11",-0.0398068798848554,-0.593296210326981,0.554471012645817,"con","ALL","8","q","8q",0,1,"LUAD","DN_T"
"2004","8q24.12",-0.0343948297580677,-0.522194794247973,0.602817658799897,"con","ALL","8","q","8q",0,1,"LUAD","DN_T"
"2005","8q24.13",-0.0470374425438993,-0.731571593295213,0.466330689766373,"con","ALL","8","q","8q",0,1,"LUAD","DN_T"
"2006","8q24.22",-0.0575394757987113,-0.930055701436091,0.354830206410881,"con","ALL","8","q","8q",0,1,"LUAD","DN_T"
"2007","8q24.3",-0.0520355687290744,-0.878837817633859,0.381829575219937,"con","ALL","8","q","8q",0,1,"LUAD","DN_T"
"2008","9p24.1",0.0689142278819312,0.851849763495066,0.396558516309892,"con","ALL","9","p","9p",0,-1,"LUAD","DN_T"
"2009","9p22.3",0.0674418078939436,0.823967738550779,0.41213613686156,"con","ALL","9","p","9p",0,-1,"LUAD","DN_T"
"2010","9p22.1",0.11582286723332,1.44313194461111,0.152454925661183,"con","ALL","9","p","9p",0.163266462275152,-1,"LUAD","DN_T"
"2011","9p21.1",0.16218978890053,1.83014084509644,0.070539082975929,"con","ALL","9","p","9p",0.374181529452333,-1,"LUAD","DN_T"
"2012","9p13.3",0.215669879735709,2.05353618126325,0.0429224773961647,"con","ALL","9","p","9p",0.51014035365811,-1,"LUAD","DN_T"
"2013","9p13.2",0.27485627334727,2.22460097022208,0.0286086750265224,"con","ALL","9","p","9p",0.573249395436093,-1,"LUAD","DN_T"
"2014","9q21.12",0.338354417923269,2.42003653535809,0.0175288029558938,"con","ALL","9","q","9q",0.673233332457718,-1,"LUAD","DN_T"
"2015","9q21.13",0.382895297515918,2.45081610539011,0.0161863088271486,"con","ALL","9","q","9q",0.688952425110529,-1,"LUAD","DN_T"
"2016","9q21.2",0.199484398507651,1.0259961240189,1,"con","ALL","9","q","9q",0,-1,"LUAD","DN_T"
"2017","9q21.31",0.201375343576573,1.01896639954423,1,"con","ALL","9","q","9q",0,-1,"LUAD","DN_T"
"2018","9q21.32",0.208548420779924,1.02896175523144,1,"con","ALL","9","q","9q",0,-1,"LUAD","DN_T"
"2019","9q21.33",0.210440121508527,1.0094564569864,1,"con","ALL","9","q","9q",0,-1,"LUAD","DN_T"
"2020","9q22.2",0.203518297717727,0.965384799469565,1,"con","ALL","9","q","9q",0,-1,"LUAD","DN_T"
"2021","9q22.31",0.196228927101122,0.93785117269458,1,"con","ALL","9","q","9q",0,-1,"LUAD","DN_T"
"2022","9q22.32",0.189528521841107,0.911048625744007,1,"con","ALL","9","q","9q",0,-1,"LUAD","DN_T"
"2023","9q22.33",0.16588691900446,0.838449795789273,1,"con","ALL","9","q","9q",0,-1,"LUAD","DN_T"
"2024","9q31.1",0.145311956058713,0.801352873719159,0.425038017868088,"con","ALL","9","q","9q",0,-1,"LUAD","DN_T"
"2025","9q31.2",0.126509764985271,0.751775370677096,0.454147663233146,"con","ALL","9","q","9q",0,-1,"LUAD","DN_T"
"2026","9q31.3",0.118898710509018,0.738775862425817,0.461965428428074,"con","ALL","9","q","9q",0,-1,"LUAD","DN_T"
"2027","9q32",0.108847558513516,0.67115832311005,0.503838605921666,"con","ALL","9","q","9q",0,-1,"LUAD","DN_T"
"2028","9q33.2",0.0975339533151561,0.56983156633475,0.570211620507549,"con","ALL","9","q","9q",0,-1,"LUAD","DN_T"
"2029","9q33.3",0.0680284772138,0.397295396120276,0.692090299548129,"con","ALL","9","q","9q",0,-1,"LUAD","DN_T"
"2030","9q34.11",0.0396452792904201,0.226759519267337,0.821124998011956,"con","ALL","9","q","9q",0,-1,"LUAD","DN_T"
"2031","9q34.13",0.0179560932102139,0.103990177010117,0.917408529617911,"con","ALL","9","q","9q",0,-1,"LUAD","DN_T"
"2032","9q34.3",-0.0347718185169667,-0.235256596275953,0.814544045848751,"con","ALL","9","q","9q",0,1,"LUAD","DN_T"
"2033","10p15.3",0.0633759202147926,0.595597403972342,0.552939031305237,"con","ALL","10","p","10p",0,-1,"LUAD","DN_T"
"2034","10p14",0.062714779832592,0.50951148234642,0.611640827185571,"con","ALL","10","p","10p",0,-1,"LUAD","DN_T"
"2035","10p13",0.0665555813658074,0.489099892123259,0.625960823923756,"con","ALL","10","p","10p",0,-1,"LUAD","DN_T"
"2036","10p12.2",0.0713109565550006,0.46184656776448,0.645305793930308,"con","ALL","10","p","10p",0,-1,"LUAD","DN_T"
"2037","10p12.1",0.0690008320480249,0.412064513423972,0.681271945653029,"con","ALL","10","p","10p",0,-1,"LUAD","DN_T"
"2038","10p11.22",0.0795464068429513,0.440888104906345,0.660351267406251,"con","ALL","10","p","10p",0,-1,"LUAD","DN_T"
"2039","10q11.21",0.0656462828354029,0.330606149531772,0.741710419323217,"con","ALL","10","q","10q",0,-1,"LUAD","DN_T"
"2040","10q11.22",0.0614398380517887,0.301493592953564,0.763733649809987,"con","ALL","10","q","10q",0,-1,"LUAD","DN_T"
"2041","10q21.1",0.0600561858840946,0.29048664139908,0.772112268506169,"con","ALL","10","q","10q",0,-1,"LUAD","DN_T"
"2042","10q21.3",0.0437876697876481,0.202850733496316,1,"con","ALL","10","q","10q",0,-1,"LUAD","DN_T"
"2043","10q22.1",0.0462979177901013,0.192055915725645,1,"con","ALL","10","q","10q",0,1,"LUAD","DN_T"
"2044","10q22.2",0.0488725136462339,0.185218700389745,1,"con","ALL","10","q","10q",0,1,"LUAD","DN_T"
"2045","10q22.3",0.0600329259474425,0.225853166588723,1,"con","ALL","10","q","10q",0,1,"LUAD","DN_T"
"2046","10q23.1",0.0871026710782954,0.325692033442315,1,"con","ALL","10","q","10q",0,1,"LUAD","DN_T"
"2047","10q23.2",0.10940399030111,0.407906168472313,1,"con","ALL","10","q","10q",0,1,"LUAD","DN_T"
"2048","10q23.31",0.113644724752185,0.420152387934009,1,"con","ALL","10","q","10q",0,-1,"LUAD","DN_T"
"2049","10q23.32",0.12733322790069,0.46933237485036,1,"con","ALL","10","q","10q",0,-1,"LUAD","DN_T"
"2050","10q24.1",0.159787965540631,0.600184279957892,1,"con","ALL","10","q","10q",0,-1,"LUAD","DN_T"
"2051","10q24.2",0.173407262659033,0.653874543855968,1,"con","ALL","10","q","10q",0,-1,"LUAD","DN_T"
"2052","10q24.31",0.183148737901889,0.716841890154921,1,"con","ALL","10","q","10q",0,-1,"LUAD","DN_T"
"2053","10q24.32",0.193321544138309,0.774719845868448,0.440535844118877,"con","ALL","10","q","10q",0,-1,"LUAD","DN_T"
"2054","10q25.1",0.204753531225601,0.823970952382646,0.412134320294532,"con","ALL","10","q","10q",0,-1,"LUAD","DN_T"
"2055","10q25.2",0.192937398988269,0.775715142935346,0.439950814623033,"con","ALL","10","q","10q",0,-1,"LUAD","DN_T"
"2056","10q25.3",0.189210595481907,0.77027205849383,1,"con","ALL","10","q","10q",0,-1,"LUAD","DN_T"
"2057","10q26.11",0.148001182766366,0.599826078115292,1,"con","ALL","10","q","10q",0,-1,"LUAD","DN_T"
"2058","10q26.13",0.537665887572189,2.64328903722382,1,"con","ALL","10","q","10q",0,-1,"LUAD","DN_T"
"2059","10q26.3",0.553294870704908,3.08929014452653,0.00266892532022072,"con","ALL","10","q","10q",1.19183617342528,-1,"LUAD","DN_T"
"2060","11p15.5",-0.30117996735066,-3.60603985009943,0.000509850757713632,"con","ALL","11","p","11p",-1.5788373496981,-1,"LUAD","DN_T"
"2061","11p15.4",-0.406864353222247,-3.14359217531718,0.00226067400373971,"con","ALL","11","p","11p",-1.19183617342528,-1,"LUAD","DN_T"
"2062","11p15.3",-0.470084637598106,-3.10851970944534,0.00251709833785499,"con","ALL","11","p","11p",-1.19183617342528,-1,"LUAD","DN_T"
"2063","11p15.2",-0.481820057619261,-2.92847896642927,0.00431422804913114,"con","ALL","11","p","11p",-1.10134632935659,-1,"LUAD","DN_T"
"2064","11p15.1",-0.515851937730011,-2.81626215618368,0.00597009992264104,"con","ALL","11","p","11p",-1.00038505059178,-1,"LUAD","DN_T"
"2065","11p14.3",-0.526185353173248,-2.49098210404041,0.0145728812025075,"con","ALL","11","p","11p",-0.723870335634238,-1,"LUAD","DN_T"
"2066","11p13",-0.0890085694416521,-0.319434267461907,1,"con","ALL","11","p","11p",0,-1,"LUAD","DN_T"
"2067","11p12",-0.0775488111041972,-0.241537400086055,1,"con","ALL","11","p","11p",0,-1,"LUAD","DN_T"
"2068","11p11.2",-0.165270219185986,-0.438938134747313,1,"con","ALL","11","p","11p",0,1,"LUAD","DN_T"
"2069","11q12.1",-0.161985739095194,-0.378755428435462,1,"con","ALL","11","q","11q",0,1,"LUAD","DN_T"
"2070","11q12.2",-0.0392443790819178,-0.10634299324498,1,"con","ALL","11","q","11q",0,1,"LUAD","DN_T"
"2071","11q12.3",-0.0105621590703741,-0.0330206601899784,1,"con","ALL","11","q","11q",0,1,"LUAD","DN_T"
"2072","11q13.1",-0.019548154953767,-0.0758501689974937,1,"con","ALL","11","q","11q",0,1,"LUAD","DN_T"
"2073","11q13.2",-0.180587871997711,-1.06100441743065,0.291526856717301,"con","ALL","11","q","11q",-0.0281824299391019,1,"LUAD","DN_T"
"2074","11q13.3",-0.199427501945692,-1.43601299859727,0.154465409811209,"con","ALL","11","q","11q",-0.163266462275152,1,"LUAD","DN_T"
"2075","11q13.4",-0.205006439435853,-1.39084689983517,0.167701126899332,"con","ALL","11","q","11q",-0.146659581810697,1,"LUAD","DN_T"
"2076","11q13.5",-0.195591490338554,-1.26750401934697,0.208244807856218,"con","ALL","11","q","11q",-0.0908860165332369,1,"LUAD","DN_T"
"2077","11q14.1",-0.183163879634439,-0.9617561942239,0.338748964504602,"con","ALL","11","q","11q",-0.00504436864402405,-1,"LUAD","DN_T"
"2078","11q14.2",-0.138834157143917,-0.637489659557537,1,"con","ALL","11","q","11q",0,-1,"LUAD","DN_T"
"2079","11q14.3",-0.10208697584537,-0.444384348637635,1,"con","ALL","11","q","11q",0,-1,"LUAD","DN_T"
"2080","11q21",-0.0354421136922748,-0.145041746419009,1,"con","ALL","11","q","11q",0,-1,"LUAD","DN_T"
"2081","11q22.2",0.0769698697872118,0.313435244177825,1,"con","ALL","11","q","11q",0,-1,"LUAD","DN_T"
"2082","11q22.3",0.156700910009502,0.670185484988766,1,"con","ALL","11","q","11q",0,-1,"LUAD","DN_T"
"2083","11q23.1",0.188264511558887,0.90347714145976,0.368684619424449,"con","ALL","11","q","11q",0,-1,"LUAD","DN_T"
"2084","11q23.2",0.188209616041533,0.966122131299254,0.3365720236403,"con","ALL","11","q","11q",0.00504436864402405,-1,"LUAD","DN_T"
"2085","11q23.3",0.155434914290407,0.888069756503668,0.376870501139745,"con","ALL","11","q","11q",0,-1,"LUAD","DN_T"
"2086","11q24.1",0.121928881589114,0.848705090967249,0.398297148049852,"con","ALL","11","q","11q",0,-1,"LUAD","DN_T"
"2087","11q24.2",0.107823649052555,0.777397085220753,0.438963210105468,"con","ALL","11","q","11q",0,1,"LUAD","DN_T"
"2088","11q24.3",0.0946221241002433,0.721931373729885,0.472208212425718,"con","ALL","11","q","11q",0,1,"LUAD","DN_T"
"2089","11q25",0.0921922742501632,0.72898592663049,0.467903074654358,"con","ALL","11","q","11q",0,1,"LUAD","DN_T"
"2090","12p13.33",0.0560915348578305,0.68574277115372,0.49463799145898,"con","ALL","12","p","12p",0,1,"LUAD","DN_T"
"2091","12p13.32",0.0606363172520913,0.722909133325989,0.471610199794458,"con","ALL","12","p","12p",0,1,"LUAD","DN_T"
"2092","12p13.31",0.0717333568473271,0.771759884109755,0.442278369002763,"con","ALL","12","p","12p",0,-1,"LUAD","DN_T"
"2093","12p13.2",0.102421382588457,0.88938783234346,0.376165785965283,"con","ALL","12","p","12p",0,-1,"LUAD","DN_T"
"2094","12p13.1",0.112769158574496,0.90269594040716,0.36909694235308,"con","ALL","12","p","12p",0,-1,"LUAD","DN_T"
"2095","12p12.3",0.117945370539582,0.896192542847198,0.372540786081201,"con","ALL","12","p","12p",0,-1,"LUAD","DN_T"
"2096","12p12.1",0.135018667487432,0.868662522370134,0.38734230274257,"con","ALL","12","p","12p",0,1,"LUAD","DN_T"
"2097","12p11.23",0.133409705600887,0.756063481489611,1,"con","ALL","12","p","12p",0,1,"LUAD","DN_T"
"2098","12p11.22",0.123236558476257,0.63425815226804,1,"con","ALL","12","p","12p",0,1,"LUAD","DN_T"
"2099","12q12",0.0879332433973895,0.395226279302968,1,"con","ALL","12","q","12q",0,1,"LUAD","DN_T"
"2100","12q13.11",0.0260204591139094,0.110988945710062,1,"con","ALL","12","q","12q",0,1,"LUAD","DN_T"
"2101","12q13.12",-0.112323998467434,-0.464139099892128,0.643668828032914,"con","ALL","12","q","12q",0,1,"LUAD","DN_T"
"2102","12q13.13",-0.242739746153759,-1.22176638636288,0.224986483802653,"con","ALL","12","q","12q",-0.0767650849063578,1,"LUAD","DN_T"
"2103","12q13.2",-0.149694303857393,-1.02391831504229,0.308618159937389,"con","ALL","12","q","12q",-0.0226379844526999,1,"LUAD","DN_T"
"2104","12q13.3",-0.0862338999759329,-0.753878502455218,0.452890026963789,"con","ALL","12","q","12q",0,1,"LUAD","DN_T"
"2105","12q14.1",-0.0609523195340741,-0.586625725087987,0.558923670101469,"con","ALL","12","q","12q",0,1,"LUAD","DN_T"
"2106","12q14.3",-0.0497856276474795,-0.481355740625662,0.63143198746168,"con","ALL","12","q","12q",0,1,"LUAD","DN_T"
"2107","12q15",-0.0427366208290099,-0.406119934349182,0.685618485135899,"con","ALL","12","q","12q",0,1,"LUAD","DN_T"
"2108","12q21.1",-0.0277400068570604,-0.236051149603809,0.813929339436445,"con","ALL","12","q","12q",0,-1,"LUAD","DN_T"
"2109","12q21.2",-0.0101688021648491,-0.0786692714855536,0.937470335597937,"con","ALL","12","q","12q",0,-1,"LUAD","DN_T"
"2110","12q21.31",0.0112516316680508,0.0801369742748241,0.936306242946797,"con","ALL","12","q","12q",0,-1,"LUAD","DN_T"
"2111","12q21.33",0.0318710211159093,0.213680457850089,0.831279584008757,"con","ALL","12","q","12q",0,-1,"LUAD","DN_T"
"2112","12q22",0.0484485950607119,0.312894609285783,0.755084637666677,"con","ALL","12","q","12q",0,-1,"LUAD","DN_T"
"2113","12q23.1",0.0497601021549324,0.32032068625235,0.749467750224662,"con","ALL","12","q","12q",0,-1,"LUAD","DN_T"
"2114","12q23.2",0.0446543160182927,0.290156818232004,0.772363756664433,"con","ALL","12","q","12q",0,-1,"LUAD","DN_T"
"2115","12q23.3",0.0347548980444467,0.232561747324842,0.816629779122421,"con","ALL","12","q","12q",0,-1,"LUAD","DN_T"
"2116","12q24.11",0.0343220671318956,0.247547204458472,0.805048634141973,"con","ALL","12","q","12q",0,-1,"LUAD","DN_T"
"2117","12q24.13",0.103833419996503,0.768394988025338,0.444264139592592,"con","ALL","12","q","12q",0,-1,"LUAD","DN_T"
"2118","12q24.23",0.195012939793606,1.4503139660898,0.150447207212011,"con","ALL","12","q","12q",0.163266462275152,-1,"LUAD","DN_T"
"2119","12q24.31",0.236103275043391,1.69684548684815,0.0931819016957059,"con","ALL","12","q","12q",0.28415633589852,-1,"LUAD","DN_T"
"2120","12q24.33",0.248808289452669,1.69030522717452,0.0944304779299916,"con","ALL","12","q","12q",0.282612770574244,-1,"LUAD","DN_T"
"2121","13q12.11",0.111784310602262,1.21010532017246,0.229407186450901,"con","ALL","13","q","13q",0.0767650849063578,-1,"LUAD","DN_T"
"2122","13q12.2",0.10968514239823,1.19773831355662,0.234163808532054,"con","ALL","13","q","13q",0.0767650849063578,-1,"LUAD","DN_T"
"2123","13q12.3",0.111777923230441,1.20183860263534,0.232578936053255,"con","ALL","13","q","13q",0.0767650849063578,-1,"LUAD","DN_T"
"2124","13q13.1",0.116237384541866,1.22151765173197,0.225080128619701,"con","ALL","13","q","13q",0.0767650849063578,-1,"LUAD","DN_T"
"2125","13q13.3",0.117463414124066,1.20361095224089,0.231896275712838,"con","ALL","13","q","13q",0.0767650849063578,-1,"LUAD","DN_T"
"2126","13q14.11",0.119341047706063,1.20011961053089,0.233242428369681,"con","ALL","13","q","13q",0.0767650849063578,-1,"LUAD","DN_T"
"2127","13q14.12",0.115212015535694,1.14322901038264,0.255975421550168,"con","ALL","13","q","13q",0.053050185091599,-1,"LUAD","DN_T"
"2128","13q14.13",0.114460720389833,1.1300705862822,0.261449232858388,"con","ALL","13","q","13q",0.051139794294098,-1,"LUAD","DN_T"
"2129","13q14.2",0.117732144776107,1.12729896966045,0.262612619549578,"con","ALL","13","q","13q",0.051139794294098,-1,"LUAD","DN_T"
"2130","13q14.3",0.109023141082058,0.963996095064773,0.337630961203419,"con","ALL","13","q","13q",0.00504436864402405,-1,"LUAD","DN_T"
"2131","13q21.33",0.103168437566869,0.893785706869968,0.373820430868066,"con","ALL","13","q","13q",0,-1,"LUAD","DN_T"
"2132","13q22.2",0.0922503736175059,0.787945575079646,0.432798934138579,"con","ALL","13","q","13q",0,-1,"LUAD","DN_T"
"2133","13q22.3",0.0853403064870437,0.718830197738272,0.474107745942136,"con","ALL","13","q","13q",0,-1,"LUAD","DN_T"
"2134","13q31.1",0.0834011746352414,0.697252325976454,0.487442140224497,"con","ALL","13","q","13q",0,-1,"LUAD","DN_T"
"2135","13q32.1",0.0798986670697595,0.667389048209465,0.506231306784965,"con","ALL","13","q","13q",0,-1,"LUAD","DN_T"
"2136","13q32.2",0.0759747383106843,0.627390801650424,0.531991616847089,"con","ALL","13","q","13q",0,-1,"LUAD","DN_T"
"2137","13q32.3",0.079079615561246,0.655505059226238,0.513814761476955,"con","ALL","13","q","13q",0,-1,"LUAD","DN_T"
"2138","13q33.3",0.0842265752392041,0.693835119978621,0.489572584909546,"con","ALL","13","q","13q",0,-1,"LUAD","DN_T"
"2139","13q34",0.0795811666297671,0.660661759948579,0.510516783583157,"con","ALL","13","q","13q",0,-1,"LUAD","DN_T"
"2140","14q11.2",-0.019533897689462,-0.136951573207123,0.891374975203597,"con","ALL","14","q","14q",0,1,"LUAD","DN_T"
"2141","14q12",-0.0734140172928062,-0.533371943174148,0.595090888851999,"con","ALL","14","q","14q",0,1,"LUAD","DN_T"
"2142","14q13.1",-0.0759960118084496,-0.567818449699974,0.571572089827511,"con","ALL","14","q","14q",0,1,"LUAD","DN_T"
"2143","14q13.2",-0.0765900805034901,-0.58874460801518,0.557507369401139,"con","ALL","14","q","14q",0,1,"LUAD","DN_T"
"2144","14q13.3",-0.0735625556242173,-0.577521591872482,0.56502918000137,"con","ALL","14","q","14q",0,1,"LUAD","DN_T"
"2145","14q21.1",-0.0733559158552087,-0.577104854693993,0.565309435310952,"con","ALL","14","q","14q",0,1,"LUAD","DN_T"
"2146","14q21.2",-0.0747162983185176,-0.598851414862213,0.550776335861444,"con","ALL","14","q","14q",0,1,"LUAD","DN_T"
"2147","14q21.3",-0.0800017993276986,-0.656062961923338,0.513457410735257,"con","ALL","14","q","14q",0,1,"LUAD","DN_T"
"2148","14q22.1",-0.0768363139610499,-0.641563953296665,0.522786937162314,"con","ALL","14","q","14q",0,1,"LUAD","DN_T"
"2149","14q22.3",-0.0693579082861241,-0.59077518879217,0.556151760282379,"con","ALL","14","q","14q",0,1,"LUAD","DN_T"
"2150","14q23.1",-0.0710251048543801,-0.629397517564729,0.530683310247349,"con","ALL","14","q","14q",0,1,"LUAD","DN_T"
"2151","14q23.2",-0.0742968380641214,-0.669768233952235,0.504720314740218,"con","ALL","14","q","14q",0,1,"LUAD","DN_T"
"2152","14q23.3",-0.0761576552483738,-0.686793076040925,0.493978948192334,"con","ALL","14","q","14q",0,1,"LUAD","DN_T"
"2153","14q24.1",-0.0777713580470377,-0.705298511132644,0.48244593468744,"con","ALL","14","q","14q",0,1,"LUAD","DN_T"
"2154","14q24.2",-0.0716033070779029,-0.646867101149173,0.519364336657959,"con","ALL","14","q","14q",0,1,"LUAD","DN_T"
"2155","14q24.3",-0.064483521507221,-0.539107793305158,0.591143621389731,"con","ALL","14","q","14q",0,1,"LUAD","DN_T"
"2156","14q32.11",-0.0671297462618297,-0.516359594270429,0.606869696095606,"con","ALL","14","q","14q",0,1,"LUAD","DN_T"
"2157","14q32.12",-0.0329784576612686,-0.246125873450791,0.806145253790771,"con","ALL","14","q","14q",0,1,"LUAD","DN_T"
"2158","14q32.2",0.0764361309681652,0.555173330627103,0.580153393616715,"con","ALL","14","q","14q",0,1,"LUAD","DN_T"
"2159","14q32.31",0.0848648626426037,0.61381902459269,0.540883325049167,"con","ALL","14","q","14q",0,1,"LUAD","DN_T"
"2160","14q32.32",-0.0221919416693911,-0.159837422389951,0.873367324476328,"con","ALL","14","q","14q",0,1,"LUAD","DN_T"
"2161","14q32.33",-0.107891628138732,-0.827821655050139,0.409961241931134,"con","ALL","14","q","14q",0,1,"LUAD","DN_T"
"2162","15q14",0.137346740833305,1.37598002426147,0.172242230640274,"con","ALL","15","q","15q",0.145468659535261,-1,"LUAD","DN_T"
"2163","15q15.1",0.135012151984295,1.40164255335462,0.164461294268017,"con","ALL","15","q","15q",0.147514883372303,-1,"LUAD","DN_T"
"2164","15q15.2",0.135301888104623,1.44983918381734,0.150579295768855,"con","ALL","15","q","15q",0.163266462275152,-1,"LUAD","DN_T"
"2165","15q15.3",0.13598655035278,1.46460943772628,0.146512005269029,"con","ALL","15","q","15q",0.163266462275152,-1,"LUAD","DN_T"
"2166","15q21.1",0.14039662538649,1.49842031653796,0.137523484479725,"con","ALL","15","q","15q",0.182057827310717,-1,"LUAD","DN_T"
"2167","15q21.2",0.139419014302523,1.44609087202461,0.151625266712527,"con","ALL","15","q","15q",0.163266462275152,-1,"LUAD","DN_T"
"2168","15q21.3",0.139522447860386,1.43653300188127,0.154317864089276,"con","ALL","15","q","15q",0.163266462275152,-1,"LUAD","DN_T"
"2169","15q22.1",0.141232624314137,1.43872148547742,0.153698096922124,"con","ALL","15","q","15q",0.163266462275152,-1,"LUAD","DN_T"
"2170","15q22.2",0.141052880661591,1.38034333680403,0.170899858569316,"con","ALL","15","q","15q",0.145684938661027,-1,"LUAD","DN_T"
"2171","15q22.31",0.147507482105154,1.32697782809413,0.187872829274379,"con","ALL","15","q","15q",0.117151793596946,-1,"LUAD","DN_T"
"2172","15q23",0.156548330510649,1.28170669561106,0.203237708569919,"con","ALL","15","q","15q",0.0922194813139689,-1,"LUAD","DN_T"
"2173","15q24.1",0.157723064503886,1.21471368438983,0.227652705603481,"con","ALL","15","q","15q",0.0767650849063578,-1,"LUAD","DN_T"
"2174","15q24.2",0.157589298722076,1.17140182237375,0.244529208758871,"con","ALL","15","q","15q",0.0606769736799316,-1,"LUAD","DN_T"
"2175","15q24.3",0.152174929212733,1.09911112829593,0.274651085297613,"con","ALL","15","q","15q",0.0429725401050078,-1,"LUAD","DN_T"
"2176","15q25.1",0.221608735069059,1.59461527435573,0.114304198394383,"con","ALL","15","q","15q",0.232148530062557,-1,"LUAD","DN_T"
"2177","15q25.3",0.321832645261956,2.4396581332491,0.0166619805790519,"con","ALL","15","q","15q",0.685918941359269,-1,"LUAD","DN_T"
"2178","15q26.1",0.360521746908943,2.82458188998424,0.00582974794321189,"con","ALL","15","q","15q",1.00038505059178,-1,"LUAD","DN_T"
"2179","15q26.3",0.404219058020987,3.42487683174931,0.000928249336796611,"con","ALL","15","q","15q",1.42335112167387,-1,"LUAD","DN_T"
"2180","16p13.3",-0.119802950016231,-1.21527570583848,0.227439401642011,"con","ALL","16","p","16p",-0.0767650849063578,1,"LUAD","DN_T"
"2181","16p13.2",-0.120980432265726,-1.03981792359918,0.301209908818391,"con","ALL","16","p","16p",-0.0257370413118741,1,"LUAD","DN_T"
"2182","16p13.13",-0.123797611149781,-1.03486253228699,0.303505793233538,"con","ALL","16","p","16p",-0.0251718381535847,1,"LUAD","DN_T"
"2183","16p12.3",-0.132130558728079,-1.0114611045739,0.314507363034453,"con","ALL","16","p","16p",-0.0190985228313607,1,"LUAD","DN_T"
"2184","16p12.2",-0.134732953361135,-0.921857333498649,0.359067633769186,"con","ALL","16","p","16p",0,1,"LUAD","DN_T"
"2185","16p12.1",-0.130856074820928,-0.832071137891639,0.407571174481046,"con","ALL","16","p","16p",0,1,"LUAD","DN_T"
"2186","16p11.2",-0.0604348706640351,-0.305131302883894,0.760970701884437,"con","ALL","16","p","16p",0,1,"LUAD","DN_T"
"2187","16q11.2",0.119723480833146,0.509791976257025,1,"con","ALL","16","q","16q",0,1,"LUAD","DN_T"
"2188","16q12.1",0.110006010583933,0.448388559909311,1,"con","ALL","16","q","16q",0,1,"LUAD","DN_T"
"2189","16q12.2",0.106277666977487,0.429758369184207,1,"con","ALL","16","q","16q",0,1,"LUAD","DN_T"
"2190","16q13",0.0987164778190213,0.405271928906046,1,"con","ALL","16","q","16q",0,-1,"LUAD","DN_T"
"2191","16q21",0.101787150443087,0.439249383883983,1,"con","ALL","16","q","16q",0,-1,"LUAD","DN_T"
"2192","16q22.1",0.104507465935161,0.528099441050548,1,"con","ALL","16","q","16q",0,-1,"LUAD","DN_T"
"2193","16q22.2",0.106373570825929,0.702895841279195,0.483934880743609,"con","ALL","16","q","16q",0,-1,"LUAD","DN_T"
"2194","16q23.1",-0.0364732019071741,-0.258488384976585,0.79662023573072,"con","ALL","16","q","16q",0,-1,"LUAD","DN_T"
"2195","16q23.3",-0.0647904701679883,-0.535430376243245,0.593672919870656,"con","ALL","16","q","16q",0,-1,"LUAD","DN_T"
"2196","16q24.1",-0.0744225443748388,-0.675496246677756,0.501092460866097,"con","ALL","16","q","16q",0,-1,"LUAD","DN_T"
"2197","16q24.2",-0.0863466820914467,-0.848067507133113,0.398650224883226,"con","ALL","16","q","16q",0,-1,"LUAD","DN_T"
"2198","16q24.3",-0.101963206026492,-1.11515122587653,0.267754490531477,"con","ALL","16","q","16q",-0.049144089028741,-1,"LUAD","DN_T"
"2199","17p13.3",0.0845115011887563,0.645948908199932,0.519956086694598,"con","ALL","17","p","17p",0,-1,"LUAD","DN_T"
"2200","17p13.2",0.0854712543909876,0.698073616273951,0.486930869282775,"con","ALL","17","p","17p",0,-1,"LUAD","DN_T"
"2201","17p13.1",0.116253667921647,0.816557381065181,0.416337549406423,"con","ALL","17","p","17p",0,-1,"LUAD","DN_T"
"2202","17p12",0.173698452920541,0.99021402769102,0.324724283790988,"con","ALL","17","p","17p",0.00753081527102051,-1,"LUAD","DN_T"
"2203","17p11.2",0.237838460350019,1.08687364090717,0.279994989248715,"con","ALL","17","p","17p",0.0429725401050078,-1,"LUAD","DN_T"
"2204","17q11.1",0.279851345971113,1.10309378426864,1,"con","ALL","17","q","17q",0,1,"LUAD","DN_T"
"2205","17q11.2",0.237038982402338,0.889736661966454,1,"con","ALL","17","q","17q",0,1,"LUAD","DN_T"
"2206","17q12",0.0305398691946183,0.222239710205951,0.824630826809555,"con","ALL","17","q","17q",0,1,"LUAD","DN_T"
"2207","17q21.1",0.0236097356027681,0.178436651342992,0.858781113722206,"con","ALL","17","q","17q",0,1,"LUAD","DN_T"
"2208","17q21.2",0.00347921658412309,0.0270837195675993,0.978452924202146,"con","ALL","17","q","17q",0,1,"LUAD","DN_T"
"2209","17q21.31",-0.0174372233435976,-0.124715330468609,0.901027060895742,"con","ALL","17","q","17q",0,1,"LUAD","DN_T"
"2210","17q21.32",0.198152333955876,1.27396226042804,0.205956817737316,"con","ALL","17","q","17q",0.0908860165332369,1,"LUAD","DN_T"
"2211","17q21.33",0.189423735171444,1.26380091867565,0.209565144816368,"con","ALL","17","q","17q",0.0908860165332369,1,"LUAD","DN_T"
"2212","17q22",0.154865348575994,1.05237210759125,0.295446176857254,"con","ALL","17","q","17q",0.0257370413118741,1,"LUAD","DN_T"
"2213","17q23.1",0.117450467029614,0.818581598480465,0.415187345382414,"con","ALL","17","q","17q",0,1,"LUAD","DN_T"
"2214","17q23.3",0.0815502455209107,0.57261625145844,0.56833231425648,"con","ALL","17","q","17q",0,1,"LUAD","DN_T"
"2215","17q24.2",-0.0803480869247584,-0.566575695354834,0.572412729211754,"con","ALL","17","q","17q",0,1,"LUAD","DN_T"
"2216","17q25.1",-0.164850749384677,-1.16649109357117,0.246497638470755,"con","ALL","17","q","17q",-0.0599008466889774,1,"LUAD","DN_T"
"2217","17q25.3",-0.111189695817142,-0.951402390829082,0.34394821715131,"con","ALL","17","q","17q",-0.00455393820399384,1,"LUAD","DN_T"
"2218","18p11.32",-0.0471813684883401,-0.415604781300545,0.678688473826734,"con","ALL","18","p","18p",0,-1,"LUAD","DN_T"
"2219","18p11.31",-0.0520896276880801,-0.446749168112326,0.656129356634076,"con","ALL","18","p","18p",0,-1,"LUAD","DN_T"
"2220","18p11.22",-0.0656742186577667,-0.512922627560083,0.609262144690971,"con","ALL","18","p","18p",0,-1,"LUAD","DN_T"
"2221","18p11.21",-0.0689658638877722,-0.457488351250086,0.648422564752608,"con","ALL","18","p","18p",0,-1,"LUAD","DN_T"
"2222","18q11.1",-0.0683792680320392,-0.417293212341295,0.677457708078491,"con","ALL","18","q","18q",0,-1,"LUAD","DN_T"
"2223","18q11.2",-0.0745642435633415,-0.428404647788551,0.669380088556446,"con","ALL","18","q","18q",0,-1,"LUAD","DN_T"
"2224","18q12.2",-0.0494012512602989,-0.250082086179488,1,"con","ALL","18","q","18q",0,-1,"LUAD","DN_T"
"2225","18q21.1",-0.0363897476279742,-0.18322531600608,1,"con","ALL","18","q","18q",0,-1,"LUAD","DN_T"
"2226","18q21.31",-0.0116703321809134,-0.0599770286449352,1,"con","ALL","18","q","18q",0,-1,"LUAD","DN_T"
"2227","18q21.32",0.000969896940869104,0.00502702264245498,0.996000159213402,"con","ALL","18","q","18q",0,-1,"LUAD","DN_T"
"2228","18q21.33",-0.00280978454535122,-0.0146198516942679,0.988367822057435,"con","ALL","18","q","18q",0,-1,"LUAD","DN_T"
"2229","18q22.3",0.00938770546729093,0.0488005936146777,0.961186343946573,"con","ALL","18","q","18q",0,-1,"LUAD","DN_T"
"2230","18q23",0.0146530897251003,0.0767244902723389,0.9390130267833,"con","ALL","18","q","18q",0,-1,"LUAD","DN_T"
"2231","19p13.3",0.136584234970927,1.38569946848871,0.169262955682894,"con","ALL","19","p","19p",0.146659581810697,1,"LUAD","DN_T"
"2232","19p13.2",0.278140426947398,2.05153326586225,0.0431212740360138,"con","ALL","19","p","19p",0.51014035365811,-1,"LUAD","DN_T"
"2233","19p13.13",0.240751471924223,1.62891448661643,0.106826666732703,"con","ALL","19","p","19p",0.257600741264851,-1,"LUAD","DN_T"
"2234","19p13.12",0.107591044472507,0.635518816217285,0.526702726694378,"con","ALL","19","p","19p",0,-1,"LUAD","DN_T"
"2235","19p13.11",-0.0979190914017571,-0.485176746225101,0.628729895120154,"con","ALL","19","p","19p",0,-1,"LUAD","DN_T"
"2236","19q12",-0.241944747873001,-1.81299614926466,0.0731660780077627,"con","ALL","19","q","19q",-0.362849190895479,1,"LUAD","DN_T"
"2237","19q13.11",-0.201370583069291,-1.70543530822579,0.091562548394546,"con","ALL","19","q","19q",-0.287491235810938,1,"LUAD","DN_T"
"2238","19q13.12",-0.152663283673508,-1.4998587261379,0.137150892705794,"con","ALL","19","q","19q",-0.182057827310717,1,"LUAD","DN_T"
"2239","19q13.2",-0.0308458180582141,-0.281924902184448,0.77864835333988,"con","ALL","19","q","19q",0,1,"LUAD","DN_T"
"2240","19q13.31",-0.00308752344816591,-0.0248731039804186,0.980211247277908,"con","ALL","19","q","19q",0,1,"LUAD","DN_T"
"2241","19q13.32",-0.0286288581121156,-0.235825078912433,0.814104227251534,"con","ALL","19","q","19q",0,-1,"LUAD","DN_T"
"2242","19q13.33",-0.0766965016206732,-0.775745715818722,0.439932851248015,"con","ALL","19","q","19q",0,-1,"LUAD","DN_T"
"2243","19q13.41",-0.0963441530945883,-1.08725577100828,0.279827040265359,"con","ALL","19","q","19q",-0.0429725401050078,-1,"LUAD","DN_T"
"2244","19q13.42",-0.179388388672954,-2.38588072102008,0.0191339491180719,"con","ALL","19","q","19q",-0.653279198902313,1,"LUAD","DN_T"
"2245","19q13.43",-0.190112645443091,-2.71935906581521,0.00784869718380301,"con","ALL","19","q","19q",-0.929873756641091,1,"LUAD","DN_T"
"2246","20p13",-0.13382878517309,-1.24401416810112,0.216724640459419,"con","ALL","20","p","20p",-0.0821657108764429,-1,"LUAD","DN_T"
"2247","20p12.3",-0.167926758512712,-1.38713749392272,0.168825518940359,"con","ALL","20","p","20p",-0.146659581810697,-1,"LUAD","DN_T"
"2248","20p12.1",-0.186038579856946,-1.39924735175185,0.165175937879264,"con","ALL","20","p","20p",-0.147514883372303,-1,"LUAD","DN_T"
"2249","20p11.23",-0.193798278534275,-1.35444644358626,0.178984707822557,"con","ALL","20","p","20p",-0.13508660674496,-1,"LUAD","DN_T"
"2250","20p11.22",-0.192817463437131,-1.26571607949192,0.208881528553344,"con","ALL","20","p","20p",-0.0908860165332369,-1,"LUAD","DN_T"
"2251","20p11.21",-0.192493116000821,-1.20956221885066,0.229614596783314,"con","ALL","20","p","20p",-0.0767650849063578,-1,"LUAD","DN_T"
"2252","20q11.21",-0.0507212502716954,-0.276575275416843,0.782740420056978,"con","ALL","20","q","20q",0,1,"LUAD","DN_T"
"2253","20q11.22",0.0382074914897065,0.189568141357278,0.850074433219027,"con","ALL","20","q","20q",0,1,"LUAD","DN_T"
"2254","20q12",-0.0455432608997309,-0.229491236501911,1,"con","ALL","20","q","20q",0,1,"LUAD","DN_T"
"2255","20q13.11",-0.0474906609270787,-0.241438999597886,1,"con","ALL","20","q","20q",0,1,"LUAD","DN_T"
"2256","20q13.12",0.107799111117265,0.578456479989116,0.564400715949324,"con","ALL","20","q","20q",0,1,"LUAD","DN_T"
"2257","20q13.13",0.243268587001808,1.75635372169664,0.08242959935622,"con","ALL","20","q","20q",0.324439739214117,1,"LUAD","DN_T"
"2258","20q13.2",0.202273782219388,1.6468311427757,0.103080300902323,"con","ALL","20","q","20q",0.257600741264851,1,"LUAD","DN_T"
"2259","20q13.32",0.159923455263757,1.54026158195413,0.127005340832304,"con","ALL","20","q","20q",0.201763589654331,1,"LUAD","DN_T"
"2260","20q13.33",0.12291972648618,1.35487628202593,0.178848194337186,"con","ALL","20","q","20q",0.13508660674496,1,"LUAD","DN_T"
"2261","21q21.3",-0.00323412212287319,-0.0338780756661117,0.97304939895514,"con","ALL","21","q","21q",0,1,"LUAD","DN_T"
"2262","21q22.11",0.0215226494341885,0.230557737409285,0.818181680888087,"con","ALL","21","q","21q",0,1,"LUAD","DN_T"
"2263","21q22.12",0.0131053095913431,0.141378419302884,0.887886978652027,"con","ALL","21","q","21q",0,1,"LUAD","DN_T"
"2264","21q22.13",0.00160079312999248,0.0175313298842988,0.986051545780443,"con","ALL","21","q","21q",0,1,"LUAD","DN_T"
"2265","21q22.2",-0.0424839924110784,-0.473809831260627,0.636782919587635,"con","ALL","21","q","21q",0,1,"LUAD","DN_T"
"2266","21q22.3",-0.0822753565371377,-0.957513759982845,0.340873106829955,"con","ALL","21","q","21q",-0.00455393820399384,1,"LUAD","DN_T"
"2267","22q11.21",-0.0715289822849356,-0.418138390677119,0.676841951733811,"con","ALL","22","q","22q",0,1,"LUAD","DN_T"
"2268","22q11.22",0.122168210348684,0.646779333641511,0.519420885115518,"con","ALL","22","q","22q",0,1,"LUAD","DN_T"
"2269","22q11.23",0.144700083568219,0.729747867553667,1,"con","ALL","22","q","22q",0,1,"LUAD","DN_T"
"2270","22q12.1",0.195800646926343,0.932268367432831,0.35369208535099,"con","ALL","22","q","22q",0,1,"LUAD","DN_T"
"2271","22q12.2",0.252482425693197,1.16056385644027,0.248888531669483,"con","ALL","22","q","22q",0.0583978625771652,-1,"LUAD","DN_T"
"2272","22q12.3",0.318984091572836,1.54477496208632,0.125909847937522,"con","ALL","22","q","22q",0.201763589654331,-1,"LUAD","DN_T"
"2273","22q13.1",0.378236617503052,2.04839095337787,0.0434347540782384,"con","ALL","22","q","22q",0.51014035365811,-1,"LUAD","DN_T"
"2274","22q13.2",0.430287293268324,2.31348865053485,0.0229741336973196,"con","ALL","22","q","22q",0.59965193313662,-1,"LUAD","DN_T"
"2275","22q13.31",0.397335565576631,2.12522236613538,0.0363080004459949,"con","ALL","22","q","22q",0.523734492234094,-1,"LUAD","DN_T"
"2276","22q13.33",0.383172866596643,2.05172778018806,0.0431019331586264,"con","ALL","22","q","22q",0.51014035365811,-1,"LUAD","DN_T"
"2277","1p36.33",-0.0546719982486772,-0.75178655210577,0.454140971643819,"con","ALL","1","p","1p",0,1,"LUAD","Endothelial"
"2278","1p36.32",-0.0566594808063965,-0.749046537975156,0.45578243782271,"con","ALL","1","p","1p",0,1,"LUAD","Endothelial"
"2279","1p36.31",-0.0633771529859677,-0.818107802476432,0.415456395232771,"con","ALL","1","p","1p",0,1,"LUAD","Endothelial"
"2280","1p36.23",-0.0759670826239777,-0.944348669301697,0.347519814377208,"con","ALL","1","p","1p",0,1,"LUAD","Endothelial"
"2281","1p36.22",-0.101780328678112,-1.1279551647238,0.262336853668285,"con","ALL","1","p","1p",0,1,"LUAD","Endothelial"
"2282","1p36.21",-0.102539144031059,-1.07004385023411,0.287460937767054,"con","ALL","1","p","1p",0,1,"LUAD","Endothelial"
"2283","1p36.13",-0.0927246133649431,-0.927453029212552,0.356171938838887,"con","ALL","1","p","1p",0,1,"LUAD","Endothelial"
"2284","1p36.12",-0.0751995735227427,-0.736754985962405,0.463187586396695,"con","ALL","1","p","1p",0,1,"LUAD","Endothelial"
"2285","1p36.11",-0.0630541500161097,-0.587598321856106,0.558273347806769,"con","ALL","1","p","1p",0,1,"LUAD","Endothelial"
"2286","1p35.3",-0.0708790358007002,-0.588698731436466,0.557538015337006,"con","ALL","1","p","1p",0,1,"LUAD","Endothelial"
"2287","1p35.2",-0.101237320448472,-0.837370163167907,0.404602665371117,"con","ALL","1","p","1p",0,1,"LUAD","Endothelial"
"2288","1p35.1",-0.122019745116241,-1.03227144067059,0.304710968617014,"con","ALL","1","p","1p",0,1,"LUAD","Endothelial"
"2289","1p34.3",-0.138822539079469,-1.29331033811532,0.199213494016923,"con","ALL","1","p","1p",0,1,"LUAD","Endothelial"
"2290","1p34.2",-0.121401761410413,-1.2800023022676,0.203833836882811,"con","ALL","1","p","1p",0,1,"LUAD","Endothelial"
"2291","1p34.1",-0.0923263899313899,-1.06226881582598,0.290955780164729,"con","ALL","1","p","1p",0,1,"LUAD","Endothelial"
"2292","1p33",-0.0737478765243937,-0.833850332511708,0.406573002340754,"con","ALL","1","p","1p",0,1,"LUAD","Endothelial"
"2293","1p32.3",-0.0675186625502069,-0.717273266775818,0.475063005358805,"con","ALL","1","p","1p",0,1,"LUAD","Endothelial"
"2294","1p32.1",-0.056313976404759,-0.583805150253037,0.560811747016783,"con","ALL","1","p","1p",0,1,"LUAD","Endothelial"
"2295","1p31.3",-0.0552305709473606,-0.531930872978893,0.596084516773726,"con","ALL","1","p","1p",0,1,"LUAD","Endothelial"
"2296","1p31.1",-0.0549403577473545,-0.482084922835514,0.630915944970798,"con","ALL","1","p","1p",0,1,"LUAD","Endothelial"
"2297","1p22.3",-0.0529364437055396,-0.447424450672335,1,"con","ALL","1","p","1p",0,-1,"LUAD","Endothelial"
"2298","1p22.2",-0.0647025872443915,-0.551946631786897,0.582352908071559,"con","ALL","1","p","1p",0,-1,"LUAD","Endothelial"
"2299","1p22.1",-0.0624082106716082,-0.520842768126268,0.603755420502248,"con","ALL","1","p","1p",0,-1,"LUAD","Endothelial"
"2300","1p21.3",-0.074894556344885,-0.590153626591921,0.556566539505901,"con","ALL","1","p","1p",0,-1,"LUAD","Endothelial"
"2301","1p21.2",-0.0748392864212484,-0.554205358468389,0.580812806611508,"con","ALL","1","p","1p",0,-1,"LUAD","Endothelial"
"2302","1p13.3",-0.100937338053072,-0.546504874488532,1,"con","ALL","1","p","1p",0,-1,"LUAD","Endothelial"
"2303","1p13.2",0.0360913857693697,0.167600869555536,1,"con","ALL","1","p","1p",0,1,"LUAD","Endothelial"
"2304","1p13.1",0.111460126754991,0.631318723732487,0.529432310538303,"con","ALL","1","p","1p",0,1,"LUAD","Endothelial"
"2305","1p12",0.115686581155701,0.743980722230453,0.458826147352039,"con","ALL","1","p","1p",0,1,"LUAD","Endothelial"
"2306","1q21.1",0.102142640950257,0.742423265721405,0.459764241578461,"con","ALL","1","q","1q",0,1,"LUAD","Endothelial"
"2307","1q21.2",0.0960657917302896,0.87994548934601,0.381232432915227,"con","ALL","1","q","1q",0,1,"LUAD","Endothelial"
"2308","1q21.3",0.0714946266178228,1.04050699876193,0.300891586898417,"con","ALL","1","q","1q",0,1,"LUAD","Endothelial"
"2309","1q22",0.0506871069266423,0.903800364094468,0.368514105697034,"con","ALL","1","q","1q",0,1,"LUAD","Endothelial"
"2310","1q23.1",0.0338849215041275,0.586690921148179,0.558880065365342,"con","ALL","1","q","1q",0,1,"LUAD","Endothelial"
"2311","1q23.2",0.031944465460986,0.546002923581921,0.586414831852962,"con","ALL","1","q","1q",0,1,"LUAD","Endothelial"
"2312","1q23.3",0.0232517746617635,0.377191332349667,0.706919374978145,"con","ALL","1","q","1q",0,1,"LUAD","Endothelial"
"2313","1q24.1",0.0180697841696935,0.280306247182486,0.779885851709303,"con","ALL","1","q","1q",0,1,"LUAD","Endothelial"
"2314","1q24.2",0.0233217626893453,0.354820308189187,0.723554315587574,"con","ALL","1","q","1q",0,1,"LUAD","Endothelial"
"2315","1q24.3",0.0281727635057623,0.423006298068095,0.673299713486379,"con","ALL","1","q","1q",0,1,"LUAD","Endothelial"
"2316","1q25.1",0.029992228865628,0.441844874060075,0.659661320232431,"con","ALL","1","q","1q",0,1,"LUAD","Endothelial"
"2317","1q25.2",0.0414391296598702,0.610830003252479,0.542851716733424,"con","ALL","1","q","1q",0,1,"LUAD","Endothelial"
"2318","1q25.3",0.045176879759772,0.663875245120041,0.508467297932135,"con","ALL","1","q","1q",0,1,"LUAD","Endothelial"
"2319","1q31.1",0.0458101230243716,0.670616977363376,0.504181873601421,"con","ALL","1","q","1q",0,1,"LUAD","Endothelial"
"2320","1q31.2",0.0472042757082987,0.694087711928347,0.489414933133106,"con","ALL","1","q","1q",0,1,"LUAD","Endothelial"
"2321","1q32.1",0.0434962742133899,0.649883192077431,0.517423039346593,"con","ALL","1","q","1q",0,1,"LUAD","Endothelial"
"2322","1q32.2",0.0351970032003515,0.517996430968489,0.605731807529605,"con","ALL","1","q","1q",0,1,"LUAD","Endothelial"
"2323","1q32.3",0.0143603068960581,0.203764951000657,0.838997215918702,"con","ALL","1","q","1q",0,1,"LUAD","Endothelial"
"2324","1q41",-0.00192162235357004,-0.0266466096851283,0.978800593123931,"con","ALL","1","q","1q",0,1,"LUAD","Endothelial"
"2325","1q42.11",-0.0107915935944333,-0.147732434203697,0.882884401830526,"con","ALL","1","q","1q",0,1,"LUAD","Endothelial"
"2326","1q42.12",-0.0244127816423946,-0.329232896602374,0.742744609084602,"con","ALL","1","q","1q",0,1,"LUAD","Endothelial"
"2327","1q42.13",-0.0407221395125762,-0.535808036892465,0.593412935934066,"con","ALL","1","q","1q",0,1,"LUAD","Endothelial"
"2328","1q42.2",-0.0464696814824936,-0.604435655889242,0.547074802294533,"con","ALL","1","q","1q",0,1,"LUAD","Endothelial"
"2329","1q42.3",-0.0455587818440158,-0.594471717949137,0.553688174315522,"con","ALL","1","q","1q",0,1,"LUAD","Endothelial"
"2330","1q43",-0.0515431884411448,-0.671197401598658,0.5038138310817,"con","ALL","1","q","1q",0,1,"LUAD","Endothelial"
"2331","1q44",-0.0545300351731725,-0.717400456240213,0.474984927635091,"con","ALL","1","q","1q",0,1,"LUAD","Endothelial"
"2332","2p25.3",-0.366900637097979,-2.94158197050502,0.0041513460462306,"con","ALL","2","p","2p",-0.471796836987349,1,"LUAD","Endothelial"
"2333","2p25.1",-0.414477106656554,-2.97051921215709,0.00381153139317752,"con","ALL","2","p","2p",-0.471796836987349,1,"LUAD","Endothelial"
"2334","2p24.1",-0.407919170700339,-2.62265874684688,0.0102456951269223,"con","ALL","2","p","2p",-0.313527550878701,1,"LUAD","Endothelial"
"2335","2p23.3",-0.450113300375905,-2.56379815006547,1,"con","ALL","2","p","2p",0,1,"LUAD","Endothelial"
"2336","2p23.2",-0.455770649505849,-2.40439499573955,1,"con","ALL","2","p","2p",0,1,"LUAD","Endothelial"
"2337","2p22.3",-0.433863166139123,-2.30397609935139,1,"con","ALL","2","p","2p",0,1,"LUAD","Endothelial"
"2338","2p22.2",-0.400515937496556,-2.24432339808076,1,"con","ALL","2","p","2p",0,1,"LUAD","Endothelial"
"2339","2p22.1",-0.338635695898646,-2.02942367492097,1,"con","ALL","2","p","2p",0,1,"LUAD","Endothelial"
"2340","2p21",-0.323146285002646,-2.0245805078867,1,"con","ALL","2","p","2p",0,-1,"LUAD","Endothelial"
"2341","2p16.2",-0.297058065432026,-1.9993217458726,1,"con","ALL","2","p","2p",0,-1,"LUAD","Endothelial"
"2342","2p16.1",-0.290739647611333,-2.0064824400318,1,"con","ALL","2","p","2p",0,-1,"LUAD","Endothelial"
"2343","2p15",-0.271267779769812,-1.94319913776401,1,"con","ALL","2","p","2p",0,1,"LUAD","Endothelial"
"2344","2p14",-0.287001753465666,-2.0576280278619,1,"con","ALL","2","p","2p",0,1,"LUAD","Endothelial"
"2345","2p13.3",-0.294800460680815,-2.09256362989251,1,"con","ALL","2","p","2p",0,1,"LUAD","Endothelial"
"2346","2p13.2",-0.31722790925304,-2.2022615648671,1,"con","ALL","2","p","2p",0,1,"LUAD","Endothelial"
"2347","2p13.1",-0.334164475612201,-2.21365622841779,1,"con","ALL","2","p","2p",0,1,"LUAD","Endothelial"
"2348","2p12",-0.34275232627456,-2.16504112778915,1,"con","ALL","2","p","2p",0,1,"LUAD","Endothelial"
"2349","2p11.2",-0.322810421248726,-1.99394435075754,1,"con","ALL","2","p","2p",0,1,"LUAD","Endothelial"
"2350","2q11.1",-0.285024269381835,-1.7160823533763,1,"con","ALL","2","q","2q",0,1,"LUAD","Endothelial"
"2351","2q11.2",-0.210430280666796,-1.18710421201957,1,"con","ALL","2","q","2q",0,1,"LUAD","Endothelial"
"2352","2q12.2",-0.200513336408598,-1.07421898914382,1,"con","ALL","2","q","2q",0,1,"LUAD","Endothelial"
"2353","2q12.3",-0.198638919736969,-1.05664815888817,1,"con","ALL","2","q","2q",0,1,"LUAD","Endothelial"
"2354","2q13",-0.210374753454867,-1.11181897807857,1,"con","ALL","2","q","2q",0,1,"LUAD","Endothelial"
"2355","2q14.1",-0.211535820672129,-1.11384950501552,1,"con","ALL","2","q","2q",0,1,"LUAD","Endothelial"
"2356","2q14.2",-0.216902031871507,-1.12596207187814,1,"con","ALL","2","q","2q",0,1,"LUAD","Endothelial"
"2357","2q14.3",-0.224620334978785,-1.19661809213965,1,"con","ALL","2","q","2q",0,1,"LUAD","Endothelial"
"2358","2q21.1",-0.232798148145569,-1.23091288588835,1,"con","ALL","2","q","2q",0,1,"LUAD","Endothelial"
"2359","2q21.3",-0.255407700970797,-1.39160031737122,1,"con","ALL","2","q","2q",0,1,"LUAD","Endothelial"
"2360","2q23.2",-0.260615696552653,-1.43527965814916,1,"con","ALL","2","q","2q",0,1,"LUAD","Endothelial"
"2361","2q23.3",-0.268894166905937,-1.48652895161044,1,"con","ALL","2","q","2q",0,1,"LUAD","Endothelial"
"2362","2q24.2",-0.291490755335267,-1.61482644511609,1,"con","ALL","2","q","2q",0,1,"LUAD","Endothelial"
"2363","2q31.1",-0.321068414917944,-1.78242066044117,1,"con","ALL","2","q","2q",0,1,"LUAD","Endothelial"
"2364","2q31.2",-0.345806160122283,-1.74938242963875,1,"con","ALL","2","q","2q",0,1,"LUAD","Endothelial"
"2365","2q31.3",-0.323128463132868,-1.59098041321139,1,"con","ALL","2","q","2q",0,1,"LUAD","Endothelial"
"2366","2q32.1",-0.322319718710615,-1.5576754045096,1,"con","ALL","2","q","2q",0,1,"LUAD","Endothelial"
"2367","2q32.3",-0.262328683777935,-1.24616393564378,1,"con","ALL","2","q","2q",0,1,"LUAD","Endothelial"
"2368","2q33.1",-0.149232251163243,-0.65171804374302,1,"con","ALL","2","q","2q",0,1,"LUAD","Endothelial"
"2369","2q33.2",0.0849561699659536,0.354908317445613,1,"con","ALL","2","q","2q",0,1,"LUAD","Endothelial"
"2370","2q34",0.23407351768495,1.0792752692224,1,"con","ALL","2","q","2q",0,1,"LUAD","Endothelial"
"2371","2q35",0.308279840407291,1.56953501758406,1,"con","ALL","2","q","2q",0,1,"LUAD","Endothelial"
"2372","2q36.1",0.334512099934955,1.89263448727431,0.0616205791218337,"con","ALL","2","q","2q",0,1,"LUAD","Endothelial"
"2373","2q36.3",0.337516300500723,1.96874120210351,0.0520595719855711,"con","ALL","2","q","2q",0,1,"LUAD","Endothelial"
"2374","2q37.1",0.316416403936352,2.0098388393898,0.0474428114137151,"con","ALL","2","q","2q",0.012595459267958,1,"LUAD","Endothelial"
"2375","2q37.3",0.302444967377415,2.07469499032081,0.0408700599338326,"con","ALL","2","q","2q",0.0136937007340409,1,"LUAD","Endothelial"
"2376","3p26.2",0.0417814612165292,0.413823253636815,0.679988046735889,"con","ALL","3","p","3p",0,-1,"LUAD","Endothelial"
"2377","3p26.1",0.046484465747058,0.462294262060111,0.64498598341488,"con","ALL","3","p","3p",0,-1,"LUAD","Endothelial"
"2378","3p25.3",0.0507809881647834,0.514646919618684,0.608061343720291,"con","ALL","3","p","3p",0,-1,"LUAD","Endothelial"
"2379","3p25.2",0.0495109532536344,0.507946047271154,0.612733844575732,"con","ALL","3","p","3p",0,-1,"LUAD","Endothelial"
"2380","3p25.1",0.052778749945604,0.547096629251322,0.585666392632714,"con","ALL","3","p","3p",0,-1,"LUAD","Endothelial"
"2381","3p24.3",0.0456787399559046,0.490161335812682,0.625212544616322,"con","ALL","3","p","3p",0,-1,"LUAD","Endothelial"
"2382","3p24.2",0.0432722258952198,0.467206062866332,0.641481632616765,"con","ALL","3","p","3p",0,-1,"LUAD","Endothelial"
"2383","3p24.1",0.0427213568689972,0.466971768273401,0.64164860786231,"con","ALL","3","p","3p",0,-1,"LUAD","Endothelial"
"2384","3p23",0.0391773970924652,0.429862019386509,0.668323484845402,"con","ALL","3","p","3p",0,-1,"LUAD","Endothelial"
"2385","3p22.3",0.0369805149779651,0.404928810847455,0.686490686554065,"con","ALL","3","p","3p",0,-1,"LUAD","Endothelial"
"2386","3p22.2",0.0342526469951658,0.371662553391409,0.711017687582176,"con","ALL","3","p","3p",0,-1,"LUAD","Endothelial"
"2387","3p22.1",0.0386948305841016,0.408390007011229,0.683957401764122,"con","ALL","3","p","3p",0,-1,"LUAD","Endothelial"
"2388","3p21.33",0.0342215130790913,0.348257217177118,0.728460308881364,"con","ALL","3","p","3p",0,-1,"LUAD","Endothelial"
"2389","3p21.31",0.0764174936420668,0.693840401817094,0.489569288038521,"con","ALL","3","p","3p",0,-1,"LUAD","Endothelial"
"2390","3p21.2",0.145099601097035,1.10698956804148,1,"con","ALL","3","p","3p",0,-1,"LUAD","Endothelial"
"2391","3p21.1",0.153176435375407,1.03567415799305,1,"con","ALL","3","p","3p",0,-1,"LUAD","Endothelial"
"2392","3p14.3",0.155090794485458,0.958234619990925,1,"con","ALL","3","p","3p",0,-1,"LUAD","Endothelial"
"2393","3p14.1",0.150338166455634,0.88333177315387,1,"con","ALL","3","p","3p",0,-1,"LUAD","Endothelial"
"2394","3p13",0.148373706082529,0.870738590253828,1,"con","ALL","3","p","3p",0,-1,"LUAD","Endothelial"
"2395","3p11.2",0.156061084792185,0.896000675224583,1,"con","ALL","3","p","3p",0,-1,"LUAD","Endothelial"
"2396","3p11.1",0.14636777972936,0.8277278571914,1,"con","ALL","3","p","3p",0,-1,"LUAD","Endothelial"
"2397","3q11.2",0.120370271472535,0.662557440396821,1,"con","ALL","3","q","3q",0,-1,"LUAD","Endothelial"
"2398","3q12.2",0.0551491456727038,0.316686231238872,1,"con","ALL","3","q","3q",0,1,"LUAD","Endothelial"
"2399","3q12.3",0.0369207721300405,0.211091170888448,1,"con","ALL","3","q","3q",0,1,"LUAD","Endothelial"
"2400","3q13.12",0.0106594087118135,0.0623098208493375,1,"con","ALL","3","q","3q",0,1,"LUAD","Endothelial"
"2401","3q13.13",-0.00130890511336677,-0.00774244457013486,1,"con","ALL","3","q","3q",0,1,"LUAD","Endothelial"
"2402","3q13.2",-0.014433766667904,-0.0859187296578335,1,"con","ALL","3","q","3q",0,1,"LUAD","Endothelial"
"2403","3q13.31",-0.0234746010249788,-0.141284805606605,1,"con","ALL","3","q","3q",0,1,"LUAD","Endothelial"
"2404","3q13.33",-0.0956752181695999,-0.625989915129309,0.532905928133991,"con","ALL","3","q","3q",0,1,"LUAD","Endothelial"
"2405","3q21.1",-0.121761020491324,-0.873378542337189,0.3847811683537,"con","ALL","3","q","3q",0,1,"LUAD","Endothelial"
"2406","3q21.3",-0.131918326126612,-1.03374840626293,0.304023603243039,"con","ALL","3","q","3q",0,1,"LUAD","Endothelial"
"2407","3q22.1",-0.128848971694248,-1.03142861464879,0.305103681277186,"con","ALL","3","q","3q",0,1,"LUAD","Endothelial"
"2408","3q22.2",-0.125383540674715,-1.01515806357694,0.312751820730178,"con","ALL","3","q","3q",0,-1,"LUAD","Endothelial"
"2409","3q22.3",-0.121321346787441,-1.01288346400593,0.313831161601796,"con","ALL","3","q","3q",0,-1,"LUAD","Endothelial"
"2410","3q23",-0.112148924846309,-1.00987351240977,0.315263266917635,"con","ALL","3","q","3q",0,-1,"LUAD","Endothelial"
"2411","3q24",-0.0943200904358761,-0.936847217758554,0.35134433828406,"con","ALL","3","q","3q",0,-1,"LUAD","Endothelial"
"2412","3q25.1",-0.0762823494456675,-0.83345600207908,0.40679410342005,"con","ALL","3","q","3q",0,-1,"LUAD","Endothelial"
"2413","3q25.2",-0.0675601122587816,-0.801026594945909,0.425225900269908,"con","ALL","3","q","3q",0,-1,"LUAD","Endothelial"
"2414","3q25.31",-0.0651874232351833,-0.804113481781465,0.423450340295265,"con","ALL","3","q","3q",0,-1,"LUAD","Endothelial"
"2415","3q25.32",-0.0688053316076342,-0.863339986304803,0.390245480715857,"con","ALL","3","q","3q",0,-1,"LUAD","Endothelial"
"2416","3q25.33",-0.0650029484694746,-0.85691914394372,0.39376557287202,"con","ALL","3","q","3q",0,-1,"LUAD","Endothelial"
"2417","3q26.1",-0.0630628575095061,-0.857162163586334,0.393631987559732,"con","ALL","3","q","3q",0,-1,"LUAD","Endothelial"
"2418","3q26.2",-0.057142037966393,-0.810504403894255,0.41978836920588,"con","ALL","3","q","3q",0,-1,"LUAD","Endothelial"
"2419","3q26.31",-0.055849251755406,-0.803767212308381,0.423649292611495,"con","ALL","3","q","3q",0,-1,"LUAD","Endothelial"
"2420","3q26.32",-0.0503542014313825,-0.76153854446986,0.448326395994634,"con","ALL","3","q","3q",0,-1,"LUAD","Endothelial"
"2421","3q26.33",-0.0411366391718073,-0.698730572159223,0.486522112199427,"con","ALL","3","q","3q",0,-1,"LUAD","Endothelial"
"2422","3q27.1",-0.0378202825815083,-0.711508831345145,0.478609124069778,"con","ALL","3","q","3q",0,-1,"LUAD","Endothelial"
"2423","3q27.2",-0.0357935565509566,-0.697913857610598,0.487030299418186,"con","ALL","3","q","3q",0,-1,"LUAD","Endothelial"
"2424","3q27.3",-0.0358671786371367,-0.704261410504309,0.483088320223931,"con","ALL","3","q","3q",0,-1,"LUAD","Endothelial"
"2425","3q29",-0.0402037054820095,-0.852255437416652,0.396334566284302,"con","ALL","3","q","3q",0,-1,"LUAD","Endothelial"
"2426","4p16.3",0.0535188085705475,0.466659054757906,0.641871498805481,"con","ALL","4","p","4p",0,-1,"LUAD","Endothelial"
"2427","4p16.1",0.0661831275984465,0.557180215031235,0.578787378806837,"con","ALL","4","p","4p",0,1,"LUAD","Endothelial"
"2428","4p15.32",0.0629756133117821,0.517833400713385,0.60584509859159,"con","ALL","4","p","4p",0,1,"LUAD","Endothelial"
"2429","4p15.2",0.0698755139954696,0.569784645564561,0.570243311811268,"con","ALL","4","p","4p",0,1,"LUAD","Endothelial"
"2430","4p14",0.0837058278770138,0.633932295549293,0.527732925984487,"con","ALL","4","p","4p",0,1,"LUAD","Endothelial"
"2431","4p13",0.107233258611861,0.765903800862381,0.445737624255021,"con","ALL","4","p","4p",0,1,"LUAD","Endothelial"
"2432","4p12",0.121464023817229,0.854547607665033,0.395070645606682,"con","ALL","4","p","4p",0,1,"LUAD","Endothelial"
"2433","4p11",0.130520078615774,0.913924509275753,0.36319846424684,"con","ALL","4","p","4p",0,1,"LUAD","Endothelial"
"2434","4q12",0.168834422384603,1.15942011670703,1,"con","ALL","4","q","4q",0,1,"LUAD","Endothelial"
"2435","4q13.2",0.186930947053595,1.23563993496047,1,"con","ALL","4","q","4q",0,1,"LUAD","Endothelial"
"2436","4q21.1",0.208548357676912,1.19195211312882,1,"con","ALL","4","q","4q",0,1,"LUAD","Endothelial"
"2437","4q21.22",0.264197980678296,1.46606892078326,1,"con","ALL","4","q","4q",0,1,"LUAD","Endothelial"
"2438","4q21.23",0.287179232776479,1.58755656755448,1,"con","ALL","4","q","4q",0,1,"LUAD","Endothelial"
"2439","4q22.1",0.250134152190139,1.38127447100083,1,"con","ALL","4","q","4q",0,1,"LUAD","Endothelial"
"2440","4q22.3",0.213703854604209,1.17757496872163,1,"con","ALL","4","q","4q",0,-1,"LUAD","Endothelial"
"2441","4q23",0.134786483987483,0.789586302046444,1,"con","ALL","4","q","4q",0,-1,"LUAD","Endothelial"
"2442","4q24",0.115898528173591,0.693869479151684,1,"con","ALL","4","q","4q",0,-1,"LUAD","Endothelial"
"2443","4q25",0.128959866298152,0.789429909908147,1,"con","ALL","4","q","4q",0,-1,"LUAD","Endothelial"
"2444","4q27",0.130717106012714,0.791524561690772,1,"con","ALL","4","q","4q",0,-1,"LUAD","Endothelial"
"2445","4q31.1",0.130477722711686,0.801216706666841,1,"con","ALL","4","q","4q",0,-1,"LUAD","Endothelial"
"2446","4q31.21",0.13262332798698,0.821930061342058,1,"con","ALL","4","q","4q",0,-1,"LUAD","Endothelial"
"2447","4q31.22",0.120555622444663,0.749137298046081,1,"con","ALL","4","q","4q",0,-1,"LUAD","Endothelial"
"2448","4q32.1",0.111402462162227,0.674450605433687,1,"con","ALL","4","q","4q",0,1,"LUAD","Endothelial"
"2449","4q32.2",0.109311022192506,0.658179387664341,1,"con","ALL","4","q","4q",0,1,"LUAD","Endothelial"
"2450","4q34.1",0.0986799926471401,0.610645775246923,1,"con","ALL","4","q","4q",0,1,"LUAD","Endothelial"
"2451","4q34.2",0.107103026411056,0.668888955345868,1,"con","ALL","4","q","4q",0,1,"LUAD","Endothelial"
"2452","4q35.1",0.0868162218826075,0.552552247560654,1,"con","ALL","4","q","4q",0,1,"LUAD","Endothelial"
"2453","5p15.33",0.0274355211438942,0.436643466635686,0.663415703688434,"con","ALL","5","p","5p",0,1,"LUAD","Endothelial"
"2454","5p15.31",0.0301518179148034,0.439527263752062,0.661333105570219,"con","ALL","5","p","5p",0,1,"LUAD","Endothelial"
"2455","5p15.2",0.0310693479112138,0.433842109075627,0.665441301530894,"con","ALL","5","p","5p",0,1,"LUAD","Endothelial"
"2456","5p15.1",0.0404170274588527,0.517769887845218,0.605889236814853,"con","ALL","5","p","5p",0,1,"LUAD","Endothelial"
"2457","5p13.3",0.0404274611216883,0.486229109388658,0.62798658287243,"con","ALL","5","p","5p",0,1,"LUAD","Endothelial"
"2458","5p13.1",0.066020053678067,0.687398987147907,0.493598969661918,"con","ALL","5","p","5p",0,1,"LUAD","Endothelial"
"2459","5p12",0.0670210962238452,0.674845729708204,0.501503759487285,"con","ALL","5","p","5p",0,1,"LUAD","Endothelial"
"2460","5q11.1",0.0805076472240934,0.741059605965564,0.460586502888884,"con","ALL","5","q","5q",0,1,"LUAD","Endothelial"
"2461","5q11.2",0.118885999545928,1.10020597464455,0.274176458719675,"con","ALL","5","q","5q",0,1,"LUAD","Endothelial"
"2462","5q12.1",0.132267830302847,1.27716186235313,0.204830181893061,"con","ALL","5","q","5q",0,1,"LUAD","Endothelial"
"2463","5q12.3",0.150958141844595,1.5513330308735,0.124331419377818,"con","ALL","5","q","5q",0,1,"LUAD","Endothelial"
"2464","5q13.1",0.148965273794071,1.58862801180554,0.115651437054708,"con","ALL","5","q","5q",0,1,"LUAD","Endothelial"
"2465","5q13.2",0.139458864323845,1.62817378251514,0.106983878863995,"con","ALL","5","q","5q",0,1,"LUAD","Endothelial"
"2466","5q13.3",0.127454706659547,1.57721908314905,0.118253759676002,"con","ALL","5","q","5q",0,-1,"LUAD","Endothelial"
"2467","5q14.1",0.121568296126306,1.53390245953442,0.128561617243978,"con","ALL","5","q","5q",0,-1,"LUAD","Endothelial"
"2468","5q14.2",0.111621240937415,1.44905269095054,0.150798302675211,"con","ALL","5","q","5q",0,-1,"LUAD","Endothelial"
"2469","5q14.3",0.112752459371919,1.47420473301909,0.143915873795486,"con","ALL","5","q","5q",0,-1,"LUAD","Endothelial"
"2470","5q15",0.109854402603108,1.42483749703433,0.157662747004307,"con","ALL","5","q","5q",0,-1,"LUAD","Endothelial"
"2471","5q21.1",0.111307795876871,1.43361076836324,0.155148433402769,"con","ALL","5","q","5q",0,-1,"LUAD","Endothelial"
"2472","5q21.3",0.116945092925249,1.49234444479272,0.139106081218796,"con","ALL","5","q","5q",0,-1,"LUAD","Endothelial"
"2473","5q22.2",0.123809284756476,1.54388239900747,0.126125896172222,"con","ALL","5","q","5q",0,-1,"LUAD","Endothelial"
"2474","5q22.3",0.138305916344555,1.69190997432285,0.0941228663490545,"con","ALL","5","q","5q",0,-1,"LUAD","Endothelial"
"2475","5q23.1",0.145886463842148,1.77834962203588,0.0787234469033292,"con","ALL","5","q","5q",0,-1,"LUAD","Endothelial"
"2476","5q23.2",0.155877772750701,1.90245803913912,0.0603088451968536,"con","ALL","5","q","5q",0,-1,"LUAD","Endothelial"
"2477","5q31.1",0.183814647673088,2.42511335430168,0.0173007526840691,"con","ALL","5","q","5q",0.152950771389805,1,"LUAD","Endothelial"
"2478","5q31.2",0.188973002465089,2.74722491097196,0.00725970150879521,"con","ALL","5","q","5q",0.352221958883857,1,"LUAD","Endothelial"
"2479","5q31.3",0.177985740561718,2.72111819252916,0.00781026509188691,"con","ALL","5","q","5q",0.352221958883857,1,"LUAD","Endothelial"
"2480","5q32",0.137370012565325,2.27980780278645,0.024982181623923,"con","ALL","5","q","5q",0.102105766333522,1,"LUAD","Endothelial"
"2481","5q33.1",0.119986088010931,2.00651741292603,0.0478024664854982,"con","ALL","5","q","5q",0.012595459267958,1,"LUAD","Endothelial"
"2482","5q33.2",0.10736512496662,1.78983736313539,0.0768433055723878,"con","ALL","5","q","5q",0,1,"LUAD","Endothelial"
"2483","5q33.3",0.0943854321609878,1.59670066804438,0.113837908155572,"con","ALL","5","q","5q",0,1,"LUAD","Endothelial"
"2484","5q34",0.0813228905415923,1.39193399759575,0.167372692582562,"con","ALL","5","q","5q",0,1,"LUAD","Endothelial"
"2485","5q35.1",0.0711986235151637,1.23021444236085,0.221822703150812,"con","ALL","5","q","5q",0,1,"LUAD","Endothelial"
"2486","5q35.2",0.0608300208335352,1.05301038397211,0.295155158178225,"con","ALL","5","q","5q",0,1,"LUAD","Endothelial"
"2487","5q35.3",0.0492464525773884,0.904105502322188,0.368353178060586,"con","ALL","5","q","5q",0,1,"LUAD","Endothelial"
"2488","6p25.2",-0.0368801941439251,-0.298620335091291,0.765918140292507,"con","ALL","6","p","6p",0,1,"LUAD","Endothelial"
"2489","6p25.1",-0.0319984586226817,-0.267042625611951,0.790047289645674,"con","ALL","6","p","6p",0,1,"LUAD","Endothelial"
"2490","6p24.3",-0.0337091698300444,-0.290693577591696,0.771954493342352,"con","ALL","6","p","6p",0,1,"LUAD","Endothelial"
"2491","6p24.2",-0.0319436537467624,-0.284025284808515,0.777043413982319,"con","ALL","6","p","6p",0,1,"LUAD","Endothelial"
"2492","6p23",-0.0442836908771054,-0.396170583936168,0.69291688125758,"con","ALL","6","p","6p",0,1,"LUAD","Endothelial"
"2493","6p22.3",-0.0348012838528811,-0.354616281557549,0.723706655504577,"con","ALL","6","p","6p",0,1,"LUAD","Endothelial"
"2494","6p22.2",-0.0317390589525467,-0.340020745115806,0.734633192639472,"con","ALL","6","p","6p",0,1,"LUAD","Endothelial"
"2495","6p22.1",-0.0317266346472518,-0.361322938005178,0.718704880397715,"con","ALL","6","p","6p",0,1,"LUAD","Endothelial"
"2496","6p21.33",-0.0314490385631545,-0.401721987252232,0.688840994343958,"con","ALL","6","p","6p",0,1,"LUAD","Endothelial"
"2497","6p21.32",-0.0347414247661534,-0.462118158424843,0.645111775121654,"con","ALL","6","p","6p",0,1,"LUAD","Endothelial"
"2498","6p21.31",-0.0207275493275559,-0.258527212631282,0.79659036760723,"con","ALL","6","p","6p",0,1,"LUAD","Endothelial"
"2499","6p21.2",-0.00659148675126403,-0.0718168801891201,0.942906993538073,"con","ALL","6","p","6p",0,1,"LUAD","Endothelial"
"2500","6p21.1",-0.000479138878260256,-0.00433271442578599,0.996552594231578,"con","ALL","6","p","6p",0,1,"LUAD","Endothelial"
"2501","6p12.1",-0.00366225358642353,-0.0295464144930434,0.976494223010886,"con","ALL","6","p","6p",0,1,"LUAD","Endothelial"
"2502","6q12",0.00394849197179719,0.0338248483531011,0.973091725874299,"con","ALL","6","q","6q",0,1,"LUAD","Endothelial"
"2503","6q13",0.000911058302775884,0.00806908883853677,0.993579727751156,"con","ALL","6","q","6q",0,1,"LUAD","Endothelial"
"2504","6q14.1",-0.0200181753981816,-0.193643607043288,0.846891323265504,"con","ALL","6","q","6q",0,1,"LUAD","Endothelial"
"2505","6q14.3",-0.0353736047054793,-0.389708939541206,0.697672474985539,"con","ALL","6","q","6q",0,1,"LUAD","Endothelial"
"2506","6q15",-0.0409336753597059,-0.481952157529076,0.631009889408142,"con","ALL","6","q","6q",0,1,"LUAD","Endothelial"
"2507","6q16.1",-0.0447316499502811,-0.550621984755413,0.583257012990938,"con","ALL","6","q","6q",0,1,"LUAD","Endothelial"
"2508","6q16.2",-0.0501895429998847,-0.643197079178171,0.521731679796845,"con","ALL","6","q","6q",0,1,"LUAD","Endothelial"
"2509","6q21",-0.0551273445890533,-0.74471182525842,0.458386162538307,"con","ALL","6","q","6q",0,-1,"LUAD","Endothelial"
"2510","6q22.1",-0.0661854689942421,-0.91966459224315,0.360206438424547,"con","ALL","6","q","6q",0,-1,"LUAD","Endothelial"
"2511","6q22.31",-0.0705354527580278,-0.962969014391298,0.338143309137023,"con","ALL","6","q","6q",0,-1,"LUAD","Endothelial"
"2512","6q22.33",-0.0778286913351284,-1.0409663451959,0.300679516003379,"con","ALL","6","q","6q",0,-1,"LUAD","Endothelial"
"2513","6q23.2",-0.0820327589008446,-1.0898119666837,0.278705363883116,"con","ALL","6","q","6q",0,-1,"LUAD","Endothelial"
"2514","6q23.3",-0.0843398672316545,-1.10700519795947,0.271241686406317,"con","ALL","6","q","6q",0,-1,"LUAD","Endothelial"
"2515","6q24.1",-0.0857100007208437,-1.11478616512404,0.26791009412587,"con","ALL","6","q","6q",0,-1,"LUAD","Endothelial"
"2516","6q24.2",-0.0807529713393669,-1.05279079335162,0.295255257301486,"con","ALL","6","q","6q",0,-1,"LUAD","Endothelial"
"2517","6q25.1",-0.0756740380969572,-1.00957115120627,0.315407368311547,"con","ALL","6","q","6q",0,-1,"LUAD","Endothelial"
"2518","6q25.3",-0.0662836350976495,-0.925272145310318,0.3572987313681,"con","ALL","6","q","6q",0,1,"LUAD","Endothelial"
"2519","6q27",-0.0642787376082991,-0.918749361505277,0.36068244657463,"con","ALL","6","q","6q",0,1,"LUAD","Endothelial"
"2520","7p22.3",-0.0553439611045161,-1.15537391206346,0.250995519282261,"con","ALL","7","p","7p",0,1,"LUAD","Endothelial"
"2521","7p22.1",-0.0550402013545116,-1.17516838529718,0.243027030686227,"con","ALL","7","p","7p",0,1,"LUAD","Endothelial"
"2522","7p21.3",-0.0589301679135397,-1.26638029078995,0.208644822559142,"con","ALL","7","p","7p",0,1,"LUAD","Endothelial"
"2523","7p21.1",-0.0604263351214069,-1.29296532951191,0.199332284976203,"con","ALL","7","p","7p",0,1,"LUAD","Endothelial"
"2524","7p15.3",-0.0638353310873147,-1.35339087545173,0.179320282708057,"con","ALL","7","p","7p",0,1,"LUAD","Endothelial"
"2525","7p15.2",-0.0663016681745983,-1.39857489253184,0.165377002634871,"con","ALL","7","p","7p",0,1,"LUAD","Endothelial"
"2526","7p14.3",-0.0715991266841931,-1.48195285053775,0.141845807602684,"con","ALL","7","p","7p",0,1,"LUAD","Endothelial"
"2527","7p14.2",-0.0750887702338958,-1.53506434515748,0.128276147752717,"con","ALL","7","p","7p",0,1,"LUAD","Endothelial"
"2528","7p14.1",-0.079089641175901,-1.58486882970707,0.116503784994249,"con","ALL","7","p","7p",0,1,"LUAD","Endothelial"
"2529","7p13",-0.084555166638704,-1.63949897199232,0.104600414432551,"con","ALL","7","p","7p",0,1,"LUAD","Endothelial"
"2530","7p12.3",-0.0867051464071962,-1.62085868351653,0.108546514806968,"con","ALL","7","p","7p",0,1,"LUAD","Endothelial"
"2531","7p11.2",-0.0873234373296944,-1.56894000263914,0.120171254735522,"con","ALL","7","p","7p",0,1,"LUAD","Endothelial"
"2532","7q11.21",-0.0865140167809589,-1.44745954514987,0.151242686575584,"con","ALL","7","q","7q",0,1,"LUAD","Endothelial"
"2533","7q11.23",-0.0896144132157395,-1.2137279729106,0.228027162594304,"con","ALL","7","q","7q",0,1,"LUAD","Endothelial"
"2534","7q21.12",-0.0814249900105928,-1.0314217655483,0.30510687399629,"con","ALL","7","q","7q",0,1,"LUAD","Endothelial"
"2535","7q21.2",-0.0772182236820978,-0.928756728365546,0.355499448403881,"con","ALL","7","q","7q",0,1,"LUAD","Endothelial"
"2536","7q21.3",-0.0628381224072778,-0.734199136473106,0.464735898835005,"con","ALL","7","q","7q",0,1,"LUAD","Endothelial"
"2537","7q22.1",-0.008243816790086,-0.0917948362371858,0.927065058421088,"con","ALL","7","q","7q",0,1,"LUAD","Endothelial"
"2538","7q22.3",0.0121474556297312,0.126871040355383,0.899325490397573,"con","ALL","7","q","7q",0,1,"LUAD","Endothelial"
"2539","7q31.1",-0.00450657550793666,-0.0452094343295085,0.964040534999259,"con","ALL","7","q","7q",0,1,"LUAD","Endothelial"
"2540","7q31.2",-0.0289804464928249,-0.285644452027071,0.77580683945656,"con","ALL","7","q","7q",0,1,"LUAD","Endothelial"
"2541","7q31.31",-0.0437789914588185,-0.429818926428198,0.668354717944543,"con","ALL","7","q","7q",0,1,"LUAD","Endothelial"
"2542","7q31.32",-0.0559349571074823,-0.543578705967838,0.588075365579046,"con","ALL","7","q","7q",0,1,"LUAD","Endothelial"
"2543","7q32.1",-0.0958718231136545,-0.907773899545064,0.366421974969051,"con","ALL","7","q","7q",0,-1,"LUAD","Endothelial"
"2544","7q32.2",-0.107655737573022,-1.00647816177692,0.316883973011766,"con","ALL","7","q","7q",0,-1,"LUAD","Endothelial"
"2545","7q33",-0.132567880253094,-1.2273661373326,0.222885747220757,"con","ALL","7","q","7q",0,-1,"LUAD","Endothelial"
"2546","7q34",-0.147942446376925,-1.36564272010474,0.175454488992007,"con","ALL","7","q","7q",0,1,"LUAD","Endothelial"
"2547","7q36.1",-0.156518060692735,-1.48353766671676,0.141425270576827,"con","ALL","7","q","7q",0,1,"LUAD","Endothelial"
"2548","7q36.3",-0.16187602851566,-1.58108156075842,0.11736756741213,"con","ALL","7","q","7q",0,1,"LUAD","Endothelial"
"2549","8p23.3",-0.011399991508449,-0.130978462244004,0.896084680003299,"con","ALL","8","p","8p",0,1,"LUAD","Endothelial"
"2550","8p22",0.00583932468641871,0.0648518910337485,0.948435757458969,"con","ALL","8","p","8p",0,1,"LUAD","Endothelial"
"2551","8p21.3",0.0205160189981669,0.217348675293569,0.82842860918954,"con","ALL","8","p","8p",0,1,"LUAD","Endothelial"
"2552","8p21.2",0.012733246086155,0.129904310691728,0.896932031892572,"con","ALL","8","p","8p",0,1,"LUAD","Endothelial"
"2553","8p21.1",0.026018373535934,0.260243221211332,0.795270633354049,"con","ALL","8","p","8p",0,1,"LUAD","Endothelial"
"2554","8p12",0.0349242884180437,0.34099299604371,0.7339036148903,"con","ALL","8","p","8p",0,1,"LUAD","Endothelial"
"2555","8p11.23",0.0641112233138916,0.601126381623496,0.549266854726862,"con","ALL","8","p","8p",0,1,"LUAD","Endothelial"
"2556","8p11.22",0.0780112320860568,0.734232193102643,0.464715854735134,"con","ALL","8","p","8p",0,1,"LUAD","Endothelial"
"2557","8p11.21",0.0764947690326142,0.74160877621437,0.460255262985502,"con","ALL","8","p","8p",0,1,"LUAD","Endothelial"
"2558","8q11.21",0.0770976630830569,0.798616345732143,0.426615330571376,"con","ALL","8","q","8q",0,1,"LUAD","Endothelial"
"2559","8q11.23",0.0748122297511278,0.806165147321981,0.422272677988582,"con","ALL","8","q","8q",0,1,"LUAD","Endothelial"
"2560","8q12.1",0.0794480321486995,0.925465168397851,0.357198910586428,"con","ALL","8","q","8q",0,1,"LUAD","Endothelial"
"2561","8q12.3",0.0872349578931401,1.07728698469351,0.284231192936246,"con","ALL","8","q","8q",0,1,"LUAD","Endothelial"
"2562","8q13.1",0.0849235052414978,1.09043503389694,0.278432429746987,"con","ALL","8","q","8q",0,1,"LUAD","Endothelial"
"2563","8q13.3",0.0854706476814375,1.13215785438533,0.260575496079567,"con","ALL","8","q","8q",0,1,"LUAD","Endothelial"
"2564","8q21.11",0.0811881785152273,1.13000060847891,0.261478561412602,"con","ALL","8","q","8q",0,1,"LUAD","Endothelial"
"2565","8q21.13",0.0640851881296207,0.97996892693917,0.329728409723825,"con","ALL","8","q","8q",0,1,"LUAD","Endothelial"
"2566","8q21.3",0.0482720329755036,0.810602598294456,0.419732252244312,"con","ALL","8","q","8q",0,1,"LUAD","Endothelial"
"2567","8q22.1",0.0384809347005037,0.720254357166368,0.47323488954863,"con","ALL","8","q","8q",0,1,"LUAD","Endothelial"
"2568","8q22.2",0.0360122174394166,0.715462211752239,0.476175533370114,"con","ALL","8","q","8q",0,1,"LUAD","Endothelial"
"2569","8q22.3",0.0323571744450882,0.667366220436163,0.506245816135741,"con","ALL","8","q","8q",0,1,"LUAD","Endothelial"
"2570","8q23.1",0.0311578358948122,0.66359645570779,0.508644929372316,"con","ALL","8","q","8q",0,1,"LUAD","Endothelial"
"2571","8q23.2",0.0311280798134112,0.667670935265706,0.506052157479855,"con","ALL","8","q","8q",0,1,"LUAD","Endothelial"
"2572","8q24.11",0.0311514758364849,0.674345555509384,0.501820125308533,"con","ALL","8","q","8q",0,1,"LUAD","Endothelial"
"2573","8q24.12",0.0314064111281982,0.692946761878151,0.490127262053038,"con","ALL","8","q","8q",0,1,"LUAD","Endothelial"
"2574","8q24.13",0.032035773081281,0.72320731119107,0.471427914188937,"con","ALL","8","q","8q",0,1,"LUAD","Endothelial"
"2575","8q24.22",0.0328709446288728,0.770101605609745,0.443256344849122,"con","ALL","8","q","8q",0,1,"LUAD","Endothelial"
"2576","8q24.3",0.0387029685751591,0.949522600011255,0.344897697980365,"con","ALL","8","q","8q",0,1,"LUAD","Endothelial"
"2577","9p24.1",-0.0133098306852286,-0.237937593717585,0.812470358684796,"con","ALL","9","p","9p",0,-1,"LUAD","Endothelial"
"2578","9p22.3",-0.0170462973807432,-0.301329577364691,0.763858296889544,"con","ALL","9","p","9p",0,-1,"LUAD","Endothelial"
"2579","9p22.1",-0.0206795089205848,-0.370048067691668,0.712216066153652,"con","ALL","9","p","9p",0,-1,"LUAD","Endothelial"
"2580","9p21.1",-0.0338137587862602,-0.54472625867134,0.587289042698056,"con","ALL","9","p","9p",0,-1,"LUAD","Endothelial"
"2581","9p13.3",-0.0656824630255047,-0.891190168009078,0.375203498589712,"con","ALL","9","p","9p",0,-1,"LUAD","Endothelial"
"2582","9p13.2",-0.0998237991145261,-1.15018922288084,0.253112979749439,"con","ALL","9","p","9p",0,-1,"LUAD","Endothelial"
"2583","9q21.12",-0.101238563615011,-1.02439452298554,0.308394511268983,"con","ALL","9","q","9q",0,-1,"LUAD","Endothelial"
"2584","9q21.13",-0.101096665738046,-0.913664927431502,0.363334144345172,"con","ALL","9","q","9q",0,-1,"LUAD","Endothelial"
"2585","9q21.2",-0.113264376365772,-0.84403558557341,1,"con","ALL","9","q","9q",0,-1,"LUAD","Endothelial"
"2586","9q21.31",-0.113975038262047,-0.835592022377899,1,"con","ALL","9","q","9q",0,-1,"LUAD","Endothelial"
"2587","9q21.32",-0.125689208970474,-0.898949763795507,1,"con","ALL","9","q","9q",0,-1,"LUAD","Endothelial"
"2588","9q21.33",-0.108617481091025,-0.754443325611997,1,"con","ALL","9","q","9q",0,-1,"LUAD","Endothelial"
"2589","9q22.2",-0.0821615857603812,-0.563816857537803,1,"con","ALL","9","q","9q",0,-1,"LUAD","Endothelial"
"2590","9q22.31",-0.030709765365114,-0.212074118691541,1,"con","ALL","9","q","9q",0,-1,"LUAD","Endothelial"
"2591","9q22.32",-0.00955263743240252,-0.0663515582416903,1,"con","ALL","9","q","9q",0,-1,"LUAD","Endothelial"
"2592","9q22.33",0.0205980111670618,0.150556316882686,1,"con","ALL","9","q","9q",0,-1,"LUAD","Endothelial"
"2593","9q31.1",0.0468847881172282,0.374275929912097,0.709079405210168,"con","ALL","9","q","9q",0,-1,"LUAD","Endothelial"
"2594","9q31.2",0.0643747006709963,0.554503349389175,0.580609767842829,"con","ALL","9","q","9q",0,-1,"LUAD","Endothelial"
"2595","9q31.3",0.0697646716333998,0.628714551768668,0.531128392927709,"con","ALL","9","q","9q",0,-1,"LUAD","Endothelial"
"2596","9q32",0.0853480315518511,0.764477742121783,0.446582380472988,"con","ALL","9","q","9q",0,-1,"LUAD","Endothelial"
"2597","9q33.2",0.101820096517984,0.865537414333786,0.3890452670214,"con","ALL","9","q","9q",0,-1,"LUAD","Endothelial"
"2598","9q33.3",0.0975009273050985,0.828984591375533,0.409306322675544,"con","ALL","9","q","9q",0,-1,"LUAD","Endothelial"
"2599","9q34.11",0.0845793093355152,0.703963592208655,0.483272877672141,"con","ALL","9","q","9q",0,-1,"LUAD","Endothelial"
"2600","9q34.13",0.0811978521194308,0.68433628862092,0.495521276354203,"con","ALL","9","q","9q",0,-1,"LUAD","Endothelial"
"2601","9q34.3",0.0629260310948765,0.619124204285141,0.537398602539623,"con","ALL","9","q","9q",0,1,"LUAD","Endothelial"
"2602","10p15.3",-0.163830708128531,-2.29489165446434,0.024064524155048,"con","ALL","10","p","10p",-0.102105766333522,-1,"LUAD","Endothelial"
"2603","10p14",-0.188205943736054,-2.27941329992009,0.0250065899287774,"con","ALL","10","p","10p",-0.102105766333522,-1,"LUAD","Endothelial"
"2604","10p13",-0.178929122592674,-1.94585245360549,0.0547926666598736,"con","ALL","10","p","10p",0,-1,"LUAD","Endothelial"
"2605","10p12.2",-0.150799662609678,-1.43206927861477,0.155587950172173,"con","ALL","10","p","10p",0,-1,"LUAD","Endothelial"
"2606","10p12.1",-0.129798859223235,-1.13210481616119,0.260597672579264,"con","ALL","10","p","10p",0,-1,"LUAD","Endothelial"
"2607","10p11.22",-0.0748312025815531,-0.602615249766571,0.548280088472208,"con","ALL","10","p","10p",0,-1,"LUAD","Endothelial"
"2608","10q11.21",0.00812343634161204,0.0593511540018275,0.952804005674963,"con","ALL","10","q","10q",0,-1,"LUAD","Endothelial"
"2609","10q11.22",0.0457015917850951,0.325566256672855,0.745508246225332,"con","ALL","10","q","10q",0,-1,"LUAD","Endothelial"
"2610","10q21.1",0.0630038041357837,0.442636838870803,0.65909043961274,"con","ALL","10","q","10q",0,-1,"LUAD","Endothelial"
"2611","10q21.3",0.10046343666389,0.677143425328409,1,"con","ALL","10","q","10q",0,-1,"LUAD","Endothelial"
"2612","10q22.1",0.134907358411904,0.815180857288807,1,"con","ALL","10","q","10q",0,1,"LUAD","Endothelial"
"2613","10q22.2",0.131975914092534,0.728032577598076,1,"con","ALL","10","q","10q",0,1,"LUAD","Endothelial"
"2614","10q22.3",0.160611400544143,0.880636694203242,1,"con","ALL","10","q","10q",0,1,"LUAD","Endothelial"
"2615","10q23.1",0.181421474672173,0.989467792552266,1,"con","ALL","10","q","10q",0,1,"LUAD","Endothelial"
"2616","10q23.2",0.177069873076981,0.962359801620284,1,"con","ALL","10","q","10q",0,1,"LUAD","Endothelial"
"2617","10q23.31",0.17168199836613,0.924813797161715,1,"con","ALL","10","q","10q",0,-1,"LUAD","Endothelial"
"2618","10q23.32",0.162940025440604,0.874412529980673,1,"con","ALL","10","q","10q",0,-1,"LUAD","Endothelial"
"2619","10q24.1",0.15630964848206,0.853994635804188,1,"con","ALL","10","q","10q",0,-1,"LUAD","Endothelial"
"2620","10q24.2",0.141903666638805,0.777479333009703,1,"con","ALL","10","q","10q",0,-1,"LUAD","Endothelial"
"2621","10q24.31",0.121738554592131,0.691521477135829,1,"con","ALL","10","q","10q",0,-1,"LUAD","Endothelial"
"2622","10q24.32",0.0870503440451568,0.505418025592414,0.614500808790103,"con","ALL","10","q","10q",0,-1,"LUAD","Endothelial"
"2623","10q25.1",0.0783101184083029,0.456259362245562,0.649302610358021,"con","ALL","10","q","10q",0,-1,"LUAD","Endothelial"
"2624","10q25.2",0.115606525436448,0.674153268504213,0.50194177758266,"con","ALL","10","q","10q",0,-1,"LUAD","Endothelial"
"2625","10q25.3",0.119418032140383,0.705313803021244,1,"con","ALL","10","q","10q",0,-1,"LUAD","Endothelial"
"2626","10q26.11",0.150702142480474,0.888697827847975,1,"con","ALL","10","q","10q",0,-1,"LUAD","Endothelial"
"2627","10q26.13",0.102266265634264,0.704966612951901,1,"con","ALL","10","q","10q",0,-1,"LUAD","Endothelial"
"2628","10q26.3",0.0912775267424602,0.70537664949818,0.48239755450573,"con","ALL","10","q","10q",0,-1,"LUAD","Endothelial"
"2629","11p15.5",0.0626896971064081,1.02436942718699,0.308406294663535,"con","ALL","11","p","11p",0,-1,"LUAD","Endothelial"
"2630","11p15.4",0.080505661169161,0.860604401160071,0.391742824062146,"con","ALL","11","p","11p",0,-1,"LUAD","Endothelial"
"2631","11p15.3",0.0868810134805856,0.795282208796128,0.428541782101974,"con","ALL","11","p","11p",0,-1,"LUAD","Endothelial"
"2632","11p15.2",0.094139432355568,0.796403360000682,0.427893411743989,"con","ALL","11","p","11p",0,-1,"LUAD","Endothelial"
"2633","11p15.1",0.0786646769396286,0.598818633414722,0.55079810209713,"con","ALL","11","p","11p",0,-1,"LUAD","Endothelial"
"2634","11p14.3",0.0677962959225426,0.45112239905679,0.652986428367142,"con","ALL","11","p","11p",0,-1,"LUAD","Endothelial"
"2635","11p13",0.00359060859073573,0.0186946006277038,1,"con","ALL","11","p","11p",0,-1,"LUAD","Endothelial"
"2636","11p12",0.010992415294395,0.0496833950645298,1,"con","ALL","11","p","11p",0,-1,"LUAD","Endothelial"
"2637","11p11.2",0.08296695030384,0.319697758020185,1,"con","ALL","11","p","11p",0,1,"LUAD","Endothelial"
"2638","11q12.1",0.259795899853921,0.884898178762274,1,"con","ALL","11","q","11q",0,1,"LUAD","Endothelial"
"2639","11q12.2",0.137931951076064,0.543405412736565,1,"con","ALL","11","q","11q",0,1,"LUAD","Endothelial"
"2640","11q12.3",0.0202729463461112,0.0920049862266634,1,"con","ALL","11","q","11q",0,1,"LUAD","Endothelial"
"2641","11q13.1",-0.0294279187357722,-0.16577017362677,1,"con","ALL","11","q","11q",0,1,"LUAD","Endothelial"
"2642","11q13.2",0.0764011699745002,0.649063364165986,0.517950340775713,"con","ALL","11","q","11q",0,1,"LUAD","Endothelial"
"2643","11q13.3",0.0811355966773913,0.841806384995057,0.402127637299552,"con","ALL","11","q","11q",0,1,"LUAD","Endothelial"
"2644","11q13.4",0.0941236312644275,0.921457425373753,0.359275155151975,"con","ALL","11","q","11q",0,1,"LUAD","Endothelial"
"2645","11q13.5",0.108227209941134,1.01486519407755,0.31289065330444,"con","ALL","11","q","11q",0,1,"LUAD","Endothelial"
"2646","11q14.1",0.152178143633921,1.16261997520975,0.248057286086035,"con","ALL","11","q","11q",0,-1,"LUAD","Endothelial"
"2647","11q14.2",0.19857962951887,1.33360143978096,1,"con","ALL","11","q","11q",0,-1,"LUAD","Endothelial"
"2648","11q14.3",0.219695746740531,1.4017401602062,1,"con","ALL","11","q","11q",0,-1,"LUAD","Endothelial"
"2649","11q21",0.234743889483651,1.4096219630949,1,"con","ALL","11","q","11q",0,-1,"LUAD","Endothelial"
"2650","11q22.2",0.255661083924482,1.52993790143878,1,"con","ALL","11","q","11q",0,-1,"LUAD","Endothelial"
"2651","11q22.3",0.236536947307668,1.48260312991166,1,"con","ALL","11","q","11q",0,-1,"LUAD","Endothelial"
"2652","11q23.1",0.204297303193057,1.43282147486443,0.155373360569614,"con","ALL","11","q","11q",0,-1,"LUAD","Endothelial"
"2653","11q23.2",0.186025314303011,1.39380767983818,0.166807768609927,"con","ALL","11","q","11q",0,-1,"LUAD","Endothelial"
"2654","11q23.3",0.153378767145172,1.27796209464735,0.20454911969828,"con","ALL","11","q","11q",0,-1,"LUAD","Endothelial"
"2655","11q24.1",0.107082125137593,1.08467623429975,0.280962117157883,"con","ALL","11","q","11q",0,-1,"LUAD","Endothelial"
"2656","11q24.2",0.0999957676247742,1.04940177163102,0.2968030551805,"con","ALL","11","q","11q",0,1,"LUAD","Endothelial"
"2657","11q24.3",0.0985705526106016,1.09576657566976,0.276104513415819,"con","ALL","11","q","11q",0,1,"LUAD","Endothelial"
"2658","11q25",0.0938998542811698,1.08158103358574,0.28232829189588,"con","ALL","11","q","11q",0,1,"LUAD","Endothelial"
"2659","12p13.33",-0.0155213152245919,-0.274844242534966,0.784065847567377,"con","ALL","12","p","12p",0,1,"LUAD","Endothelial"
"2660","12p13.32",-0.0178591400391766,-0.308338039492694,0.758537657300142,"con","ALL","12","p","12p",0,1,"LUAD","Endothelial"
"2661","12p13.31",-0.0206762451585014,-0.322028349005231,0.748178015321068,"con","ALL","12","p","12p",0,-1,"LUAD","Endothelial"
"2662","12p13.2",-0.0231077424643677,-0.29013796543844,0.772378132539665,"con","ALL","12","p","12p",0,-1,"LUAD","Endothelial"
"2663","12p13.1",-0.0172888492042265,-0.200032335145721,0.841906585232932,"con","ALL","12","p","12p",0,-1,"LUAD","Endothelial"
"2664","12p12.3",-0.0159474884175519,-0.175146372937915,0.861358057596126,"con","ALL","12","p","12p",0,-1,"LUAD","Endothelial"
"2665","12p12.1",-0.00573334209686226,-0.0533215331953755,0.957593903252999,"con","ALL","12","p","12p",0,1,"LUAD","Endothelial"
"2666","12p11.23",-0.0064432275422831,-0.0528384236162173,1,"con","ALL","12","p","12p",0,1,"LUAD","Endothelial"
"2667","12p11.22",0.000863766517870871,0.0064386996998839,1,"con","ALL","12","p","12p",0,1,"LUAD","Endothelial"
"2668","12q12",0.051026463238836,0.332829949070195,1,"con","ALL","12","q","12q",0,1,"LUAD","Endothelial"
"2669","12q13.11",0.102521194901718,0.636160374847815,1,"con","ALL","12","q","12q",0,1,"LUAD","Endothelial"
"2670","12q13.12",0.202943154915879,1.22594443188039,0.223417740813985,"con","ALL","12","q","12q",0,1,"LUAD","Endothelial"
"2671","12q13.13",0.194020000297479,1.42163384971432,0.158588657284619,"con","ALL","12","q","12q",0,1,"LUAD","Endothelial"
"2672","12q13.2",0.0690665165128762,0.683566527648658,0.496005056154536,"con","ALL","12","q","12q",0,1,"LUAD","Endothelial"
"2673","12q13.3",0.0230112282791983,0.291235560554951,0.771541312622497,"con","ALL","12","q","12q",0,1,"LUAD","Endothelial"
"2674","12q14.1",0.0066142061694991,0.0922325163528712,0.926718296256745,"con","ALL","12","q","12q",0,1,"LUAD","Endothelial"
"2675","12q14.3",0.000904436124505912,0.012677271383435,0.989913331724912,"con","ALL","12","q","12q",0,1,"LUAD","Endothelial"
"2676","12q15",-0.000270085016670006,-0.00372220876982549,0.997038352091276,"con","ALL","12","q","12q",0,1,"LUAD","Endothelial"
"2677","12q21.1",-0.00680775706827718,-0.0840678446916304,0.933189204180801,"con","ALL","12","q","12q",0,-1,"LUAD","Endothelial"
"2678","12q21.2",-0.0210324584820022,-0.236259198570547,0.813768401522411,"con","ALL","12","q","12q",0,-1,"LUAD","Endothelial"
"2679","12q21.31",-0.0326696257677785,-0.337959886088895,0.736180467293162,"con","ALL","12","q","12q",0,-1,"LUAD","Endothelial"
"2680","12q21.33",-0.04865910447248,-0.474032306567369,0.636624880860075,"con","ALL","12","q","12q",0,-1,"LUAD","Endothelial"
"2681","12q22",-0.07052636609055,-0.662417965024761,0.509396173206959,"con","ALL","12","q","12q",0,-1,"LUAD","Endothelial"
"2682","12q23.1",-0.082369079194486,-0.771785459980224,0.442263295374498,"con","ALL","12","q","12q",0,-1,"LUAD","Endothelial"
"2683","12q23.2",-0.0840699856610701,-0.795375016141913,0.428488088851069,"con","ALL","12","q","12q",0,-1,"LUAD","Endothelial"
"2684","12q23.3",-0.0903558333495244,-0.881164521961541,0.380575930392816,"con","ALL","12","q","12q",0,-1,"LUAD","Endothelial"
"2685","12q24.11",-0.0710637653518344,-0.746049133569934,0.457581980371137,"con","ALL","12","q","12q",0,-1,"LUAD","Endothelial"
"2686","12q24.13",-0.0624523449599224,-0.670349632120919,0.50435144364818,"con","ALL","12","q","12q",0,-1,"LUAD","Endothelial"
"2687","12q24.23",-0.0626015726076133,-0.669715530457004,0.504753759893165,"con","ALL","12","q","12q",0,-1,"LUAD","Endothelial"
"2688","12q24.31",-0.0552769266718779,-0.568680754823301,0.570989149687378,"con","ALL","12","q","12q",0,-1,"LUAD","Endothelial"
"2689","12q24.33",-0.0523281339207499,-0.508764070989651,0.612162574935006,"con","ALL","12","q","12q",0,-1,"LUAD","Endothelial"
"2690","13q12.11",-0.024548990113532,-0.382973307129672,0.702642597889399,"con","ALL","13","q","13q",0,-1,"LUAD","Endothelial"
"2691","13q12.2",-0.0162987360259332,-0.256410800500627,0.798218855525907,"con","ALL","13","q","13q",0,-1,"LUAD","Endothelial"
"2692","13q12.3",-0.00905732373499976,-0.140256751190116,0.888770556376395,"con","ALL","13","q","13q",0,-1,"LUAD","Endothelial"
"2693","13q13.1",-0.00312130988656178,-0.047224708311782,0.962438770152276,"con","ALL","13","q","13q",0,-1,"LUAD","Endothelial"
"2694","13q13.3",0.00125406885571435,0.0185046940604108,0.985277194940076,"con","ALL","13","q","13q",0,-1,"LUAD","Endothelial"
"2695","13q14.11",0.00810599252326583,0.117400583361401,0.906804224526782,"con","ALL","13","q","13q",0,-1,"LUAD","Endothelial"
"2696","13q14.12",0.010506517833329,0.150266327971908,0.880890755160253,"con","ALL","13","q","13q",0,-1,"LUAD","Endothelial"
"2697","13q14.13",0.00985712647663167,0.140291382425424,0.888743274016905,"con","ALL","13","q","13q",0,-1,"LUAD","Endothelial"
"2698","13q14.2",0.0120836875672498,0.166805219671874,0.867897508532403,"con","ALL","13","q","13q",0,-1,"LUAD","Endothelial"
"2699","13q14.3",0.0223573111768763,0.285618217917151,0.775826870118536,"con","ALL","13","q","13q",0,-1,"LUAD","Endothelial"
"2700","13q21.33",0.0271226990025511,0.339799385797293,0.734799334886973,"con","ALL","13","q","13q",0,-1,"LUAD","Endothelial"
"2701","13q22.2",0.0350455249635526,0.43347530870569,0.665706710827473,"con","ALL","13","q","13q",0,-1,"LUAD","Endothelial"
"2702","13q22.3",0.0436884207183642,0.533487907133689,0.595010964327664,"con","ALL","13","q","13q",0,-1,"LUAD","Endothelial"
"2703","13q31.1",0.0466202515869049,0.565243729492007,0.573314376481218,"con","ALL","13","q","13q",0,-1,"LUAD","Endothelial"
"2704","13q32.1",0.0480983777641479,0.582853930584898,0.561449195347854,"con","ALL","13","q","13q",0,-1,"LUAD","Endothelial"
"2705","13q32.2",0.0542015246929897,0.649819734018615,0.517463844559976,"con","ALL","13","q","13q",0,-1,"LUAD","Endothelial"
"2706","13q32.3",0.0554631079748057,0.667416888042855,0.506213612065842,"con","ALL","13","q","13q",0,-1,"LUAD","Endothelial"
"2707","13q33.3",0.0592312289835162,0.708354058895386,0.480556059471302,"con","ALL","13","q","13q",0,-1,"LUAD","Endothelial"
"2708","13q34",0.070434997344659,0.85013376008402,0.397506685106187,"con","ALL","13","q","13q",0,-1,"LUAD","Endothelial"
"2709","14q11.2",0.0389425143689421,0.396624677231576,0.692583140549983,"con","ALL","14","q","14q",0,1,"LUAD","Endothelial"
"2710","14q12",0.094132486244501,0.996626472535735,0.321617889752209,"con","ALL","14","q","14q",0,1,"LUAD","Endothelial"
"2711","14q13.1",0.09352478162526,1.01835774634974,0.311237722712066,"con","ALL","14","q","14q",0,1,"LUAD","Endothelial"
"2712","14q13.2",0.0917400444357645,1.02767459287008,0.306857004188453,"con","ALL","14","q","14q",0,1,"LUAD","Endothelial"
"2713","14q13.3",0.0916582310703942,1.04896749439386,0.297001791753976,"con","ALL","14","q","14q",0,1,"LUAD","Endothelial"
"2714","14q21.1",0.0924301433613869,1.06015593633702,0.291910509833633,"con","ALL","14","q","14q",0,1,"LUAD","Endothelial"
"2715","14q21.2",0.0896216234550318,1.04694841879598,0.29792696129117,"con","ALL","14","q","14q",0,1,"LUAD","Endothelial"
"2716","14q21.3",0.0831814518185808,0.993223779049448,0.323263799030689,"con","ALL","14","q","14q",0,1,"LUAD","Endothelial"
"2717","14q22.1",0.0838056775617464,1.01927647106969,0.310803889685006,"con","ALL","14","q","14q",0,1,"LUAD","Endothelial"
"2718","14q22.3",0.0768729968921501,0.953422705598696,0.342929651315934,"con","ALL","14","q","14q",0,1,"LUAD","Endothelial"
"2719","14q23.1",0.0694352709706195,0.895175341315859,0.373081265542632,"con","ALL","14","q","14q",0,1,"LUAD","Endothelial"
"2720","14q23.2",0.0642546560552132,0.842028497980984,0.402003960648539,"con","ALL","14","q","14q",0,1,"LUAD","Endothelial"
"2721","14q23.3",0.0629745041234309,0.825321076720612,0.411371611187659,"con","ALL","14","q","14q",0,1,"LUAD","Endothelial"
"2722","14q24.1",0.0580165154572826,0.764109921222045,0.446800417202164,"con","ALL","14","q","14q",0,1,"LUAD","Endothelial"
"2723","14q24.2",0.0560633627566813,0.735697921111259,0.463827592775579,"con","ALL","14","q","14q",0,1,"LUAD","Endothelial"
"2724","14q24.3",0.0625534819443549,0.76034784490302,0.449034032619799,"con","ALL","14","q","14q",0,1,"LUAD","Endothelial"
"2725","14q32.11",0.0736756214175306,0.824510933841893,0.411829172966803,"con","ALL","14","q","14q",0,1,"LUAD","Endothelial"
"2726","14q32.12",0.080735675363143,0.878096791156196,0.382229385747238,"con","ALL","14","q","14q",0,1,"LUAD","Endothelial"
"2727","14q32.2",0.105248277176032,1.11539143397295,0.267652138621937,"con","ALL","14","q","14q",0,1,"LUAD","Endothelial"
"2728","14q32.31",0.11549114656455,1.21999870667461,0.225652602679044,"con","ALL","14","q","14q",0,1,"LUAD","Endothelial"
"2729","14q32.32",0.140838933005919,1.49032762462276,0.139634547637196,"con","ALL","14","q","14q",0,1,"LUAD","Endothelial"
"2730","14q32.33",0.156245022100278,1.76330257187501,0.081243530395825,"con","ALL","14","q","14q",0,1,"LUAD","Endothelial"
"2731","15q14",-0.0556866107349924,-0.804308660120995,0.423338223285575,"con","ALL","15","q","15q",0,-1,"LUAD","Endothelial"
"2732","15q15.1",-0.0673192984016062,-1.00925842470226,0.315556455944832,"con","ALL","15","q","15q",0,-1,"LUAD","Endothelial"
"2733","15q15.2",-0.0728735857760102,-1.1284103454917,0.262145683514801,"con","ALL","15","q","15q",0,-1,"LUAD","Endothelial"
"2734","15q15.3",-0.0748822364116427,-1.16570213840536,0.246814935045463,"con","ALL","15","q","15q",0,-1,"LUAD","Endothelial"
"2735","15q21.1",-0.0790828485388045,-1.2201544678035,0.225593849396278,"con","ALL","15","q","15q",0,-1,"LUAD","Endothelial"
"2736","15q21.2",-0.08858423116695,-1.33143958030574,0.186407010461273,"con","ALL","15","q","15q",0,-1,"LUAD","Endothelial"
"2737","15q21.3",-0.0959514406077636,-1.43400125496214,0.15503724833237,"con","ALL","15","q","15q",0,-1,"LUAD","Endothelial"
"2738","15q22.1",-0.102724980749776,-1.52102082232201,0.131760307035508,"con","ALL","15","q","15q",0,-1,"LUAD","Endothelial"
"2739","15q22.2",-0.100888462617328,-1.43432989880494,0.154943719721726,"con","ALL","15","q","15q",0,-1,"LUAD","Endothelial"
"2740","15q22.31",-0.10545101636333,-1.37806862191165,0.171598676721017,"con","ALL","15","q","15q",0,-1,"LUAD","Endothelial"
"2741","15q23",-0.10915697612456,-1.29757454946961,0.197749610479034,"con","ALL","15","q","15q",0,-1,"LUAD","Endothelial"
"2742","15q24.1",-0.12646560321361,-1.41795099334837,0.159658232127863,"con","ALL","15","q","15q",0,-1,"LUAD","Endothelial"
"2743","15q24.2",-0.1394950425287,-1.51268223488271,0.133864110144356,"con","ALL","15","q","15q",0,-1,"LUAD","Endothelial"
"2744","15q24.3",-0.150687440708257,-1.59128906697671,0.115051094256721,"con","ALL","15","q","15q",0,-1,"LUAD","Endothelial"
"2745","15q25.1",-0.166018001496175,-1.73856454991006,0.085531105113637,"con","ALL","15","q","15q",0,-1,"LUAD","Endothelial"
"2746","15q25.3",-0.16891823874229,-1.83348129154902,0.0700365086892149,"con","ALL","15","q","15q",0,-1,"LUAD","Endothelial"
"2747","15q26.1",-0.165379342610603,-1.83606946092617,0.0696491727484092,"con","ALL","15","q","15q",0,-1,"LUAD","Endothelial"
"2748","15q26.3",-0.158696911178778,-1.87122268321991,0.0645630468391712,"con","ALL","15","q","15q",0,-1,"LUAD","Endothelial"
"2749","16p13.3",0.0402167685481178,0.588515259466717,0.557660584471099,"con","ALL","16","p","16p",0,1,"LUAD","Endothelial"
"2750","16p13.2",0.0588014866120166,0.731421806130737,0.46642169626192,"con","ALL","16","p","16p",0,1,"LUAD","Endothelial"
"2751","16p13.13",0.0594021263752394,0.718604198797705,0.474246341613524,"con","ALL","16","p","16p",0,1,"LUAD","Endothelial"
"2752","16p12.3",0.051700688983244,0.572295389684637,0.568548701330967,"con","ALL","16","p","16p",0,1,"LUAD","Endothelial"
"2753","16p12.2",0.0390443126893227,0.386287152730445,0.700195729083237,"con","ALL","16","p","16p",0,1,"LUAD","Endothelial"
"2754","16p12.1",0.0312215471876154,0.287209978063883,0.774611780449454,"con","ALL","16","p","16p",0,1,"LUAD","Endothelial"
"2755","16p11.2",-0.0183557617451769,-0.134472764781591,0.893329013942968,"con","ALL","16","p","16p",0,1,"LUAD","Endothelial"
"2756","16q11.2",-0.0481038310415395,-0.297045944342146,1,"con","ALL","16","q","16q",0,1,"LUAD","Endothelial"
"2757","16q12.1",-0.0478591753971103,-0.282979873013337,1,"con","ALL","16","q","16q",0,1,"LUAD","Endothelial"
"2758","16q12.2",-0.0360198262821615,-0.211266239344642,1,"con","ALL","16","q","16q",0,1,"LUAD","Endothelial"
"2759","16q13",-0.062391514499912,-0.371760575969763,1,"con","ALL","16","q","16q",0,-1,"LUAD","Endothelial"
"2760","16q21",-0.116644118752217,-0.732063722228072,1,"con","ALL","16","q","16q",0,-1,"LUAD","Endothelial"
"2761","16q22.1",-0.122821667944503,-0.903600153766422,1,"con","ALL","16","q","16q",0,-1,"LUAD","Endothelial"
"2762","16q22.2",-0.147844584676526,-1.4302023877238,0.156121532594265,"con","ALL","16","q","16q",0,-1,"LUAD","Endothelial"
"2763","16q23.1",-0.133976190065124,-1.39253547514773,0.1671911852378,"con","ALL","16","q","16q",0,-1,"LUAD","Endothelial"
"2764","16q23.3",-0.126537159279548,-1.53524107002816,0.128232771265529,"con","ALL","16","q","16q",0,-1,"LUAD","Endothelial"
"2765","16q24.1",-0.121913231296993,-1.62554275881061,0.107543812785439,"con","ALL","16","q","16q",0,-1,"LUAD","Endothelial"
"2766","16q24.2",-0.115873447946057,-1.67077026830448,0.0982411886485885,"con","ALL","16","q","16q",0,-1,"LUAD","Endothelial"
"2767","16q24.3",-0.0990402605875566,-1.5831812323264,0.116888055039955,"con","ALL","16","q","16q",0,-1,"LUAD","Endothelial"
"2768","17p13.3",0.314430377619031,3.74143347196024,0.000321695080525543,"con","ALL","17","p","17p",1.3395033053643,-1,"LUAD","Endothelial"
"2769","17p13.2",0.285564697821744,3.61299490458063,0.000498061297894416,"con","ALL","17","p","17p",1.24657494197029,-1,"LUAD","Endothelial"
"2770","17p13.1",0.368118544590657,4.0688907111563,0.000101189823604158,"con","ALL","17","p","17p",1.71687214948468,-1,"LUAD","Endothelial"
"2771","17p12",0.467304854422297,4.20741586145705,6.09671986839232e-05,"con","ALL","17","p","17p",1.76082148871745,-1,"LUAD","Endothelial"
"2772","17p11.2",0.603727329519852,4.38287371106984,3.16440422003522e-05,"con","ALL","17","p","17p",1.76082148871745,-1,"LUAD","Endothelial"
"2773","17q11.1",0.698860516835219,4.37374078381045,1,"con","ALL","17","q","17q",0,1,"LUAD","Endothelial"
"2774","17q11.2",0.372998796106995,2.07110190158121,1,"con","ALL","17","q","17q",0,1,"LUAD","Endothelial"
"2775","17q12",-0.116306914328557,-1.23866886617611,0.218689102395909,"con","ALL","17","q","17q",0,1,"LUAD","Endothelial"
"2776","17q21.1",-0.142206199646023,-1.58135559037262,0.117304896981197,"con","ALL","17","q","17q",0,1,"LUAD","Endothelial"
"2777","17q21.2",-0.181752038026123,-2.10363761825815,0.0381999042013306,"con","ALL","17","q","17q",-0.0136937007340409,1,"LUAD","Endothelial"
"2778","17q21.31",-0.21468157305275,-2.29282389549958,0.0241885370629358,"con","ALL","17","q","17q",-0.102105766333522,1,"LUAD","Endothelial"
"2779","17q21.32",-0.234032094762049,-2.22334206549173,0.0286964886665901,"con","ALL","17","q","17q",-0.0658125753156701,1,"LUAD","Endothelial"
"2780","17q21.33",-0.194629215692953,-1.90575376780325,0.0598740739301334,"con","ALL","17","q","17q",0,1,"LUAD","Endothelial"
"2781","17q22",-0.114999682964586,-1.13550339559686,0.259179330463829,"con","ALL","17","q","17q",0,1,"LUAD","Endothelial"
"2782","17q23.1",-0.0657882219099417,-0.664740028397624,0.507916509354228,"con","ALL","17","q","17q",0,1,"LUAD","Endothelial"
"2783","17q23.3",-0.0350414082958933,-0.356763818974685,0.722103719580281,"con","ALL","17","q","17q",0,1,"LUAD","Endothelial"
"2784","17q24.2",-0.0224767715659877,-0.229728114085015,0.8188243521969,"con","ALL","17","q","17q",0,1,"LUAD","Endothelial"
"2785","17q25.1",-0.0118210148125144,-0.120521770261714,0.904338489546829,"con","ALL","17","q","17q",0,1,"LUAD","Endothelial"
"2786","17q25.3",-0.0558094919560504,-0.691559005199098,0.490994443376418,"con","ALL","17","q","17q",0,1,"LUAD","Endothelial"
"2787","18p11.32",-0.0390699434771761,-0.499783506956449,0.618447246814443,"con","ALL","18","p","18p",0,-1,"LUAD","Endothelial"
"2788","18p11.31",-0.0383529681378251,-0.477555301537014,0.634124512270356,"con","ALL","18","p","18p",0,-1,"LUAD","Endothelial"
"2789","18p11.22",-0.0371433215997161,-0.420895709766889,0.674834629955293,"con","ALL","18","p","18p",0,-1,"LUAD","Endothelial"
"2790","18p11.21",-0.0440852103356325,-0.424436037716533,0.672260726300614,"con","ALL","18","p","18p",0,-1,"LUAD","Endothelial"
"2791","18q11.1",-0.051778619171048,-0.458773667540981,0.647502718555308,"con","ALL","18","q","18q",0,-1,"LUAD","Endothelial"
"2792","18q11.2",-0.0465443876465541,-0.388110415359232,0.698850819127754,"con","ALL","18","q","18q",0,-1,"LUAD","Endothelial"
"2793","18q12.2",-0.0257888006653334,-0.189476430044302,1,"con","ALL","18","q","18q",0,-1,"LUAD","Endothelial"
"2794","18q21.1",0.00121817447839899,0.00890181967513708,1,"con","ALL","18","q","18q",0,-1,"LUAD","Endothelial"
"2795","18q21.31",0.0161799960811839,0.120711951006761,1,"con","ALL","18","q","18q",0,-1,"LUAD","Endothelial"
"2796","18q21.32",0.0170781217132183,0.128501674229666,0.898038691187348,"con","ALL","18","q","18q",0,-1,"LUAD","Endothelial"
"2797","18q21.33",0.0325534622584544,0.245955296047652,0.806276887888811,"con","ALL","18","q","18q",0,-1,"LUAD","Endothelial"
"2798","18q22.3",0.0346659082936384,0.261680460209997,0.794165750963214,"con","ALL","18","q","18q",0,-1,"LUAD","Endothelial"
"2799","18q23",0.0352855517960798,0.268290173588053,0.78908994842551,"con","ALL","18","q","18q",0,-1,"LUAD","Endothelial"
"2800","19p13.3",0.116667872301505,1.72809464186521,0.0874009213292135,"con","ALL","19","p","19p",0,1,"LUAD","Endothelial"
"2801","19p13.2",0.235736525407266,2.55484272597341,0.0123029529507941,"con","ALL","19","p","19p",0.268821722739338,-1,"LUAD","Endothelial"
"2802","19p13.13",0.276164335474828,2.78609380570466,0.00650538805492023,"con","ALL","19","p","19p",0.352221958883857,-1,"LUAD","Endothelial"
"2803","19p13.12",0.301757593301063,2.68279778089774,0.0086874581663306,"con","ALL","19","p","19p",0.347387692465763,-1,"LUAD","Endothelial"
"2804","19p13.11",0.158492820966303,1.14674942031198,0.254524779930543,"con","ALL","19","p","19p",0,-1,"LUAD","Endothelial"
"2805","19q12",-0.019458723071094,-0.207947535202809,0.835739778797324,"con","ALL","19","q","19q",0,1,"LUAD","Endothelial"
"2806","19q13.11",-0.0284212552526102,-0.344116232321231,0.731561591628234,"con","ALL","19","q","19q",0,1,"LUAD","Endothelial"
"2807","19q13.12",-0.0310740019690948,-0.438185934335043,0.662301446157351,"con","ALL","19","q","19q",0,1,"LUAD","Endothelial"
"2808","19q13.2",-0.0578938122525245,-0.770279110352754,0.443151600760607,"con","ALL","19","q","19q",0,1,"LUAD","Endothelial"
"2809","19q13.31",-0.0718225178560268,-0.843201173162714,0.401351377919933,"con","ALL","19","q","19q",0,1,"LUAD","Endothelial"
"2810","19q13.32",-0.102289824102071,-1.23300654774847,0.220784222805739,"con","ALL","19","q","19q",0,-1,"LUAD","Endothelial"
"2811","19q13.33",-0.126689410059728,-1.89032043469778,0.0619330441517545,"con","ALL","19","q","19q",0,-1,"LUAD","Endothelial"
"2812","19q13.41",-0.125014992000879,-2.08306718347038,0.0400816126312076,"con","ALL","19","q","19q",-0.0136937007340409,-1,"LUAD","Endothelial"
"2813","19q13.42",-0.100663521251381,-1.92307882017295,0.0576317947594693,"con","ALL","19","q","19q",0,1,"LUAD","Endothelial"
"2814","19q13.43",-0.0874934528135745,-1.77669779956097,0.0789968962464865,"con","ALL","19","q","19q",0,1,"LUAD","Endothelial"
"2815","20p13",-0.115319916808276,-1.56365931474703,0.121407174511738,"con","ALL","20","p","20p",0,-1,"LUAD","Endothelial"
"2816","20p12.3",-0.154301107917994,-1.86577574493144,0.0653301157076587,"con","ALL","20","p","20p",0,-1,"LUAD","Endothelial"
"2817","20p12.1",-0.18233985696606,-2.01330454447307,0.0470700020756731,"con","ALL","20","p","20p",-0.012595459267958,-1,"LUAD","Endothelial"
"2818","20p11.23",-0.205345051572988,-2.11285835174106,0.0373815224138129,"con","ALL","20","p","20p",-0.0136937007340409,-1,"LUAD","Endothelial"
"2819","20p11.22",-0.216957556938643,-2.09870954404865,0.0386436106367698,"con","ALL","20","p","20p",-0.0136937007340409,-1,"LUAD","Endothelial"
"2820","20p11.21",-0.220297912450545,-2.03877657235296,0.0444060780526364,"con","ALL","20","p","20p",-0.012595459267958,-1,"LUAD","Endothelial"
"2821","20q11.21",-0.217922681379846,-1.75339123773066,0.0829395743600958,"con","ALL","20","q","20q",0,1,"LUAD","Endothelial"
"2822","20q11.22",-0.140731268466692,-1.01919267205374,0.310843443780134,"con","ALL","20","q","20q",0,1,"LUAD","Endothelial"
"2823","20q12",-0.0187244735769866,-0.136934681868154,1,"con","ALL","20","q","20q",0,1,"LUAD","Endothelial"
"2824","20q13.11",-0.00646997536284404,-0.0477320829298438,1,"con","ALL","20","q","20q",0,1,"LUAD","Endothelial"
"2825","20q13.12",0.0318126023763288,0.247423062721542,0.805144399469422,"con","ALL","20","q","20q",0,1,"LUAD","Endothelial"
"2826","20q13.13",0.0477998266829257,0.493246552887376,0.62303980913854,"con","ALL","20","q","20q",0,1,"LUAD","Endothelial"
"2827","20q13.2",0.0432609698001553,0.504447105686569,0.61518004043625,"con","ALL","20","q","20q",0,1,"LUAD","Endothelial"
"2828","20q13.32",0.0409116456965898,0.565579253433398,0.573087185844515,"con","ALL","20","q","20q",0,1,"LUAD","Endothelial"
"2829","20q13.33",0.0370546943312077,0.588048550965644,0.557972430906735,"con","ALL","20","q","20q",0,1,"LUAD","Endothelial"
"2830","21q21.3",-0.0299899295754238,-0.45654223255613,0.649100010467239,"con","ALL","21","q","21q",0,1,"LUAD","Endothelial"
"2831","21q22.11",-0.0338846269051121,-0.527560894433928,0.599102336959052,"con","ALL","21","q","21q",0,1,"LUAD","Endothelial"
"2832","21q22.12",-0.0425687337753897,-0.668184751242358,0.505725696322623,"con","ALL","21","q","21q",0,1,"LUAD","Endothelial"
"2833","21q22.13",-0.0446974726991668,-0.71256940555609,0.477955586910939,"con","ALL","21","q","21q",0,1,"LUAD","Endothelial"
"2834","21q22.2",-0.0494780655736066,-0.802867425782189,0.424166533165807,"con","ALL","21","q","21q",0,1,"LUAD","Endothelial"
"2835","21q22.3",-0.0590754871695917,-0.998429197535002,0.320748155901353,"con","ALL","21","q","21q",0,1,"LUAD","Endothelial"
"2836","22q11.21",-0.127887857311287,-1.09129988119542,0.278053890609466,"con","ALL","22","q","22q",0,1,"LUAD","Endothelial"
"2837","22q11.22",-0.13795776718834,-1.06438101517489,0.290003494215853,"con","ALL","22","q","22q",0,1,"LUAD","Endothelial"
"2838","22q11.23",-0.105048262883383,-0.769269714069878,1,"con","ALL","22","q","22q",0,1,"LUAD","Endothelial"
"2839","22q12.1",-0.0520662050676092,-0.358384450615615,0.720894889860436,"con","ALL","22","q","22q",0,1,"LUAD","Endothelial"
"2840","22q12.2",0.0252188151535487,0.167050533291269,0.867705049499953,"con","ALL","22","q","22q",0,-1,"LUAD","Endothelial"
"2841","22q12.3",0.0599438352603741,0.416312585996059,0.678172420018271,"con","ALL","22","q","22q",0,-1,"LUAD","Endothelial"
"2842","22q13.1",0.0639874798523327,0.492353775618985,0.62366819738439,"con","ALL","22","q","22q",0,-1,"LUAD","Endothelial"
"2843","22q13.2",0.0309260426804976,0.234566180734197,0.815078280333977,"con","ALL","22","q","22q",0,-1,"LUAD","Endothelial"
"2844","22q13.31",0.0387094500622221,0.293415120402721,0.769880391410154,"con","ALL","22","q","22q",0,-1,"LUAD","Endothelial"
"2845","22q13.33",0.038030990718482,0.289055666557408,0.773203554063392,"con","ALL","22","q","22q",0,-1,"LUAD","Endothelial"
"2846","1p36.33",0.194640340457863,1.07248695041962,0.286368746255914,"con","ALL","1","p","1p",0,1,"LUAD","Fibroblast"
"2847","1p36.32",0.187657680674671,0.993234058699422,0.323258818291815,"con","ALL","1","p","1p",0,1,"LUAD","Fibroblast"
"2848","1p36.31",0.187398653467423,0.967640774981732,0.335816947895855,"con","ALL","1","p","1p",0,1,"LUAD","Fibroblast"
"2849","1p36.23",0.185166165988931,0.919152697201091,0.36047262372127,"con","ALL","1","p","1p",0,1,"LUAD","Fibroblast"
"2850","1p36.22",0.198072612933926,0.874323481569739,0.384269268005313,"con","ALL","1","p","1p",0,1,"LUAD","Fibroblast"
"2851","1p36.21",0.188408880701878,0.783021534077261,0.435670060735451,"con","ALL","1","p","1p",0,1,"LUAD","Fibroblast"
"2852","1p36.13",0.191068113224006,0.762163147365449,0.447955450089118,"con","ALL","1","p","1p",0,1,"LUAD","Fibroblast"
"2853","1p36.12",0.17195792953076,0.672580397883107,0.502937465191128,"con","ALL","1","p","1p",0,1,"LUAD","Fibroblast"
"2854","1p36.11",0.127251194134836,0.473334851132365,0.637120385191477,"con","ALL","1","p","1p",0,1,"LUAD","Fibroblast"
"2855","1p35.3",-0.0149117799945708,-0.0493750339987603,0.960729834653293,"con","ALL","1","p","1p",0,1,"LUAD","Fibroblast"
"2856","1p35.2",-0.0869107386593247,-0.286150050578569,0.775420826886838,"con","ALL","1","p","1p",0,1,"LUAD","Fibroblast"
"2857","1p35.1",-0.124807286046113,-0.419665898100357,0.675729640430776,"con","ALL","1","p","1p",0,1,"LUAD","Fibroblast"
"2858","1p34.3",-0.143071827543786,-0.528325998273197,0.598573463281754,"con","ALL","1","p","1p",0,1,"LUAD","Fibroblast"
"2859","1p34.2",-0.139459978194318,-0.583133583340317,0.561261752470403,"con","ALL","1","p","1p",0,1,"LUAD","Fibroblast"
"2860","1p34.1",-0.121561766540201,-0.556129807377964,0.579502162299987,"con","ALL","1","p","1p",0,1,"LUAD","Fibroblast"
"2861","1p33",-0.11955795988123,-0.538736477633649,0.591398780631458,"con","ALL","1","p","1p",0,1,"LUAD","Fibroblast"
"2862","1p32.3",-0.137261586073016,-0.581860249818259,0.562115478759678,"con","ALL","1","p","1p",0,1,"LUAD","Fibroblast"
"2863","1p32.1",-0.140320790512564,-0.581028298952166,0.56267361750413,"con","ALL","1","p","1p",0,1,"LUAD","Fibroblast"
"2864","1p31.3",-0.145833622785495,-0.561101349419801,0.576122844524722,"con","ALL","1","p","1p",0,1,"LUAD","Fibroblast"
"2865","1p31.1",-0.150274101112009,-0.526812515503869,0.599619857858121,"con","ALL","1","p","1p",0,1,"LUAD","Fibroblast"
"2866","1p22.3",-0.222205887868726,-0.751671912710151,1,"con","ALL","1","p","1p",0,-1,"LUAD","Fibroblast"
"2867","1p22.2",-0.282621569684738,-0.966316965011386,0.336475089494889,"con","ALL","1","p","1p",0,-1,"LUAD","Fibroblast"
"2868","1p22.1",-0.256598119782742,-0.85755756937811,0.39341469684162,"con","ALL","1","p","1p",0,-1,"LUAD","Fibroblast"
"2869","1p21.3",-0.246881913178447,-0.778130997038219,0.438532677152277,"con","ALL","1","p","1p",0,-1,"LUAD","Fibroblast"
"2870","1p21.2",-0.264684650942793,-0.784224059614668,0.434967859090856,"con","ALL","1","p","1p",0,-1,"LUAD","Fibroblast"
"2871","1p13.3",-0.334348412142181,-0.723959457750722,1,"con","ALL","1","p","1p",0,-1,"LUAD","Fibroblast"
"2872","1p13.2",-0.204253245895034,-0.379098176634622,1,"con","ALL","1","p","1p",0,1,"LUAD","Fibroblast"
"2873","1p13.1",-0.172260210482757,-0.389180473655063,0.698061949145253,"con","ALL","1","p","1p",0,1,"LUAD","Fibroblast"
"2874","1p12",-0.179542181619115,-0.460315668297061,0.646399896061917,"con","ALL","1","p","1p",0,1,"LUAD","Fibroblast"
"2875","1q21.1",-0.191457254590499,-0.555090705376315,0.580209666599789,"con","ALL","1","q","1q",0,1,"LUAD","Fibroblast"
"2876","1q21.2",-0.135925019680025,-0.495849539031224,0.621209270849219,"con","ALL","1","q","1q",0,1,"LUAD","Fibroblast"
"2877","1q21.3",-0.0293980692392201,-0.169900544945297,0.865469680650392,"con","ALL","1","q","1q",0,1,"LUAD","Fibroblast"
"2878","1q22",-0.0274810385447164,-0.194880819948377,0.845925507809218,"con","ALL","1","q","1q",0,1,"LUAD","Fibroblast"
"2879","1q23.1",-0.04442763218532,-0.306821280811808,0.759688165045142,"con","ALL","1","q","1q",0,1,"LUAD","Fibroblast"
"2880","1q23.2",-0.0476791910930332,-0.325159450396236,0.745815072238484,"con","ALL","1","q","1q",0,1,"LUAD","Fibroblast"
"2881","1q23.3",-0.0573359593824234,-0.371495639064178,0.711141548896947,"con","ALL","1","q","1q",0,1,"LUAD","Fibroblast"
"2882","1q24.1",-0.0767820539326755,-0.476132298827783,0.635133948336701,"con","ALL","1","q","1q",0,1,"LUAD","Fibroblast"
"2883","1q24.2",-0.0798936950174216,-0.48579834503899,0.62829079693213,"con","ALL","1","q","1q",0,1,"LUAD","Fibroblast"
"2884","1q24.3",-0.0700091699538055,-0.419852963037227,0.675593471540802,"con","ALL","1","q","1q",0,1,"LUAD","Fibroblast"
"2885","1q25.1",-0.061561627594568,-0.362116328973474,0.718113979910788,"con","ALL","1","q","1q",0,1,"LUAD","Fibroblast"
"2886","1q25.2",-0.057044305790216,-0.335371520377953,0.738125330844262,"con","ALL","1","q","1q",0,1,"LUAD","Fibroblast"
"2887","1q25.3",-0.0516761365632323,-0.302727458834966,0.762796147410213,"con","ALL","1","q","1q",0,1,"LUAD","Fibroblast"
"2888","1q31.1",-0.0509604332835168,-0.297377697638969,0.766863484706646,"con","ALL","1","q","1q",0,1,"LUAD","Fibroblast"
"2889","1q31.2",-0.0536878087449905,-0.314644017867187,0.753760232736081,"con","ALL","1","q","1q",0,1,"LUAD","Fibroblast"
"2890","1q32.1",-0.0436832168480048,-0.260181133494073,0.795318372924307,"con","ALL","1","q","1q",0,1,"LUAD","Fibroblast"
"2891","1q32.2",-0.0432305130865491,-0.253835147621359,0.800201913613535,"con","ALL","1","q","1q",0,1,"LUAD","Fibroblast"
"2892","1q32.3",-0.0610328977624267,-0.346058609891411,0.730106339590094,"con","ALL","1","q","1q",0,1,"LUAD","Fibroblast"
"2893","1q41",-0.0584365257355227,-0.323847685866364,0.746804725028049,"con","ALL","1","q","1q",0,1,"LUAD","Fibroblast"
"2894","1q42.11",-0.0550138266794145,-0.300925620646271,0.764165318782437,"con","ALL","1","q","1q",0,1,"LUAD","Fibroblast"
"2895","1q42.12",-0.0556544970401227,-0.299759426295625,0.765051880542216,"con","ALL","1","q","1q",0,1,"LUAD","Fibroblast"
"2896","1q42.13",-0.0577682823598053,-0.303270118386295,0.762383941692358,"con","ALL","1","q","1q",0,1,"LUAD","Fibroblast"
"2897","1q42.2",-0.0586391657459637,-0.304188587846061,0.761686425891948,"con","ALL","1","q","1q",0,1,"LUAD","Fibroblast"
"2898","1q42.3",-0.0578461201658825,-0.301045546117027,0.764074167097836,"con","ALL","1","q","1q",0,1,"LUAD","Fibroblast"
"2899","1q43",-0.0635653990074152,-0.32999655947734,0.74216944006928,"con","ALL","1","q","1q",0,1,"LUAD","Fibroblast"
"2900","1q44",-0.0662492797338097,-0.347369005807731,0.729125133084782,"con","ALL","1","q","1q",0,1,"LUAD","Fibroblast"
"2901","2p25.3",0.519651794304534,1.61222278931349,0.110414872417252,"con","ALL","2","p","2p",0,1,"LUAD","Fibroblast"
"2902","2p25.1",0.553620899628976,1.53198954541841,0.129032703999051,"con","ALL","2","p","2p",0,1,"LUAD","Fibroblast"
"2903","2p24.1",0.491933389140653,1.22777883533399,0.222731490881742,"con","ALL","2","p","2p",0,1,"LUAD","Fibroblast"
"2904","2p23.3",0.463257922611428,1.02334371107169,1,"con","ALL","2","p","2p",0,1,"LUAD","Fibroblast"
"2905","2p23.2",0.372305054153578,0.762905543327012,1,"con","ALL","2","p","2p",0,1,"LUAD","Fibroblast"
"2906","2p22.3",0.352482014332647,0.728662841114596,1,"con","ALL","2","p","2p",0,1,"LUAD","Fibroblast"
"2907","2p22.2",0.261978764580147,0.571643089941823,1,"con","ALL","2","p","2p",0,1,"LUAD","Fibroblast"
"2908","2p22.1",0.212188084541173,0.49736122515022,1,"con","ALL","2","p","2p",0,1,"LUAD","Fibroblast"
"2909","2p21",0.352933417445059,0.867354167093052,1,"con","ALL","2","p","2p",0,-1,"LUAD","Fibroblast"
"2910","2p16.2",0.412351888235363,1.09184667595996,1,"con","ALL","2","p","2p",0,-1,"LUAD","Fibroblast"
"2911","2p16.1",0.449406652890961,1.2220039981225,1,"con","ALL","2","p","2p",0,-1,"LUAD","Fibroblast"
"2912","2p15",0.544723813309045,1.54703866984808,1,"con","ALL","2","p","2p",0,1,"LUAD","Fibroblast"
"2913","2p14",0.594022648910341,1.68852208358728,1,"con","ALL","2","p","2p",0,1,"LUAD","Fibroblast"
"2914","2p13.3",0.649881204765902,1.83254570230393,1,"con","ALL","2","p","2p",0,1,"LUAD","Fibroblast"
"2915","2p13.2",0.650507232091772,1.78798168569584,1,"con","ALL","2","p","2p",0,1,"LUAD","Fibroblast"
"2916","2p13.1",0.713152482622164,1.87307519207869,1,"con","ALL","2","p","2p",0,1,"LUAD","Fibroblast"
"2917","2p12",0.753654051864626,1.89024601686128,1,"con","ALL","2","p","2p",0,1,"LUAD","Fibroblast"
"2918","2p11.2",0.794532384191572,1.95878625199817,1,"con","ALL","2","p","2p",0,1,"LUAD","Fibroblast"
"2919","2q11.1",0.848143047870438,2.05356652540969,1,"con","ALL","2","q","2q",0,1,"LUAD","Fibroblast"
"2920","2q11.2",0.981384308556772,2.255359643785,1,"con","ALL","2","q","2q",0,1,"LUAD","Fibroblast"
"2921","2q12.2",1.0294426480577,2.24954797675537,1,"con","ALL","2","q","2q",0,1,"LUAD","Fibroblast"
"2922","2q12.3",1.03706493772456,2.25069447784971,1,"con","ALL","2","q","2q",0,1,"LUAD","Fibroblast"
"2923","2q13",1.03078859841717,2.21947723987928,1,"con","ALL","2","q","2q",0,1,"LUAD","Fibroblast"
"2924","2q14.1",1.01782096506614,2.18153158809916,1,"con","ALL","2","q","2q",0,1,"LUAD","Fibroblast"
"2925","2q14.2",1.02351437210604,2.1614076110569,1,"con","ALL","2","q","2q",0,1,"LUAD","Fibroblast"
"2926","2q14.3",0.907411930070293,1.95593441338075,1,"con","ALL","2","q","2q",0,1,"LUAD","Fibroblast"
"2927","2q21.1",0.787252201132265,1.67427967697752,1,"con","ALL","2","q","2q",0,1,"LUAD","Fibroblast"
"2928","2q21.3",0.654785666363061,1.42573237795986,1,"con","ALL","2","q","2q",0,1,"LUAD","Fibroblast"
"2929","2q23.2",0.624804038059321,1.37308916771045,1,"con","ALL","2","q","2q",0,1,"LUAD","Fibroblast"
"2930","2q23.3",0.550520209936296,1.21070259298065,1,"con","ALL","2","q","2q",0,1,"LUAD","Fibroblast"
"2931","2q24.2",0.396455220601199,0.868433087428921,1,"con","ALL","2","q","2q",0,1,"LUAD","Fibroblast"
"2932","2q31.1",0.2529246881596,0.552123528942246,1,"con","ALL","2","q","2q",0,1,"LUAD","Fibroblast"
"2933","2q31.2",0.234972716911539,0.467483587281637,1,"con","ALL","2","q","2q",0,1,"LUAD","Fibroblast"
"2934","2q31.3",0.223843586300793,0.4346082333372,1,"con","ALL","2","q","2q",0,1,"LUAD","Fibroblast"
"2935","2q32.1",0.225456411726941,0.429885460813895,1,"con","ALL","2","q","2q",0,1,"LUAD","Fibroblast"
"2936","2q32.3",0.202175395048772,0.380647920104735,1,"con","ALL","2","q","2q",0,1,"LUAD","Fibroblast"
"2937","2q33.1",0.238764484702456,0.415903588719217,1,"con","ALL","2","q","2q",0,1,"LUAD","Fibroblast"
"2938","2q33.2",0.206798536068005,0.345051085333286,1,"con","ALL","2","q","2q",0,1,"LUAD","Fibroblast"
"2939","2q34",0.103264577418943,0.188997635902473,1,"con","ALL","2","q","2q",0,1,"LUAD","Fibroblast"
"2940","2q35",-0.068224605014484,-0.136892502913753,1,"con","ALL","2","q","2q",0,1,"LUAD","Fibroblast"
"2941","2q36.1",-0.141312232946166,-0.313348558201005,0.75474090118908,"con","ALL","2","q","2q",0,1,"LUAD","Fibroblast"
"2942","2q36.3",-0.140094015296723,-0.319768323342239,0.74988508234084,"con","ALL","2","q","2q",0,1,"LUAD","Fibroblast"
"2943","2q37.1",-0.140162654840709,-0.348116229021144,0.728565824347107,"con","ALL","2","q","2q",0,1,"LUAD","Fibroblast"
"2944","2q37.3",-0.144590227565052,-0.387342553086152,0.699417107593159,"con","ALL","2","q","2q",0,1,"LUAD","Fibroblast"
"2945","3p26.2",0.137257101490523,0.543370192683721,0.588218295581459,"con","ALL","3","p","3p",0,-1,"LUAD","Fibroblast"
"2946","3p26.1",0.136789763027917,0.543616185036727,0.588049676460337,"con","ALL","3","p","3p",0,-1,"LUAD","Fibroblast"
"2947","3p25.3",0.142106658843239,0.575457668649493,0.566417830524828,"con","ALL","3","p","3p",0,-1,"LUAD","Fibroblast"
"2948","3p25.2",0.138798121786412,0.568969839123764,0.57079378579567,"con","ALL","3","p","3p",0,-1,"LUAD","Fibroblast"
"2949","3p25.1",0.108434689714881,0.448713117821656,0.654717146669311,"con","ALL","3","p","3p",0,-1,"LUAD","Fibroblast"
"2950","3p24.3",0.0908612905710595,0.389243605047999,0.698015417674733,"con","ALL","3","p","3p",0,-1,"LUAD","Fibroblast"
"2951","3p24.2",0.0928769248299647,0.40040438744735,0.689807561730352,"con","ALL","3","p","3p",0,-1,"LUAD","Fibroblast"
"2952","3p24.1",0.0982830824620775,0.429016304174512,0.668936552580063,"con","ALL","3","p","3p",0,-1,"LUAD","Fibroblast"
"2953","3p23",0.103934150694013,0.455551875476176,0.649809448295138,"con","ALL","3","p","3p",0,-1,"LUAD","Fibroblast"
"2954","3p22.3",0.105668996861012,0.462279211726726,0.644996733539594,"con","ALL","3","p","3p",0,-1,"LUAD","Fibroblast"
"2955","3p22.2",0.121238008580771,0.525845159465561,0.600289111134665,"con","ALL","3","p","3p",0,-1,"LUAD","Fibroblast"
"2956","3p22.1",0.14091821570986,0.594661883146123,0.553561584080755,"con","ALL","3","p","3p",0,-1,"LUAD","Fibroblast"
"2957","3p21.33",0.147787671208179,0.601518857494255,0.549006649943786,"con","ALL","3","p","3p",0,-1,"LUAD","Fibroblast"
"2958","3p21.31",0.258459714529524,0.939401716172053,0.350038924549853,"con","ALL","3","p","3p",0,-1,"LUAD","Fibroblast"
"2959","3p21.2",0.284762440345169,0.865474768944211,1,"con","ALL","3","p","3p",0,-1,"LUAD","Fibroblast"
"2960","3p21.1",0.241714708535494,0.650446079266452,1,"con","ALL","3","p","3p",0,-1,"LUAD","Fibroblast"
"2961","3p14.3",0.160135763263619,0.393527071827779,1,"con","ALL","3","p","3p",0,-1,"LUAD","Fibroblast"
"2962","3p14.1",0.0948565783496499,0.221716211438919,1,"con","ALL","3","p","3p",0,-1,"LUAD","Fibroblast"
"2963","3p13",0.0862084108947093,0.201274089548069,1,"con","ALL","3","p","3p",0,-1,"LUAD","Fibroblast"
"2964","3p11.2",0.0857577993195577,0.195831592566476,1,"con","ALL","3","p","3p",0,-1,"LUAD","Fibroblast"
"2965","3p11.1",0.0992410741167221,0.223376980205615,1,"con","ALL","3","p","3p",0,-1,"LUAD","Fibroblast"
"2966","3q11.2",0.0993850816491131,0.218029314550287,1,"con","ALL","3","q","3q",0,-1,"LUAD","Fibroblast"
"2967","3q12.2",-0.00382791310513729,-0.00877489884825092,1,"con","ALL","3","q","3q",0,1,"LUAD","Fibroblast"
"2968","3q12.3",-0.0197916864173757,-0.0451867230624763,1,"con","ALL","3","q","3q",0,1,"LUAD","Fibroblast"
"2969","3q13.12",-0.0433352322732263,-0.10118384067043,1,"con","ALL","3","q","3q",0,1,"LUAD","Fibroblast"
"2970","3q13.13",-0.0424247136257263,-0.100240740846557,1,"con","ALL","3","q","3q",0,1,"LUAD","Fibroblast"
"2971","3q13.2",-0.0396467072014728,-0.094264947154078,1,"con","ALL","3","q","3q",0,1,"LUAD","Fibroblast"
"2972","3q13.31",-0.026938826058694,-0.0647543838058468,1,"con","ALL","3","q","3q",0,1,"LUAD","Fibroblast"
"2973","3q13.33",-0.0756373207519023,-0.197281240833935,0.844052320447614,"con","ALL","3","q","3q",0,1,"LUAD","Fibroblast"
"2974","3q21.1",-0.140123632779344,-0.400119944860164,0.690016291282213,"con","ALL","3","q","3q",0,1,"LUAD","Fibroblast"
"2975","3q21.3",-0.162985428616689,-0.507864750703247,0.612790631391182,"con","ALL","3","q","3q",0,1,"LUAD","Fibroblast"
"2976","3q22.1",-0.198332394843232,-0.631818698017023,0.52910700084686,"con","ALL","3","q","3q",0,1,"LUAD","Fibroblast"
"2977","3q22.2",-0.199923803466232,-0.644341415169909,0.520992922239546,"con","ALL","3","q","3q",0,-1,"LUAD","Fibroblast"
"2978","3q22.3",-0.188736440139651,-0.627184075458321,0.53212648921273,"con","ALL","3","q","3q",0,-1,"LUAD","Fibroblast"
"2979","3q23",-0.165016016566464,-0.591322628452816,0.555786571342335,"con","ALL","3","q","3q",0,-1,"LUAD","Fibroblast"
"2980","3q24",-0.122336969902518,-0.48362620033893,0.629825784550074,"con","ALL","3","q","3q",0,-1,"LUAD","Fibroblast"
"2981","3q25.1",-0.0594285928198182,-0.258450216867982,0.79664959679443,"con","ALL","3","q","3q",0,-1,"LUAD","Fibroblast"
"2982","3q25.2",-0.0170326651706703,-0.0803791572431394,0.936114171372603,"con","ALL","3","q","3q",0,-1,"LUAD","Fibroblast"
"2983","3q25.31",0.00241748196124326,0.0118684476906701,0.990556840531181,"con","ALL","3","q","3q",0,-1,"LUAD","Fibroblast"
"2984","3q25.32",0.0104583733603735,0.0522000405659677,0.958484987843849,"con","ALL","3","q","3q",0,-1,"LUAD","Fibroblast"
"2985","3q25.33",0.0358094590294918,0.187826317743199,0.851435632104912,"con","ALL","3","q","3q",0,-1,"LUAD","Fibroblast"
"2986","3q26.1",0.0494389393512402,0.267421774136998,0.789756305149318,"con","ALL","3","q","3q",0,-1,"LUAD","Fibroblast"
"2987","3q26.2",0.0708333224169988,0.400198481552698,0.689958657119257,"con","ALL","3","q","3q",0,-1,"LUAD","Fibroblast"
"2988","3q26.31",0.0782498410646233,0.448703815028321,0.654723833039343,"con","ALL","3","q","3q",0,-1,"LUAD","Fibroblast"
"2989","3q26.32",0.0853819431497235,0.514869797208158,0.607906209564869,"con","ALL","3","q","3q",0,-1,"LUAD","Fibroblast"
"2990","3q26.33",0.101092651697576,0.685786332864247,0.494610647945089,"con","ALL","3","q","3q",0,-1,"LUAD","Fibroblast"
"2991","3q27.1",0.11187024497498,0.841560774918558,0.402264424581019,"con","ALL","3","q","3q",0,-1,"LUAD","Fibroblast"
"2992","3q27.2",0.115242146065412,0.899102690316973,0.370997235645294,"con","ALL","3","q","3q",0,-1,"LUAD","Fibroblast"
"2993","3q27.3",0.117602202238499,0.924146719548242,0.357881094422026,"con","ALL","3","q","3q",0,-1,"LUAD","Fibroblast"
"2994","3q29",0.12274347917233,1.04133069835436,0.300511373603335,"con","ALL","3","q","3q",0,-1,"LUAD","Fibroblast"
"2995","4p16.3",-0.120038228432213,-0.417965507767267,0.67696788806842,"con","ALL","4","p","4p",0,-1,"LUAD","Fibroblast"
"2996","4p16.1",-0.0852469873650213,-0.286291640897904,0.775312736124504,"con","ALL","4","p","4p",0,1,"LUAD","Fibroblast"
"2997","4p15.32",-0.0988482464146321,-0.32435874149779,0.746419111626469,"con","ALL","4","p","4p",0,1,"LUAD","Fibroblast"
"2998","4p15.2",-0.0819862321956099,-0.26665366256281,0.790345837411294,"con","ALL","4","p","4p",0,1,"LUAD","Fibroblast"
"2999","4p14",-0.094922494270309,-0.286627799959078,0.775056128337712,"con","ALL","4","p","4p",0,1,"LUAD","Fibroblast"
"3000","4p13",-0.0937442541621394,-0.266674481289454,0.790329857248865,"con","ALL","4","p","4p",0,1,"LUAD","Fibroblast"
"3001","4p12",-0.063066817942946,-0.17653922168221,0.860266994528628,"con","ALL","4","p","4p",0,1,"LUAD","Fibroblast"
"3002","4p11",-0.0257156591815177,-0.0715926375605081,0.943084953799944,"con","ALL","4","p","4p",0,1,"LUAD","Fibroblast"
"3003","4q12",0.0143250823633921,0.0390025119504144,1,"con","ALL","4","q","4q",0,1,"LUAD","Fibroblast"
"3004","4q13.2",0.0124910576054314,0.032703251356255,1,"con","ALL","4","q","4q",0,1,"LUAD","Fibroblast"
"3005","4q21.1",0.0182139426377611,0.0412563003486221,1,"con","ALL","4","q","4q",0,1,"LUAD","Fibroblast"
"3006","4q21.22",0.0337260930404123,0.0738772128772076,1,"con","ALL","4","q","4q",0,1,"LUAD","Fibroblast"
"3007","4q21.23",0.0705824760521739,0.153731918171165,1,"con","ALL","4","q","4q",0,1,"LUAD","Fibroblast"
"3008","4q22.1",0.0375488553737369,0.0819588771352261,1,"con","ALL","4","q","4q",0,1,"LUAD","Fibroblast"
"3009","4q22.3",0.0316081406455057,0.0690395205755198,1,"con","ALL","4","q","4q",0,-1,"LUAD","Fibroblast"
"3010","4q23",-0.0794764293545439,-0.185356049205992,1,"con","ALL","4","q","4q",0,-1,"LUAD","Fibroblast"
"3011","4q24",-0.068022400659294,-0.162251269588659,1,"con","ALL","4","q","4q",0,-1,"LUAD","Fibroblast"
"3012","4q25",0.0150434720112235,0.0366558416631495,1,"con","ALL","4","q","4q",0,-1,"LUAD","Fibroblast"
"3013","4q27",0.0346744637410758,0.083576371346153,1,"con","ALL","4","q","4q",0,-1,"LUAD","Fibroblast"
"3014","4q31.1",0.0712217114915631,0.174095320996398,1,"con","ALL","4","q","4q",0,-1,"LUAD","Fibroblast"
"3015","4q31.21",0.042226958433005,0.104144977649137,1,"con","ALL","4","q","4q",0,-1,"LUAD","Fibroblast"
"3016","4q31.22",0.0201801695827619,0.0499328370259474,1,"con","ALL","4","q","4q",0,-1,"LUAD","Fibroblast"
"3017","4q32.1",0.0149481827735639,0.0360564902907797,1,"con","ALL","4","q","4q",0,1,"LUAD","Fibroblast"
"3018","4q32.2",0.000469964065006171,0.00112754424213585,1,"con","ALL","4","q","4q",0,1,"LUAD","Fibroblast"
"3019","4q34.1",-0.0406094093873655,-0.100171600811405,1,"con","ALL","4","q","4q",0,1,"LUAD","Fibroblast"
"3020","4q34.2",-0.0426680859842975,-0.106178634138168,1,"con","ALL","4","q","4q",0,1,"LUAD","Fibroblast"
"3021","4q35.1",-0.0330981979060916,-0.0840020242965453,1,"con","ALL","4","q","4q",0,1,"LUAD","Fibroblast"
"3022","5p15.33",-0.0648371513660056,-0.412115414421249,0.681234774171786,"con","ALL","5","p","5p",0,1,"LUAD","Fibroblast"
"3023","5p15.31",-0.0773001056258663,-0.450097243294682,0.653722622389845,"con","ALL","5","p","5p",0,1,"LUAD","Fibroblast"
"3024","5p15.2",-0.0873757020783002,-0.487461657565678,0.627116488746587,"con","ALL","5","p","5p",0,1,"LUAD","Fibroblast"
"3025","5p15.1",-0.089019843770852,-0.455348999261237,0.649954817629964,"con","ALL","5","p","5p",0,1,"LUAD","Fibroblast"
"3026","5p13.3",-0.102366339935935,-0.491774520468381,0.62407605968589,"con","ALL","5","p","5p",0,1,"LUAD","Fibroblast"
"3027","5p13.1",-0.114735261413663,-0.476509213832816,0.63486650872714,"con","ALL","5","p","5p",0,1,"LUAD","Fibroblast"
"3028","5p12",-0.140957237088665,-0.566485133949866,0.572474011217029,"con","ALL","5","p","5p",0,1,"LUAD","Fibroblast"
"3029","5q11.1",-0.211225716541473,-0.776826915574866,0.439297857714345,"con","ALL","5","q","5q",0,1,"LUAD","Fibroblast"
"3030","5q11.2",-0.264558671760341,-0.976526984622776,0.331420931963064,"con","ALL","5","q","5q",0,1,"LUAD","Fibroblast"
"3031","5q12.1",-0.254667883328673,-0.978577394238603,0.330411987966386,"con","ALL","5","q","5q",0,1,"LUAD","Fibroblast"
"3032","5q12.3",-0.302137087897468,-1.2342359662698,0.220328085203164,"con","ALL","5","q","5q",0,1,"LUAD","Fibroblast"
"3033","5q13.1",-0.303608378980275,-1.28717635216888,0.201333360936206,"con","ALL","5","q","5q",0,1,"LUAD","Fibroblast"
"3034","5q13.2",-0.285978372024413,-1.32716254426966,0.187811973369318,"con","ALL","5","q","5q",0,1,"LUAD","Fibroblast"
"3035","5q13.3",-0.281005898169419,-1.38464870876541,0.169583135183619,"con","ALL","5","q","5q",0,-1,"LUAD","Fibroblast"
"3036","5q14.1",-0.28115648582658,-1.41424877824406,0.160739011279273,"con","ALL","5","q","5q",0,-1,"LUAD","Fibroblast"
"3037","5q14.2",-0.291010139248637,-1.51044429680846,0.134433209458008,"con","ALL","5","q","5q",0,-1,"LUAD","Fibroblast"
"3038","5q14.3",-0.292255256739338,-1.52757489732031,0.130125088075119,"con","ALL","5","q","5q",0,-1,"LUAD","Fibroblast"
"3039","5q15",-0.300245582009903,-1.55882379898466,0.122547749637923,"con","ALL","5","q","5q",0,-1,"LUAD","Fibroblast"
"3040","5q21.1",-0.299851539607335,-1.5453506746192,0.125770650138979,"con","ALL","5","q","5q",0,-1,"LUAD","Fibroblast"
"3041","5q21.3",-0.294074053096614,-1.49907190621115,0.137354604765074,"con","ALL","5","q","5q",0,-1,"LUAD","Fibroblast"
"3042","5q22.2",-0.287019281343095,-1.42687123829582,0.15707712444324,"con","ALL","5","q","5q",0,-1,"LUAD","Fibroblast"
"3043","5q22.3",-0.269995866012665,-1.31109504911331,0.19316100816954,"con","ALL","5","q","5q",0,-1,"LUAD","Fibroblast"
"3044","5q23.1",-0.252294894753298,-1.21727454495662,0.226681956053646,"con","ALL","5","q","5q",0,-1,"LUAD","Fibroblast"
"3045","5q23.2",-0.227737805958546,-1.09575527930186,0.276109431451083,"con","ALL","5","q","5q",0,-1,"LUAD","Fibroblast"
"3046","5q31.1",-0.0922121357703665,-0.47136933369502,0.638517666099912,"con","ALL","5","q","5q",0,1,"LUAD","Fibroblast"
"3047","5q31.2",0.0342832910265469,0.191253880121927,0.848757495929346,"con","ALL","5","q","5q",0,1,"LUAD","Fibroblast"
"3048","5q31.3",0.0978727509208018,0.575552389223491,0.566354064121895,"con","ALL","5","q","5q",0,1,"LUAD","Fibroblast"
"3049","5q32",0.122418677044103,0.791773640991336,0.430574564709663,"con","ALL","5","q","5q",0,1,"LUAD","Fibroblast"
"3050","5q33.1",0.133796033936638,0.878083839297162,0.382236376062584,"con","ALL","5","q","5q",0,1,"LUAD","Fibroblast"
"3051","5q33.2",0.143138269955416,0.941172629475357,0.349135781482615,"con","ALL","5","q","5q",0,1,"LUAD","Fibroblast"
"3052","5q33.3",0.140623175268021,0.941607278169506,0.348914346379033,"con","ALL","5","q","5q",0,1,"LUAD","Fibroblast"
"3053","5q34",0.13154456456238,0.893724522177002,0.373852996995097,"con","ALL","5","q","5q",0,1,"LUAD","Fibroblast"
"3054","5q35.1",0.11700673016523,0.803679797162479,0.423699526578512,"con","ALL","5","q","5q",0,1,"LUAD","Fibroblast"
"3055","5q35.2",0.105272169516348,0.725549442597161,0.469997469498065,"con","ALL","5","q","5q",0,1,"LUAD","Fibroblast"
"3056","5q35.3",0.0720311502075045,0.526623980740893,0.599750266343916,"con","ALL","5","q","5q",0,1,"LUAD","Fibroblast"
"3057","6p25.2",-0.191299040069537,-0.619697603874555,0.537022651248347,"con","ALL","6","p","6p",0,1,"LUAD","Fibroblast"
"3058","6p25.1",-0.185961005395807,-0.620956351003346,0.536197821358989,"con","ALL","6","p","6p",0,1,"LUAD","Fibroblast"
"3059","6p24.3",-0.181244699212422,-0.625347906602443,0.533325215314659,"con","ALL","6","p","6p",0,1,"LUAD","Fibroblast"
"3060","6p24.2",-0.194638227208255,-0.692774997030949,0.490234549021447,"con","ALL","6","p","6p",0,1,"LUAD","Fibroblast"
"3061","6p23",-0.25729366128016,-0.922924011225824,0.358514485277358,"con","ALL","6","p","6p",0,1,"LUAD","Fibroblast"
"3062","6p22.3",-0.235946283783127,-0.964579411080056,0.337340206327963,"con","ALL","6","p","6p",0,1,"LUAD","Fibroblast"
"3063","6p22.2",-0.208556563044688,-0.895808865467147,0.372744591103169,"con","ALL","6","p","6p",0,1,"LUAD","Fibroblast"
"3064","6p22.1",-0.175166240920508,-0.799049217870328,0.426365595769122,"con","ALL","6","p","6p",0,1,"LUAD","Fibroblast"
"3065","6p21.33",-0.128761669366673,-0.657944207541399,0.51225339587908,"con","ALL","6","p","6p",0,1,"LUAD","Fibroblast"
"3066","6p21.32",-0.105636103657534,-0.561557167472321,0.575813484084437,"con","ALL","6","p","6p",0,1,"LUAD","Fibroblast"
"3067","6p21.31",-0.0920139043955943,-0.458763735644003,0.64750982429604,"con","ALL","6","p","6p",0,1,"LUAD","Fibroblast"
"3068","6p21.2",-0.0775038543811861,-0.3374892582907,0.73653396336456,"con","ALL","6","p","6p",0,1,"LUAD","Fibroblast"
"3069","6p21.1",-0.125884469989309,-0.455199142699139,0.650062204854957,"con","ALL","6","p","6p",0,1,"LUAD","Fibroblast"
"3070","6p12.1",-0.264132886411384,-0.8546003626724,0.395041585278338,"con","ALL","6","p","6p",0,1,"LUAD","Fibroblast"
"3071","6q12",-0.299313891580163,-1.03016201537291,0.305694491874366,"con","ALL","6","q","6q",0,1,"LUAD","Fibroblast"
"3072","6q13",-0.316171612419656,-1.12634627293002,0.263013352356103,"con","ALL","6","q","6q",0,1,"LUAD","Fibroblast"
"3073","6q14.1",-0.324452631194216,-1.26442892211749,0.209340797835915,"con","ALL","6","q","6q",0,1,"LUAD","Fibroblast"
"3074","6q14.3",-0.280135829203397,-1.24218496145598,0.21739543739525,"con","ALL","6","q","6q",0,1,"LUAD","Fibroblast"
"3075","6q15",-0.275954990656494,-1.30835126456628,0.194085707203866,"con","ALL","6","q","6q",0,1,"LUAD","Fibroblast"
"3076","6q16.1",-0.270358653832836,-1.34020399423924,0.183552682443905,"con","ALL","6","q","6q",0,1,"LUAD","Fibroblast"
"3077","6q16.2",-0.268373705103789,-1.38511728656021,0.169440296730019,"con","ALL","6","q","6q",0,1,"LUAD","Fibroblast"
"3078","6q21",-0.269139015758236,-1.46491382391778,0.146429093883858,"con","ALL","6","q","6q",0,-1,"LUAD","Fibroblast"
"3079","6q22.1",-0.286429409939301,-1.60476271655575,0.112049556551288,"con","ALL","6","q","6q",0,-1,"LUAD","Fibroblast"
"3080","6q22.31",-0.306687606549674,-1.69001499898577,0.0944861987287395,"con","ALL","6","q","6q",0,-1,"LUAD","Fibroblast"
"3081","6q22.33",-0.349213153848312,-1.89095100974885,0.0618477661478088,"con","ALL","6","q","6q",0,-1,"LUAD","Fibroblast"
"3082","6q23.2",-0.369838877201421,-1.99219551871665,0.0493800874932829,"con","ALL","6","q","6q",0,-1,"LUAD","Fibroblast"
"3083","6q23.3",-0.38933279855456,-2.0753089935135,0.0408117857610071,"con","ALL","6","q","6q",0,-1,"LUAD","Fibroblast"
"3084","6q24.1",-0.402265448568811,-2.12704519740675,0.0361520119321006,"con","ALL","6","q","6q",0,-1,"LUAD","Fibroblast"
"3085","6q24.2",-0.431656082218172,-2.29870756952185,0.0238371373579519,"con","ALL","6","q","6q",0,-1,"LUAD","Fibroblast"
"3086","6q25.1",-0.440942988885295,-2.41071643009585,0.0179544446692156,"con","ALL","6","q","6q",0,-1,"LUAD","Fibroblast"
"3087","6q25.3",-0.43545457674059,-2.49889576838591,0.0142725447935095,"con","ALL","6","q","6q",0,1,"LUAD","Fibroblast"
"3088","6q27",-0.428737111631101,-2.52080741961027,0.013469719557748,"con","ALL","6","q","6q",0,1,"LUAD","Fibroblast"
"3089","7p22.3",-0.0151400304582104,-0.125328884256566,0.900542715910834,"con","ALL","7","p","7p",0,1,"LUAD","Fibroblast"
"3090","7p22.1",-0.0187657037149021,-0.158843837709233,0.874147810020777,"con","ALL","7","p","7p",0,1,"LUAD","Fibroblast"
"3091","7p21.3",-0.0213903849604115,-0.182020792078356,0.855975757644626,"con","ALL","7","p","7p",0,1,"LUAD","Fibroblast"
"3092","7p21.1",-0.0263438265992037,-0.223148707457861,0.823925467029157,"con","ALL","7","p","7p",0,1,"LUAD","Fibroblast"
"3093","7p15.3",-0.0333187787283884,-0.279444690524469,0.780544762815919,"con","ALL","7","p","7p",0,1,"LUAD","Fibroblast"
"3094","7p15.2",-0.0392622800650704,-0.327459695954391,0.744080695855491,"con","ALL","7","p","7p",0,1,"LUAD","Fibroblast"
"3095","7p14.3",-0.0467587478454172,-0.382241522584387,0.703183354710002,"con","ALL","7","p","7p",0,1,"LUAD","Fibroblast"
"3096","7p14.2",-0.0544822065729119,-0.439633851809902,0.661256181557668,"con","ALL","7","p","7p",0,1,"LUAD","Fibroblast"
"3097","7p14.1",-0.0676287638462074,-0.534746543766037,0.594143809225819,"con","ALL","7","p","7p",0,1,"LUAD","Fibroblast"
"3098","7p13",-0.092337396987723,-0.706628171973692,0.481623026845396,"con","ALL","7","p","7p",0,1,"LUAD","Fibroblast"
"3099","7p12.3",-0.125169916901405,-0.925637739337521,0.357109681635721,"con","ALL","7","p","7p",0,1,"LUAD","Fibroblast"
"3100","7p11.2",-0.146364421365049,-1.04253250465431,0.299957213446237,"con","ALL","7","p","7p",0,1,"LUAD","Fibroblast"
"3101","7q11.21",-0.196408898230494,-1.30983269016718,0.193586033714277,"con","ALL","7","q","7q",0,1,"LUAD","Fibroblast"
"3102","7q11.23",-0.323704610957093,-1.76686184004041,0.080641489798393,"con","ALL","7","q","7q",0,1,"LUAD","Fibroblast"
"3103","7q21.12",-0.338843879131904,-1.732534790011,0.0866039014946301,"con","ALL","7","q","7q",0,1,"LUAD","Fibroblast"
"3104","7q21.2",-0.342592673660413,-1.66300059519425,0.0997911353864379,"con","ALL","7","q","7q",0,1,"LUAD","Fibroblast"
"3105","7q21.3",-0.322580821322225,-1.52008719306901,0.131994556163031,"con","ALL","7","q","7q",0,1,"LUAD","Fibroblast"
"3106","7q22.1",-0.421422149367875,-1.91189153744313,0.0590714247251915,"con","ALL","7","q","7q",0,1,"LUAD","Fibroblast"
"3107","7q22.3",-0.538630811724226,-2.3125725740078,0.0230268063334379,"con","ALL","7","q","7q",0,1,"LUAD","Fibroblast"
"3108","7q31.1",-0.544180078724136,-2.24045851721654,0.0275225350721511,"con","ALL","7","q","7q",0,1,"LUAD","Fibroblast"
"3109","7q31.2",-0.530970179545465,-2.14201588801322,0.0348927284100209,"con","ALL","7","q","7q",0,1,"LUAD","Fibroblast"
"3110","7q31.31",-0.505903899748173,-2.02657928702646,0.0456651160919702,"con","ALL","7","q","7q",0,1,"LUAD","Fibroblast"
"3111","7q31.32",-0.489757567587576,-1.93708906322843,0.0558708217661256,"con","ALL","7","q","7q",0,1,"LUAD","Fibroblast"
"3112","7q32.1",-0.401631307330864,-1.53163020521168,0.12912134939974,"con","ALL","7","q","7q",0,-1,"LUAD","Fibroblast"
"3113","7q32.2",-0.376207896935433,-1.41239596779172,0.161282004047171,"con","ALL","7","q","7q",0,-1,"LUAD","Fibroblast"
"3114","7q33",-0.371553360486507,-1.37692617734037,0.171950467976142,"con","ALL","7","q","7q",0,-1,"LUAD","Fibroblast"
"3115","7q34",-0.347589477639359,-1.27998804309621,0.203838829619871,"con","ALL","7","q","7q",0,1,"LUAD","Fibroblast"
"3116","7q36.1",-0.310394212988172,-1.16979445269554,0.245172272271408,"con","ALL","7","q","7q",0,1,"LUAD","Fibroblast"
"3117","7q36.3",-0.249652844473811,-0.965669979083574,0.336797049881647,"con","ALL","7","q","7q",0,1,"LUAD","Fibroblast"
"3118","8p23.3",-0.19030507393869,-0.876967181317456,0.38283935298563,"con","ALL","8","p","8p",0,1,"LUAD","Fibroblast"
"3119","8p22",-0.187439809339231,-0.834675109895134,0.40611078546624,"con","ALL","8","p","8p",0,1,"LUAD","Fibroblast"
"3120","8p21.3",-0.175374886866244,-0.744184775555776,0.458703321898131,"con","ALL","8","p","8p",0,1,"LUAD","Fibroblast"
"3121","8p21.2",-0.223767321549993,-0.915981415463508,0.362124485882385,"con","ALL","8","p","8p",0,1,"LUAD","Fibroblast"
"3122","8p21.1",-0.219305890458525,-0.879581772782493,0.381428447059204,"con","ALL","8","p","8p",0,1,"LUAD","Fibroblast"
"3123","8p12",-0.220118801014927,-0.861408103870365,0.391302543971732,"con","ALL","8","p","8p",0,1,"LUAD","Fibroblast"
"3124","8p11.23",-0.175802623405387,-0.6586618334533,0.511794503316423,"con","ALL","8","p","8p",0,1,"LUAD","Fibroblast"
"3125","8p11.22",-0.147637998265313,-0.554305239507633,0.580744748009995,"con","ALL","8","p","8p",0,1,"LUAD","Fibroblast"
"3126","8p11.21",-0.130492473938284,-0.504487209388904,0.615151978228075,"con","ALL","8","p","8p",0,1,"LUAD","Fibroblast"
"3127","8q11.21",-0.0940485528536827,-0.388069995379328,0.698880624094087,"con","ALL","8","q","8q",0,1,"LUAD","Fibroblast"
"3128","8q11.23",-0.0742674156360236,-0.318686398856191,0.750702734894049,"con","ALL","8","q","8q",0,1,"LUAD","Fibroblast"
"3129","8q12.1",-0.00275762108122195,-0.012769871130399,0.989839658790518,"con","ALL","8","q","8q",0,1,"LUAD","Fibroblast"
"3130","8q12.3",0.0469191532948606,0.230021137360759,0.818597346283411,"con","ALL","8","q","8q",0,1,"LUAD","Fibroblast"
"3131","8q13.1",0.0775639970039012,0.395540027431332,0.69338041597985,"con","ALL","8","q","8q",0,1,"LUAD","Fibroblast"
"3132","8q13.3",0.0828835663688115,0.435889963022679,0.663960299895603,"con","ALL","8","q","8q",0,1,"LUAD","Fibroblast"
"3133","8q21.11",0.0876413815187811,0.484431848138696,0.629256267995988,"con","ALL","8","q","8q",0,1,"LUAD","Fibroblast"
"3134","8q21.13",0.0735769147327112,0.447512738615399,0.655580150017731,"con","ALL","8","q","8q",0,1,"LUAD","Fibroblast"
"3135","8q21.3",0.0595353486160106,0.398218364378704,0.691412323645534,"con","ALL","8","q","8q",0,1,"LUAD","Fibroblast"
"3136","8q22.1",0.0472320981699884,0.352338490640426,0.72540816082779,"con","ALL","8","q","8q",0,1,"LUAD","Fibroblast"
"3137","8q22.2",0.0430836448773807,0.341137634309327,0.733795099091153,"con","ALL","8","q","8q",0,1,"LUAD","Fibroblast"
"3138","8q22.3",0.0410567537112688,0.337607777256734,0.736444936527807,"con","ALL","8","q","8q",0,1,"LUAD","Fibroblast"
"3139","8q23.1",0.0421266655447381,0.357745226725503,0.721371602706855,"con","ALL","8","q","8q",0,1,"LUAD","Fibroblast"
"3140","8q23.2",0.0437857892652946,0.374489657822414,0.708920972512076,"con","ALL","8","q","8q",0,1,"LUAD","Fibroblast"
"3141","8q24.11",0.0465162658306279,0.401545063668959,0.688970752310537,"con","ALL","8","q","8q",0,1,"LUAD","Fibroblast"
"3142","8q24.12",0.0488421716508513,0.429731783668718,0.668417879431211,"con","ALL","8","q","8q",0,1,"LUAD","Fibroblast"
"3143","8q24.13",0.0557102231351052,0.501581703111767,0.617186559818988,"con","ALL","8","q","8q",0,1,"LUAD","Fibroblast"
"3144","8q24.22",0.0688169072246449,0.643327890160225,0.521647203446233,"con","ALL","8","q","8q",0,1,"LUAD","Fibroblast"
"3145","8q24.3",0.0869630504992191,0.851342527657072,0.396838642251166,"con","ALL","8","q","8q",0,1,"LUAD","Fibroblast"
"3146","9p24.1",-0.262141929867018,-1.90870379260787,0.059487152273414,"con","ALL","9","p","9p",0,-1,"LUAD","Fibroblast"
"3147","9p22.3",-0.264964326543989,-1.9072852611951,0.0596729410630941,"con","ALL","9","p","9p",0,-1,"LUAD","Fibroblast"
"3148","9p22.1",-0.265981144526545,-1.9389024641347,0.0556462575689493,"con","ALL","9","p","9p",0,-1,"LUAD","Fibroblast"
"3149","9p21.1",-0.281622595662477,-1.8429470498649,0.0686285790322978,"con","ALL","9","p","9p",0,-1,"LUAD","Fibroblast"
"3150","9p13.3",-0.303043322573631,-1.65996007999821,0.100403051058326,"con","ALL","9","p","9p",0,-1,"LUAD","Fibroblast"
"3151","9p13.2",-0.309492316279569,-1.42996726048306,0.156188835068812,"con","ALL","9","p","9p",0,-1,"LUAD","Fibroblast"
"3152","9q21.12",-0.29203322722845,-1.18253945620658,0.240106413226425,"con","ALL","9","q","9q",0,-1,"LUAD","Fibroblast"
"3153","9q21.13",-0.271702248552083,-0.981480520684958,0.328986908563575,"con","ALL","9","q","9q",0,-1,"LUAD","Fibroblast"
"3154","9q21.2",-0.15337605740912,-0.455243436855016,1,"con","ALL","9","q","9q",0,-1,"LUAD","Fibroblast"
"3155","9q21.31",-0.109213448014896,-0.318756364080731,1,"con","ALL","9","q","9q",0,-1,"LUAD","Fibroblast"
"3156","9q21.32",-0.0669612254919942,-0.190475265011491,1,"con","ALL","9","q","9q",0,-1,"LUAD","Fibroblast"
"3157","9q21.33",0.0479649354074269,0.13266475315726,1,"con","ALL","9","q","9q",0,-1,"LUAD","Fibroblast"
"3158","9q22.2",0.121583976397375,0.332872900099813,1,"con","ALL","9","q","9q",0,-1,"LUAD","Fibroblast"
"3159","9q22.31",0.277245207706971,0.767031025748601,1,"con","ALL","9","q","9q",0,-1,"LUAD","Fibroblast"
"3160","9q22.32",0.332084818430103,0.925667787885795,1,"con","ALL","9","q","9q",0,-1,"LUAD","Fibroblast"
"3161","9q22.33",0.410627273198918,1.20834991039273,1,"con","ALL","9","q","9q",0,-1,"LUAD","Fibroblast"
"3162","9q31.1",0.463160587765044,1.49383844676313,0.138715619134603,"con","ALL","9","q","9q",0,-1,"LUAD","Fibroblast"
"3163","9q31.2",0.477150694721388,1.66384932450496,0.0996208662159019,"con","ALL","9","q","9q",0,-1,"LUAD","Fibroblast"
"3164","9q31.3",0.480281697031902,1.75426271075318,0.0827892860061021,"con","ALL","9","q","9q",0,-1,"LUAD","Fibroblast"
"3165","9q32",0.479324003673142,1.73777233608377,0.085671427154071,"con","ALL","9","q","9q",0,-1,"LUAD","Fibroblast"
"3166","9q33.2",0.459384558487548,1.57456618052291,0.118865516788933,"con","ALL","9","q","9q",0,-1,"LUAD","Fibroblast"
"3167","9q33.3",0.366176939760527,1.24951924804403,0.214714985894617,"con","ALL","9","q","9q",0,-1,"LUAD","Fibroblast"
"3168","9q34.11",0.238469973359658,0.793363183391091,0.42965291674762,"con","ALL","9","q","9q",0,-1,"LUAD","Fibroblast"
"3169","9q34.13",0.139943613138245,0.470452488024847,0.639169896206613,"con","ALL","9","q","9q",0,-1,"LUAD","Fibroblast"
"3170","9q34.3",-0.00722548509432786,-0.0283351046601998,0.977457619441869,"con","ALL","9","q","9q",0,1,"LUAD","Fibroblast"
"3171","10p15.3",0.120649952126829,0.657684428781162,0.512419567591051,"con","ALL","10","p","10p",0,-1,"LUAD","Fibroblast"
"3172","10p14",0.0493233122383468,0.232068245908441,0.817011878169348,"con","ALL","10","p","10p",0,-1,"LUAD","Fibroblast"
"3173","10p13",-0.0197981493822836,-0.084246789825745,0.933047331543062,"con","ALL","10","p","10p",0,-1,"LUAD","Fibroblast"
"3174","10p12.2",-0.123672678813732,-0.464403935645166,0.643479837006923,"con","ALL","10","p","10p",0,-1,"LUAD","Fibroblast"
"3175","10p12.1",-0.154240104139018,-0.534394283698146,0.594386444449889,"con","ALL","10","p","10p",0,-1,"LUAD","Fibroblast"
"3176","10p11.22",-0.175725253368673,-0.565089916190764,0.573418541363522,"con","ALL","10","p","10p",0,-1,"LUAD","Fibroblast"
"3177","10q11.21",-0.0815640863946862,-0.238093700758875,0.812349654666926,"con","ALL","10","q","10q",0,-1,"LUAD","Fibroblast"
"3178","10q11.22",-0.0335612260251864,-0.0954428896373521,0.924175240896474,"con","ALL","10","q","10q",0,-1,"LUAD","Fibroblast"
"3179","10q21.1",0.00962995805860113,0.0269939250237708,0.978524344744185,"con","ALL","10","q","10q",0,-1,"LUAD","Fibroblast"
"3180","10q21.3",0.043477795444964,0.116761821071229,1,"con","ALL","10","q","10q",0,-1,"LUAD","Fibroblast"
"3181","10q22.1",0.190937038392467,0.459675776338245,1,"con","ALL","10","q","10q",0,1,"LUAD","Fibroblast"
"3182","10q22.2",0.253775428209099,0.558487152297542,1,"con","ALL","10","q","10q",0,1,"LUAD","Fibroblast"
"3183","10q22.3",0.214687656694609,0.468732571450859,1,"con","ALL","10","q","10q",0,1,"LUAD","Fibroblast"
"3184","10q23.1",0.204840464452927,0.444310297228255,1,"con","ALL","10","q","10q",0,1,"LUAD","Fibroblast"
"3185","10q23.2",0.219991363040171,0.475720611157129,1,"con","ALL","10","q","10q",0,1,"LUAD","Fibroblast"
"3186","10q23.31",0.218385433839698,0.468229757921501,1,"con","ALL","10","q","10q",0,-1,"LUAD","Fibroblast"
"3187","10q23.32",0.202073005853987,0.431758129578684,1,"con","ALL","10","q","10q",0,-1,"LUAD","Fibroblast"
"3188","10q24.1",0.157199234611275,0.341885265466035,1,"con","ALL","10","q","10q",0,-1,"LUAD","Fibroblast"
"3189","10q24.2",0.126366847569638,0.275733473278482,1,"con","ALL","10","q","10q",0,-1,"LUAD","Fibroblast"
"3190","10q24.31",0.0898183724794271,0.203293263942027,1,"con","ALL","10","q","10q",0,-1,"LUAD","Fibroblast"
"3191","10q24.32",-0.0178310584571168,-0.0412930845855183,0.967153714637179,"con","ALL","10","q","10q",0,-1,"LUAD","Fibroblast"
"3192","10q25.1",-0.0412379981791822,-0.0958612916012369,0.9238438666899,"con","ALL","10","q","10q",0,-1,"LUAD","Fibroblast"
"3193","10q25.2",-0.0351957711828233,-0.0817749774302982,0.93500724195455,"con","ALL","10","q","10q",0,-1,"LUAD","Fibroblast"
"3194","10q25.3",-0.0438937670812994,-0.103270292945398,1,"con","ALL","10","q","10q",0,-1,"LUAD","Fibroblast"
"3195","10q26.11",-0.0222081338441614,-0.0520819668189427,1,"con","ALL","10","q","10q",0,-1,"LUAD","Fibroblast"
"3196","10q26.13",-0.146053586388505,-0.401395310142418,1,"con","ALL","10","q","10q",0,-1,"LUAD","Fibroblast"
"3197","10q26.3",-0.176073852602874,-0.542870341338471,0.588560996096525,"con","ALL","10","q","10q",0,-1,"LUAD","Fibroblast"
"3198","11p15.5",0.267442176245532,1.76520562197265,0.0809211748154201,"con","ALL","11","p","11p",0,-1,"LUAD","Fibroblast"
"3199","11p15.4",0.32946376496809,1.41652600978028,0.160073560962652,"con","ALL","11","p","11p",0,-1,"LUAD","Fibroblast"
"3200","11p15.3",0.365714610804804,1.34578529404135,0.181752239520274,"con","ALL","11","p","11p",0,-1,"LUAD","Fibroblast"
"3201","11p15.2",0.362718258768922,1.23159096855196,0.221310281776305,"con","ALL","11","p","11p",0,-1,"LUAD","Fibroblast"
"3202","11p15.1",0.372808956776965,1.13940918703419,0.257556036736293,"con","ALL","11","p","11p",0,-1,"LUAD","Fibroblast"
"3203","11p14.3",0.387232163920575,1.03410734008937,0.303856717220948,"con","ALL","11","p","11p",0,-1,"LUAD","Fibroblast"
"3204","11p13",0.368477350144811,0.768795395588361,1,"con","ALL","11","p","11p",0,-1,"LUAD","Fibroblast"
"3205","11p12",0.490692432340614,0.889722238220295,1,"con","ALL","11","p","11p",0,-1,"LUAD","Fibroblast"
"3206","11p11.2",0.713579208837076,1.10506561913798,1,"con","ALL","11","p","11p",0,1,"LUAD","Fibroblast"
"3207","11q12.1",1.22889480085702,1.69089624075053,1,"con","ALL","11","q","11q",0,1,"LUAD","Fibroblast"
"3208","11q12.2",0.889424812705368,1.41270317065862,1,"con","ALL","11","q","11q",0,1,"LUAD","Fibroblast"
"3209","11q12.3",0.622431212143035,1.1362917377234,1,"con","ALL","11","q","11q",0,1,"LUAD","Fibroblast"
"3210","11q13.1",0.415152809799412,0.938500743900158,1,"con","ALL","11","q","11q",0,1,"LUAD","Fibroblast"
"3211","11q13.2",0.331243370785983,1.12929369698388,0.261774966341851,"con","ALL","11","q","11q",0,1,"LUAD","Fibroblast"
"3212","11q13.3",0.258580266692002,1.07421412884335,0.285598330302356,"con","ALL","11","q","11q",0,1,"LUAD","Fibroblast"
"3213","11q13.4",0.283845937572449,1.11228541178917,0.26897771469728,"con","ALL","11","q","11q",0,1,"LUAD","Fibroblast"
"3214","11q13.5",0.310584187142796,1.16537015242734,0.246948537812265,"con","ALL","11","q","11q",0,1,"LUAD","Fibroblast"
"3215","11q14.1",0.468667284310325,1.43569276939946,0.154556325838824,"con","ALL","11","q","11q",0,-1,"LUAD","Fibroblast"
"3216","11q14.2",0.608879506651352,1.64138210577886,1,"con","ALL","11","q","11q",0,-1,"LUAD","Fibroblast"
"3217","11q14.3",0.698684069600259,1.79261214785893,1,"con","ALL","11","q","11q",0,-1,"LUAD","Fibroblast"
"3218","11q21",0.761395992439367,1.84003993428859,1,"con","ALL","11","q","11q",0,-1,"LUAD","Fibroblast"
"3219","11q22.2",0.70984981379527,1.70180255471517,1,"con","ALL","11","q","11q",0,-1,"LUAD","Fibroblast"
"3220","11q22.3",0.624449898507179,1.56548541930082,1,"con","ALL","11","q","11q",0,-1,"LUAD","Fibroblast"
"3221","11q23.1",0.518833382575092,1.45389185212232,0.149454695157543,"con","ALL","11","q","11q",0,-1,"LUAD","Fibroblast"
"3222","11q23.2",0.481471035698854,1.44196450478725,0.15278323097476,"con","ALL","11","q","11q",0,-1,"LUAD","Fibroblast"
"3223","11q23.3",0.408890626918444,1.36244560987104,0.176457117344461,"con","ALL","11","q","11q",0,-1,"LUAD","Fibroblast"
"3224","11q24.1",0.289076771551934,1.17081935504394,0.244762098378035,"con","ALL","11","q","11q",0,-1,"LUAD","Fibroblast"
"3225","11q24.2",0.269248176900896,1.12969419963316,0.261607008340081,"con","ALL","11","q","11q",0,1,"LUAD","Fibroblast"
"3226","11q24.3",0.237841735219695,1.05556310330098,0.293993211834588,"con","ALL","11","q","11q",0,1,"LUAD","Fibroblast"
"3227","11q25",0.219107194521641,1.00719064638293,0.316543422164567,"con","ALL","11","q","11q",0,1,"LUAD","Fibroblast"
"3228","12p13.33",0.132042327259318,0.938065686172942,0.350721279170001,"con","ALL","12","p","12p",0,1,"LUAD","Fibroblast"
"3229","12p13.32",0.12257032078304,0.848169678149653,0.398593632423855,"con","ALL","12","p","12p",0,1,"LUAD","Fibroblast"
"3230","12p13.31",0.106155250857869,0.661604895986544,0.509914818553315,"con","ALL","12","p","12p",0,-1,"LUAD","Fibroblast"
"3231","12p13.2",0.0588443902994462,0.295114426581574,0.768586188546897,"con","ALL","12","p","12p",0,-1,"LUAD","Fibroblast"
"3232","12p13.1",0.04701538936568,0.217281537143412,0.828480769106939,"con","ALL","12","p","12p",0,-1,"LUAD","Fibroblast"
"3233","12p12.3",0.0269222492672406,0.118089462438583,0.906259931240495,"con","ALL","12","p","12p",0,-1,"LUAD","Fibroblast"
"3234","12p12.1",-0.0345935718022156,-0.128515193305653,0.898028023871626,"con","ALL","12","p","12p",0,1,"LUAD","Fibroblast"
"3235","12p11.23",-0.0732509092979397,-0.240006450999027,1,"con","ALL","12","p","12p",0,1,"LUAD","Fibroblast"
"3236","12p11.22",-0.104113821342502,-0.310151130619249,1,"con","ALL","12","p","12p",0,1,"LUAD","Fibroblast"
"3237","12q12",-0.138982522908988,-0.36213249746479,1,"con","ALL","12","q","12q",0,1,"LUAD","Fibroblast"
"3238","12q13.11",-0.175824499406727,-0.435257252552494,1,"con","ALL","12","q","12q",0,1,"LUAD","Fibroblast"
"3239","12q13.12",-0.207927832076398,-0.498244115028145,0.619527398381197,"con","ALL","12","q","12q",0,1,"LUAD","Fibroblast"
"3240","12q13.13",-0.0762540531230851,-0.220765261371767,0.825775269284306,"con","ALL","12","q","12q",0,1,"LUAD","Fibroblast"
"3241","12q13.2",-0.0315124550954188,-0.124262351251567,0.90138467089528,"con","ALL","12","q","12q",0,1,"LUAD","Fibroblast"
"3242","12q13.3",-0.09362467140266,-0.473655182998566,0.636892786239559,"con","ALL","12","q","12q",0,1,"LUAD","Fibroblast"
"3243","12q14.1",-0.120210654599059,-0.671188170317572,0.503819683437178,"con","ALL","12","q","12q",0,1,"LUAD","Fibroblast"
"3244","12q14.3",-0.142084837028993,-0.798286297148688,0.426805802134269,"con","ALL","12","q","12q",0,1,"LUAD","Fibroblast"
"3245","12q15",-0.14362840152617,-0.793387383230071,0.429638894215877,"con","ALL","12","q","12q",0,1,"LUAD","Fibroblast"
"3246","12q21.1",-0.163846842082409,-0.811072399779185,0.419463828183592,"con","ALL","12","q","12q",0,-1,"LUAD","Fibroblast"
"3247","12q21.2",-0.191134630736682,-0.860825890656422,0.391621458380896,"con","ALL","12","q","12q",0,-1,"LUAD","Fibroblast"
"3248","12q21.31",-0.217129766012801,-0.900626138352577,0.370190806176391,"con","ALL","12","q","12q",0,-1,"LUAD","Fibroblast"
"3249","12q21.33",-0.221074597893782,-0.862702015746732,0.39059436215042,"con","ALL","12","q","12q",0,-1,"LUAD","Fibroblast"
"3250","12q22",-0.214745204175511,-0.806572166953947,0.422039279661645,"con","ALL","12","q","12q",0,-1,"LUAD","Fibroblast"
"3251","12q23.1",-0.199686233885542,-0.747174767685009,0.456905711780334,"con","ALL","12","q","12q",0,-1,"LUAD","Fibroblast"
"3252","12q23.2",-0.1746513561061,-0.659263988731773,0.511409617887971,"con","ALL","12","q","12q",0,-1,"LUAD","Fibroblast"
"3253","12q23.3",-0.145675349464386,-0.566010431167875,0.572795289696063,"con","ALL","12","q","12q",0,-1,"LUAD","Fibroblast"
"3254","12q24.11",-0.0615361474042597,-0.257336726986465,0.797506284698225,"con","ALL","12","q","12q",0,-1,"LUAD","Fibroblast"
"3255","12q24.13",-0.0484194676006194,-0.207121847389891,0.836382607479841,"con","ALL","12","q","12q",0,-1,"LUAD","Fibroblast"
"3256","12q24.23",-0.0687893427606543,-0.293349700655026,0.769930228579736,"con","ALL","12","q","12q",0,-1,"LUAD","Fibroblast"
"3257","12q24.31",-0.0702588032489995,-0.28832234419878,0.77376297494514,"con","ALL","12","q","12q",0,-1,"LUAD","Fibroblast"
"3258","12q24.33",-0.0667682155521772,-0.259012336125338,0.79621721253284,"con","ALL","12","q","12q",0,-1,"LUAD","Fibroblast"
"3259","13q12.11",-0.0983564303127464,-0.613651818536069,0.540993341183787,"con","ALL","13","q","13q",0,-1,"LUAD","Fibroblast"
"3260","13q12.2",-0.115151531181981,-0.725422169773862,0.470075138022203,"con","ALL","13","q","13q",0,-1,"LUAD","Fibroblast"
"3261","13q12.3",-0.124446435834748,-0.772189905472088,0.442024967424883,"con","ALL","13","q","13q",0,-1,"LUAD","Fibroblast"
"3262","13q13.1",-0.131887265173189,-0.799832857642493,0.425913714896541,"con","ALL","13","q","13q",0,-1,"LUAD","Fibroblast"
"3263","13q13.3",-0.147723886034515,-0.874336084232231,0.38426244364995,"con","ALL","13","q","13q",0,-1,"LUAD","Fibroblast"
"3264","13q14.11",-0.168515871252719,-0.979958435391763,0.329733560117848,"con","ALL","13","q","13q",0,-1,"LUAD","Fibroblast"
"3265","13q14.12",-0.183138667237048,-1.05248546322754,0.29539447870236,"con","ALL","13","q","13q",0,-1,"LUAD","Fibroblast"
"3266","13q14.13",-0.190933223850575,-1.09246272317193,0.277545482434453,"con","ALL","13","q","13q",0,-1,"LUAD","Fibroblast"
"3267","13q14.2",-0.203077859110763,-1.12741080843754,0.26256560493709,"con","ALL","13","q","13q",0,-1,"LUAD","Fibroblast"
"3268","13q14.3",-0.232777896719722,-1.19665920281036,0.23458220425622,"con","ALL","13","q","13q",0,-1,"LUAD","Fibroblast"
"3269","13q21.33",-0.244506919502521,-1.23302339509051,0.220777967473314,"con","ALL","13","q","13q",0,-1,"LUAD","Fibroblast"
"3270","13q22.2",-0.259182279394029,-1.29092062130383,0.200037384909942,"con","ALL","13","q","13q",0,-1,"LUAD","Fibroblast"
"3271","13q22.3",-0.279852135322102,-1.37708409780566,0.171901807107237,"con","ALL","13","q","13q",0,-1,"LUAD","Fibroblast"
"3272","13q31.1",-0.287168941651769,-1.40333286697232,0.163958391074264,"con","ALL","13","q","13q",0,-1,"LUAD","Fibroblast"
"3273","13q32.1",-0.290959776167265,-1.42133271566012,0.158675905056227,"con","ALL","13","q","13q",0,-1,"LUAD","Fibroblast"
"3274","13q32.2",-0.29141657328939,-1.40746704366844,0.162733353324622,"con","ALL","13","q","13q",0,-1,"LUAD","Fibroblast"
"3275","13q32.3",-0.295197992558075,-1.43137522738614,0.155786154734524,"con","ALL","13","q","13q",0,-1,"LUAD","Fibroblast"
"3276","13q33.3",-0.298811846371663,-1.43967883178307,0.15342758707634,"con","ALL","13","q","13q",0,-1,"LUAD","Fibroblast"
"3277","13q34",-0.291472834929922,-1.41504273902882,0.160506759948954,"con","ALL","13","q","13q",0,-1,"LUAD","Fibroblast"
"3278","14q11.2",-0.0430829746608748,-0.175140873129995,0.861362366306639,"con","ALL","14","q","14q",0,1,"LUAD","Fibroblast"
"3279","14q12",-0.0616832481212739,-0.259519804333076,0.79582692068813,"con","ALL","14","q","14q",0,1,"LUAD","Fibroblast"
"3280","14q13.1",-0.0676517052104395,-0.292686355769371,0.770435623359541,"con","ALL","14","q","14q",0,1,"LUAD","Fibroblast"
"3281","14q13.2",-0.0868156161017728,-0.386502813202941,0.700036599516532,"con","ALL","14","q","14q",0,1,"LUAD","Fibroblast"
"3282","14q13.3",-0.0895957268172276,-0.407446523341599,0.684647590118149,"con","ALL","14","q","14q",0,1,"LUAD","Fibroblast"
"3283","14q21.1",-0.082668062889918,-0.376679769415715,0.707298220538978,"con","ALL","14","q","14q",0,1,"LUAD","Fibroblast"
"3284","14q21.2",-0.0891564412019409,-0.413886049491292,0.679942222509732,"con","ALL","14","q","14q",0,1,"LUAD","Fibroblast"
"3285","14q21.3",-0.0857006287689613,-0.406881356415713,0.685061156026842,"con","ALL","14","q","14q",0,1,"LUAD","Fibroblast"
"3286","14q22.1",-0.0741509855912143,-0.358413378011774,0.72087331933472,"con","ALL","14","q","14q",0,1,"LUAD","Fibroblast"
"3287","14q22.3",-0.0577149886725981,-0.284606443520684,0.776599510878398,"con","ALL","14","q","14q",0,1,"LUAD","Fibroblast"
"3288","14q23.1",-0.047014041453822,-0.241102775201431,0.810023887915376,"con","ALL","14","q","14q",0,1,"LUAD","Fibroblast"
"3289","14q23.2",-0.0257326549469833,-0.134176841139937,0.893562334076671,"con","ALL","14","q","14q",0,1,"LUAD","Fibroblast"
"3290","14q23.3",-0.00197373204476171,-0.0102929691459532,0.99181032570796,"con","ALL","14","q","14q",0,1,"LUAD","Fibroblast"
"3291","14q24.1",0.0185791306895663,0.0974270676934946,0.922603892285297,"con","ALL","14","q","14q",0,1,"LUAD","Fibroblast"
"3292","14q24.2",0.0320022624897093,0.167262227631715,0.86753897263814,"con","ALL","14","q","14q",0,1,"LUAD","Fibroblast"
"3293","14q24.3",0.0412951456438159,0.199892780844664,0.8420154029916,"con","ALL","14","q","14q",0,1,"LUAD","Fibroblast"
"3294","14q32.11",0.0630347177879517,0.280827649204114,0.779487165979787,"con","ALL","14","q","14q",0,1,"LUAD","Fibroblast"
"3295","14q32.12",0.0691828770071808,0.299412958240868,0.765315332120449,"con","ALL","14","q","14q",0,1,"LUAD","Fibroblast"
"3296","14q32.2",0.120836381749455,0.50872575237988,0.612189329518315,"con","ALL","14","q","14q",0,1,"LUAD","Fibroblast"
"3297","14q32.31",0.150663823776672,0.631903122701664,0.529052079891168,"con","ALL","14","q","14q",0,1,"LUAD","Fibroblast"
"3298","14q32.32",0.211640096032534,0.887537585437819,0.377155263248478,"con","ALL","14","q","14q",0,1,"LUAD","Fibroblast"
"3299","14q32.33",0.277149916530297,1.23868929845895,0.218681568608562,"con","ALL","14","q","14q",0,1,"LUAD","Fibroblast"
"3300","15q14",-0.0575345610543198,-0.330933624513424,0.741463869525884,"con","ALL","15","q","15q",0,-1,"LUAD","Fibroblast"
"3301","15q15.1",-0.075866149879143,-0.452263227973062,0.652167569832424,"con","ALL","15","q","15q",0,-1,"LUAD","Fibroblast"
"3302","15q15.2",-0.0778924572130975,-0.47898933395466,0.633107951727247,"con","ALL","15","q","15q",0,-1,"LUAD","Fibroblast"
"3303","15q15.3",-0.0798878440254091,-0.493689596544028,0.62272807295291,"con","ALL","15","q","15q",0,-1,"LUAD","Fibroblast"
"3304","15q21.1",-0.0796692753137547,-0.487601370466326,0.627017894298028,"con","ALL","15","q","15q",0,-1,"LUAD","Fibroblast"
"3305","15q21.2",-0.0902125156265518,-0.537183538863367,0.59246648023705,"con","ALL","15","q","15q",0,-1,"LUAD","Fibroblast"
"3306","15q21.3",-0.091649676457009,-0.541828457877782,0.589275617703779,"con","ALL","15","q","15q",0,-1,"LUAD","Fibroblast"
"3307","15q22.1",-0.101260042984327,-0.592464599305473,0.555025162663369,"con","ALL","15","q","15q",0,-1,"LUAD","Fibroblast"
"3308","15q22.2",-0.102065355060426,-0.574120645665167,0.567318295006814,"con","ALL","15","q","15q",0,-1,"LUAD","Fibroblast"
"3309","15q22.31",-0.101563390231336,-0.525435437576931,0.600572675647805,"con","ALL","15","q","15q",0,-1,"LUAD","Fibroblast"
"3310","15q23",-0.0976304479201938,-0.459813936366131,0.64675864285399,"con","ALL","15","q","15q",0,-1,"LUAD","Fibroblast"
"3311","15q24.1",-0.12573080083491,-0.557845176857706,0.578335102051018,"con","ALL","15","q","15q",0,-1,"LUAD","Fibroblast"
"3312","15q24.2",-0.14925957071744,-0.639876587633562,0.523878411494599,"con","ALL","15","q","15q",0,-1,"LUAD","Fibroblast"
"3313","15q24.3",-0.172031682226338,-0.717671542849723,0.474818539754267,"con","ALL","15","q","15q",0,-1,"LUAD","Fibroblast"
"3314","15q25.1",-0.224457549005498,-0.92788811413961,0.355947417277967,"con","ALL","15","q","15q",0,-1,"LUAD","Fibroblast"
"3315","15q25.3",-0.259523741835337,-1.11226920448503,0.268984643584601,"con","ALL","15","q","15q",0,-1,"LUAD","Fibroblast"
"3316","15q26.1",-0.277649976323238,-1.21872601622764,0.226133079200937,"con","ALL","15","q","15q",0,-1,"LUAD","Fibroblast"
"3317","15q26.3",-0.297698843236766,-1.39024527697177,0.167883100810192,"con","ALL","15","q","15q",0,-1,"LUAD","Fibroblast"
"3318","16p13.3",0.15358659157583,0.9000087630961,0.370517477119118,"con","ALL","16","p","16p",0,1,"LUAD","Fibroblast"
"3319","16p13.2",0.108413564583735,0.537903750549124,0.59197119778418,"con","ALL","16","p","16p",0,1,"LUAD","Fibroblast"
"3320","16p13.13",0.104424533549196,0.503837943511421,0.61560636659898,"con","ALL","16","p","16p",0,1,"LUAD","Fibroblast"
"3321","16p12.3",0.0651959139977261,0.287863533948813,0.774113042836828,"con","ALL","16","p","16p",0,1,"LUAD","Fibroblast"
"3322","16p12.2",0.0389430083879152,0.15378381005327,0.878124503741763,"con","ALL","16","p","16p",0,1,"LUAD","Fibroblast"
"3323","16p12.1",0.02082420053501,0.076482121828066,0.939205301170663,"con","ALL","16","p","16p",0,1,"LUAD","Fibroblast"
"3324","16p11.2",-0.103237330861067,-0.302208460809224,0.763190443764147,"con","ALL","16","p","16p",0,1,"LUAD","Fibroblast"
"3325","16q11.2",-0.340226462621846,-0.842043637311653,1,"con","ALL","16","q","16q",0,1,"LUAD","Fibroblast"
"3326","16q12.1",-0.373242952312624,-0.884914532699108,1,"con","ALL","16","q","16q",0,1,"LUAD","Fibroblast"
"3327","16q12.2",-0.359313239541697,-0.844891380632444,1,"con","ALL","16","q","16q",0,1,"LUAD","Fibroblast"
"3328","16q13",-0.274650057746329,-0.654707564293033,1,"con","ALL","16","q","16q",0,-1,"LUAD","Fibroblast"
"3329","16q21",-0.242068859979869,-0.606250416704647,1,"con","ALL","16","q","16q",0,-1,"LUAD","Fibroblast"
"3330","16q22.1",-0.238465463601264,-0.699478360627234,1,"con","ALL","16","q","16q",0,-1,"LUAD","Fibroblast"
"3331","16q22.2",-0.244968243865983,-0.940539698250908,0.349458395370401,"con","ALL","16","q","16q",0,-1,"LUAD","Fibroblast"
"3332","16q23.1",-0.190975632893777,-0.787134015551869,0.433271373308327,"con","ALL","16","q","16q",0,-1,"LUAD","Fibroblast"
"3333","16q23.3",-0.15511112105026,-0.744306342007641,0.458630156529444,"con","ALL","16","q","16q",0,-1,"LUAD","Fibroblast"
"3334","16q24.1",-0.14683320138116,-0.773317095760994,0.441361141542469,"con","ALL","16","q","16q",0,-1,"LUAD","Fibroblast"
"3335","16q24.2",-0.141191866103191,-0.803699918677211,0.423687963239711,"con","ALL","16","q","16q",0,-1,"LUAD","Fibroblast"
"3336","16q24.3",-0.12377002181872,-0.782117052133537,0.436198660858306,"con","ALL","16","q","16q",0,-1,"LUAD","Fibroblast"
"3337","17p13.3",-0.0490390040154989,-0.21687426347257,0.82879719824472,"con","ALL","17","p","17p",0,-1,"LUAD","Fibroblast"
"3338","17p13.2",-0.0440405927076884,-0.20803724125459,0.835669946008037,"con","ALL","17","p","17p",0,-1,"LUAD","Fibroblast"
"3339","17p13.1",-0.170034998360612,-0.691738533064435,0.490882212833834,"con","ALL","17","p","17p",0,-1,"LUAD","Fibroblast"
"3340","17p12",-0.383590375926432,-1.27231258837451,0.206539481358918,"con","ALL","17","p","17p",0,-1,"LUAD","Fibroblast"
"3341","17p11.2",-0.54952147839833,-1.46363602638374,0.146777396724352,"con","ALL","17","p","17p",0,-1,"LUAD","Fibroblast"
"3342","17q11.1",-0.605670303148405,-1.38959995319232,1,"con","ALL","17","q","17q",0,1,"LUAD","Fibroblast"
"3343","17q11.2",-0.306214634863898,-0.665128778733556,1,"con","ALL","17","q","17q",0,1,"LUAD","Fibroblast"
"3344","17q12",-0.00859317947690618,-0.0362466080316814,0.971165997005065,"con","ALL","17","q","17q",0,1,"LUAD","Fibroblast"
"3345","17q21.1",0.0365843472623418,0.160305491967033,0.872999687516065,"con","ALL","17","q","17q",0,1,"LUAD","Fibroblast"
"3346","17q21.2",0.112233105563055,0.507272117663845,0.61320466545431,"con","ALL","17","q","17q",0,1,"LUAD","Fibroblast"
"3347","17q21.31",0.145813630737157,0.605845476393865,0.546142280805464,"con","ALL","17","q","17q",0,1,"LUAD","Fibroblast"
"3348","17q21.32",0.0924109285542192,0.341630100692874,0.73342566354097,"con","ALL","17","q","17q",0,1,"LUAD","Fibroblast"
"3349","17q21.33",0.0814113535770606,0.312334260319365,0.755509009755936,"con","ALL","17","q","17q",0,1,"LUAD","Fibroblast"
"3350","17q22",0.0813697216927822,0.31881753067516,0.750603618277724,"con","ALL","17","q","17q",0,1,"LUAD","Fibroblast"
"3351","17q23.1",0.0792358192577821,0.319182209020313,0.750327996403324,"con","ALL","17","q","17q",0,1,"LUAD","Fibroblast"
"3352","17q23.3",0.0998587531003807,0.406169677675458,0.685582069787159,"con","ALL","17","q","17q",0,1,"LUAD","Fibroblast"
"3353","17q24.2",0.193840391227148,0.793859696669433,0.429365267589794,"con","ALL","17","q","17q",0,1,"LUAD","Fibroblast"
"3354","17q25.1",0.278546391181963,1.14243351668645,0.25630402491205,"con","ALL","17","q","17q",0,1,"LUAD","Fibroblast"
"3355","17q25.3",0.259433253839718,1.29247090182639,0.199502614603764,"con","ALL","17","q","17q",0,1,"LUAD","Fibroblast"
"3356","18p11.32",-0.235947254699686,-1.21369307341253,0.228040428562449,"con","ALL","18","p","18p",0,-1,"LUAD","Fibroblast"
"3357","18p11.31",-0.235505147585328,-1.17878287348282,0.241591715179844,"con","ALL","18","p","18p",0,-1,"LUAD","Fibroblast"
"3358","18p11.22",-0.252632498013707,-1.15069096257531,0.252907514795842,"con","ALL","18","p","18p",0,-1,"LUAD","Fibroblast"
"3359","18p11.21",-0.307247030222966,-1.18957495870209,0.237342297809761,"con","ALL","18","p","18p",0,-1,"LUAD","Fibroblast"
"3360","18q11.1",-0.349599369358873,-1.24640453720027,0.215850341155013,"con","ALL","18","q","18q",0,-1,"LUAD","Fibroblast"
"3361","18q11.2",-0.376243141903865,-1.26310782823253,0.209812948807512,"con","ALL","18","q","18q",0,-1,"LUAD","Fibroblast"
"3362","18q12.2",-0.527315357352412,-1.56816904848829,1,"con","ALL","18","q","18q",0,-1,"LUAD","Fibroblast"
"3363","18q21.1",-0.609730922315104,-1.81183239312983,1,"con","ALL","18","q","18q",0,-1,"LUAD","Fibroblast"
"3364","18q21.31",-0.683178290441849,-2.08419151144868,1,"con","ALL","18","q","18q",0,-1,"LUAD","Fibroblast"
"3365","18q21.32",-0.683216336504052,-2.10297900551444,0.03825894725586,"con","ALL","18","q","18q",0,-1,"LUAD","Fibroblast"
"3366","18q21.33",-0.679924124973588,-2.10087922129187,0.0384477148236959,"con","ALL","18","q","18q",0,-1,"LUAD","Fibroblast"
"3367","18q22.3",-0.691347821933408,-2.13583684556301,0.0354077983674594,"con","ALL","18","q","18q",0,-1,"LUAD","Fibroblast"
"3368","18q23",-0.68780111054049,-2.14047720995918,0.0350203769351195,"con","ALL","18","q","18q",0,-1,"LUAD","Fibroblast"
"3369","19p13.3",0.0182239086750898,0.106078648954384,0.915756034473824,"con","ALL","19","p","19p",0,1,"LUAD","Fibroblast"
"3370","19p13.2",-0.195496076299103,-0.820200611983247,0.414268762530714,"con","ALL","19","p","19p",0,-1,"LUAD","Fibroblast"
"3371","19p13.13",-0.15435026679664,-0.597947829295872,0.551376456378431,"con","ALL","19","p","19p",0,-1,"LUAD","Fibroblast"
"3372","19p13.12",-0.165916189460737,-0.567963788451746,0.571473816981424,"con","ALL","19","p","19p",0,-1,"LUAD","Fibroblast"
"3373","19p13.11",-0.224910367221114,-0.646780330117209,0.519420243069769,"con","ALL","19","p","19p",0,-1,"LUAD","Fibroblast"
"3374","19q12",-0.122883235177112,-0.5251986218553,0.600736601560989,"con","ALL","19","q","19q",0,1,"LUAD","Fibroblast"
"3375","19q13.11",-0.121556789202522,-0.588601289614479,0.557603110049737,"con","ALL","19","q","19q",0,1,"LUAD","Fibroblast"
"3376","19q13.12",-0.10647014147098,-0.600240318377689,0.549854526817032,"con","ALL","19","q","19q",0,1,"LUAD","Fibroblast"
"3377","19q13.2",-0.141601636286541,-0.752402618823726,0.453772370382374,"con","ALL","19","q","19q",0,1,"LUAD","Fibroblast"
"3378","19q13.31",-0.0939970500662325,-0.439514283637274,0.661342473495734,"con","ALL","19","q","19q",0,1,"LUAD","Fibroblast"
"3379","19q13.32",0.0431253597949756,0.205950016468215,0.837295112097631,"con","ALL","19","q","19q",0,-1,"LUAD","Fibroblast"
"3380","19q13.33",0.188773659343024,1.11088819467629,0.269575505469913,"con","ALL","19","q","19q",0,-1,"LUAD","Fibroblast"
"3381","19q13.41",0.215953537622623,1.41943537743575,0.15922647198933,"con","ALL","19","q","19q",0,-1,"LUAD","Fibroblast"
"3382","19q13.42",0.206293769472753,1.56357181010199,0.121427739374643,"con","ALL","19","q","19q",0,1,"LUAD","Fibroblast"
"3383","19q13.43",0.195512861398604,1.58016091856087,0.117578313515558,"con","ALL","19","q","19q",0,1,"LUAD","Fibroblast"
"3384","20p13",-0.0241873850679628,-0.129264069922703,0.89743714717659,"con","ALL","20","p","20p",0,-1,"LUAD","Fibroblast"
"3385","20p12.3",-0.019035034075278,-0.0902099213096548,0.928320861187242,"con","ALL","20","p","20p",0,-1,"LUAD","Fibroblast"
"3386","20p12.1",-0.0471690352208103,-0.203540162607146,0.839172363273272,"con","ALL","20","p","20p",0,-1,"LUAD","Fibroblast"
"3387","20p11.23",-0.078809759536964,-0.316319839488814,0.752492227701809,"con","ALL","20","p","20p",0,-1,"LUAD","Fibroblast"
"3388","20p11.22",-0.113362269446275,-0.428098638490582,0.669602031898035,"con","ALL","20","p","20p",0,-1,"LUAD","Fibroblast"
"3389","20p11.21",-0.131988310565623,-0.477607958077728,0.634087172536428,"con","ALL","20","p","20p",0,-1,"LUAD","Fibroblast"
"3390","20q11.21",-0.245404667088434,-0.778130967397138,0.43853269453557,"con","ALL","20","q","20q",0,1,"LUAD","Fibroblast"
"3391","20q11.22",-0.294564037451137,-0.850596329464713,0.397250958067702,"con","ALL","20","q","20q",0,1,"LUAD","Fibroblast"
"3392","20q12",-0.264865424173344,-0.776182632654704,1,"con","ALL","20","q","20q",0,1,"LUAD","Fibroblast"
"3393","20q13.11",-0.273793118223866,-0.809715134032863,1,"con","ALL","20","q","20q",0,1,"LUAD","Fibroblast"
"3394","20q13.12",-0.257219347132622,-0.801628615548503,0.424879274801823,"con","ALL","20","q","20q",0,1,"LUAD","Fibroblast"
"3395","20q13.13",-0.15537416503314,-0.640989192092509,0.523158588686834,"con","ALL","20","q","20q",0,1,"LUAD","Fibroblast"
"3396","20q13.2",-0.124543199860831,-0.580321481718517,0.563148020260293,"con","ALL","20","q","20q",0,1,"LUAD","Fibroblast"
"3397","20q13.32",-0.0855455992224739,-0.472108899485723,0.637991757307499,"con","ALL","20","q","20q",0,1,"LUAD","Fibroblast"
"3398","20q13.33",-0.0673054040406095,-0.426242131225436,0.670949153398029,"con","ALL","20","q","20q",0,1,"LUAD","Fibroblast"
"3399","21q21.3",0.00636618776794737,0.0386649598632824,0.969243148522897,"con","ALL","21","q","21q",0,1,"LUAD","Fibroblast"
"3400","21q22.11",0.0135360773214041,0.0840505554173866,0.933202911708656,"con","ALL","21","q","21q",0,1,"LUAD","Fibroblast"
"3401","21q22.12",0.0267871270916294,0.16755463439096,0.867309585649558,"con","ALL","21","q","21q",0,1,"LUAD","Fibroblast"
"3402","21q22.13",0.0262711152709325,0.166839750504316,0.86787041713496,"con","ALL","21","q","21q",0,1,"LUAD","Fibroblast"
"3403","21q22.2",0.0385532446103642,0.249071073230476,0.803873335124456,"con","ALL","21","q","21q",0,1,"LUAD","Fibroblast"
"3404","21q22.3",0.0520529418780102,0.349695019063803,0.727384557685985,"con","ALL","21","q","21q",0,1,"LUAD","Fibroblast"
"3405","22q11.21",-0.17853127471856,-0.605744294657715,0.546209180466175,"con","ALL","22","q","22q",0,1,"LUAD","Fibroblast"
"3406","22q11.22",-0.234249758275856,-0.719432890291927,0.473738250549969,"con","ALL","22","q","22q",0,1,"LUAD","Fibroblast"
"3407","22q11.23",-0.269625750300944,-0.788778897782963,1,"con","ALL","22","q","22q",0,1,"LUAD","Fibroblast"
"3408","22q12.1",-0.287492271158569,-0.79259528909321,0.430098011403648,"con","ALL","22","q","22q",0,1,"LUAD","Fibroblast"
"3409","22q12.2",-0.236006366033322,-0.625681601053521,0.533107262771179,"con","ALL","22","q","22q",0,-1,"LUAD","Fibroblast"
"3410","22q12.3",-0.113889844274461,-0.315801398654784,0.752884431935468,"con","ALL","22","q","22q",0,-1,"LUAD","Fibroblast"
"3411","22q13.1",0.0529759602154628,0.162619311027077,0.871182750435731,"con","ALL","22","q","22q",0,-1,"LUAD","Fibroblast"
"3412","22q13.2",0.132701720586198,0.402259454362698,0.68844686635084,"con","ALL","22","q","22q",0,-1,"LUAD","Fibroblast"
"3413","22q13.31",0.0682587900074144,0.206609712939501,0.836781379063142,"con","ALL","22","q","22q",0,-1,"LUAD","Fibroblast"
"3414","22q13.33",0.0524716630710549,0.159242747830186,0.873834441169076,"con","ALL","22","q","22q",0,-1,"LUAD","Fibroblast"
"3415","1p36.33",-0.116026673664494,-0.316216987947242,0.752570030473608,"con","ALL","1","p","1p",0,1,"LUAD","neu_macro_mono"
"3416","1p36.32",-0.11357018811352,-0.297564126250371,0.766721635408749,"con","ALL","1","p","1p",0,1,"LUAD","neu_macro_mono"
"3417","1p36.31",-0.115185416011951,-0.294504269812174,0.769050812750463,"con","ALL","1","p","1p",0,1,"LUAD","neu_macro_mono"
"3418","1p36.23",-0.185991386481079,-0.457698545497857,0.648272100308839,"con","ALL","1","p","1p",0,1,"LUAD","neu_macro_mono"
"3419","1p36.22",-0.36951274091729,-0.810972724839741,0.419520769514872,"con","ALL","1","p","1p",-0.00406283237963429,1,"LUAD","neu_macro_mono"
"3420","1p36.21",-0.417566598570596,-0.86397678240755,0.38989743365869,"con","ALL","1","p","1p",-0.0112259644324823,1,"LUAD","neu_macro_mono"
"3421","1p36.13",-0.464199519433208,-0.922562851672418,0.3587017112284,"con","ALL","1","p","1p",-0.0112259644324823,1,"LUAD","neu_macro_mono"
"3422","1p36.12",-0.499571222293945,-0.974755856226416,0.332294078839689,"con","ALL","1","p","1p",-0.0210483217020409,1,"LUAD","neu_macro_mono"
"3423","1p36.11",-0.466018606708922,-0.86487224591236,0.389408334217929,"con","ALL","1","p","1p",-0.0112259644324823,1,"LUAD","neu_macro_mono"
"3424","1p35.3",-0.585846395877815,-0.970061234299373,0.334615779320185,"con","ALL","1","p","1p",-0.0210483217020409,1,"LUAD","neu_macro_mono"
"3425","1p35.2",-0.69013165027449,-1.13799904608402,0.258141279095064,"con","ALL","1","p","1p",-0.0478741239907359,1,"LUAD","neu_macro_mono"
"3426","1p35.1",-0.718725689841081,-1.21086616672989,0.229116847237986,"con","ALL","1","p","1p",-0.0620651874036252,1,"LUAD","neu_macro_mono"
"3427","1p34.3",-0.64829269044284,-1.19858839341441,0.233834592030396,"con","ALL","1","p","1p",-0.0620651874036252,1,"LUAD","neu_macro_mono"
"3428","1p34.2",-0.48630318786154,-1.01546552894789,0.312606113484785,"con","ALL","1","p","1p",-0.0311171056203492,1,"LUAD","neu_macro_mono"
"3429","1p34.1",-0.492878405076195,-1.12773152848685,0.262430813912368,"con","ALL","1","p","1p",-0.0433568504444075,1,"LUAD","neu_macro_mono"
"3430","1p33",-0.523862267658335,-1.18152496456158,0.240506883051298,"con","ALL","1","p","1p",-0.0620651874036252,1,"LUAD","neu_macro_mono"
"3431","1p32.3",-0.642010620248289,-1.36531504748388,0.175557049456811,"con","ALL","1","p","1p",-0.0854829060156517,1,"LUAD","neu_macro_mono"
"3432","1p32.1",-0.772887139832498,-1.6119191232866,0.110481037078798,"con","ALL","1","p","1p",-0.09268133260563,1,"LUAD","neu_macro_mono"
"3433","1p31.3",-0.725341153804882,-1.40099695950406,0.164653683196923,"con","ALL","1","p","1p",-0.0854829060156517,1,"LUAD","neu_macro_mono"
"3434","1p31.1",-0.58815991094786,-1.03021831148247,0.30566821594622,"con","ALL","1","p","1p",-0.0311171056203492,1,"LUAD","neu_macro_mono"
"3435","1p22.3",-0.269334627497438,-0.452359630451075,1,"con","ALL","1","p","1p",0,-1,"LUAD","neu_macro_mono"
"3436","1p22.2",-0.153818098377379,-0.260392593459553,0.79515578344506,"con","ALL","1","p","1p",0,-1,"LUAD","neu_macro_mono"
"3437","1p22.1",-0.104760925892286,-0.173499936314898,0.862648111022007,"con","ALL","1","p","1p",0,-1,"LUAD","neu_macro_mono"
"3438","1p21.3",-0.122324171122233,-0.191202079077794,0.848797957706765,"con","ALL","1","p","1p",0,-1,"LUAD","neu_macro_mono"
"3439","1p21.2",-0.172403854911194,-0.253348928263762,0.80057641318922,"con","ALL","1","p","1p",0,-1,"LUAD","neu_macro_mono"
"3440","1p13.3",-0.329264890476436,-0.353904585344368,1,"con","ALL","1","p","1p",0,-1,"LUAD","neu_macro_mono"
"3441","1p13.2",-0.503285250633106,-0.464896197117821,1,"con","ALL","1","p","1p",0,1,"LUAD","neu_macro_mono"
"3442","1p13.1",-0.533689686430652,-0.600541275357369,0.549654884955044,"con","ALL","1","p","1p",0,1,"LUAD","neu_macro_mono"
"3443","1p12",-0.586047155861383,-0.74893651490751,0.45584842038286,"con","ALL","1","p","1p",0,1,"LUAD","neu_macro_mono"
"3444","1q21.1",-0.584666541360854,-0.845200373944643,0.400240333342298,"con","ALL","1","q","1q",-0.00617886191709188,1,"LUAD","neu_macro_mono"
"3445","1q21.2",-0.447894223271013,-0.81473041746861,0.417377309247091,"con","ALL","1","q","1q",-0.00406283237963429,1,"LUAD","neu_macro_mono"
"3446","1q21.3",-0.125557978974872,-0.361201791454759,0.718795122798008,"con","ALL","1","q","1q",0,1,"LUAD","neu_macro_mono"
"3447","1q22",-0.0731141835745664,-0.25798306386964,0.797008980948673,"con","ALL","1","q","1q",0,1,"LUAD","neu_macro_mono"
"3448","1q23.1",-0.116199179434609,-0.399371932770391,0.69056531163527,"con","ALL","1","q","1q",0,1,"LUAD","neu_macro_mono"
"3449","1q23.2",-0.127388096792907,-0.432391078660665,0.666491486522219,"con","ALL","1","q","1q",0,1,"LUAD","neu_macro_mono"
"3450","1q23.3",-0.186064277141619,-0.600495687637024,0.549685123545005,"con","ALL","1","q","1q",0,1,"LUAD","neu_macro_mono"
"3451","1q24.1",-0.256191634811568,-0.79209966602605,0.430385433944958,"con","ALL","1","q","1q",0,1,"LUAD","neu_macro_mono"
"3452","1q24.2",-0.298042674844093,-0.904488309388826,0.368151351357968,"con","ALL","1","q","1q",-0.0112259644324823,1,"LUAD","neu_macro_mono"
"3453","1q24.3",-0.323605480897317,-0.96955910979404,0.334864730129072,"con","ALL","1","q","1q",-0.0210483217020409,1,"LUAD","neu_macro_mono"
"3454","1q25.1",-0.352751665512258,-1.03766734922696,0.302204844041382,"con","ALL","1","q","1q",-0.0311171056203492,1,"LUAD","neu_macro_mono"
"3455","1q25.2",-0.310491909630902,-0.911746551904225,0.36433785411459,"con","ALL","1","q","1q",-0.0112259644324823,1,"LUAD","neu_macro_mono"
"3456","1q25.3",-0.259208428302552,-0.757450868709919,0.450758403399199,"con","ALL","1","q","1q",0,1,"LUAD","neu_macro_mono"
"3457","1q31.1",-0.225774374665624,-0.656688410180161,0.513056951822874,"con","ALL","1","q","1q",0,1,"LUAD","neu_macro_mono"
"3458","1q31.2",-0.196469970519177,-0.573559157772359,0.56769665625478,"con","ALL","1","q","1q",0,1,"LUAD","neu_macro_mono"
"3459","1q32.1",-0.0975212553756978,-0.288990328506633,0.773253392866566,"con","ALL","1","q","1q",0,1,"LUAD","neu_macro_mono"
"3460","1q32.2",-0.0524952205279146,-0.153308814450769,0.878497966694081,"con","ALL","1","q","1q",0,1,"LUAD","neu_macro_mono"
"3461","1q32.3",-0.0920002181808882,-0.259437534158069,0.7958901908385,"con","ALL","1","q","1q",0,1,"LUAD","neu_macro_mono"
"3462","1q41",-0.175962770794988,-0.485486252990989,0.628511242445625,"con","ALL","1","q","1q",0,1,"LUAD","neu_macro_mono"
"3463","1q42.11",-0.208504996037387,-0.568129662513649,0.571361668882277,"con","ALL","1","q","1q",0,1,"LUAD","neu_macro_mono"
"3464","1q42.12",-0.259730063774711,-0.697482653479505,0.487298726656665,"con","ALL","1","q","1q",0,1,"LUAD","neu_macro_mono"
"3465","1q42.13",-0.304794610835141,-0.798441455316149,0.426716253831958,"con","ALL","1","q","1q",0,1,"LUAD","neu_macro_mono"
"3466","1q42.2",-0.354976779458978,-0.919917497805644,0.360074973910618,"con","ALL","1","q","1q",-0.0112259644324823,1,"LUAD","neu_macro_mono"
"3467","1q42.3",-0.3615895473126,-0.940292126442559,0.349584638514891,"con","ALL","1","q","1q",-0.0112259644324823,1,"LUAD","neu_macro_mono"
"3468","1q43",-0.363671165059864,-0.943313456966966,0.34804599758368,"con","ALL","1","q","1q",-0.0112259644324823,1,"LUAD","neu_macro_mono"
"3469","1q44",-0.344923606513557,-0.90320426259456,0.368828613514737,"con","ALL","1","q","1q",-0.0112259644324823,1,"LUAD","neu_macro_mono"
"3470","2p25.3",-0.294139800271382,-0.448076822186026,0.655174548168598,"con","ALL","2","p","2p",0,1,"LUAD","neu_macro_mono"
"3471","2p25.1",-0.485153669068263,-0.660950126368024,0.51033269104808,"con","ALL","2","p","2p",0,1,"LUAD","neu_macro_mono"
"3472","2p24.1",-0.699023348267686,-0.864327441627292,0.38970585943542,"con","ALL","2","p","2p",-0.0112259644324823,1,"LUAD","neu_macro_mono"
"3473","2p23.3",-0.95725109958065,-1.05233180650718,1,"con","ALL","2","p","2p",0,1,"LUAD","neu_macro_mono"
"3474","2p23.2",-1.15341869883608,-1.18109185985258,1,"con","ALL","2","p","2p",0,1,"LUAD","neu_macro_mono"
"3475","2p22.3",-1.12096267827203,-1.157976209926,1,"con","ALL","2","p","2p",0,1,"LUAD","neu_macro_mono"
"3476","2p22.2",-1.10823220018434,-1.21058352911701,1,"con","ALL","2","p","2p",0,1,"LUAD","neu_macro_mono"
"3477","2p22.1",-1.11976082062478,-1.31645663788305,1,"con","ALL","2","p","2p",0,1,"LUAD","neu_macro_mono"
"3478","2p21",-0.772867834255518,-0.945655666102757,1,"con","ALL","2","p","2p",0,-1,"LUAD","neu_macro_mono"
"3479","2p16.2",-0.927009635671304,-1.22316573990607,1,"con","ALL","2","p","2p",0,-1,"LUAD","neu_macro_mono"
"3480","2p16.1",-0.989982171139277,-1.34143805173183,1,"con","ALL","2","p","2p",0,-1,"LUAD","neu_macro_mono"
"3481","2p15",-1.02743854766378,-1.44936039621133,1,"con","ALL","2","p","2p",0,1,"LUAD","neu_macro_mono"
"3482","2p14",-0.967326349544627,-1.36053586132713,1,"con","ALL","2","p","2p",0,1,"LUAD","neu_macro_mono"
"3483","2p13.3",-1.03158830942459,-1.4370883199442,1,"con","ALL","2","p","2p",0,1,"LUAD","neu_macro_mono"
"3484","2p13.2",-1.13204260154317,-1.54111493344723,1,"con","ALL","2","p","2p",0,1,"LUAD","neu_macro_mono"
"3485","2p13.1",-1.1728609401953,-1.52273232588427,1,"con","ALL","2","p","2p",0,1,"LUAD","neu_macro_mono"
"3486","2p12",-1.25335813576737,-1.5541868443572,1,"con","ALL","2","p","2p",0,1,"LUAD","neu_macro_mono"
"3487","2p11.2",-1.43952527829218,-1.75853057260619,1,"con","ALL","2","p","2p",0,1,"LUAD","neu_macro_mono"
"3488","2q11.1",-1.44346784842265,-1.72730763045406,1,"con","ALL","2","q","2q",0,1,"LUAD","neu_macro_mono"
"3489","2q11.2",-1.58216302503149,-1.79092791278855,1,"con","ALL","2","q","2q",0,1,"LUAD","neu_macro_mono"
"3490","2q12.2",-1.65120625945733,-1.7770049754335,1,"con","ALL","2","q","2q",0,1,"LUAD","neu_macro_mono"
"3491","2q12.3",-1.6667959294687,-1.78161427722089,1,"con","ALL","2","q","2q",0,1,"LUAD","neu_macro_mono"
"3492","2q13",-1.6815111177247,-1.78461872280799,1,"con","ALL","2","q","2q",0,1,"LUAD","neu_macro_mono"
"3493","2q14.1",-1.73222933246148,-1.83338304158719,1,"con","ALL","2","q","2q",0,1,"LUAD","neu_macro_mono"
"3494","2q14.2",-1.77972276849598,-1.85763890795382,1,"con","ALL","2","q","2q",0,1,"LUAD","neu_macro_mono"
"3495","2q14.3",-2.03812601490923,-2.19721419492907,1,"con","ALL","2","q","2q",0,1,"LUAD","neu_macro_mono"
"3496","2q21.1",-2.23619974413754,-2.40358227365277,1,"con","ALL","2","q","2q",0,1,"LUAD","neu_macro_mono"
"3497","2q21.3",-2.39189053545662,-2.66110444422229,1,"con","ALL","2","q","2q",0,1,"LUAD","neu_macro_mono"
"3498","2q23.2",-2.34521014817718,-2.63353845110105,1,"con","ALL","2","q","2q",0,1,"LUAD","neu_macro_mono"
"3499","2q23.3",-2.32208217367356,-2.61402083358409,1,"con","ALL","2","q","2q",0,1,"LUAD","neu_macro_mono"
"3500","2q24.2",-2.13274943539611,-2.38660222562946,1,"con","ALL","2","q","2q",0,1,"LUAD","neu_macro_mono"
"3501","2q31.1",-2.03592906915407,-2.26956908391146,1,"con","ALL","2","q","2q",0,1,"LUAD","neu_macro_mono"
"3502","2q31.2",-2.04080885880586,-2.064708443474,1,"con","ALL","2","q","2q",0,1,"LUAD","neu_macro_mono"
"3503","2q31.3",-1.84570417520701,-1.81315692711389,1,"con","ALL","2","q","2q",0,1,"LUAD","neu_macro_mono"
"3504","2q32.1",-1.89527196123987,-1.82905288992587,1,"con","ALL","2","q","2q",0,1,"LUAD","neu_macro_mono"
"3505","2q32.3",-1.95660931310371,-1.86629308143146,1,"con","ALL","2","q","2q",0,1,"LUAD","neu_macro_mono"
"3506","2q33.1",-2.3948516179499,-2.12469642255157,1,"con","ALL","2","q","2q",0,1,"LUAD","neu_macro_mono"
"3507","2q33.2",-2.34914543818886,-1.99115263000222,1,"con","ALL","2","q","2q",0,1,"LUAD","neu_macro_mono"
"3508","2q34",-2.10532041387566,-1.95690679141541,1,"con","ALL","2","q","2q",0,1,"LUAD","neu_macro_mono"
"3509","2q35",-1.84900308875638,-1.8814507462578,1,"con","ALL","2","q","2q",0,1,"LUAD","neu_macro_mono"
"3510","2q36.1",-1.55645543385149,-1.74484401905007,0.0844255148935942,"con","ALL","2","q","2q",-0.09268133260563,1,"LUAD","neu_macro_mono"
"3511","2q36.3",-1.55357479461536,-1.79439951264341,0.0761070371950983,"con","ALL","2","q","2q",-0.09268133260563,1,"LUAD","neu_macro_mono"
"3512","2q37.1",-1.44328064092325,-1.81441414423489,0.0729457618982628,"con","ALL","2","q","2q",-0.09268133260563,1,"LUAD","neu_macro_mono"
"3513","2q37.3",-1.12972121644304,-1.52363392956408,0.131106415318097,"con","ALL","2","q","2q",-0.0877817754010111,1,"LUAD","neu_macro_mono"
"3514","3p26.2",0.381306853381105,0.752089571118203,0.45395964972101,"con","ALL","3","p","3p",0,-1,"LUAD","neu_macro_mono"
"3515","3p26.1",0.387499788064391,0.767360078008775,0.444875923544484,"con","ALL","3","p","3p",0,-1,"LUAD","neu_macro_mono"
"3516","3p25.3",0.432174571070418,0.872720658155293,0.38513781306479,"con","ALL","3","p","3p",0.0112259644324823,-1,"LUAD","neu_macro_mono"
"3517","3p25.2",0.451777292220473,0.924028664235663,0.357942218525906,"con","ALL","3","p","3p",0.0112259644324823,-1,"LUAD","neu_macro_mono"
"3518","3p25.1",0.364728963278925,0.75237041624084,0.453791633383491,"con","ALL","3","p","3p",0,-1,"LUAD","neu_macro_mono"
"3519","3p24.3",0.259557843816942,0.553648981748038,0.581191989282329,"con","ALL","3","p","3p",0,-1,"LUAD","neu_macro_mono"
"3520","3p24.2",0.271298362712019,0.582442897437809,0.561724754433904,"con","ALL","3","p","3p",0,-1,"LUAD","neu_macro_mono"
"3521","3p24.1",0.25125114352749,0.545961647966607,0.586443086203131,"con","ALL","3","p","3p",0,-1,"LUAD","neu_macro_mono"
"3522","3p23",0.243982167786726,0.532236449441368,0.595873755466824,"con","ALL","3","p","3p",0,-1,"LUAD","neu_macro_mono"
"3523","3p22.3",0.246868911115259,0.537512853107575,0.59223999010838,"con","ALL","3","p","3p",0,-1,"LUAD","neu_macro_mono"
"3524","3p22.2",0.266374459337236,0.574945039106296,0.566762996253414,"con","ALL","3","p","3p",0,-1,"LUAD","neu_macro_mono"
"3525","3p22.1",0.303986470292986,0.638368422335991,0.524854974372644,"con","ALL","3","p","3p",0,-1,"LUAD","neu_macro_mono"
"3526","3p21.33",0.347139405008032,0.703426929156298,0.483605545007645,"con","ALL","3","p","3p",0,-1,"LUAD","neu_macro_mono"
"3527","3p21.31",0.605860773849687,1.09744767003759,0.275373302004951,"con","ALL","3","p","3p",0.0425155492073639,-1,"LUAD","neu_macro_mono"
"3528","3p21.2",0.584436322117672,0.883833447176008,1,"con","ALL","3","p","3p",0,-1,"LUAD","neu_macro_mono"
"3529","3p21.1",0.548991997198989,0.735430413352473,1,"con","ALL","3","p","3p",0,-1,"LUAD","neu_macro_mono"
"3530","3p14.3",0.309524622132192,0.378388588302698,1,"con","ALL","3","p","3p",0,-1,"LUAD","neu_macro_mono"
"3531","3p14.1",0.0435194931746978,0.0505924977623169,1,"con","ALL","3","p","3p",0,-1,"LUAD","neu_macro_mono"
"3532","3p13",-0.0366789429824376,-0.0425938007144105,1,"con","ALL","3","p","3p",0,-1,"LUAD","neu_macro_mono"
"3533","3p11.2",-0.0461861522758901,-0.0524589673811856,1,"con","ALL","3","p","3p",0,-1,"LUAD","neu_macro_mono"
"3534","3p11.1",-0.0766674746466524,-0.0858302210586895,1,"con","ALL","3","p","3p",0,-1,"LUAD","neu_macro_mono"
"3535","3q11.2",-0.177270930614375,-0.193460154377377,1,"con","ALL","3","q","3q",0,-1,"LUAD","neu_macro_mono"
"3536","3q12.2",-0.823681918635169,-0.943981577897223,1,"con","ALL","3","q","3q",0,1,"LUAD","neu_macro_mono"
"3537","3q12.3",-0.891260279230362,-1.01812019740178,1,"con","ALL","3","q","3q",0,1,"LUAD","neu_macro_mono"
"3538","3q13.12",-0.972518599415763,-1.13770241056075,1,"con","ALL","3","q","3q",0,1,"LUAD","neu_macro_mono"
"3539","3q13.13",-1.02216511120965,-1.21120558051051,1,"con","ALL","3","q","3q",0,1,"LUAD","neu_macro_mono"
"3540","3q13.2",-1.08010318963526,-1.28927501359104,1,"con","ALL","3","q","3q",0,1,"LUAD","neu_macro_mono"
"3541","3q13.31",-1.13175734118563,-1.36736118527393,1,"con","ALL","3","q","3q",0,1,"LUAD","neu_macro_mono"
"3542","3q13.33",-1.31932985556569,-1.74012118796474,0.0852559335044375,"con","ALL","3","q","3q",-0.09268133260563,1,"LUAD","neu_macro_mono"
"3543","3q21.1",-1.4380353355899,-2.08996065551072,0.039442304068708,"con","ALL","3","q","3q",-0.09268133260563,1,"LUAD","neu_macro_mono"
"3544","3q21.3",-1.37767737071385,-2.18861929036885,0.0312133330359313,"con","ALL","3","q","3q",-0.09268133260563,1,"LUAD","neu_macro_mono"
"3545","3q22.1",-1.26586349597195,-2.04785429945531,0.0434884864061728,"con","ALL","3","q","3q",-0.09268133260563,1,"LUAD","neu_macro_mono"
"3546","3q22.2",-1.17685551193731,-1.92080905818616,0.0579214558625389,"con","ALL","3","q","3q",-0.09268133260563,-1,"LUAD","neu_macro_mono"
"3547","3q22.3",-1.140201656873,-1.91896212512905,0.0581580635193574,"con","ALL","3","q","3q",-0.09268133260563,-1,"LUAD","neu_macro_mono"
"3548","3q23",-1.04454736270279,-1.8952534502576,0.0612685438992747,"con","ALL","3","q","3q",-0.09268133260563,-1,"LUAD","neu_macro_mono"
"3549","3q24",-0.935804555225469,-1.87355574905384,0.0642368104926042,"con","ALL","3","q","3q",-0.09268133260563,-1,"LUAD","neu_macro_mono"
"3550","3q25.1",-0.852360070357794,-1.87925659408405,0.0634454694294956,"con","ALL","3","q","3q",-0.09268133260563,-1,"LUAD","neu_macro_mono"
"3551","3q25.2",-0.785783528894699,-1.8806274655525,0.0632564033288119,"con","ALL","3","q","3q",-0.09268133260563,-1,"LUAD","neu_macro_mono"
"3552","3q25.31",-0.747236938031437,-1.85978265052286,0.0661829111392353,"con","ALL","3","q","3q",-0.09268133260563,-1,"LUAD","neu_macro_mono"
"3553","3q25.32",-0.738072544482496,-1.86785250032957,0.0650367586316019,"con","ALL","3","q","3q",-0.09268133260563,-1,"LUAD","neu_macro_mono"
"3554","3q25.33",-0.707319745259935,-1.8812630092018,0.0631689119671858,"con","ALL","3","q","3q",-0.09268133260563,-1,"LUAD","neu_macro_mono"
"3555","3q26.1",-0.686667384245654,-1.88311975713506,0.0629138872723112,"con","ALL","3","q","3q",-0.09268133260563,-1,"LUAD","neu_macro_mono"
"3556","3q26.2",-0.641198775433304,-1.83398786965832,0.0699605549146214,"con","ALL","3","q","3q",-0.09268133260563,-1,"LUAD","neu_macro_mono"
"3557","3q26.31",-0.630414136513141,-1.82949295033129,0.0706369069767273,"con","ALL","3","q","3q",-0.09268133260563,-1,"LUAD","neu_macro_mono"
"3558","3q26.32",-0.59533460070443,-1.81572814043039,0.0727420972136588,"con","ALL","3","q","3q",-0.09268133260563,-1,"LUAD","neu_macro_mono"
"3559","3q26.33",-0.522733151154723,-1.79062087259813,0.076716439653464,"con","ALL","3","q","3q",-0.09268133260563,-1,"LUAD","neu_macro_mono"
"3560","3q27.1",-0.451140798581731,-1.70883136857698,0.0909286986310291,"con","ALL","3","q","3q",-0.09268133260563,-1,"LUAD","neu_macro_mono"
"3561","3q27.2",-0.430220516311765,-1.68851242949167,0.0947751050506661,"con","ALL","3","q","3q",-0.09268133260563,-1,"LUAD","neu_macro_mono"
"3562","3q27.3",-0.423227118262362,-1.67215441207443,0.0979671326031311,"con","ALL","3","q","3q",-0.09268133260563,-1,"LUAD","neu_macro_mono"
"3563","3q29",-0.373773972826498,-1.59000664101842,0.115340101922807,"con","ALL","3","q","3q",-0.09268133260563,-1,"LUAD","neu_macro_mono"
"3564","4p16.3",0.613407932642367,1.06824247386158,0.288268073886728,"con","ALL","4","p","4p",0.0425155492073639,-1,"LUAD","neu_macro_mono"
"3565","4p16.1",0.706535828485644,1.18914859277565,0.237509155515699,"con","ALL","4","p","4p",0.0620651874036252,1,"LUAD","neu_macro_mono"
"3566","4p15.32",0.755814522142351,1.24366371334691,0.216853039955233,"con","ALL","4","p","4p",0.0730750747029306,1,"LUAD","neu_macro_mono"
"3567","4p15.2",0.812280945690074,1.32657271717896,0.188006347418373,"con","ALL","4","p","4p",0.0852275367001303,1,"LUAD","neu_macro_mono"
"3568","4p14",0.87554885295481,1.32747623753814,0.187708659042601,"con","ALL","4","p","4p",0.0852275367001303,1,"LUAD","neu_macro_mono"
"3569","4p13",0.881042437242835,1.25726719240216,0.211909751459662,"con","ALL","4","p","4p",0.0740728289524995,1,"LUAD","neu_macro_mono"
"3570","4p12",0.911773966405713,1.28103430623248,0.203472729018268,"con","ALL","4","p","4p",0.0810443791643104,1,"LUAD","neu_macro_mono"
"3571","4p11",0.964879283256986,1.34979560525158,0.180466821406872,"con","ALL","4","p","4p",0.0854829060156517,1,"LUAD","neu_macro_mono"
"3572","4q12",1.0414320425644,1.42646862669511,1,"con","ALL","4","q","4q",0,1,"LUAD","neu_macro_mono"
"3573","4q13.2",1.11848774759707,1.47430392657708,1,"con","ALL","4","q","4q",0,1,"LUAD","neu_macro_mono"
"3574","4q21.1",1.71932567937154,1.9791370427959,1,"con","ALL","4","q","4q",0,1,"LUAD","neu_macro_mono"
"3575","4q21.22",1.89295358774654,2.11335824213749,1,"con","ALL","4","q","4q",0,1,"LUAD","neu_macro_mono"
"3576","4q21.23",1.90686572676704,2.11672707674692,1,"con","ALL","4","q","4q",0,1,"LUAD","neu_macro_mono"
"3577","4q22.1",1.86728339916327,2.07553809792387,1,"con","ALL","4","q","4q",0,1,"LUAD","neu_macro_mono"
"3578","4q22.3",1.77351796915555,1.968149657659,1,"con","ALL","4","q","4q",0,-1,"LUAD","neu_macro_mono"
"3579","4q23",1.20482301693973,1.41305284249664,1,"con","ALL","4","q","4q",0,-1,"LUAD","neu_macro_mono"
"3580","4q24",1.47241702737821,1.77737669334988,1,"con","ALL","4","q","4q",0,-1,"LUAD","neu_macro_mono"
"3581","4q25",1.66006514222658,2.05920126370199,1,"con","ALL","4","q","4q",0,-1,"LUAD","neu_macro_mono"
"3582","4q27",1.67917480975029,2.06037241546098,1,"con","ALL","4","q","4q",0,-1,"LUAD","neu_macro_mono"
"3583","4q31.1",1.64247578495157,2.04280699456698,1,"con","ALL","4","q","4q",0,-1,"LUAD","neu_macro_mono"
"3584","4q31.21",1.55932565331068,1.95325640372198,1,"con","ALL","4","q","4q",0,-1,"LUAD","neu_macro_mono"
"3585","4q31.22",1.5620279955349,1.9635294188844,1,"con","ALL","4","q","4q",0,-1,"LUAD","neu_macro_mono"
"3586","4q32.1",1.58114860608326,1.93648261425918,1,"con","ALL","4","q","4q",0,1,"LUAD","neu_macro_mono"
"3587","4q32.2",1.59767002033437,1.94669005839504,1,"con","ALL","4","q","4q",0,1,"LUAD","neu_macro_mono"
"3588","4q34.1",1.53281071149569,1.91900047096675,1,"con","ALL","4","q","4q",0,1,"LUAD","neu_macro_mono"
"3589","4q34.2",1.48320664656839,1.87147173299352,1,"con","ALL","4","q","4q",0,1,"LUAD","neu_macro_mono"
"3590","4q35.1",1.38255486991275,1.77588317903608,1,"con","ALL","4","q","4q",0,1,"LUAD","neu_macro_mono"
"3591","5p15.33",0.381143378994719,1.21390632017786,0.227959378107081,"con","ALL","5","p","5p",0.0620651874036252,1,"LUAD","neu_macro_mono"
"3592","5p15.31",0.369482713011086,1.07595025598833,0.284825359491905,"con","ALL","5","p","5p",0.0425155492073639,1,"LUAD","neu_macro_mono"
"3593","5p15.2",0.353586184770327,0.985342461393492,0.327097456074231,"con","ALL","5","p","5p",0.0210483217020409,1,"LUAD","neu_macro_mono"
"3594","5p15.1",0.317836009875318,0.81082311541787,0.419606245604349,"con","ALL","5","p","5p",0.00406283237963429,1,"LUAD","neu_macro_mono"
"3595","5p13.3",0.300553182000071,0.719411374326852,0.473751438666547,"con","ALL","5","p","5p",0,1,"LUAD","neu_macro_mono"
"3596","5p13.1",0.200879679824265,0.414918616757924,0.679188896269711,"con","ALL","5","p","5p",0,1,"LUAD","neu_macro_mono"
"3597","5p12",0.204180355982713,0.407875787688543,0.684333536338493,"con","ALL","5","p","5p",0,1,"LUAD","neu_macro_mono"
"3598","5q11.1",0.0238375198668819,0.0434687006515248,0.965424210811627,"con","ALL","5","q","5q",0,1,"LUAD","neu_macro_mono"
"3599","5q11.2",-0.00831293177512636,-0.0151849376167356,0.987918249871027,"con","ALL","5","q","5q",0,1,"LUAD","neu_macro_mono"
"3600","5q12.1",0.00840404229869954,0.0159807172638015,0.987285148558221,"con","ALL","5","q","5q",0,1,"LUAD","neu_macro_mono"
"3601","5q12.3",-0.0490363503286654,-0.0988270622438571,0.921495365963801,"con","ALL","5","q","5q",0,1,"LUAD","neu_macro_mono"
"3602","5q13.1",-0.0561088073770959,-0.117276789907733,0.906902040243269,"con","ALL","5","q","5q",0,1,"LUAD","neu_macro_mono"
"3603","5q13.2",-0.0345638621837724,-0.0790322398228178,0.937182438426461,"con","ALL","5","q","5q",0,1,"LUAD","neu_macro_mono"
"3604","5q13.3",-0.0439898185723314,-0.10671150571769,0.915255361801192,"con","ALL","5","q","5q",0,-1,"LUAD","neu_macro_mono"
"3605","5q14.1",-0.0526418498902386,-0.130305159882781,0.896615805200034,"con","ALL","5","q","5q",0,-1,"LUAD","neu_macro_mono"
"3606","5q14.2",-0.0597595876653023,-0.152408429094347,0.879205965624606,"con","ALL","5","q","5q",0,-1,"LUAD","neu_macro_mono"
"3607","5q14.3",-0.0451994503140052,-0.11604653059935,0.907874210594672,"con","ALL","5","q","5q",0,-1,"LUAD","neu_macro_mono"
"3608","5q15",-0.0586500102933382,-0.149500294628006,0.881493383532955,"con","ALL","5","q","5q",0,-1,"LUAD","neu_macro_mono"
"3609","5q21.1",-0.0771208509321746,-0.195201163904008,0.845675473428155,"con","ALL","5","q","5q",0,-1,"LUAD","neu_macro_mono"
"3610","5q21.3",-0.0780116610407504,-0.19545498532476,0.845477372334694,"con","ALL","5","q","5q",0,-1,"LUAD","neu_macro_mono"
"3611","5q22.2",-0.135737715493822,-0.332175411204885,0.740529196866396,"con","ALL","5","q","5q",0,-1,"LUAD","neu_macro_mono"
"3612","5q22.3",-0.189151638284253,-0.453167185313764,0.651519034347129,"con","ALL","5","q","5q",0,-1,"LUAD","neu_macro_mono"
"3613","5q23.1",-0.245387040034775,-0.585322805863864,0.559795446750851,"con","ALL","5","q","5q",0,-1,"LUAD","neu_macro_mono"
"3614","5q23.2",-0.295384979449419,-0.704315656250417,0.483054708425168,"con","ALL","5","q","5q",0,-1,"LUAD","neu_macro_mono"
"3615","5q31.1",-0.462240649214343,-1.18315639993419,0.239863108915984,"con","ALL","5","q","5q",-0.0620651874036252,1,"LUAD","neu_macro_mono"
"3616","5q31.2",-0.519132345472304,-1.45736121009862,0.148497147377672,"con","ALL","5","q","5q",-0.0877817754010111,1,"LUAD","neu_macro_mono"
"3617","5q31.3",-0.489780015404625,-1.44678343363408,0.151431583968568,"con","ALL","5","q","5q",-0.0877817754010111,1,"LUAD","neu_macro_mono"
"3618","5q32",-0.36433093416187,-1.17718522210521,0.242225393735968,"con","ALL","5","q","5q",-0.0620651874036252,1,"LUAD","neu_macro_mono"
"3619","5q33.1",-0.326405690636298,-1.06786621198417,0.288436860130709,"con","ALL","5","q","5q",-0.0425155492073639,1,"LUAD","neu_macro_mono"
"3620","5q33.2",-0.285813382548806,-0.934872836984884,0.352355443067806,"con","ALL","5","q","5q",-0.0112259644324823,1,"LUAD","neu_macro_mono"
"3621","5q33.3",-0.259236120263739,-0.862886071058345,0.390493689646024,"con","ALL","5","q","5q",-0.0112259644324823,1,"LUAD","neu_macro_mono"
"3622","5q34",-0.242082092750481,-0.8176483046752,0.415717425701856,"con","ALL","5","q","5q",-0.00406283237963429,1,"LUAD","neu_macro_mono"
"3623","5q35.1",-0.220990292572465,-0.754827361825944,0.452323280739801,"con","ALL","5","q","5q",0,1,"LUAD","neu_macro_mono"
"3624","5q35.2",-0.193122036150747,-0.66184739693798,0.509760101199741,"con","ALL","5","q","5q",0,1,"LUAD","neu_macro_mono"
"3625","5q35.3",-0.151030141077683,-0.54939859329105,0.58409259895227,"con","ALL","5","q","5q",0,1,"LUAD","neu_macro_mono"
"3626","6p25.2",-1.17436767678758,-1.92713371488186,0.0571173670391733,"con","ALL","6","p","6p",-0.09268133260563,1,"LUAD","neu_macro_mono"
"3627","6p25.1",-1.21870156533272,-2.06761665277941,0.0415470484094697,"con","ALL","6","p","6p",-0.09268133260563,1,"LUAD","neu_macro_mono"
"3628","6p24.3",-1.25364987918287,-2.20442323545588,0.030044853286695,"con","ALL","6","p","6p",-0.09268133260563,1,"LUAD","neu_macro_mono"
"3629","6p24.2",-1.29428935097383,-2.35511164932525,0.0206904235380182,"con","ALL","6","p","6p",-0.09268133260563,1,"LUAD","neu_macro_mono"
"3630","6p23",-1.50785449191983,-2.79170483749962,0.00640262194890719,"con","ALL","6","p","6p",-0.09268133260563,1,"LUAD","neu_macro_mono"
"3631","6p22.3",-1.31966008960568,-2.78266115488031,0.0065689984966075,"con","ALL","6","p","6p",-0.09268133260563,1,"LUAD","neu_macro_mono"
"3632","6p22.2",-1.20706380372782,-2.66748377060994,0.00906237520013401,"con","ALL","6","p","6p",-0.09268133260563,1,"LUAD","neu_macro_mono"
"3633","6p22.1",-1.08984353021863,-2.55217161099217,0.0123911170365579,"con","ALL","6","p","6p",-0.09268133260563,1,"LUAD","neu_macro_mono"
"3634","6p21.33",-0.894738772830332,-2.33686181062749,0.0216657332523177,"con","ALL","6","p","6p",-0.09268133260563,1,"LUAD","neu_macro_mono"
"3635","6p21.32",-0.782297039494501,-2.11602884293853,0.0371036537631926,"con","ALL","6","p","6p",-0.09268133260563,1,"LUAD","neu_macro_mono"
"3636","6p21.31",-0.779618444562774,-1.97282398127259,0.0515844437166935,"con","ALL","6","p","6p",-0.09268133260563,1,"LUAD","neu_macro_mono"
"3637","6p21.2",-0.942962660212605,-2.09043538618212,0.03939860272795,"con","ALL","6","p","6p",-0.09268133260563,1,"LUAD","neu_macro_mono"
"3638","6p21.1",-1.14966862423596,-2.11658556608764,0.0370550463414298,"con","ALL","6","p","6p",-0.09268133260563,1,"LUAD","neu_macro_mono"
"3639","6p12.1",-0.535493571123513,-0.862005374053032,0.390975548555634,"con","ALL","6","p","6p",-0.0112259644324823,1,"LUAD","neu_macro_mono"
"3640","6q12",-0.273507966073583,-0.466134704448506,0.642245310466269,"con","ALL","6","q","6q",0,1,"LUAD","neu_macro_mono"
"3641","6q13",-0.217937611989989,-0.383867727511594,0.7019818680456,"con","ALL","6","q","6q",0,1,"LUAD","neu_macro_mono"
"3642","6q14.1",-0.143143734482778,-0.275206844455108,0.783788155498554,"con","ALL","6","q","6q",0,1,"LUAD","neu_macro_mono"
"3643","6q14.3",-0.11600868762201,-0.253838126678298,0.800199619205467,"con","ALL","6","q","6q",0,1,"LUAD","neu_macro_mono"
"3644","6q15",-0.104332792069058,-0.243861787644213,0.807892895797179,"con","ALL","6","q","6q",0,1,"LUAD","neu_macro_mono"
"3645","6q16.1",-0.104581415016093,-0.255467865458518,0.798944691418573,"con","ALL","6","q","6q",0,1,"LUAD","neu_macro_mono"
"3646","6q16.2",-0.114647722372744,-0.291421236440747,0.771399777752459,"con","ALL","6","q","6q",0,1,"LUAD","neu_macro_mono"
"3647","6q21",-0.0975058423751523,-0.261034654935575,0.794662164171064,"con","ALL","6","q","6q",0,-1,"LUAD","neu_macro_mono"
"3648","6q22.1",-0.108769770527639,-0.299071893949171,0.765574701684765,"con","ALL","6","q","6q",0,-1,"LUAD","neu_macro_mono"
"3649","6q22.31",-0.110856703605686,-0.299345683000818,0.765366490884437,"con","ALL","6","q","6q",0,-1,"LUAD","neu_macro_mono"
"3650","6q22.33",-0.103801738096306,-0.274347021810745,0.7844466804432,"con","ALL","6","q","6q",0,-1,"LUAD","neu_macro_mono"
"3651","6q23.2",-0.0759114179027133,-0.199129756230355,0.842610427224347,"con","ALL","6","q","6q",0,-1,"LUAD","neu_macro_mono"
"3652","6q23.3",-0.0554507929733948,-0.143665844446411,0.886085532902773,"con","ALL","6","q","6q",0,-1,"LUAD","neu_macro_mono"
"3653","6q24.1",-0.0239216492485639,-0.0614042411794043,0.951173431182628,"con","ALL","6","q","6q",0,-1,"LUAD","neu_macro_mono"
"3654","6q24.2",-0.00788693316387292,-0.0203072375220133,0.983843236006499,"con","ALL","6","q","6q",0,-1,"LUAD","neu_macro_mono"
"3655","6q25.1",-0.0634796684867248,-0.167364335716623,0.867458869690958,"con","ALL","6","q","6q",0,-1,"LUAD","neu_macro_mono"
"3656","6q25.3",-0.100680526620412,-0.278070730406933,0.781595887102095,"con","ALL","6","q","6q",0,1,"LUAD","neu_macro_mono"
"3657","6q27",-0.0704207541751639,-0.199120017199416,0.842618022537137,"con","ALL","6","q","6q",0,1,"LUAD","neu_macro_mono"
"3658","7p22.3",0.171224924248523,0.707035142613554,0.481371313898073,"con","ALL","7","p","7p",0,1,"LUAD","neu_macro_mono"
"3659","7p22.1",0.175000686627347,0.739065618407571,0.461790343929142,"con","ALL","7","p","7p",0,1,"LUAD","neu_macro_mono"
"3660","7p21.3",0.19221142238719,0.816562047060093,0.416334895890859,"con","ALL","7","p","7p",0.00406283237963429,1,"LUAD","neu_macro_mono"
"3661","7p21.1",0.197542429061255,0.835445295611703,0.40567945069566,"con","ALL","7","p","7p",0.00406283237963429,1,"LUAD","neu_macro_mono"
"3662","7p15.3",0.219479258810359,0.919660971615849,0.360208320709194,"con","ALL","7","p","7p",0.0112259644324823,1,"LUAD","neu_macro_mono"
"3663","7p15.2",0.227773217989772,0.949236262440575,0.345042475892859,"con","ALL","7","p","7p",0.0112259644324823,1,"LUAD","neu_macro_mono"
"3664","7p14.3",0.214521385976017,0.875425658939837,0.38367272281586,"con","ALL","7","p","7p",0.0112259644324823,1,"LUAD","neu_macro_mono"
"3665","7p14.2",0.208786020177673,0.840532784314249,0.402837249780025,"con","ALL","7","p","7p",0.00524609617247904,1,"LUAD","neu_macro_mono"
"3666","7p14.1",0.187654168673844,0.739239437749343,0.461685332003747,"con","ALL","7","p","7p",0,1,"LUAD","neu_macro_mono"
"3667","7p13",0.148896004616919,0.566307158247846,0.572594454840011,"con","ALL","7","p","7p",0,1,"LUAD","neu_macro_mono"
"3668","7p12.3",0.131125022170429,0.480740579338985,0.631867479399673,"con","ALL","7","p","7p",0,1,"LUAD","neu_macro_mono"
"3669","7p11.2",0.126070412965747,0.444551018404236,0.65771145491457,"con","ALL","7","p","7p",0,1,"LUAD","neu_macro_mono"
"3670","7q11.21",0.11223997197993,0.369160285422614,0.712875345425807,"con","ALL","7","q","7q",0,1,"LUAD","neu_macro_mono"
"3671","7q11.23",0.114568821388422,0.306003381920765,0.760308790957603,"con","ALL","7","q","7q",0,1,"LUAD","neu_macro_mono"
"3672","7q21.12",0.199131213125058,0.498978825137909,0.619011766904722,"con","ALL","7","q","7q",0,1,"LUAD","neu_macro_mono"
"3673","7q21.2",0.240673920791019,0.573519344388714,0.567723489352313,"con","ALL","7","q","7q",0,1,"LUAD","neu_macro_mono"
"3674","7q21.3",0.333268185756511,0.774006267738113,0.440955559948425,"con","ALL","7","q","7q",0,1,"LUAD","neu_macro_mono"
"3675","7q22.1",0.405518368743248,0.901253804471974,0.369858876582263,"con","ALL","7","q","7q",0.0112259644324823,1,"LUAD","neu_macro_mono"
"3676","7q22.3",0.354019609094548,0.736864754179353,0.463121155252763,"con","ALL","7","q","7q",0,1,"LUAD","neu_macro_mono"
"3677","7q31.1",0.316737472271191,0.632786065797362,0.528477873948048,"con","ALL","7","q","7q",0,1,"LUAD","neu_macro_mono"
"3678","7q31.2",0.315537732877421,0.619033085123577,0.537458357489605,"con","ALL","7","q","7q",0,1,"LUAD","neu_macro_mono"
"3679","7q31.31",0.297013235808582,0.579930900351617,0.563410255420913,"con","ALL","7","q","7q",0,1,"LUAD","neu_macro_mono"
"3680","7q31.32",0.306362895537596,0.591783531422958,0.55547920205956,"con","ALL","7","q","7q",0,1,"LUAD","neu_macro_mono"
"3681","7q32.1",0.365058939215291,0.685515675693013,0.494780551689493,"con","ALL","7","q","7q",0,-1,"LUAD","neu_macro_mono"
"3682","7q32.2",0.384757630332789,0.712791262158146,0.477818939271176,"con","ALL","7","q","7q",0,-1,"LUAD","neu_macro_mono"
"3683","7q33",0.382761250321758,0.700253261437995,0.485575422454483,"con","ALL","7","q","7q",0,-1,"LUAD","neu_macro_mono"
"3684","7q34",0.418983827945765,0.763140396439423,0.447375426727799,"con","ALL","7","q","7q",0,1,"LUAD","neu_macro_mono"
"3685","7q36.1",0.43525497594408,0.812898100953764,0.418421676937937,"con","ALL","7","q","7q",0.00406283237963429,1,"LUAD","neu_macro_mono"
"3686","7q36.3",0.465336973413147,0.894807073021501,0.37327706274166,"con","ALL","7","q","7q",0.0112259644324823,1,"LUAD","neu_macro_mono"
"3687","8p23.3",-0.135487242682185,-0.309456288086243,0.757689779441176,"con","ALL","8","p","8p",0,1,"LUAD","neu_macro_mono"
"3688","8p22",-0.146006481516459,-0.322395259611094,0.747900994573092,"con","ALL","8","p","8p",0,1,"LUAD","neu_macro_mono"
"3689","8p21.3",-0.11432352619664,-0.240680714347602,0.810350003894262,"con","ALL","8","p","8p",0,1,"LUAD","neu_macro_mono"
"3690","8p21.2",-0.109426513278518,-0.22187124761164,0.824916785880317,"con","ALL","8","p","8p",0,1,"LUAD","neu_macro_mono"
"3691","8p21.1",-0.0875131291025006,-0.173899409087713,0.862335072681044,"con","ALL","8","p","8p",0,1,"LUAD","neu_macro_mono"
"3692","8p12",-0.0563487435629294,-0.109261352697818,0.913238446895669,"con","ALL","8","p","8p",0,1,"LUAD","neu_macro_mono"
"3693","8p11.23",0.0617864084017123,0.11489534188868,0.908784025225283,"con","ALL","8","p","8p",0,1,"LUAD","neu_macro_mono"
"3694","8p11.22",0.131595741014092,0.245461070102429,0.806658312142637,"con","ALL","8","p","8p",0,1,"LUAD","neu_macro_mono"
"3695","8p11.21",0.40683955211277,0.784038658423689,0.435076078758331,"con","ALL","8","p","8p",0,1,"LUAD","neu_macro_mono"
"3696","8q11.21",0.578333127725524,1.19558203673641,0.235000382611997,"con","ALL","8","q","8q",0.0620651874036252,1,"LUAD","neu_macro_mono"
"3697","8q11.23",0.62549493205493,1.3479349414011,0.181062360520865,"con","ALL","8","q","8q",0.0854829060156517,1,"LUAD","neu_macro_mono"
"3698","8q12.1",0.694841940448623,1.62403115373831,0.107866578060473,"con","ALL","8","q","8q",0.09268133260563,1,"LUAD","neu_macro_mono"
"3699","8q12.3",0.66370819979495,1.6423439382045,0.104008457814914,"con","ALL","8","q","8q",0.09268133260563,1,"LUAD","neu_macro_mono"
"3700","8q13.1",0.652140755315458,1.67870391533204,0.0966787619121092,"con","ALL","8","q","8q",0.09268133260563,1,"LUAD","neu_macro_mono"
"3701","8q13.3",0.599084811862354,1.58752516040734,0.115900976724875,"con","ALL","8","q","8q",0.09268133260563,1,"LUAD","neu_macro_mono"
"3702","8q21.11",0.581582431794731,1.62030872021131,0.108664735099161,"con","ALL","8","q","8q",0.09268133260563,1,"LUAD","neu_macro_mono"
"3703","8q21.13",0.435013708247184,1.32764046063282,0.187654589466318,"con","ALL","8","q","8q",0.0852275367001303,1,"LUAD","neu_macro_mono"
"3704","8q21.3",0.322371289337293,1.07868477586256,0.283610797415964,"con","ALL","8","q","8q",0.0425155492073639,1,"LUAD","neu_macro_mono"
"3705","8q22.1",0.230890774906962,0.859787469421481,0.392190664296476,"con","ALL","8","q","8q",0.0112259644324823,1,"LUAD","neu_macro_mono"
"3706","8q22.2",0.16604770954965,0.655220599889575,0.51399701548739,"con","ALL","8","q","8q",0,1,"LUAD","neu_macro_mono"
"3707","8q22.3",0.113361159507704,0.464003037263124,0.643765933612811,"con","ALL","8","q","8q",0,1,"LUAD","neu_macro_mono"
"3708","8q23.1",0.0314031663211684,0.132589380757659,0.894814121965556,"con","ALL","8","q","8q",0,1,"LUAD","neu_macro_mono"
"3709","8q23.2",0.0259338287634206,0.110267926775146,0.9124424079904,"con","ALL","8","q","8q",0,1,"LUAD","neu_macro_mono"
"3710","8q24.11",0.00664344958630904,0.0285050015048417,0.977322492581035,"con","ALL","8","q","8q",0,1,"LUAD","neu_macro_mono"
"3711","8q24.12",-0.029068832768029,-0.127118476763124,0.899130210904008,"con","ALL","8","q","8q",0,1,"LUAD","neu_macro_mono"
"3712","8q24.13",-0.0397430952141684,-0.177796524064068,0.859282342056283,"con","ALL","8","q","8q",0,1,"LUAD","neu_macro_mono"
"3713","8q24.22",-0.064779104861866,-0.300731339575977,0.764312992936688,"con","ALL","8","q","8q",0,1,"LUAD","neu_macro_mono"
"3714","8q24.3",-0.124375072313424,-0.604541180213283,0.54700497581808,"con","ALL","8","q","8q",0,1,"LUAD","neu_macro_mono"
"3715","9p24.1",-0.49098121777628,-1.77376584478673,0.0794841982714509,"con","ALL","9","p","9p",-0.09268133260563,-1,"LUAD","neu_macro_mono"
"3716","9p22.3",-0.503226676633597,-1.79819655831548,0.0754987160149934,"con","ALL","9","p","9p",-0.09268133260563,-1,"LUAD","neu_macro_mono"
"3717","9p22.1",-0.531044115201869,-1.92530105348385,0.0573493862905341,"con","ALL","9","p","9p",-0.09268133260563,-1,"LUAD","neu_macro_mono"
"3718","9p21.1",-0.626557067821377,-2.04853243912786,0.0434205973581948,"con","ALL","9","p","9p",-0.09268133260563,-1,"LUAD","neu_macro_mono"
"3719","9p13.3",-0.722513272292107,-1.98127773834421,0.0506123688364396,"con","ALL","9","p","9p",-0.09268133260563,-1,"LUAD","neu_macro_mono"
"3720","9p13.2",-0.813458891981332,-1.88506728332718,0.0626473246129058,"con","ALL","9","p","9p",-0.09268133260563,-1,"LUAD","neu_macro_mono"
"3721","9q21.12",-0.863782574667278,-1.75606329908934,0.0824794794368164,"con","ALL","9","q","9q",-0.09268133260563,-1,"LUAD","neu_macro_mono"
"3722","9q21.13",-0.881919970445096,-1.59871572631619,0.113388792718628,"con","ALL","9","q","9q",-0.09268133260563,-1,"LUAD","neu_macro_mono"
"3723","9q21.2",-0.786716915645766,-1.16913041357826,1,"con","ALL","9","q","9q",0,-1,"LUAD","neu_macro_mono"
"3724","9q21.31",-0.782875525310876,-1.14433152500739,1,"con","ALL","9","q","9q",0,-1,"LUAD","neu_macro_mono"
"3725","9q21.32",-0.772714990494561,-1.10061365340509,1,"con","ALL","9","q","9q",0,-1,"LUAD","neu_macro_mono"
"3726","9q21.33",-0.699833479410601,-0.96787028046817,1,"con","ALL","9","q","9q",0,-1,"LUAD","neu_macro_mono"
"3727","9q22.2",-0.672569041799962,-0.919788902511761,1,"con","ALL","9","q","9q",0,-1,"LUAD","neu_macro_mono"
"3728","9q22.31",-0.678630610650163,-0.935521065191047,1,"con","ALL","9","q","9q",0,-1,"LUAD","neu_macro_mono"
"3729","9q22.32",-0.679545829930259,-0.942507362463271,1,"con","ALL","9","q","9q",0,-1,"LUAD","neu_macro_mono"
"3730","9q22.33",-0.743280552838461,-1.08646893282338,1,"con","ALL","9","q","9q",0,-1,"LUAD","neu_macro_mono"
"3731","9q31.1",-0.787962636633133,-1.25991258113856,0.210958150543724,"con","ALL","9","q","9q",-0.0740728289524995,-1,"LUAD","neu_macro_mono"
"3732","9q31.2",-0.828931940064863,-1.43244636091035,0.155480346031137,"con","ALL","9","q","9q",-0.0877817754010111,-1,"LUAD","neu_macro_mono"
"3733","9q31.3",-0.818177164177521,-1.47961456794142,0.142468062515662,"con","ALL","9","q","9q",-0.0877817754010111,-1,"LUAD","neu_macro_mono"
"3734","9q32",-0.863109653869475,-1.55160109768113,0.124267235108771,"con","ALL","9","q","9q",-0.09268133260563,-1,"LUAD","neu_macro_mono"
"3735","9q33.2",-0.943313601622506,-1.60948230843879,0.111013139174626,"con","ALL","9","q","9q",-0.09268133260563,-1,"LUAD","neu_macro_mono"
"3736","9q33.3",-0.775221703372647,-1.31726942166578,0.191092186985589,"con","ALL","9","q","9q",-0.0852275367001303,-1,"LUAD","neu_macro_mono"
"3737","9q34.11",-0.654910619998374,-1.08723951139896,0.279834185064695,"con","ALL","9","q","9q",-0.0425155492073639,-1,"LUAD","neu_macro_mono"
"3738","9q34.13",-0.484533160445894,-0.812313727775223,0.418755081526429,"con","ALL","9","q","9q",-0.00406283237963429,-1,"LUAD","neu_macro_mono"
"3739","9q34.3",-0.267659363572104,-0.522976178285429,0.602275997055532,"con","ALL","9","q","9q",0,1,"LUAD","neu_macro_mono"
"3740","10p15.3",-0.0266877338276249,-0.0722034993904718,0.942600177087816,"con","ALL","10","p","10p",0,-1,"LUAD","neu_macro_mono"
"3741","10p14",0.118802921815145,0.27811982676136,0.781558319788323,"con","ALL","10","p","10p",0,-1,"LUAD","neu_macro_mono"
"3742","10p13",0.254958067168796,0.540591298901193,0.590124705741375,"con","ALL","10","p","10p",0,-1,"LUAD","neu_macro_mono"
"3743","10p12.2",0.525041703387886,0.984938177894859,0.327294915161087,"con","ALL","10","p","10p",0.0210483217020409,-1,"LUAD","neu_macro_mono"
"3744","10p12.1",0.757077940092311,1.31533550630315,0.19173838509103,"con","ALL","10","p","10p",0.0852275367001303,-1,"LUAD","neu_macro_mono"
"3745","10p11.22",1.00469069032019,1.62792019486182,0.107037744859698,"con","ALL","10","p","10p",0.09268133260563,-1,"LUAD","neu_macro_mono"
"3746","10q11.21",1.13146948832029,1.66782115632037,0.0988271798449047,"con","ALL","10","q","10q",0.09268133260563,-1,"LUAD","neu_macro_mono"
"3747","10q11.22",1.11569036107774,1.60069200571768,0.112949699839398,"con","ALL","10","q","10q",0.09268133260563,-1,"LUAD","neu_macro_mono"
"3748","10q21.1",1.1103448701617,1.56944304999905,0.120054043292517,"con","ALL","10","q","10q",0.09268133260563,-1,"LUAD","neu_macro_mono"
"3749","10q21.3",1.16425292482943,1.57670045940396,1,"con","ALL","10","q","10q",0,-1,"LUAD","neu_macro_mono"
"3750","10q22.1",1.07060640386802,1.29259056614852,1,"con","ALL","10","q","10q",0,1,"LUAD","neu_macro_mono"
"3751","10q22.2",0.674010349623842,0.73888506437945,1,"con","ALL","10","q","10q",0,1,"LUAD","neu_macro_mono"
"3752","10q22.3",0.241923839531208,0.262553745618162,1,"con","ALL","10","q","10q",0,1,"LUAD","neu_macro_mono"
"3753","10q23.1",0.168895914654621,0.182086884852731,1,"con","ALL","10","q","10q",0,1,"LUAD","neu_macro_mono"
"3754","10q23.2",0.138622040174569,0.148960632176506,1,"con","ALL","10","q","10q",0,1,"LUAD","neu_macro_mono"
"3755","10q23.31",0.126056639864566,0.134307714542615,1,"con","ALL","10","q","10q",0,-1,"LUAD","neu_macro_mono"
"3756","10q23.32",0.0718646469962735,0.0763127243130471,1,"con","ALL","10","q","10q",0,-1,"LUAD","neu_macro_mono"
"3757","10q24.1",-0.455298375970647,-0.492963154201988,1,"con","ALL","10","q","10q",0,-1,"LUAD","neu_macro_mono"
"3758","10q24.2",-0.581094667218442,-0.631925550784426,1,"con","ALL","10","q","10q",0,-1,"LUAD","neu_macro_mono"
"3759","10q24.31",-0.783463952696545,-0.885822821784444,1,"con","ALL","10","q","10q",0,-1,"LUAD","neu_macro_mono"
"3760","10q24.32",-0.875976444334597,-1.01494970508819,0.312850587263264,"con","ALL","10","q","10q",-0.0311171056203492,-1,"LUAD","neu_macro_mono"
"3761","10q25.1",-0.947289130063261,-1.10282233846776,0.273044548047895,"con","ALL","10","q","10q",-0.0425155492073639,-1,"LUAD","neu_macro_mono"
"3762","10q25.2",-0.931508153266823,-1.08367803956782,0.281402205808623,"con","ALL","10","q","10q",-0.0425155492073639,-1,"LUAD","neu_macro_mono"
"3763","10q25.3",-0.960181332844941,-1.13175760660005,1,"con","ALL","10","q","10q",0,-1,"LUAD","neu_macro_mono"
"3764","10q26.11",-0.908002195160983,-1.06601921531973,1,"con","ALL","10","q","10q",0,-1,"LUAD","neu_macro_mono"
"3765","10q26.13",-1.05559578351653,-1.45891368999945,1,"con","ALL","10","q","10q",0,-1,"LUAD","neu_macro_mono"
"3766","10q26.3",-0.836311973959384,-1.29252270951099,0.199484761861963,"con","ALL","10","q","10q",-0.0810443791643104,-1,"LUAD","neu_macro_mono"
"3767","11p15.5",0.557407639980545,1.83268775092367,0.0701556264812608,"con","ALL","11","p","11p",0.09268133260563,-1,"LUAD","neu_macro_mono"
"3768","11p15.4",0.756733010890031,1.62416168852445,0.107838674912359,"con","ALL","11","p","11p",0.09268133260563,-1,"LUAD","neu_macro_mono"
"3769","11p15.3",0.804266943359272,1.47530168615787,0.143621377448389,"con","ALL","11","p","11p",0.0877817754010111,-1,"LUAD","neu_macro_mono"
"3770","11p15.2",0.795197444502008,1.34540033867116,0.181875991000304,"con","ALL","11","p","11p",0.0854829060156517,-1,"LUAD","neu_macro_mono"
"3771","11p15.1",0.812656609059184,1.23719219828282,0.219234081104912,"con","ALL","11","p","11p",0.0712969999035677,-1,"LUAD","neu_macro_mono"
"3772","11p14.3",0.80624509001059,1.07160358905203,0.28676332486285,"con","ALL","11","p","11p",0.0425155492073639,-1,"LUAD","neu_macro_mono"
"3773","11p13",0.179267780112693,0.185501975375111,1,"con","ALL","11","p","11p",0,-1,"LUAD","neu_macro_mono"
"3774","11p12",-0.193440776540321,-0.173759696508172,1,"con","ALL","11","p","11p",0,-1,"LUAD","neu_macro_mono"
"3775","11p11.2",-0.648488577219902,-0.496937012878137,1,"con","ALL","11","p","11p",0,1,"LUAD","neu_macro_mono"
"3776","11q12.1",-1.6896736973043,-1.14696403393838,1,"con","ALL","11","q","11q",0,1,"LUAD","neu_macro_mono"
"3777","11q12.2",-1.48489115792269,-1.16931781404891,1,"con","ALL","11","q","11q",0,1,"LUAD","neu_macro_mono"
"3778","11q12.3",-0.725850391794998,-0.656104990101063,1,"con","ALL","11","q","11q",0,1,"LUAD","neu_macro_mono"
"3779","11q13.1",-0.177529455425238,-0.198729457177356,1,"con","ALL","11","q","11q",0,1,"LUAD","neu_macro_mono"
"3780","11q13.2",0.619689837977666,1.0500440110929,0.296509315465801,"con","ALL","11","q","11q",0.0329207793978444,1,"LUAD","neu_macro_mono"
"3781","11q13.3",0.653538927258391,1.35573616854666,0.178575337129202,"con","ALL","11","q","11q",0.0854829060156517,1,"LUAD","neu_macro_mono"
"3782","11q13.4",0.722512317413849,1.41440165288148,0.16069427196168,"con","ALL","11","q","11q",0.085985346180152,1,"LUAD","neu_macro_mono"
"3783","11q13.5",0.73137049513513,1.36908504243037,0.174379798287162,"con","ALL","11","q","11q",0.0854829060156517,1,"LUAD","neu_macro_mono"
"3784","11q14.1",0.94343857640716,1.43783726673095,0.153948271041215,"con","ALL","11","q","11q",0.0877817754010111,-1,"LUAD","neu_macro_mono"
"3785","11q14.2",1.21227083965006,1.62532331371259,1,"con","ALL","11","q","11q",0,-1,"LUAD","neu_macro_mono"
"3786","11q14.3",1.3058639119156,1.66280249858096,1,"con","ALL","11","q","11q",0,-1,"LUAD","neu_macro_mono"
"3787","11q21",1.51428716860757,1.8198592026041,1,"con","ALL","11","q","11q",0,-1,"LUAD","neu_macro_mono"
"3788","11q22.2",1.56019580082976,1.86671393471113,1,"con","ALL","11","q","11q",0,-1,"LUAD","neu_macro_mono"
"3789","11q22.3",1.41708442326897,1.77403229515717,1,"con","ALL","11","q","11q",0,-1,"LUAD","neu_macro_mono"
"3790","11q23.1",1.14713707922256,1.60316152524823,0.112402934154069,"con","ALL","11","q","11q",0.09268133260563,-1,"LUAD","neu_macro_mono"
"3791","11q23.2",1.01471113973953,1.51359691065009,0.133632057679277,"con","ALL","11","q","11q",0.0877817754010111,-1,"LUAD","neu_macro_mono"
"3792","11q23.3",0.844855610800121,1.40130590438964,0.164561595193565,"con","ALL","11","q","11q",0.0854829060156517,-1,"LUAD","neu_macro_mono"
"3793","11q24.1",0.586044211135037,1.1809966050087,0.240715641974039,"con","ALL","11","q","11q",0.0620651874036252,-1,"LUAD","neu_macro_mono"
"3794","11q24.2",0.556426796075068,1.16192067776822,0.248339775410174,"con","ALL","11","q","11q",0.0566673256129709,1,"LUAD","neu_macro_mono"
"3795","11q24.3",0.506838450358623,1.11991163787054,0.26573119130745,"con","ALL","11","q","11q",0.0425155492073639,1,"LUAD","neu_macro_mono"
"3796","11q25",0.468490057718172,1.07216649033423,0.286511845794741,"con","ALL","11","q","11q",0.0425155492073639,1,"LUAD","neu_macro_mono"
"3797","12p13.33",-0.199500191276681,-0.703600977224106,0.483497642041424,"con","ALL","12","p","12p",0,1,"LUAD","neu_macro_mono"
"3798","12p13.32",-0.212040180145031,-0.729206707693276,0.467768697682715,"con","ALL","12","p","12p",0,1,"LUAD","neu_macro_mono"
"3799","12p13.31",-0.254864726107671,-0.7910477054366,0.430995864148625,"con","ALL","12","p","12p",0,-1,"LUAD","neu_macro_mono"
"3800","12p13.2",-0.394456750033559,-0.989023862372935,0.325303015628995,"con","ALL","12","p","12p",-0.0210483217020409,-1,"LUAD","neu_macro_mono"
"3801","12p13.1",-0.479523743874696,-1.10972365180711,0.270074455666774,"con","ALL","12","p","12p",-0.0425155492073639,-1,"LUAD","neu_macro_mono"
"3802","12p12.3",-0.546295686030553,-1.20152884438241,0.232698395098366,"con","ALL","12","p","12p",-0.0620651874036252,-1,"LUAD","neu_macro_mono"
"3803","12p12.1",-0.791032809174136,-1.47950542823796,0.142497158326559,"con","ALL","12","p","12p",-0.0877817754010111,1,"LUAD","neu_macro_mono"
"3804","12p11.23",-1.05531610478345,-1.74861007094208,1,"con","ALL","12","p","12p",0,1,"LUAD","neu_macro_mono"
"3805","12p11.22",-1.24606857248373,-1.88164840149393,1,"con","ALL","12","p","12p",0,1,"LUAD","neu_macro_mono"
"3806","12q12",-1.60906502243198,-2.13644644496454,1,"con","ALL","12","q","12q",0,1,"LUAD","neu_macro_mono"
"3807","12q13.11",-1.75734517541965,-2.2204078433191,1,"con","ALL","12","q","12q",0,1,"LUAD","neu_macro_mono"
"3808","12q13.12",-1.74716402021023,-2.13180195152149,0.0357476861631931,"con","ALL","12","q","12q",-0.09268133260563,1,"LUAD","neu_macro_mono"
"3809","12q13.13",-0.510981376415073,-0.737989363515638,0.462440858777362,"con","ALL","12","q","12q",0,1,"LUAD","neu_macro_mono"
"3810","12q13.2",-0.038769563722158,-0.0760518248382894,0.939546670858241,"con","ALL","12","q","12q",0,1,"LUAD","neu_macro_mono"
"3811","12q13.3",-0.109746726186375,-0.275988720865845,0.783189465012843,"con","ALL","12","q","12q",0,1,"LUAD","neu_macro_mono"
"3812","12q14.1",-0.169642972006697,-0.47062111990193,0.639049912733612,"con","ALL","12","q","12q",0,1,"LUAD","neu_macro_mono"
"3813","12q14.3",-0.207129862696281,-0.57797722714972,0.564722843510808,"con","ALL","12","q","12q",0,1,"LUAD","neu_macro_mono"
"3814","12q15",-0.21524251373268,-0.590587414965292,0.556277048845879,"con","ALL","12","q","12q",0,1,"LUAD","neu_macro_mono"
"3815","12q21.1",-0.225255830264051,-0.553654954740466,0.58118791793461,"con","ALL","12","q","12q",0,-1,"LUAD","neu_macro_mono"
"3816","12q21.2",-0.231543018228941,-0.517436164162198,0.606121181895884,"con","ALL","12","q","12q",0,-1,"LUAD","neu_macro_mono"
"3817","12q21.31",-0.215862856396464,-0.443929993760362,0.658158714747241,"con","ALL","12","q","12q",0,-1,"LUAD","neu_macro_mono"
"3818","12q21.33",-0.188908855831967,-0.365504523952078,0.715592457993915,"con","ALL","12","q","12q",0,-1,"LUAD","neu_macro_mono"
"3819","12q22",-0.101540275242481,-0.189088471670859,0.850449239944758,"con","ALL","12","q","12q",0,-1,"LUAD","neu_macro_mono"
"3820","12q23.1",-0.0572308370810073,-0.106211924325976,0.915650593350017,"con","ALL","12","q","12q",0,-1,"LUAD","neu_macro_mono"
"3821","12q23.2",-0.0415858358056127,-0.0779087148619163,0.938073616505695,"con","ALL","12","q","12q",0,-1,"LUAD","neu_macro_mono"
"3822","12q23.3",0.0223724654619468,0.0431687835554839,0.965662619967744,"con","ALL","12","q","12q",0,-1,"LUAD","neu_macro_mono"
"3823","12q24.11",0.125251895422355,0.26058206731994,0.795010106547944,"con","ALL","12","q","12q",0,-1,"LUAD","neu_macro_mono"
"3824","12q24.13",0.123133089129602,0.262076177174803,0.79386161580083,"con","ALL","12","q","12q",0,-1,"LUAD","neu_macro_mono"
"3825","12q24.23",0.0917566478108031,0.194612422167241,0.846135009388172,"con","ALL","12","q","12q",0,-1,"LUAD","neu_macro_mono"
"3826","12q24.31",0.134198394324975,0.273961857998957,0.784741722413905,"con","ALL","12","q","12q",0,-1,"LUAD","neu_macro_mono"
"3827","12q24.33",0.327330792001996,0.632884847085958,0.528413653413783,"con","ALL","12","q","12q",0,-1,"LUAD","neu_macro_mono"
"3828","13q12.11",0.453790634840462,1.42125699529196,0.158697849380603,"con","ALL","13","q","13q",0.085985346180152,-1,"LUAD","neu_macro_mono"
"3829","13q12.2",0.439775813969299,1.38891731738924,0.168285304650077,"con","ALL","13","q","13q",0.0854829060156517,-1,"LUAD","neu_macro_mono"
"3830","13q12.3",0.435172689847146,1.3524557351023,0.179617969609469,"con","ALL","13","q","13q",0.0854829060156517,-1,"LUAD","neu_macro_mono"
"3831","13q13.1",0.443684218328192,1.34726446377032,0.18127732220093,"con","ALL","13","q","13q",0.0854829060156517,-1,"LUAD","neu_macro_mono"
"3832","13q13.3",0.44201745526344,1.30829625913853,0.194104278628215,"con","ALL","13","q","13q",0.083957423350338,-1,"LUAD","neu_macro_mono"
"3833","13q14.11",0.439683905625067,1.27668809133485,0.204996716982654,"con","ALL","13","q","13q",0.0810443791643104,-1,"LUAD","neu_macro_mono"
"3834","13q14.12",0.446856848028213,1.28132217264542,0.20337208637545,"con","ALL","13","q","13q",0.0810443791643104,-1,"LUAD","neu_macro_mono"
"3835","13q14.13",0.452758695568027,1.29213361699253,0.199618870758031,"con","ALL","13","q","13q",0.0810443791643104,-1,"LUAD","neu_macro_mono"
"3836","13q14.2",0.474678337623221,1.31427590558153,0.192093132122218,"con","ALL","13","q","13q",0.0852275367001303,-1,"LUAD","neu_macro_mono"
"3837","13q14.3",0.573960923315559,1.47382721343069,0.1440173343797,"con","ALL","13","q","13q",0.0877817754010111,-1,"LUAD","neu_macro_mono"
"3838","13q21.33",0.589263743174416,1.48383416121929,0.141346702902871,"con","ALL","13","q","13q",0.0877817754010111,-1,"LUAD","neu_macro_mono"
"3839","13q22.2",0.620272843677847,1.5429324524298,0.126356156667104,"con","ALL","13","q","13q",0.09268133260563,-1,"LUAD","neu_macro_mono"
"3840","13q22.3",0.603519144370029,1.47978904569791,0.142421557712061,"con","ALL","13","q","13q",0.0877817754010111,-1,"LUAD","neu_macro_mono"
"3841","13q31.1",0.594573705338311,1.44645041392981,0.151524692792949,"con","ALL","13","q","13q",0.0877817754010111,-1,"LUAD","neu_macro_mono"
"3842","13q32.1",0.587883261661731,1.42885842655999,0.1565065276932,"con","ALL","13","q","13q",0.0877817754010111,-1,"LUAD","neu_macro_mono"
"3843","13q32.2",0.587504790297856,1.41171944074797,0.1614806207038,"con","ALL","13","q","13q",0.085985346180152,-1,"LUAD","neu_macro_mono"
"3844","13q32.3",0.568905263918859,1.37108955379807,0.17375629769915,"con","ALL","13","q","13q",0.0854829060156517,-1,"LUAD","neu_macro_mono"
"3845","13q33.3",0.551431760698471,1.31934958575748,0.190398941900468,"con","ALL","13","q","13q",0.0852275367001303,-1,"LUAD","neu_macro_mono"
"3846","13q34",0.528954931482903,1.27492133125049,0.205618632792896,"con","ALL","13","q","13q",0.0810443791643104,-1,"LUAD","neu_macro_mono"
"3847","14q11.2",0.610491676602541,1.24503179421192,0.216352118214819,"con","ALL","14","q","14q",0.0730750747029306,1,"LUAD","neu_macro_mono"
"3848","14q12",0.707256780632133,1.49813665222866,0.137597055741195,"con","ALL","14","q","14q",0.0877817754010111,1,"LUAD","neu_macro_mono"
"3849","14q13.1",0.726914765591735,1.58550416076899,0.116359380249183,"con","ALL","14","q","14q",0.09268133260563,1,"LUAD","neu_macro_mono"
"3850","14q13.2",0.703081962606335,1.57727079642331,0.118241859633272,"con","ALL","14","q","14q",0.09268133260563,1,"LUAD","neu_macro_mono"
"3851","14q13.3",0.674277690009548,1.54413250770777,0.126065326840877,"con","ALL","14","q","14q",0.09268133260563,1,"LUAD","neu_macro_mono"
"3852","14q21.1",0.689885203814009,1.58426126840121,0.11664201178791,"con","ALL","14","q","14q",0.09268133260563,1,"LUAD","neu_macro_mono"
"3853","14q21.2",0.693765594802908,1.62399401946332,0.10787451695397,"con","ALL","14","q","14q",0.09268133260563,1,"LUAD","neu_macro_mono"
"3854","14q21.3",0.696341399069611,1.66842258097174,0.098707446497944,"con","ALL","14","q","14q",0.09268133260563,1,"LUAD","neu_macro_mono"
"3855","14q22.1",0.696469741174799,1.70023764376414,0.0925396417611154,"con","ALL","14","q","14q",0.09268133260563,1,"LUAD","neu_macro_mono"
"3856","14q22.3",0.646499941626885,1.60791821171342,0.111355757350437,"con","ALL","14","q","14q",0.09268133260563,1,"LUAD","neu_macro_mono"
"3857","14q23.1",0.6063123028228,1.56733952516289,0.120544776551675,"con","ALL","14","q","14q",0.09268133260563,1,"LUAD","neu_macro_mono"
"3858","14q23.2",0.575521954300571,1.51161210227285,0.134136004042831,"con","ALL","14","q","14q",0.0877817754010111,1,"LUAD","neu_macro_mono"
"3859","14q23.3",0.553800460600339,1.45354661390148,0.149550242874836,"con","ALL","14","q","14q",0.0877817754010111,1,"LUAD","neu_macro_mono"
"3860","14q24.1",0.513936743160209,1.35427335661367,0.179039701202026,"con","ALL","14","q","14q",0.0854829060156517,1,"LUAD","neu_macro_mono"
"3861","14q24.2",0.476904447632693,1.25056622806301,0.214334331782472,"con","ALL","14","q","14q",0.0730750747029306,1,"LUAD","neu_macro_mono"
"3862","14q24.3",0.447624397958137,1.08472760191381,0.280939482829695,"con","ALL","14","q","14q",0.0425155492073639,1,"LUAD","neu_macro_mono"
"3863","14q32.11",0.438081121940046,0.975649223490683,0.331853469892017,"con","ALL","14","q","14q",0.0210483217020409,1,"LUAD","neu_macro_mono"
"3864","14q32.12",0.367531358944934,0.793687371550817,0.429465089235502,"con","ALL","14","q","14q",0,1,"LUAD","neu_macro_mono"
"3865","14q32.2",0.23634646626402,0.494978826581155,0.621821330920643,"con","ALL","14","q","14q",0,1,"LUAD","neu_macro_mono"
"3866","14q32.31",0.202770687623458,0.42257180184334,0.673615586238548,"con","ALL","14","q","14q",0,1,"LUAD","neu_macro_mono"
"3867","14q32.32",0.253175544882593,0.526709641258194,0.59969101380476,"con","ALL","14","q","14q",0,1,"LUAD","neu_macro_mono"
"3868","14q32.33",0.301407959262492,0.666168889626327,0.507007152197497,"con","ALL","14","q","14q",0,1,"LUAD","neu_macro_mono"
"3869","15q14",0.0502709979452553,0.143780533500566,0.885995226010967,"con","ALL","15","q","15q",0,-1,"LUAD","neu_macro_mono"
"3870","15q15.1",0.0948114298186385,0.28098691037714,0.779365399997652,"con","ALL","15","q","15q",0,-1,"LUAD","neu_macro_mono"
"3871","15q15.2",0.10363662440841,0.316823647191462,0.752111155768447,"con","ALL","15","q","15q",0,-1,"LUAD","neu_macro_mono"
"3872","15q15.3",0.100356240510629,0.308279232317504,0.758582254227963,"con","ALL","15","q","15q",0,-1,"LUAD","neu_macro_mono"
"3873","15q21.1",0.0840053745668409,0.255535018193934,0.798892993920736,"con","ALL","15","q","15q",0,-1,"LUAD","neu_macro_mono"
"3874","15q21.2",0.0210691642723259,0.0623163709151743,0.950449078388166,"con","ALL","15","q","15q",0,-1,"LUAD","neu_macro_mono"
"3875","15q21.3",-0.0538510168404894,-0.158147612018055,0.874694786907937,"con","ALL","15","q","15q",0,-1,"LUAD","neu_macro_mono"
"3876","15q22.1",-0.125986298956032,-0.366277720292339,0.715017479697759,"con","ALL","15","q","15q",0,-1,"LUAD","neu_macro_mono"
"3877","15q22.2",-0.214648162024394,-0.600775140181033,0.549499774218513,"con","ALL","15","q","15q",0,-1,"LUAD","neu_macro_mono"
"3878","15q22.31",-0.356053351259064,-0.919276744669031,0.360408107547889,"con","ALL","15","q","15q",-0.0112259644324823,-1,"LUAD","neu_macro_mono"
"3879","15q23",-0.430221235429386,-1.01256671062062,0.313981664544642,"con","ALL","15","q","15q",-0.0311171056203492,-1,"LUAD","neu_macro_mono"
"3880","15q24.1",-0.44130854826161,-0.97755910451304,0.330912804363199,"con","ALL","15","q","15q",-0.0210483217020409,-1,"LUAD","neu_macro_mono"
"3881","15q24.2",-0.402770666959339,-0.860578475924263,0.391757031371893,"con","ALL","15","q","15q",-0.0112259644324823,-1,"LUAD","neu_macro_mono"
"3882","15q24.3",-0.342411278623071,-0.710601007646519,0.479168928767577,"con","ALL","15","q","15q",0,-1,"LUAD","neu_macro_mono"
"3883","15q25.1",-0.346103996667165,-0.710394314426954,0.479296435823528,"con","ALL","15","q","15q",0,-1,"LUAD","neu_macro_mono"
"3884","15q25.3",-0.401516309568679,-0.853704316954083,0.395535354379497,"con","ALL","15","q","15q",-0.00943026124344338,-1,"LUAD","neu_macro_mono"
"3885","15q26.1",-0.403558601330502,-0.877801976516706,0.382388521432814,"con","ALL","15","q","15q",-0.0112259644324823,-1,"LUAD","neu_macro_mono"
"3886","15q26.3",-0.3895706062372,-0.899528162428252,0.370771902653828,"con","ALL","15","q","15q",-0.0112259644324823,-1,"LUAD","neu_macro_mono"
"3887","16p13.3",0.0552457527988532,0.160359037722784,0.872957632726263,"con","ALL","16","p","16p",0,1,"LUAD","neu_macro_mono"
"3888","16p13.2",0.142415181520742,0.35120633846244,0.726254389946436,"con","ALL","16","p","16p",0,1,"LUAD","neu_macro_mono"
"3889","16p13.13",0.173238995091387,0.415645888284425,0.678658498914836,"con","ALL","16","p","16p",0,1,"LUAD","neu_macro_mono"
"3890","16p12.3",0.228425406882397,0.502230711207282,0.616731831752104,"con","ALL","16","p","16p",0,1,"LUAD","neu_macro_mono"
"3891","16p12.2",0.186487750317964,0.366592080163652,0.714783756689081,"con","ALL","16","p","16p",0,1,"LUAD","neu_macro_mono"
"3892","16p12.1",0.157420968148729,0.287756037786892,0.774195068150425,"con","ALL","16","p","16p",0,1,"LUAD","neu_macro_mono"
"3893","16p11.2",0.0788624533464722,0.114798544313241,0.908860532449824,"con","ALL","16","p","16p",0,1,"LUAD","neu_macro_mono"
"3894","16q11.2",0.0843874699425787,0.103502536306532,1,"con","ALL","16","q","16q",0,1,"LUAD","neu_macro_mono"
"3895","16q12.1",0.320004937639416,0.376106578904072,1,"con","ALL","16","q","16q",0,1,"LUAD","neu_macro_mono"
"3896","16q12.2",0.493077440436191,0.575585488980481,1,"con","ALL","16","q","16q",0,1,"LUAD","neu_macro_mono"
"3897","16q13",0.634840713280858,0.753443588125068,1,"con","ALL","16","q","16q",0,-1,"LUAD","neu_macro_mono"
"3898","16q21",0.865814536899639,1.08355810176628,1,"con","ALL","16","q","16q",0,-1,"LUAD","neu_macro_mono"
"3899","16q22.1",0.91523454954376,1.34527727275152,1,"con","ALL","16","q","16q",0,-1,"LUAD","neu_macro_mono"
"3900","16q22.2",0.66625196092598,1.27782361542572,0.204597736750933,"con","ALL","16","q","16q",0.0810443791643104,-1,"LUAD","neu_macro_mono"
"3901","16q23.1",0.722777882628299,1.49519754860169,0.138361159676697,"con","ALL","16","q","16q",0.0877817754010111,-1,"LUAD","neu_macro_mono"
"3902","16q23.3",0.64114239098563,1.54599063694686,0.125616060893604,"con","ALL","16","q","16q",0.09268133260563,-1,"LUAD","neu_macro_mono"
"3903","16q24.1",0.583601578917687,1.54409518148214,0.12607436474606,"con","ALL","16","q","16q",0.09268133260563,-1,"LUAD","neu_macro_mono"
"3904","16q24.2",0.550712074229575,1.57523925279863,0.11871006859571,"con","ALL","16","q","16q",0.09268133260563,-1,"LUAD","neu_macro_mono"
"3905","16q24.3",0.530695232704733,1.68884625999918,0.0947108557331163,"con","ALL","16","q","16q",0.09268133260563,-1,"LUAD","neu_macro_mono"
"3906","17p13.3",0.0282692853354694,0.0621815835516254,0.950556114944596,"con","ALL","17","p","17p",0,-1,"LUAD","neu_macro_mono"
"3907","17p13.2",0.0269425192955336,0.063301805917678,0.949666558222482,"con","ALL","17","p","17p",0,-1,"LUAD","neu_macro_mono"
"3908","17p13.1",-0.0164853439547715,-0.0332764953856629,0.973527786385558,"con","ALL","17","p","17p",0,-1,"LUAD","neu_macro_mono"
"3909","17p12",-0.127905218086708,-0.209234688507367,0.834737904678127,"con","ALL","17","p","17p",0,-1,"LUAD","neu_macro_mono"
"3910","17p11.2",-0.114475148818441,-0.14993066114748,0.881154811233237,"con","ALL","17","p","17p",0,-1,"LUAD","neu_macro_mono"
"3911","17q11.1",0.00478135573737061,0.00539982424790899,1,"con","ALL","17","q","17q",0,1,"LUAD","neu_macro_mono"
"3912","17q11.2",0.228517355337099,0.246413988440106,1,"con","ALL","17","q","17q",0,1,"LUAD","neu_macro_mono"
"3913","17q12",0.0904277592315401,0.189794524400996,0.84989755285045,"con","ALL","17","q","17q",0,1,"LUAD","neu_macro_mono"
"3914","17q21.1",0.0576223557884002,0.125604403086743,0.900325231059158,"con","ALL","17","q","17q",0,1,"LUAD","neu_macro_mono"
"3915","17q21.2",0.0453824188046218,0.101905453709959,0.919058420563698,"con","ALL","17","q","17q",0,1,"LUAD","neu_macro_mono"
"3916","17q21.31",0.0655815011767804,0.135297621625304,0.892678707572405,"con","ALL","17","q","17q",0,1,"LUAD","neu_macro_mono"
"3917","17q21.32",0.0381590837086342,0.0701367899436233,0.944240392838296,"con","ALL","17","q","17q",0,1,"LUAD","neu_macro_mono"
"3918","17q21.33",0.0928216288133989,0.177096079094919,0.859830866021034,"con","ALL","17","q","17q",0,1,"LUAD","neu_macro_mono"
"3919","17q22",0.0878674603219062,0.171205510142713,0.864446512508096,"con","ALL","17","q","17q",0,1,"LUAD","neu_macro_mono"
"3920","17q23.1",0.0873928585990322,0.175067703416579,0.861419690001033,"con","ALL","17","q","17q",0,1,"LUAD","neu_macro_mono"
"3921","17q23.3",0.0901282173395036,0.182242338252583,0.855802410742398,"con","ALL","17","q","17q",0,1,"LUAD","neu_macro_mono"
"3922","17q24.2",0.162233730092432,0.329588473491085,0.742476780561981,"con","ALL","17","q","17q",0,1,"LUAD","neu_macro_mono"
"3923","17q25.1",0.211614184646034,0.429121545806577,0.668860249591664,"con","ALL","17","q","17q",0,1,"LUAD","neu_macro_mono"
"3924","17q25.3",0.215996804294038,0.531267898415157,0.596541900375511,"con","ALL","17","q","17q",0,1,"LUAD","neu_macro_mono"
"3925","18p11.32",0.630302885938906,1.62318597179711,0.108047385020727,"con","ALL","18","p","18p",0.09268133260563,-1,"LUAD","neu_macro_mono"
"3926","18p11.31",0.649477676717262,1.62839879919258,0.106936100079358,"con","ALL","18","p","18p",0.09268133260563,-1,"LUAD","neu_macro_mono"
"3927","18p11.22",0.723122642393453,1.65110453966071,0.102202605500202,"con","ALL","18","p","18p",0.09268133260563,-1,"LUAD","neu_macro_mono"
"3928","18p11.21",0.873528542586261,1.69593491589072,0.0933549240407293,"con","ALL","18","p","18p",0.09268133260563,-1,"LUAD","neu_macro_mono"
"3929","18q11.1",0.929192951216731,1.65883215679415,0.10063082192748,"con","ALL","18","q","18q",0.09268133260563,-1,"LUAD","neu_macro_mono"
"3930","18q11.2",0.979683614371896,1.6461456408275,0.103221658844257,"con","ALL","18","q","18q",0.09268133260563,-1,"LUAD","neu_macro_mono"
"3931","18q12.2",1.18530791507769,1.75966448442182,1,"con","ALL","18","q","18q",0,-1,"LUAD","neu_macro_mono"
"3932","18q21.1",1.17963653377301,1.74152772938114,1,"con","ALL","18","q","18q",0,-1,"LUAD","neu_macro_mono"
"3933","18q21.31",1.04730843992024,1.57369955131826,1,"con","ALL","18","q","18q",0,-1,"LUAD","neu_macro_mono"
"3934","18q21.32",0.962523069353314,1.45582905779744,0.148919434661165,"con","ALL","18","q","18q",0.0877817754010111,-1,"LUAD","neu_macro_mono"
"3935","18q21.33",0.888419560013426,1.34672720123283,0.181449712773792,"con","ALL","18","q","18q",0.0854829060156517,-1,"LUAD","neu_macro_mono"
"3936","18q22.3",0.793634505219002,1.19945470254203,0.233499433585165,"con","ALL","18","q","18q",0.0620651874036252,-1,"LUAD","neu_macro_mono"
"3937","18q23",0.794348764501052,1.20937778928732,0.229685061254648,"con","ALL","18","q","18q",0.0620651874036252,-1,"LUAD","neu_macro_mono"
"3938","19p13.3",0.138200169647074,0.400533918729996,0.689712517083329,"con","ALL","19","p","19p",0,1,"LUAD","neu_macro_mono"
"3939","19p13.2",0.143813715470112,0.299202931938004,0.76547504790781,"con","ALL","19","p","19p",0,-1,"LUAD","neu_macro_mono"
"3940","19p13.13",0.200450787906347,0.385874770278639,0.700500051310484,"con","ALL","19","p","19p",0,-1,"LUAD","neu_macro_mono"
"3941","19p13.12",0.529056040755569,0.903445119629089,0.368701515022933,"con","ALL","19","p","19p",0.0112259644324823,-1,"LUAD","neu_macro_mono"
"3942","19p13.11",0.793275582263831,1.1404193969193,0.257137351158959,"con","ALL","19","p","19p",0.0478741239907359,-1,"LUAD","neu_macro_mono"
"3943","19q12",0.520626893266768,1.11287277015466,0.268726693464089,"con","ALL","19","q","19q",0.0425155492073639,1,"LUAD","neu_macro_mono"
"3944","19q13.11",0.420852465745383,1.0176695103688,0.311562982077546,"con","ALL","19","q","19q",0.0311171056203492,1,"LUAD","neu_macro_mono"
"3945","19q13.12",0.268409927246817,0.753666513122004,0.453016702218271,"con","ALL","19","q","19q",0,1,"LUAD","neu_macro_mono"
"3946","19q13.2",-0.18057990351006,-0.476454642855253,0.634905226503423,"con","ALL","19","q","19q",0,1,"LUAD","neu_macro_mono"
"3947","19q13.31",-0.457257136540274,-1.06925057440137,0.287816186721054,"con","ALL","19","q","19q",-0.0425155492073639,1,"LUAD","neu_macro_mono"
"3948","19q13.32",-0.477536390126782,-1.14246930719217,0.256289234136092,"con","ALL","19","q","19q",-0.0478741239907359,-1,"LUAD","neu_macro_mono"
"3949","19q13.33",-0.225984430663231,-0.658687158286358,0.511778313101853,"con","ALL","19","q","19q",0,-1,"LUAD","neu_macro_mono"
"3950","19q13.41",-0.0970020245460738,-0.313870701068339,0.754345588364389,"con","ALL","19","q","19q",0,-1,"LUAD","neu_macro_mono"
"3951","19q13.42",0.0728412235421062,0.271113430112405,0.78692463992335,"con","ALL","19","q","19q",0,1,"LUAD","neu_macro_mono"
"3952","19q13.43",0.117844040851542,0.467954531860409,0.640948343112462,"con","ALL","19","q","19q",0,1,"LUAD","neu_macro_mono"
"3953","20p13",-0.436103496967528,-1.16812791179619,0.245840281314949,"con","ALL","20","p","20p",-0.0583546720492227,-1,"LUAD","neu_macro_mono"
"3954","20p12.3",-0.331962531499331,-0.785303705374735,0.434337978033424,"con","ALL","20","p","20p",0,-1,"LUAD","neu_macro_mono"
"3955","20p12.1",-0.190682512101434,-0.409631388631549,0.68304970046079,"con","ALL","20","p","20p",0,-1,"LUAD","neu_macro_mono"
"3956","20p11.23",-0.110096801253756,-0.219776399240132,0.826543018583535,"con","ALL","20","p","20p",0,-1,"LUAD","neu_macro_mono"
"3957","20p11.22",-0.00259180428749226,-0.00486430212317119,0.99612962966518,"con","ALL","20","p","20p",0,-1,"LUAD","neu_macro_mono"
"3958","20p11.21",0.032568584200748,0.0585569245587358,0.953434841866001,"con","ALL","20","p","20p",0,-1,"LUAD","neu_macro_mono"
"3959","20q11.21",0.0342562344606958,0.0538573774094405,0.957168165930692,"con","ALL","20","q","20q",0,1,"LUAD","neu_macro_mono"
"3960","20q11.22",0.0199857426973731,0.028596446147375,0.977249762678265,"con","ALL","20","q","20q",0,1,"LUAD","neu_macro_mono"
"3961","20q12",0.115417156167847,0.167730811248201,1,"con","ALL","20","q","20q",0,1,"LUAD","neu_macro_mono"
"3962","20q13.11",0.107230448178679,0.157215737359723,1,"con","ALL","20","q","20q",0,1,"LUAD","neu_macro_mono"
"3963","20q13.12",-0.049930038182495,-0.0771410576168914,0.938682566344611,"con","ALL","20","q","20q",0,1,"LUAD","neu_macro_mono"
"3964","20q13.13",-0.418331732889392,-0.860133908234474,0.392000708737944,"con","ALL","20","q","20q",-0.0112259644324823,1,"LUAD","neu_macro_mono"
"3965","20q13.2",-0.435044256736012,-1.01231176442901,0.314102835330818,"con","ALL","20","q","20q",-0.0311171056203492,1,"LUAD","neu_macro_mono"
"3966","20q13.32",-0.339766052318986,-0.936217248117188,0.351666750285358,"con","ALL","20","q","20q",-0.0112259644324823,1,"LUAD","neu_macro_mono"
"3967","20q13.33",-0.322575182797575,-1.02114061963358,0.309924863292676,"con","ALL","20","q","20q",-0.0311171056203492,1,"LUAD","neu_macro_mono"
"3968","21q21.3",0.73059047302193,2.26976303212082,0.025610235135522,"con","ALL","21","q","21q",0.09268133260563,1,"LUAD","neu_macro_mono"
"3969","21q22.11",0.726696818293691,2.3103613503979,0.0231543870063889,"con","ALL","21","q","21q",0.09268133260563,1,"LUAD","neu_macro_mono"
"3970","21q22.12",0.758213454604727,2.43556189589107,0.016839713255816,"con","ALL","21","q","21q",0.09268133260563,1,"LUAD","neu_macro_mono"
"3971","21q22.13",0.776401513593658,2.53890144797521,0.0128376082668177,"con","ALL","21","q","21q",0.09268133260563,1,"LUAD","neu_macro_mono"
"3972","21q22.2",0.813200777555071,2.71783861229102,0.00788205360457108,"con","ALL","21","q","21q",0.09268133260563,1,"LUAD","neu_macro_mono"
"3973","21q22.3",0.831150967291917,2.9030268072995,0.00464757474988916,"con","ALL","21","q","21q",0.09268133260563,1,"LUAD","neu_macro_mono"
"3974","22q11.21",1.10975779534853,1.90679630592088,0.0597370941327325,"con","ALL","22","q","22q",0.09268133260563,1,"LUAD","neu_macro_mono"
"3975","22q11.22",0.930864208886112,1.43431557487053,0.154947795255869,"con","ALL","22","q","22q",0.0877817754010111,1,"LUAD","neu_macro_mono"
"3976","22q11.23",0.840151349878122,1.2287190571527,1,"con","ALL","22","q","22q",0,1,"LUAD","neu_macro_mono"
"3977","22q12.1",0.64942930692639,0.891539910594092,0.375016946382475,"con","ALL","22","q","22q",0.0112259644324823,1,"LUAD","neu_macro_mono"
"3978","22q12.2",0.478563938583678,0.631205844930368,0.52950576975887,"con","ALL","22","q","22q",0,-1,"LUAD","neu_macro_mono"
"3979","22q12.3",0.489405979900587,0.676462624291421,0.500481790484391,"con","ALL","22","q","22q",0,-1,"LUAD","neu_macro_mono"
"3980","22q13.1",0.53294213307207,0.81676639509539,0.41621869468231,"con","ALL","22","q","22q",0.00406283237963429,-1,"LUAD","neu_macro_mono"
"3981","22q13.2",0.675155722726232,1.02315037783742,0.308979047444977,"con","ALL","22","q","22q",0.0311171056203492,-1,"LUAD","neu_macro_mono"
"3982","22q13.31",0.706700993399951,1.07067572108287,0.287178185367446,"con","ALL","22","q","22q",0.0425155492073639,-1,"LUAD","neu_macro_mono"
"3983","22q13.33",0.680114989070856,1.03275899705975,0.304483948760029,"con","ALL","22","q","22q",0.0311171056203492,-1,"LUAD","neu_macro_mono"
"3984","1p36.33",0.301631092546594,1.53004280907499,0.1295135187755,"con","ALL","1","p","1p",0.33396975496623,1,"LUAD","NK"
"3985","1p36.32",0.259768468271065,1.26171600786281,0.210311224438298,"con","ALL","1","p","1p",0.22490377483057,1,"LUAD","NK"
"3986","1p36.31",0.221956835137404,1.04920050668692,0.296895148014389,"con","ALL","1","p","1p",0.180524598686161,1,"LUAD","NK"
"3987","1p36.23",0.29112584243821,1.32844777850134,0.187388954333197,"con","ALL","1","p","1p",0.23931547424765,1,"LUAD","NK"
"3988","1p36.22",0.299850158166375,1.21534638598736,0.227412586666499,"con","ALL","1","p","1p",0.206136570535542,1,"LUAD","NK"
"3989","1p36.21",0.249703200920111,0.95069630721782,0.344304660273632,"con","ALL","1","p","1p",0.154568421290167,1,"LUAD","NK"
"3990","1p36.13",0.127948433533775,0.465876204702756,0.642429630006392,"con","ALL","1","p","1p",0.00527096225736,1,"LUAD","NK"
"3991","1p36.12",0.0559040334303825,0.199536481938246,0.842293241721289,"con","ALL","1","p","1p",0,1,"LUAD","NK"
"3992","1p36.11",0.0184721219124226,0.0627686586601256,0.950089916931187,"con","ALL","1","p","1p",0,1,"LUAD","NK"
"3993","1p35.3",0.219565945205014,0.666586156031511,0.506741759309938,"con","ALL","1","p","1p",0.0703007369300313,1,"LUAD","NK"
"3994","1p35.2",0.42242192622813,1.28308501542507,0.202756572408237,"con","ALL","1","p","1p",0.230296424866673,1,"LUAD","NK"
"3995","1p35.1",0.59337322366124,1.85775444742708,0.0664736208364262,"con","ALL","1","p","1p",0.552572166541508,1,"LUAD","NK"
"3996","1p34.3",0.722550896497915,2.52123451788275,0.0134544823648655,"con","ALL","1","p","1p",0.953088095290817,1,"LUAD","NK"
"3997","1p34.2",0.670886357603535,2.65967307451162,0.00925919892690473,"con","ALL","1","p","1p",1.01955020637878,1,"LUAD","NK"
"3998","1p34.1",0.623958747875461,2.71070349465952,0.00804031812537809,"con","ALL","1","p","1p",1.04337429398669,1,"LUAD","NK"
"3999","1p33",0.601484267886526,2.56377133096084,0.0120123370796409,"con","ALL","1","p","1p",0.971440197100996,1,"LUAD","NK"
"4000","1p32.3",0.578388111584992,2.30335646379923,0.0235626760696482,"con","ALL","1","p","1p",0.786476973206269,1,"LUAD","NK"
"4001","1p32.1",0.492455472863992,1.89847776574499,0.0608374656792745,"con","ALL","1","p","1p",0.574659971662149,1,"LUAD","NK"
"4002","1p31.3",0.367565425116983,1.30337805084847,0.195770173299153,"con","ALL","1","p","1p",0.231258061354332,1,"LUAD","NK"
"4003","1p31.1",0.243601866271508,0.78253954545861,0.435951699242415,"con","ALL","1","p","1p",0.106508621036882,1,"LUAD","NK"
"4004","1p22.3",0.0464386141464665,0.143249258848547,1,"con","ALL","1","p","1p",0,-1,"LUAD","NK"
"4005","1p22.2",0.0513765004171956,0.15986337048096,0.873346943279089,"con","ALL","1","p","1p",0,-1,"LUAD","NK"
"4006","1p22.1",0.0250276892143628,0.0761951404449368,0.939432972305441,"con","ALL","1","p","1p",0,-1,"LUAD","NK"
"4007","1p21.3",0.0281487529874077,0.0808783385992182,0.935718290282114,"con","ALL","1","p","1p",0,-1,"LUAD","NK"
"4008","1p21.2",-0.00144023722132096,-0.00388970348663392,0.996905082322345,"con","ALL","1","p","1p",0,-1,"LUAD","NK"
"4009","1p13.3",0.307397084513164,0.608267378338446,1,"con","ALL","1","p","1p",0,-1,"LUAD","NK"
"4010","1p13.2",0.222013267621227,0.376883790888027,1,"con","ALL","1","p","1p",0,1,"LUAD","NK"
"4011","1p13.1",0.130991342173037,0.270563941780254,0.787345941639545,"con","ALL","1","p","1p",0,1,"LUAD","NK"
"4012","1p12",0.194535971337963,0.456173311975685,0.64936424728147,"con","ALL","1","p","1p",0.00527096225736,1,"LUAD","NK"
"4013","1q21.1",0.313251950673492,0.832451920820614,0.407357421017569,"con","ALL","1","q","1q",0.126273794978072,1,"LUAD","NK"
"4014","1q21.2",0.348243654029603,1.16913396751451,0.245436863245134,"con","ALL","1","q","1q",0.197139182302981,1,"LUAD","NK"
"4015","1q21.3",0.0174977126053011,0.0924821838704446,0.926520497743403,"con","ALL","1","q","1q",0,1,"LUAD","NK"
"4016","1q22",-0.167098948749083,-1.09073574385314,0.278300770157397,"con","ALL","1","q","1q",-0.185229387515331,1,"LUAD","NK"
"4017","1q23.1",-0.208858969330533,-1.33150951742993,0.18638410261824,"con","ALL","1","q","1q",-0.23931547424765,1,"LUAD","NK"
"4018","1q23.2",-0.215296740107008,-1.35578288119767,0.178560523401106,"con","ALL","1","q","1q",-0.250780858199833,1,"LUAD","NK"
"4019","1q23.3",-0.206873692265427,-1.23537947861439,0.219904437696041,"con","ALL","1","q","1q",-0.212283907470598,1,"LUAD","NK"
"4020","1q24.1",-0.188409090835219,-1.074086165991,0.285655359822265,"con","ALL","1","q","1q",-0.185229387515331,1,"LUAD","NK"
"4021","1q24.2",-0.207878920302168,-1.16325705930351,0.247800127646066,"con","ALL","1","q","1q",-0.197139182302981,1,"LUAD","NK"
"4022","1q24.3",-0.21559307462053,-1.1906825525083,0.236909236078497,"con","ALL","1","q","1q",-0.203200855681783,1,"LUAD","NK"
"4023","1q25.1",-0.176118893373778,-0.951593676188503,0.343851694269526,"con","ALL","1","q","1q",-0.154568421290167,1,"LUAD","NK"
"4024","1q25.2",-0.198026046590192,-1.0709385430542,0.287060632835575,"con","ALL","1","q","1q",-0.185229387515331,1,"LUAD","NK"
"4025","1q25.3",-0.229749715355092,-1.2408785287872,0.217875453911822,"con","ALL","1","q","1q",-0.214175466609757,1,"LUAD","NK"
"4026","1q31.1",-0.237924728186767,-1.28077737670019,0.203562586770551,"con","ALL","1","q","1q",-0.230296424866673,1,"LUAD","NK"
"4027","1q31.2",-0.259839810026291,-1.40730171280834,0.162782208984349,"con","ALL","1","q","1q",-0.270349434673095,1,"LUAD","NK"
"4028","1q32.1",-0.353557511319865,-1.96626091303146,0.0523500257844971,"con","ALL","1","q","1q",-0.608907099601583,1,"LUAD","NK"
"4029","1q32.2",-0.372081019684896,-2.04333895501484,0.0439428491934273,"con","ALL","1","q","1q",-0.662697361408933,1,"LUAD","NK"
"4030","1q32.3",-0.349250824513226,-1.84389531200594,0.0684888476519341,"con","ALL","1","q","1q",-0.542806782855575,1,"LUAD","NK"
"4031","1q41",-0.293007358931444,-1.50284403641285,0.136380133490136,"con","ALL","1","q","1q",-0.31965163694728,1,"LUAD","NK"
"4032","1q42.11",-0.2511788511442,-1.26719076961988,0.208356258784616,"con","ALL","1","q","1q",-0.224934259313987,1,"LUAD","NK"
"4033","1q42.12",-0.192640024000473,-0.953309585315207,0.342986630408105,"con","ALL","1","q","1q",-0.154568421290167,1,"LUAD","NK"
"4034","1q42.13",-0.117704677729601,-0.565891538299243,0.572875769921542,"con","ALL","1","q","1q",-0.040710306321594,1,"LUAD","NK"
"4035","1q42.2",-0.0640776742926053,-0.304026522038252,0.761809489691543,"con","ALL","1","q","1q",0,1,"LUAD","NK"
"4036","1q42.3",-0.0628283434636187,-0.299061525952628,0.765582586666026,"con","ALL","1","q","1q",0,1,"LUAD","NK"
"4037","1q43",-0.0324337395663001,-0.153932411613525,0.878007672156063,"con","ALL","1","q","1q",0,1,"LUAD","NK"
"4038","1q44",-0.017083381201177,-0.0818764125120413,0.934926805689025,"con","ALL","1","q","1q",0,1,"LUAD","NK"
"4039","2p25.3",0.683843832537945,1.95322359702711,0.0538995070070868,"con","ALL","2","p","2p",0.603208052122541,1,"LUAD","NK"
"4040","2p25.1",0.827437629285502,2.11838225026914,0.0368985539331054,"con","ALL","2","p","2p",0.684008666845283,1,"LUAD","NK"
"4041","2p24.1",1.03870702269588,2.42727490565187,0.0172044616150665,"con","ALL","2","p","2p",0.866579143388123,1,"LUAD","NK"
"4042","2p23.3",1.19233668381709,2.47535562293729,1,"con","ALL","2","p","2p",0,1,"LUAD","NK"
"4043","2p23.2",1.09765032869995,2.10027583851677,1,"con","ALL","2","p","2p",0,1,"LUAD","NK"
"4044","2p22.3",0.993865048559486,1.91130238128932,1,"con","ALL","2","p","2p",0,1,"LUAD","NK"
"4045","2p22.2",0.961860238934693,1.95649318525368,1,"con","ALL","2","p","2p",0,1,"LUAD","NK"
"4046","2p22.1",0.961039796929971,2.1076978414763,1,"con","ALL","2","p","2p",0,1,"LUAD","NK"
"4047","2p21",0.628115170286344,1.42170010991882,1,"con","ALL","2","p","2p",0,-1,"LUAD","NK"
"4048","2p16.2",0.728273911720029,1.78286171542822,1,"con","ALL","2","p","2p",0,-1,"LUAD","NK"
"4049","2p16.1",0.787892011942897,1.98557409141884,1,"con","ALL","2","p","2p",0,-1,"LUAD","NK"
"4050","2p15",0.866774440850321,2.28578565884075,1,"con","ALL","2","p","2p",0,1,"LUAD","NK"
"4051","2p14",0.865838068049636,2.27931534124142,1,"con","ALL","2","p","2p",0,1,"LUAD","NK"
"4052","2p13.3",0.862405807286472,2.24414304226803,1,"con","ALL","2","p","2p",0,1,"LUAD","NK"
"4053","2p13.2",1.00243312676888,2.56544361165394,1,"con","ALL","2","p","2p",0,1,"LUAD","NK"
"4054","2p13.1",1.07247956891769,2.62238506030631,1,"con","ALL","2","p","2p",0,1,"LUAD","NK"
"4055","2p12",1.18544285488465,2.77907573552288,1,"con","ALL","2","p","2p",0,1,"LUAD","NK"
"4056","2p11.2",1.27544319899376,2.94956622715991,1,"con","ALL","2","p","2p",0,1,"LUAD","NK"
"4057","2q11.1",1.37443769954093,3.13290899240139,1,"con","ALL","2","q","2q",0,1,"LUAD","NK"
"4058","2q11.2",1.39471582878987,2.99051075958129,1,"con","ALL","2","q","2q",0,1,"LUAD","NK"
"4059","2q12.2",1.41997224712885,2.88648866587694,1,"con","ALL","2","q","2q",0,1,"LUAD","NK"
"4060","2q12.3",1.4110064781333,2.84511915285651,1,"con","ALL","2","q","2q",0,1,"LUAD","NK"
"4061","2q13",1.41146686577363,2.82401225065835,1,"con","ALL","2","q","2q",0,1,"LUAD","NK"
"4062","2q14.1",1.42659091838716,2.84548551107289,1,"con","ALL","2","q","2q",0,1,"LUAD","NK"
"4063","2q14.2",1.27925717082193,2.49078943099113,1,"con","ALL","2","q","2q",0,1,"LUAD","NK"
"4064","2q14.3",1.24305107431704,2.48092516742501,1,"con","ALL","2","q","2q",0,1,"LUAD","NK"
"4065","2q21.1",1.14356179967765,2.25144621797841,1,"con","ALL","2","q","2q",0,1,"LUAD","NK"
"4066","2q21.3",1.03304381707118,2.08296190567438,1,"con","ALL","2","q","2q",0,1,"LUAD","NK"
"4067","2q23.2",1.00399601619817,2.04305088775173,1,"con","ALL","2","q","2q",0,1,"LUAD","NK"
"4068","2q23.3",1.23826770368504,2.55901044606942,1,"con","ALL","2","q","2q",0,1,"LUAD","NK"
"4069","2q24.2",1.26415902813309,2.61637503517238,1,"con","ALL","2","q","2q",0,1,"LUAD","NK"
"4070","2q31.1",1.30045702691289,2.69466789185996,1,"con","ALL","2","q","2q",0,1,"LUAD","NK"
"4071","2q31.2",1.2535859944141,2.34707290153609,1,"con","ALL","2","q","2q",0,1,"LUAD","NK"
"4072","2q31.3",1.30573585564427,2.38863958167676,1,"con","ALL","2","q","2q",0,1,"LUAD","NK"
"4073","2q32.1",1.26239729959474,2.26092711227552,1,"con","ALL","2","q","2q",0,1,"LUAD","NK"
"4074","2q32.3",1.39541593407899,2.48184302498515,1,"con","ALL","2","q","2q",0,1,"LUAD","NK"
"4075","2q33.1",0.955959894395132,1.5415394053573,1,"con","ALL","2","q","2q",0,1,"LUAD","NK"
"4076","2q33.2",0.489261023860847,0.748491454037646,1,"con","ALL","2","q","2q",0,1,"LUAD","NK"
"4077","2q34",0.723493162281808,1.22087136699325,1,"con","ALL","2","q","2q",0,1,"LUAD","NK"
"4078","2q35",0.568103295150633,1.04883857143143,1,"con","ALL","2","q","2q",0,1,"LUAD","NK"
"4079","2q36.1",0.511583436402191,1.04324829261186,0.299627488687076,"con","ALL","2","q","2q",0.178239202656881,1,"LUAD","NK"
"4080","2q36.3",0.522072470327161,1.09655872056208,0.275759793278761,"con","ALL","2","q","2q",0.185229387515331,1,"LUAD","NK"
"4081","2q37.1",0.350164291629102,0.797721739586413,0.427131726017076,"con","ALL","2","q","2q",0.114012985554114,1,"LUAD","NK"
"4082","2q37.3",0.249927922841489,0.613146665606372,0.541325784381026,"con","ALL","2","q","2q",0.0530082636921067,1,"LUAD","NK"
"4083","3p26.2",-0.035675925265898,-0.128977810471969,0.897663004060557,"con","ALL","3","p","3p",0,-1,"LUAD","NK"
"4084","3p26.1",-0.0681570888843903,-0.247420372027238,0.805146475155758,"con","ALL","3","p","3p",0,-1,"LUAD","NK"
"4085","3p25.3",-0.154897327140194,-0.573703985823091,0.567599051440988,"con","ALL","3","p","3p",-0.0435142887144353,-1,"LUAD","NK"
"4086","3p25.2",-0.252102382869498,-0.948224957583591,0.345554126839956,"con","ALL","3","p","3p",-0.154568421290167,-1,"LUAD","NK"
"4087","3p25.1",-0.237634977397397,-0.902467758138913,0.369217433420319,"con","ALL","3","p","3p",-0.135487431323356,-1,"LUAD","NK"
"4088","3p24.3",-0.272520071087479,-1.07371637195021,0.285820210829212,"con","ALL","3","p","3p",-0.185229387515331,-1,"LUAD","NK"
"4089","3p24.2",-0.274598119078939,-1.08891534341437,0.279098453739697,"con","ALL","3","p","3p",-0.185229387515331,-1,"LUAD","NK"
"4090","3p24.1",-0.266084887775412,-1.06796249484848,0.288393662426963,"con","ALL","3","p","3p",-0.185229387515331,-1,"LUAD","NK"
"4091","3p23",-0.274355202086926,-1.10604858505003,0.271653264775353,"con","ALL","3","p","3p",-0.185229387515331,-1,"LUAD","NK"
"4092","3p22.3",-0.296389986002065,-1.19389822242932,0.235655149090537,"con","ALL","3","p","3p",-0.203200855681783,-1,"LUAD","NK"
"4093","3p22.2",-0.341883542579349,-1.36820533695618,0.174653965205293,"con","ALL","3","p","3p",-0.254861143293302,-1,"LUAD","NK"
"4094","3p22.1",-0.382028896581395,-1.48965818066265,0.139810308578785,"con","ALL","3","p","3p",-0.317770664015522,-1,"LUAD","NK"
"4095","3p21.33",-0.343219683336551,-1.2868290223712,0.20145389448357,"con","ALL","3","p","3p",-0.230296424866673,-1,"LUAD","NK"
"4096","3p21.31",-0.620384284297602,-2.10212518245085,0.0383356078535866,"con","ALL","3","p","3p",-0.684008666845283,-1,"LUAD","NK"
"4097","3p21.2",-0.936083581154129,-2.69386188433581,1,"con","ALL","3","p","3p",0,-1,"LUAD","NK"
"4098","3p21.1",-1.12320321002655,-2.88252638648291,1,"con","ALL","3","p","3p",0,-1,"LUAD","NK"
"4099","3p14.3",-1.21983118282494,-2.86133557492124,1,"con","ALL","3","p","3p",0,-1,"LUAD","NK"
"4100","3p14.1",-1.47405499943938,-3.34001890386176,1,"con","ALL","3","p","3p",0,-1,"LUAD","NK"
"4101","3p13",-1.63032122496241,-3.74160685246893,1,"con","ALL","3","p","3p",0,-1,"LUAD","NK"
"4102","3p11.2",-1.61373724781347,-3.60483837113644,1,"con","ALL","3","p","3p",0,-1,"LUAD","NK"
"4103","3p11.1",-1.6026737562485,-3.51803906135636,1,"con","ALL","3","p","3p",0,-1,"LUAD","NK"
"4104","3q11.2",-1.58971697570379,-3.38598757053208,1,"con","ALL","3","q","3q",0,-1,"LUAD","NK"
"4105","3q12.2",-0.968699672042254,-2.07925167348025,1,"con","ALL","3","q","3q",0,1,"LUAD","NK"
"4106","3q12.3",-0.948053643636147,-2.02429731572599,1,"con","ALL","3","q","3q",0,1,"LUAD","NK"
"4107","3q13.12",-0.730244449110093,-1.58092569894689,1,"con","ALL","3","q","3q",0,1,"LUAD","NK"
"4108","3q13.13",-0.69888314936394,-1.52978269242872,1,"con","ALL","3","q","3q",0,1,"LUAD","NK"
"4109","3q13.2",-0.607996961019655,-1.33515574805643,1,"con","ALL","3","q","3q",0,1,"LUAD","NK"
"4110","3q13.31",-0.541418390419228,-1.19980024375718,1,"con","ALL","3","q","3q",0,1,"LUAD","NK"
"4111","3q13.33",-0.13489325559644,-0.321918350752898,0.748261071415741,"con","ALL","3","q","3q",0,1,"LUAD","NK"
"4112","3q21.1",0.238447755955373,0.6235511040619,0.534499583727187,"con","ALL","3","q","3q",0.0534988048637596,1,"LUAD","NK"
"4113","3q21.3",0.445823777251989,1.28029549990333,0.20373119608852,"con","ALL","3","q","3q",0.230296424866673,1,"LUAD","NK"
"4114","3q22.1",0.511340124440354,1.50520711898822,0.135772437086234,"con","ALL","3","q","3q",0.31965163694728,1,"LUAD","NK"
"4115","3q22.2",0.525804215205789,1.56737859127308,0.120535648256329,"con","ALL","3","q","3q",0.354103923856692,-1,"LUAD","NK"
"4116","3q22.3",0.650799163337586,2.01789118110586,0.0465804673595302,"con","ALL","3","q","3q",0.649687025664271,-1,"LUAD","NK"
"4117","3q23",0.747190471864627,2.52960265110501,0.0131590478314581,"con","ALL","3","q","3q",0.953088095290817,-1,"LUAD","NK"
"4118","3q24",0.827525729367081,3.14854834256195,0.00222646574889185,"con","ALL","3","q","3q",1.35161462783722,-1,"LUAD","NK"
"4119","3q25.1",0.781202882588321,3.28744713568545,0.00144293374774677,"con","ALL","3","q","3q",1.44741720997098,-1,"LUAD","NK"
"4120","3q25.2",0.737988164576192,3.38155944061449,0.00106807290288406,"con","ALL","3","q","3q",1.44741720997098,-1,"LUAD","NK"
"4121","3q25.31",0.705221284147711,3.35936862589257,0.00114715546223073,"con","ALL","3","q","3q",1.44741720997098,-1,"LUAD","NK"
"4122","3q25.32",0.689240918850436,3.33523492869139,0.00123939172471948,"con","ALL","3","q","3q",1.44741720997098,-1,"LUAD","NK"
"4123","3q25.33",0.647993168309499,3.28965095529143,0.00143289597459975,"con","ALL","3","q","3q",1.44741720997098,-1,"LUAD","NK"
"4124","3q26.1",0.625809388237541,3.27402521173187,0.00150550348560069,"con","ALL","3","q","3q",1.44741720997098,-1,"LUAD","NK"
"4125","3q26.2",0.587411786621925,3.20076768860157,0.00189420586191619,"con","ALL","3","q","3q",1.36540056600685,-1,"LUAD","NK"
"4126","3q26.31",0.571854637498494,3.15747062899306,0.00216609532056019,"con","ALL","3","q","3q",1.35161462783722,-1,"LUAD","NK"
"4127","3q26.32",0.534939410505388,3.0993339069958,0.00258859407577397,"con","ALL","3","q","3q",1.3089450354073,-1,"LUAD","NK"
"4128","3q26.33",0.459064603277769,2.97757896077873,0.00373262167342431,"con","ALL","3","q","3q",1.22917626091273,-1,"LUAD","NK"
"4129","3q27.1",0.387146845593286,2.76364300981984,0.00693184192005838,"con","ALL","3","q","3q",1.05087372876251,-1,"LUAD","NK"
"4130","3q27.2",0.362480669215788,2.67553103775942,0.00886356929407909,"con","ALL","3","q","3q",1.01955020637878,-1,"LUAD","NK"
"4131","3q27.3",0.351847742101355,2.61053176922782,0.0105890167479871,"con","ALL","3","q","3q",0.999492533468567,-1,"LUAD","NK"
"4132","3q29",0.283005273772098,2.24308815687526,0.027345960871588,"con","ALL","3","q","3q",0.752477217708112,-1,"LUAD","NK"
"4133","4p16.3",0.296305493865872,0.947423820990156,0.345959795897803,"con","ALL","4","p","4p",0.154568421290167,-1,"LUAD","NK"
"4134","4p16.1",0.242031019623997,0.745399811566391,0.45797234557393,"con","ALL","4","p","4p",0.0945934896662938,1,"LUAD","NK"
"4135","4p15.32",0.274514487257256,0.826532827404411,0.410687797615214,"con","ALL","4","p","4p",0.124136323374672,1,"LUAD","NK"
"4136","4p15.2",0.202687779569142,0.603935806794802,0.547405618256947,"con","ALL","4","p","4p",0.0513297358404479,1,"LUAD","NK"
"4137","4p14",0.310019020990452,0.859337299010647,0.392437581619855,"con","ALL","4","p","4p",0.129683638471012,1,"LUAD","NK"
"4138","4p13",0.389043839726855,1.0176491189472,0.31157262250963,"con","ALL","4","p","4p",0.169629735151862,1,"LUAD","NK"
"4139","4p12",0.38143393224824,0.981627719797152,0.328914759884207,"con","ALL","4","p","4p",0.157556650941232,1,"LUAD","NK"
"4140","4p11",0.375077919364942,0.959934605656965,0.339659954461169,"con","ALL","4","p","4p",0.154568421290167,1,"LUAD","NK"
"4141","4q12",0.301202791111331,0.752423383518481,1,"con","ALL","4","q","4q",0,1,"LUAD","NK"
"4142","4q13.2",0.240807636401472,0.577714148866365,1,"con","ALL","4","q","4q",0,1,"LUAD","NK"
"4143","4q21.1",0.101238832182025,0.209790266258963,1,"con","ALL","4","q","4q",0,1,"LUAD","NK"
"4144","4q21.22",-0.138539435764764,-0.277677381105471,1,"con","ALL","4","q","4q",0,1,"LUAD","NK"
"4145","4q21.23",-0.184953371775043,-0.368680303047897,1,"con","ALL","4","q","4q",0,1,"LUAD","NK"
"4146","4q22.1",-0.298633583421554,-0.59735267071437,1,"con","ALL","4","q","4q",0,1,"LUAD","NK"
"4147","4q22.3",-0.410217114072895,-0.822578532742738,1,"con","ALL","4","q","4q",0,-1,"LUAD","NK"
"4148","4q23",-0.148994388266718,-0.317942837849571,1,"con","ALL","4","q","4q",0,-1,"LUAD","NK"
"4149","4q24",-0.447845658618765,-0.982122618047391,1,"con","ALL","4","q","4q",0,-1,"LUAD","NK"
"4150","4q25",-0.605442817562616,-1.36317834698296,1,"con","ALL","4","q","4q",0,-1,"LUAD","NK"
"4151","4q27",-0.515904942679318,-1.14556533351501,1,"con","ALL","4","q","4q",0,-1,"LUAD","NK"
"4152","4q31.1",-0.439519886953169,-0.987805714013721,1,"con","ALL","4","q","4q",0,-1,"LUAD","NK"
"4153","4q31.21",-0.153473949127447,-0.346414617995983,1,"con","ALL","4","q","4q",0,-1,"LUAD","NK"
"4154","4q31.22",-0.0835890874193245,-0.189208739493373,1,"con","ALL","4","q","4q",0,-1,"LUAD","NK"
"4155","4q32.1",0.163477316730211,0.360921969240215,1,"con","ALL","4","q","4q",0,1,"LUAD","NK"
"4156","4q32.2",0.168550339415556,0.37015082864906,1,"con","ALL","4","q","4q",0,1,"LUAD","NK"
"4157","4q34.1",0.251795778361526,0.56907823609897,1,"con","ALL","4","q","4q",0,1,"LUAD","NK"
"4158","4q34.2",0.243514037401008,0.555166139979354,1,"con","ALL","4","q","4q",0,1,"LUAD","NK"
"4159","4q35.1",0.318218303652186,0.740907189078349,1,"con","ALL","4","q","4q",0,1,"LUAD","NK"
"4160","5p15.33",-0.416407975984781,-2.50119167315455,0.014186456569351,"con","ALL","5","p","5p",-0.938125421385745,1,"LUAD","NK"
"4161","5p15.31",-0.467789297125451,-2.57880396419247,0.0115369931518827,"con","ALL","5","p","5p",-0.982135648216365,1,"LUAD","NK"
"4162","5p15.2",-0.500728707145039,-2.64933342459249,0.00952571454298976,"con","ALL","5","p","5p",-1.01955020637878,1,"LUAD","NK"
"4163","5p15.1",-0.571159893931557,-2.7814583940978,0.00659142105025229,"con","ALL","5","p","5p",-1.05388841548057,1,"LUAD","NK"
"4164","5p13.3",-0.627200981070603,-2.87589929320356,0.00502884317953721,"con","ALL","5","p","5p",-1.12320323751661,1,"LUAD","NK"
"4165","5p13.1",-0.768229116813706,-3.06263700355268,0.00289346626614635,"con","ALL","5","p","5p",-1.27483100398895,1,"LUAD","NK"
"4166","5p12",-0.73764085583467,-2.82396238243765,0.0058400937527992,"con","ALL","5","p","5p",-1.08052790590328,1,"LUAD","NK"
"4167","5q11.1",-0.573305297029466,-1.96274315068078,0.0527643344742482,"con","ALL","5","q","5q",-0.608907099601583,1,"LUAD","NK"
"4168","5q11.2",-0.437608283001555,-1.48759106520851,0.140354117431363,"con","ALL","5","q","5q",-0.317770664015522,1,"LUAD","NK"
"4169","5q12.1",-0.408476540690755,-1.44449677348722,0.152071803404601,"con","ALL","5","q","5q",-0.290725741989336,1,"LUAD","NK"
"4170","5q12.3",-0.317740941880489,-1.18643088019517,0.238574708794095,"con","ALL","5","q","5q",-0.203200855681783,1,"LUAD","NK"
"4171","5q13.1",-0.274921425683034,-1.06299422127201,0.290628490026184,"con","ALL","5","q","5q",-0.185229387515331,1,"LUAD","NK"
"4172","5q13.2",-0.305359110901488,-1.29555356744093,0.198442403431347,"con","ALL","5","q","5q",-0.230296424866673,1,"LUAD","NK"
"4173","5q13.3",-0.2735803694039,-1.23027783750525,0.221799084904234,"con","ALL","5","q","5q",-0.210681844650344,-1,"LUAD","NK"
"4174","5q14.1",-0.259743677357773,-1.19123294264702,0.236694248555578,"con","ALL","5","q","5q",-0.203200855681783,-1,"LUAD","NK"
"4175","5q14.2",-0.205382110919186,-0.967880344340071,0.335697934368405,"con","ALL","5","q","5q",-0.154568421290167,-1,"LUAD","NK"
"4176","5q14.3",-0.213817433408556,-1.01495338563906,0.312848842419557,"con","ALL","5","q","5q",-0.169508929722904,-1,"LUAD","NK"
"4177","5q15",-0.217224202093143,-1.02378237207133,0.308682024873656,"con","ALL","5","q","5q",-0.169629735151862,-1,"LUAD","NK"
"4178","5q21.1",-0.218295678302281,-1.02148503069832,0.309762641509044,"con","ALL","5","q","5q",-0.169629735151862,-1,"LUAD","NK"
"4179","5q21.3",-0.228606746257129,-1.05935168017606,0.2922744843016,"con","ALL","5","q","5q",-0.185229387515331,-1,"LUAD","NK"
"4180","5q22.2",-0.163127415990767,-0.735690155651826,0.463832296272548,"con","ALL","5","q","5q",-0.0917443487399601,-1,"LUAD","NK"
"4181","5q22.3",-0.173234780922983,-0.764644880492457,0.446483324603632,"con","ALL","5","q","5q",-0.100639013839791,-1,"LUAD","NK"
"4182","5q23.1",-0.153680185834977,-0.674366951628568,0.501806589823329,"con","ALL","5","q","5q",-0.0719812742192446,-1,"LUAD","NK"
"4183","5q23.2",-0.121565405127659,-0.532283510878894,0.595841299458971,"con","ALL","5","q","5q",-0.0266892495716435,-1,"LUAD","NK"
"4184","5q31.1",-0.0681806888309441,-0.318561838611991,0.750796888228234,"con","ALL","5","q","5q",0,1,"LUAD","NK"
"4185","5q31.2",-0.0730765313432659,-0.373080751028554,0.709965605711496,"con","ALL","5","q","5q",0,1,"LUAD","NK"
"4186","5q31.3",-0.305789266488955,-1.66686185497525,0.099018404252294,"con","ALL","5","q","5q",-0.413853131847061,1,"LUAD","NK"
"4187","5q32",-0.445852653122299,-2.73545638755314,0.00750335064388505,"con","ALL","5","q","5q",-1.05087372876251,1,"LUAD","NK"
"4188","5q33.1",-0.442499514031045,-2.75405681169055,0.00712159075996605,"con","ALL","5","q","5q",-1.05087372876251,1,"LUAD","NK"
"4189","5q33.2",-0.425136839507218,-2.64103469174877,0.00974463374764464,"con","ALL","5","q","5q",-1.01955020637878,1,"LUAD","NK"
"4190","5q33.3",-0.427207233977136,-2.70755049998898,0.00811117209084418,"con","ALL","5","q","5q",-1.04337429398669,1,"LUAD","NK"
"4191","5q34",-0.413491957400483,-2.65657482276067,0.00933834105833094,"con","ALL","5","q","5q",-1.01955020637878,1,"LUAD","NK"
"4192","5q35.1",-0.389023022036507,-2.51968620022816,0.0135097940680212,"con","ALL","5","q","5q",-0.953088095290817,1,"LUAD","NK"
"4193","5q35.2",-0.349427468107658,-2.25764666973529,0.0263862604391407,"con","ALL","5","q","5q",-0.752477217708112,1,"LUAD","NK"
"4194","5q35.3",-0.279808770573246,-1.90551276234075,0.0599057774661176,"con","ALL","5","q","5q",-0.57800873502643,1,"LUAD","NK"
"4195","6p25.2",0.465366571209396,1.3906049423418,0.167774294086936,"con","ALL","6","p","6p",0.261646988257796,1,"LUAD","NK"
"4196","6p25.1",0.432233199615733,1.33016761899367,0.186824009420352,"con","ALL","6","p","6p",0.23931547424765,1,"LUAD","NK"
"4197","6p24.3",0.383133935142786,1.21634274290558,0.227034827758031,"con","ALL","6","p","6p",0.206136570535542,1,"LUAD","NK"
"4198","6p24.2",0.367111800899111,1.2014690444163,0.232721462200991,"con","ALL","6","p","6p",0.203200855681783,1,"LUAD","NK"
"4199","6p23",0.481769010091957,1.595273123789,0.114156939704329,"con","ALL","6","p","6p",0.366362363112263,1,"LUAD","NK"
"4200","6p22.3",0.310782630487207,1.16478861017665,0.247182694864515,"con","ALL","6","p","6p",0.197139182302981,1,"LUAD","NK"
"4201","6p22.2",0.206457197548689,0.810443522356431,0.41982316455064,"con","ALL","6","p","6p",0.118750983737224,1,"LUAD","NK"
"4202","6p22.1",0.160526892450985,0.669056910312511,0.505171814320323,"con","ALL","6","p","6p",0.0703653224558061,1,"LUAD","NK"
"4203","6p21.33",0.125748954593498,0.587415875821065,0.558395310992712,"con","ALL","6","p","6p",0.0481743239262595,1,"LUAD","NK"
"4204","6p21.32",0.0752202641543739,0.365366406205482,0.715695184900755,"con","ALL","6","p","6p",0,1,"LUAD","NK"
"4205","6p21.31",0.0217335786605813,0.0989995318469086,0.921358813904841,"con","ALL","6","p","6p",0,1,"LUAD","NK"
"4206","6p21.2",0.0389455632346145,0.155034311698631,0.877141435057912,"con","ALL","6","p","6p",0,1,"LUAD","NK"
"4207","6p21.1",0.322640842012259,1.07264879122129,0.286296495868839,"con","ALL","6","p","6p",0.185229387515331,1,"LUAD","NK"
"4208","6p12.1",0.360603899244486,1.0695683953264,0.287673822348713,"con","ALL","6","p","6p",0.185229387515331,1,"LUAD","NK"
"4209","6q12",0.277456350725371,0.871975855594189,0.385541824834889,"con","ALL","6","q","6q",0.129683638471012,1,"LUAD","NK"
"4210","6q13",0.215407275329208,0.69886762082292,0.486436864481511,"con","ALL","6","q","6q",0.0793506731487425,1,"LUAD","NK"
"4211","6q14.1",0.169084124496829,0.598597659417091,0.550944835706687,"con","ALL","6","q","6q",0.0503222805317086,1,"LUAD","NK"
"4212","6q14.3",0.1496158033357,0.602876997009867,0.548106704233615,"con","ALL","6","q","6q",0.0513297358404479,1,"LUAD","NK"
"4213","6q15",0.150296290845474,0.647144095968367,0.519185890552783,"con","ALL","6","q","6q",0.0623192310746267,1,"LUAD","NK"
"4214","6q16.1",0.168485822257055,0.758818139965636,0.449944086215345,"con","ALL","6","q","6q",0.0995850572073759,1,"LUAD","NK"
"4215","6q16.2",0.212074566132558,0.996059666023132,0.321891671642589,"con","ALL","6","q","6q",0.162059629979266,1,"LUAD","NK"
"4216","6q21",0.282694697531425,1.40606169872472,0.163148994695087,"con","ALL","6","q","6q",0.270349434673095,-1,"LUAD","NK"
"4217","6q22.1",0.354778768198841,1.82544634994112,0.0712504559410552,"con","ALL","6","q","6q",0.531979172209115,-1,"LUAD","NK"
"4218","6q22.31",0.378356123988645,1.91529669195075,0.0586300549831585,"con","ALL","6","q","6q",0.580571153095325,-1,"LUAD","NK"
"4219","6q22.33",0.424678778978147,2.11327569165456,0.0373448432326585,"con","ALL","6","q","6q",0.684008666845283,-1,"LUAD","NK"
"4220","6q23.2",0.453804604883457,2.24873241124255,0.0269703146359016,"con","ALL","6","q","6q",0.752477217708112,-1,"LUAD","NK"
"4221","6q23.3",0.48136012889784,2.36264365559073,0.0202993769295511,"con","ALL","6","q","6q",0.829499628441831,-1,"LUAD","NK"
"4222","6q24.1",0.47943528607593,2.32975011204692,0.0220566791505742,"con","ALL","6","q","6q",0.809832626752302,-1,"LUAD","NK"
"4223","6q24.2",0.538065885214302,2.64416213316813,0.00966160259232004,"con","ALL","6","q","6q",1.01955020637878,-1,"LUAD","NK"
"4224","6q25.1",0.559486786212372,2.82957948287527,0.00574690022174377,"con","ALL","6","q","6q",1.08052790590328,-1,"LUAD","NK"
"4225","6q25.3",0.518158908310264,2.73725951266345,0.00746554242314699,"con","ALL","6","q","6q",1.05087372876251,1,"LUAD","NK"
"4226","6q27",0.512789635587894,2.77699444448167,0.00667525366215139,"con","ALL","6","q","6q",1.05388841548057,1,"LUAD","NK"
"4227","7p22.3",0.106043585330253,0.80571499188638,0.422530901338748,"con","ALL","7","p","7p",0.117339811291893,1,"LUAD","NK"
"4228","7p22.1",0.108298838191248,0.841628886334611,0.402226488541272,"con","ALL","7","p","7p",0.128383529640221,1,"LUAD","NK"
"4229","7p21.3",0.111392606546373,0.870460698272243,0.386364521111639,"con","ALL","7","p","7p",0.129683638471012,1,"LUAD","NK"
"4230","7p21.1",0.11821768568001,0.919941140456153,0.360062685633736,"con","ALL","7","p","7p",0.143354477138137,1,"LUAD","NK"
"4231","7p15.3",0.117268465114925,0.903252438193533,0.368803189387389,"con","ALL","7","p","7p",0.135487431323356,1,"LUAD","NK"
"4232","7p15.2",0.125051419990039,0.958222517340172,0.34051763726496,"con","ALL","7","p","7p",0.154568421290167,1,"LUAD","NK"
"4233","7p14.3",0.143288658309199,1.07737542304231,0.284191912813173,"con","ALL","7","p","7p",0.185229387515331,1,"LUAD","NK"
"4234","7p14.2",0.147281892209977,1.09303329913892,0.277296255479331,"con","ALL","7","p","7p",0.185229387515331,1,"LUAD","NK"
"4235","7p14.1",0.162995810015458,1.18610205946704,0.238703864183922,"con","ALL","7","p","7p",0.203200855681783,1,"LUAD","NK"
"4236","7p13",0.168557215481442,1.18570026364756,0.238861751084177,"con","ALL","7","p","7p",0.203200855681783,1,"LUAD","NK"
"4237","7p12.3",0.142854201523403,0.966650197014122,0.336309341419718,"con","ALL","7","p","7p",0.154568421290167,1,"LUAD","NK"
"4238","7p11.2",0.132269875004939,0.860073758114952,0.392033685525081,"con","ALL","7","p","7p",0.129683638471012,1,"LUAD","NK"
"4239","7q11.21",0.118283799982273,0.716745929465289,0.475386798004484,"con","ALL","7","q","7q",0.0831438493793288,1,"LUAD","NK"
"4240","7q11.23",0.00866895546870951,0.0425471281796773,0.96615679422096,"con","ALL","7","q","7q",0,1,"LUAD","NK"
"4241","7q21.12",-0.0614237922493439,-0.282707542088623,0.778050211799187,"con","ALL","7","q","7q",0,1,"LUAD","NK"
"4242","7q21.2",-0.105596550153156,-0.462335097879596,0.644956815660203,"con","ALL","7","q","7q",-0.00527096225736,1,"LUAD","NK"
"4243","7q21.3",-0.196391176567646,-0.839052362134396,0.403663055337548,"con","ALL","7","q","7q",-0.128383529640221,1,"LUAD","NK"
"4244","7q22.1",-0.130370067800818,-0.531139033149642,0.596630822883034,"con","ALL","7","q","7q",-0.0266892495716435,1,"LUAD","NK"
"4245","7q22.3",0.0925225825966125,0.353238544309907,0.724735657240492,"con","ALL","7","q","7q",0,1,"LUAD","NK"
"4246","7q31.1",0.185981561486956,0.683364371220736,0.496132150008287,"con","ALL","7","q","7q",0.074335169846697,1,"LUAD","NK"
"4247","7q31.2",0.233757279163502,0.844665677911417,0.400537303369849,"con","ALL","7","q","7q",0.128383529640221,1,"LUAD","NK"
"4248","7q31.31",0.239146446633278,0.860395996521658,0.391857041052129,"con","ALL","7","q","7q",0.129683638471012,1,"LUAD","NK"
"4249","7q31.32",0.235850915541142,0.839225698816157,0.403566311847914,"con","ALL","7","q","7q",0.128383529640221,1,"LUAD","NK"
"4250","7q32.1",0.190638672775456,0.658024213877266,0.512202224279897,"con","ALL","7","q","7q",0.0669251905515008,-1,"LUAD","NK"
"4251","7q32.2",0.181629141860341,0.618192172814914,0.538009978724279,"con","ALL","7","q","7q",0.0530082636921067,-1,"LUAD","NK"
"4252","7q33",0.17295744851388,0.581253159777033,0.562522736178108,"con","ALL","7","q","7q",0.04619765102171,-1,"LUAD","NK"
"4253","7q34",0.0730816450960787,0.244018998271574,0.807771513712251,"con","ALL","7","q","7q",0,1,"LUAD","NK"
"4254","7q36.1",0.0622471967789272,0.213009130745694,0.831801591722035,"con","ALL","7","q","7q",0,1,"LUAD","NK"
"4255","7q36.3",0.0469723023253478,0.165352778402056,0.869037173578707,"con","ALL","7","q","7q",0,1,"LUAD","NK"
"4256","8p23.3",0.273312588926874,1.15556100524138,0.250919344887786,"con","ALL","8","p","8p",0.195601606949097,1,"LUAD","NK"
"4257","8p22",0.320807088901886,1.31401847872661,0.192179390900641,"con","ALL","8","p","8p",0.231258061354332,1,"LUAD","NK"
"4258","8p21.3",0.292985324550351,1.141826352332,0.256555033362316,"con","ALL","8","p","8p",0.190735689583466,1,"LUAD","NK"
"4259","8p21.2",0.28387127118465,1.06454368526718,0.289930242906979,"con","ALL","8","p","8p",0.185229387515331,1,"LUAD","NK"
"4260","8p21.1",0.268203156507361,0.98493836718362,0.327294822690758,"con","ALL","8","p","8p",0.158083392153451,1,"LUAD","NK"
"4261","8p12",0.281416578552184,1.00881150612352,0.315769599292364,"con","ALL","8","p","8p",0.167121344476659,1,"LUAD","NK"
"4262","8p11.23",0.222474848534144,0.762998667435073,0.447459519741335,"con","ALL","8","p","8p",0.100639013839791,1,"LUAD","NK"
"4263","8p11.22",0.135548470165794,0.465239771296937,0.642883525135769,"con","ALL","8","p","8p",0.00527096225736,1,"LUAD","NK"
"4264","8p11.21",-0.143473626396066,-0.507333492515296,0.613161781019436,"con","ALL","8","p","8p",-0.0160212271169545,1,"LUAD","NK"
"4265","8q11.21",-0.305307722839712,-1.15985658234927,0.249174924960295,"con","ALL","8","q","8q",-0.196688260509053,1,"LUAD","NK"
"4266","8q11.23",-0.387642452307997,-1.54046860966938,0.126954926318191,"con","ALL","8","q","8q",-0.339895262799029,1,"LUAD","NK"
"4267","8q12.1",-0.483982321262687,-2.09948934555205,0.0385731048753406,"con","ALL","8","q","8q",-0.684008666845283,1,"LUAD","NK"
"4268","8q12.3",-0.45514549570292,-2.08916814341641,0.0395153520063158,"con","ALL","8","q","8q",-0.684008666845283,1,"LUAD","NK"
"4269","8q13.1",-0.453153521864484,-2.16612710103936,0.0329445996554138,"con","ALL","8","q","8q",-0.708189885692573,1,"LUAD","NK"
"4270","8q13.3",-0.397155037342043,-1.94818400635742,0.0545088057319527,"con","ALL","8","q","8q",-0.601842751868887,1,"LUAD","NK"
"4271","8q21.11",-0.384546390653329,-1.98357222799155,0.0503512394543597,"con","ALL","8","q","8q",-0.622058813967214,1,"LUAD","NK"
"4272","8q21.13",-0.294919679450017,-1.66384746764963,0.099621238474519,"con","ALL","8","q","8q",-0.413853131847061,1,"LUAD","NK"
"4273","8q21.3",-0.194158449488538,-1.19617669937958,0.234769455856105,"con","ALL","8","q","8q",-0.203200855681783,1,"LUAD","NK"
"4274","8q22.1",-0.1391693067372,-0.953674565222996,0.342802810814416,"con","ALL","8","q","8q",-0.154568421290167,1,"LUAD","NK"
"4275","8q22.2",-0.120700286038579,-0.87729121314097,0.382664320132369,"con","ALL","8","q","8q",-0.129683638471012,1,"LUAD","NK"
"4276","8q22.3",-0.0991522292585988,-0.747565982154579,0.456670808195949,"con","ALL","8","q","8q",-0.0945934896662938,1,"LUAD","NK"
"4277","8q23.1",-0.0903417411627789,-0.703130710007633,0.48378921979088,"con","ALL","8","q","8q",-0.0793506731487425,1,"LUAD","NK"
"4278","8q23.2",-0.0940203729205419,-0.73713564718601,0.462957235347409,"con","ALL","8","q","8q",-0.0917443487399601,1,"LUAD","NK"
"4279","8q24.11",-0.0884805888746358,-0.699869727679238,0.485813778363569,"con","ALL","8","q","8q",-0.0793506731487425,1,"LUAD","NK"
"4280","8q24.12",-0.0861810619959472,-0.694672796602093,0.489049867382317,"con","ALL","8","q","8q",-0.079281054943663,1,"LUAD","NK"
"4281","8q24.13",-0.098776438294933,-0.815270259275271,0.417069913115049,"con","ALL","8","q","8q",-0.119451346857176,1,"LUAD","NK"
"4282","8q24.22",-0.132137685973486,-1.13528566361298,0.259270034063718,"con","ALL","8","q","8q",-0.190735689583466,1,"LUAD","NK"
"4283","8q24.3",-0.174966886159219,-1.58193661776022,0.117172104670654,"con","ALL","8","q","8q",-0.360754933538953,1,"LUAD","NK"
"4284","9p24.1",0.310037653589264,2.0718935940258,0.0411368470649382,"con","ALL","9","p","9p",0.675979710272865,-1,"LUAD","NK"
"4285","9p22.3",0.315309435274008,2.08373265603344,0.0400195086268895,"con","ALL","9","p","9p",0.684008666845283,-1,"LUAD","NK"
"4286","9p22.1",0.334761057380116,2.24729139580058,0.0270657865387463,"con","ALL","9","p","9p",0.752477217708112,-1,"LUAD","NK"
"4287","9p21.1",0.436744413133221,2.66549486126727,0.00911213054340467,"con","ALL","9","p","9p",1.01955020637878,-1,"LUAD","NK"
"4288","9p13.3",0.5794598034387,2.99918448696129,0.00350041172188405,"con","ALL","9","p","9p",1.2322475211466,-1,"LUAD","NK"
"4289","9p13.2",0.741651001440047,3.27909364703205,0.00148158285340496,"con","ALL","9","p","9p",1.44741720997098,-1,"LUAD","NK"
"4290","9q21.12",0.85212341401992,3.31774561254728,0.00131053696989838,"con","ALL","9","q","9q",1.44741720997098,-1,"LUAD","NK"
"4291","9q21.13",0.918973324337547,3.18591082424726,0.00198369165686902,"con","ALL","9","q","9q",1.36238691482983,-1,"LUAD","NK"
"4292","9q21.2",0.852568735969602,2.3837480337428,1,"con","ALL","9","q","9q",0,-1,"LUAD","NK"
"4293","9q21.31",0.807983436071174,2.21361499591232,1,"con","ALL","9","q","9q",0,-1,"LUAD","NK"
"4294","9q21.32",0.834263936469502,2.22921290877458,1,"con","ALL","9","q","9q",0,-1,"LUAD","NK"
"4295","9q21.33",0.708797267322197,1.82582408018963,1,"con","ALL","9","q","9q",0,-1,"LUAD","NK"
"4296","9q22.2",0.61627746262538,1.56306561199499,1,"con","ALL","9","q","9q",0,-1,"LUAD","NK"
"4297","9q22.31",0.390551416664735,0.990412118513937,1,"con","ALL","9","q","9q",0,-1,"LUAD","NK"
"4298","9q22.32",0.235414747243404,0.59854206412455,1,"con","ALL","9","q","9q",0,-1,"LUAD","NK"
"4299","9q22.33",0.129298239681384,0.345446260775566,1,"con","ALL","9","q","9q",0,-1,"LUAD","NK"
"4300","9q31.1",0.115588217389308,0.337047296227734,0.736865979772348,"con","ALL","9","q","9q",0,-1,"LUAD","NK"
"4301","9q31.2",0.0949963062843871,0.298573461261452,0.765953793437875,"con","ALL","9","q","9q",0,-1,"LUAD","NK"
"4302","9q31.3",0.0492628415819732,0.161856495668352,0.871781678836289,"con","ALL","9","q","9q",0,-1,"LUAD","NK"
"4303","9q32",-0.0341591524345477,-0.111425349950434,0.911527182055754,"con","ALL","9","q","9q",0,-1,"LUAD","NK"
"4304","9q33.2",-0.11708268796717,-0.36236205004182,0.717931006899814,"con","ALL","9","q","9q",0,-1,"LUAD","NK"
"4305","9q33.3",-0.19180708243186,-0.594679954247739,0.553549555158547,"con","ALL","9","q","9q",-0.049505932895359,-1,"LUAD","NK"
"4306","9q34.11",-0.070311883595851,-0.213261890310396,0.831605043132823,"con","ALL","9","q","9q",0,-1,"LUAD","NK"
"4307","9q34.13",0.0120265950877679,0.0369338988353408,0.970619509442958,"con","ALL","9","q","9q",0,-1,"LUAD","NK"
"4308","9q34.3",0.108865640300393,0.390809157196882,0.696861885224995,"con","ALL","9","q","9q",0,1,"LUAD","NK"
"4309","10p15.3",0.398129186639272,2.02486885133247,0.0458440941492042,"con","ALL","10","p","10p",0.651070634058088,-1,"LUAD","NK"
"4310","10p14",0.473116035330613,2.0839350526813,0.0400006367984357,"con","ALL","10","p","10p",0.684008666845283,-1,"LUAD","NK"
"4311","10p13",0.470155229063487,1.86481215977696,0.0654666055819377,"con","ALL","10","p","10p",0.555972708464126,-1,"LUAD","NK"
"4312","10p12.2",0.449278833595257,1.5619833669349,0.121801528329107,"con","ALL","10","p","10p",0.352359594231225,-1,"LUAD","NK"
"4313","10p12.1",0.354008462093438,1.12794568778437,0.262340834902883,"con","ALL","10","p","10p",0.187749673265148,-1,"LUAD","NK"
"4314","10p11.22",0.338868435814134,1.0004533592063,0.319773452854664,"con","ALL","10","p","10p",0.163291201156189,-1,"LUAD","NK"
"4315","10q11.21",0.220938381698401,0.590845397694744,0.556104918304429,"con","ALL","10","q","10q",0.0487342595485505,-1,"LUAD","NK"
"4316","10q11.22",0.149852247568749,0.390089011362114,0.697392415836615,"con","ALL","10","q","10q",0,-1,"LUAD","NK"
"4317","10q21.1",0.170169884343021,0.436749248239633,0.663339264291042,"con","ALL","10","q","10q",0,-1,"LUAD","NK"
"4318","10q21.3",0.103832296560806,0.255117191024484,1,"con","ALL","10","q","10q",0,-1,"LUAD","NK"
"4319","10q22.1",0.023755304076826,0.0522479470718846,1,"con","ALL","10","q","10q",0,1,"LUAD","NK"
"4320","10q22.2",-0.298348551564441,-0.600696356574146,1,"con","ALL","10","q","10q",0,1,"LUAD","NK"
"4321","10q22.3",-0.204477687954585,-0.40821225666605,1,"con","ALL","10","q","10q",0,1,"LUAD","NK"
"4322","10q23.1",-0.179844380970377,-0.356654939503666,1,"con","ALL","10","q","10q",0,1,"LUAD","NK"
"4323","10q23.2",-0.174882710721228,-0.345689222158363,1,"con","ALL","10","q","10q",0,1,"LUAD","NK"
"4324","10q23.31",-0.173010184854248,-0.339082796942778,1,"con","ALL","10","q","10q",0,-1,"LUAD","NK"
"4325","10q23.32",-0.14573661465078,-0.284640582664621,1,"con","ALL","10","q","10q",0,-1,"LUAD","NK"
"4326","10q24.1",-0.191504538790055,-0.381001765915585,1,"con","ALL","10","q","10q",0,-1,"LUAD","NK"
"4327","10q24.2",-0.177910975246964,-0.355164613905697,1,"con","ALL","10","q","10q",0,-1,"LUAD","NK"
"4328","10q24.31",-0.133740988125893,-0.276921976507174,1,"con","ALL","10","q","10q",0,-1,"LUAD","NK"
"4329","10q24.32",-0.101580356765668,-0.21521244300515,0.830088633152667,"con","ALL","10","q","10q",0,-1,"LUAD","NK"
"4330","10q25.1",0.0427039635295184,0.0907948969023895,0.92785733616056,"con","ALL","10","q","10q",0,-1,"LUAD","NK"
"4331","10q25.2",0.10468873009283,0.22252715845296,0.824407758358183,"con","ALL","10","q","10q",0,-1,"LUAD","NK"
"4332","10q25.3",0.381551799902423,0.824105152545621,1,"con","ALL","10","q","10q",0,-1,"LUAD","NK"
"4333","10q26.11",0.389663745660928,0.839074799385021,1,"con","ALL","10","q","10q",0,-1,"LUAD","NK"
"4334","10q26.13",0.840920285254255,2.1662742550242,1,"con","ALL","10","q","10q",0,-1,"LUAD","NK"
"4335","10q26.3",0.8747042131488,2.55006455700287,0.0124610644138844,"con","ALL","10","q","10q",0.968876528161322,-1,"LUAD","NK"
"4336","11p15.5",-0.541487383467506,-3.41571633195538,0.000956297355355972,"con","ALL","11","p","11p",-1.44741720997098,-1,"LUAD","NK"
"4337","11p15.4",-0.847662826412684,-3.51601439558169,0.000688381171221543,"con","ALL","11","p","11p",-1.44741720997098,-1,"LUAD","NK"
"4338","11p15.3",-0.996022674957672,-3.54307022456782,0.000629309864341804,"con","ALL","11","p","11p",-1.44741720997098,-1,"LUAD","NK"
"4339","11p15.2",-1.06796288613562,-3.50656545100066,0.000710218189401054,"con","ALL","11","p","11p",-1.44741720997098,-1,"LUAD","NK"
"4340","11p15.1",-1.21796473738993,-3.61786871152102,0.000489954236211648,"con","ALL","11","p","11p",-1.45782220360698,-1,"LUAD","NK"
"4341","11p14.3",-1.46488767465331,-3.83690250982616,0.000231029504189304,"con","ALL","11","p","11p",-1.58019029186533,-1,"LUAD","NK"
"4342","11p13",-1.7097714742909,-3.46188502703359,1,"con","ALL","11","p","11p",0,-1,"LUAD","NK"
"4343","11p12",-1.98327827575552,-3.48921056855096,1,"con","ALL","11","p","11p",0,-1,"LUAD","NK"
"4344","11p11.2",-1.94347651955462,-2.85549114429588,1,"con","ALL","11","p","11p",0,1,"LUAD","NK"
"4345","11q12.1",0.256703515296036,0.31822701812724,1,"con","ALL","11","q","11q",0,1,"LUAD","NK"
"4346","11q12.2",1.3721408912896,2.01565153744959,1,"con","ALL","11","q","11q",0,1,"LUAD","NK"
"4347","11q12.3",0.964346764445333,1.62197787025331,1,"con","ALL","11","q","11q",0,1,"LUAD","NK"
"4348","11q13.1",0.262813594801134,0.541646857271472,1,"con","ALL","11","q","11q",0,1,"LUAD","NK"
"4349","11q13.2",-1.01585930410468,-3.33408498249741,0.00124395595699243,"con","ALL","11","q","11q",-1.44741720997098,1,"LUAD","NK"
"4350","11q13.3",-1.18769441347717,-5.08851246061633,1.96011401128246e-06,"con","ALL","11","q","11q",-3.42972765521771,1,"LUAD","NK"
"4351","11q13.4",-1.41825313219018,-5.96314393934539,4.77609005825543e-08,"con","ALL","11","q","11q",-4.78623149321391,1,"LUAD","NK"
"4352","11q13.5",-1.47457131303435,-5.92076817182921,5.75024350433734e-08,"con","ALL","11","q","11q",-4.78623149321391,1,"LUAD","NK"
"4353","11q14.1",-1.57083321865792,-4.89734018004691,4.25401945126483e-06,"con","ALL","11","q","11q",-3.21814825357453,-1,"LUAD","NK"
"4354","11q14.2",-1.53964102188967,-4.07037950852785,1,"con","ALL","11","q","11q",0,-1,"LUAD","NK"
"4355","11q14.3",-1.44025033412504,-3.54538740429767,1,"con","ALL","11","q","11q",0,-1,"LUAD","NK"
"4356","11q21",-1.09557718311267,-2.45569020827461,1,"con","ALL","11","q","11q",0,-1,"LUAD","NK"
"4357","11q22.2",-0.562646884522356,-1.22444258667597,1,"con","ALL","11","q","11q",0,-1,"LUAD","NK"
"4358","11q22.3",0.0736403839063039,0.166628902683939,1,"con","ALL","11","q","11q",0,-1,"LUAD","NK"
"4359","11q23.1",0.476758739309768,1.21775625522607,0.226499689306674,"con","ALL","11","q","11q",0.206136570535542,-1,"LUAD","NK"
"4360","11q23.2",0.562609790413737,1.54367722980431,0.126175599618014,"con","ALL","11","q","11q",0.339895262799029,-1,"LUAD","NK"
"4361","11q23.3",0.684878876659701,2.11686806139858,0.0370304028045023,"con","ALL","11","q","11q",0.684008666845283,-1,"LUAD","NK"
"4362","11q24.1",0.70832811358034,2.70826461922207,0.00809507483896617,"con","ALL","11","q","11q",1.04337429398669,-1,"LUAD","NK"
"4363","11q24.2",0.659717993494829,2.60716900317625,0.0106860435222271,"con","ALL","11","q","11q",0.999492533468567,1,"LUAD","NK"
"4364","11q24.3",0.611425733634196,2.55457365389479,0.0123118084111343,"con","ALL","11","q","11q",0.968876528161322,1,"LUAD","NK"
"4365","11q25",0.596947089014267,2.58690852382194,0.0112878230961378,"con","ALL","11","q","11q",0.984669228608948,1,"LUAD","NK"
"4366","12p13.33",-0.0194470327407108,-0.125761755309809,0.90020102617385,"con","ALL","12","p","12p",0,1,"LUAD","NK"
"4367","12p13.32",-0.00604265610508024,-0.0380934076258998,0.969697577728455,"con","ALL","12","p","12p",0,1,"LUAD","NK"
"4368","12p13.31",0.0076568608167017,0.0435420468626648,0.965365907149219,"con","ALL","12","p","12p",0,-1,"LUAD","NK"
"4369","12p13.2",0.0763168417515095,0.35013954451583,0.727052077916057,"con","ALL","12","p","12p",0,-1,"LUAD","NK"
"4370","12p13.1",0.098703842638481,0.417515868270405,0.677295470380418,"con","ALL","12","p","12p",0,-1,"LUAD","NK"
"4371","12p12.3",0.105822281913762,0.424940732839055,0.671894117780381,"con","ALL","12","p","12p",0,-1,"LUAD","NK"
"4372","12p12.1",0.180158957232614,0.613381664310338,0.541171117875952,"con","ALL","12","p","12p",0.0530082636921067,1,"LUAD","NK"
"4373","12p11.23",0.210799761104301,0.632929455694684,1,"con","ALL","12","p","12p",0,1,"LUAD","NK"
"4374","12p11.22",0.231630373352417,0.632179601990586,1,"con","ALL","12","p","12p",0,1,"LUAD","NK"
"4375","12q12",0.13990128566961,0.333373176692108,1,"con","ALL","12","q","12q",0,1,"LUAD","NK"
"4376","12q13.11",0.062500151311893,0.141380378484856,1,"con","ALL","12","q","12q",0,1,"LUAD","NK"
"4377","12q13.12",-0.0573585202250114,-0.125550145603703,0.900368059402414,"con","ALL","12","q","12q",0,1,"LUAD","NK"
"4378","12q13.13",-0.785646677018929,-2.13168626364631,0.0357574729560383,"con","ALL","12","q","12q",-0.686363765834497,1,"LUAD","NK"
"4379","12q13.2",-0.696687014227166,-2.60554816215398,0.0107330965266623,"con","ALL","12","q","12q",-0.999492533468567,1,"LUAD","NK"
"4380","12q13.3",-0.351558263394617,-1.64908386124954,0.102616867820952,"con","ALL","12","q","12q",-0.403930694467275,1,"LUAD","NK"
"4381","12q14.1",-0.208193289581307,-1.06724612455906,0.288715171164686,"con","ALL","12","q","12q",-0.185229387515331,1,"LUAD","NK"
"4382","12q14.3",-0.19247197213056,-0.990951937444952,0.324365808922552,"con","ALL","12","q","12q",-0.1603639255674,1,"LUAD","NK"
"4383","12q15",-0.169021181821282,-0.854430624396148,0.395135091043511,"con","ALL","12","q","12q",-0.128383529640221,1,"LUAD","NK"
"4384","12q21.1",-0.108368698654588,-0.489520873334504,0.625664000514382,"con","ALL","12","q","12q",-0.0108394308219874,-1,"LUAD","NK"
"4385","12q21.2",-0.0668392219128066,-0.274320377489657,0.784467089428636,"con","ALL","12","q","12q",0,-1,"LUAD","NK"
"4386","12q21.31",-0.0379088774311819,-0.143191463316094,0.886459079591424,"con","ALL","12","q","12q",0,-1,"LUAD","NK"
"4387","12q21.33",-0.00991799206180355,-0.0352541496908211,0.971955157552497,"con","ALL","12","q","12q",0,-1,"LUAD","NK"
"4388","12q22",0.0320099087022764,0.109576899598022,0.912988890265782,"con","ALL","12","q","12q",0,-1,"LUAD","NK"
"4389","12q23.1",0.0657230031908138,0.224295132474605,0.823036075286927,"con","ALL","12","q","12q",0,-1,"LUAD","NK"
"4390","12q23.2",0.078558838244805,0.270684172586942,0.787253753295452,"con","ALL","12","q","12q",0,-1,"LUAD","NK"
"4391","12q23.3",0.0990445053946625,0.351596914064638,0.725962415089028,"con","ALL","12","q","12q",0,-1,"LUAD","NK"
"4392","12q24.11",0.0071064807050851,0.0271717711784849,0.978382890119947,"con","ALL","12","q","12q",0,-1,"LUAD","NK"
"4393","12q24.13",0.0377139641160339,0.147539039653864,0.883036594216099,"con","ALL","12","q","12q",0,-1,"LUAD","NK"
"4394","12q24.23",0.117785855823468,0.459736826646931,0.646813785007734,"con","ALL","12","q","12q",0.00527096225736,-1,"LUAD","NK"
"4395","12q24.31",0.134048256345032,0.503615581962739,0.615762020674014,"con","ALL","12","q","12q",0.015381459914007,-1,"LUAD","NK"
"4396","12q24.33",0.034435381545529,0.122146099535868,0.903055640205584,"con","ALL","12","q","12q",0,-1,"LUAD","NK"
"4397","13q12.11",0.378030350963414,2.21038789053291,0.0296138894309881,"con","ALL","13","q","13q",0.728588981626507,-1,"LUAD","NK"
"4398","13q12.2",0.372510424225317,2.19677427503549,0.0306055265143383,"con","ALL","13","q","13q",0.724023804978605,-1,"LUAD","NK"
"4399","13q12.3",0.387922420414823,2.25549768379871,0.0265260343441139,"con","ALL","13","q","13q",0.752477217708112,-1,"LUAD","NK"
"4400","13q13.1",0.386633638960824,2.19338975783084,0.0308565152003476,"con","ALL","13","q","13q",0.724023804978605,-1,"LUAD","NK"
"4401","13q13.3",0.405855940143466,2.24843332675072,0.0269901056013491,"con","ALL","13","q","13q",0.752477217708112,-1,"LUAD","NK"
"4402","13q14.11",0.428907443436524,2.3370562146138,0.0216551330814261,"con","ALL","13","q","13q",0.809832626752302,-1,"LUAD","NK"
"4403","13q14.12",0.443229231873335,2.38779012045183,0.019040882335955,"con","ALL","13","q","13q",0.850734477110179,-1,"LUAD","NK"
"4404","13q14.13",0.446866242578996,2.39618998920447,0.0186362227404791,"con","ALL","13","q","13q",0.850734477110179,-1,"LUAD","NK"
"4405","13q14.2",0.46191960805616,2.40264841619242,0.0183303118737124,"con","ALL","13","q","13q",0.850949599182194,-1,"LUAD","NK"
"4406","13q14.3",0.485493889318154,2.33226127542043,0.0219179280470338,"con","ALL","13","q","13q",0.809832626752302,-1,"LUAD","NK"
"4407","13q21.33",0.469910543696552,2.20673442129907,0.0298772171988753,"con","ALL","13","q","13q",0.728588981626507,-1,"LUAD","NK"
"4408","13q22.2",0.436716602598063,2.01532228864543,0.0468541074669199,"con","ALL","13","q","13q",0.649687025664271,-1,"LUAD","NK"
"4409","13q22.3",0.452238833973353,2.06128729628502,0.042160556206443,"con","ALL","13","q","13q",0.669199424568827,-1,"LUAD","NK"
"4410","13q31.1",0.452365639778557,2.04614271551668,0.0436602398412577,"con","ALL","13","q","13q",0.662697361408933,-1,"LUAD","NK"
"4411","13q32.1",0.489475402556688,2.22133248538623,0.0288371539571522,"con","ALL","13","q","13q",0.73432534417803,-1,"LUAD","NK"
"4412","13q32.2",0.467640241415548,2.09254001128649,0.0392053644238452,"con","ALL","13","q","13q",0.684008666845283,-1,"LUAD","NK"
"4413","13q32.3",0.474106303761621,2.13091510351828,0.0358227698089218,"con","ALL","13","q","13q",0.686363765834497,-1,"LUAD","NK"
"4414","13q33.3",0.482513524206604,2.15584070718431,0.0337638289903241,"con","ALL","13","q","13q",0.703207775916542,-1,"LUAD","NK"
"4415","13q34",0.466737945933757,2.09941509695569,0.0385798132719538,"con","ALL","13","q","13q",0.684008666845283,-1,"LUAD","NK"
"4416","14q11.2",0.0666599006102747,0.247896587211359,0.804779129521054,"con","ALL","14","q","14q",0,1,"LUAD","NK"
"4417","14q12",-0.101366837529915,-0.390259712790562,0.697266646675666,"con","ALL","14","q","14q",0,1,"LUAD","NK"
"4418","14q13.1",-0.107109440398929,-0.424060840382881,0.672533319508435,"con","ALL","14","q","14q",0,1,"LUAD","NK"
"4419","14q13.2",-0.114368614589746,-0.465880376396593,0.642426655262084,"con","ALL","14","q","14q",-0.00527096225736,1,"LUAD","NK"
"4420","14q13.3",-0.162184050162809,-0.675678113576743,0.500977505438746,"con","ALL","14","q","14q",-0.0719812742192446,1,"LUAD","NK"
"4421","14q21.1",-0.210048661970531,-0.878448144995728,0.382039785143425,"con","ALL","14","q","14q",-0.129683638471012,1,"LUAD","NK"
"4422","14q21.2",-0.223634671339431,-0.953424589665789,0.342928702356665,"con","ALL","14","q","14q",-0.154568421290167,1,"LUAD","NK"
"4423","14q21.3",-0.270176645869299,-1.1811984360492,0.240635881664723,"con","ALL","14","q","14q",-0.201983840917627,1,"LUAD","NK"
"4424","14q22.1",-0.324693664527282,-1.45111999836789,0.150223167717365,"con","ALL","14","q","14q",-0.29346009973382,1,"LUAD","NK"
"4425","14q22.3",-0.322632544876579,-1.47191991770162,0.144530783870317,"con","ALL","14","q","14q",-0.307643846648613,1,"LUAD","NK"
"4426","14q23.1",-0.334247164480234,-1.58913613412781,0.115536609976115,"con","ALL","14","q","14q",-0.364011701033126,1,"LUAD","NK"
"4427","14q23.2",-0.338863365592605,-1.63990040038197,0.104516724137926,"con","ALL","14","q","14q",-0.401793203460636,1,"LUAD","NK"
"4428","14q23.3",-0.358898188651227,-1.7404503414784,0.0851978413515203,"con","ALL","14","q","14q",-0.463678255026467,1,"LUAD","NK"
"4429","14q24.1",-0.390439093269792,-1.91013424672228,0.059300296298037,"con","ALL","14","q","14q",-0.57904083990066,1,"LUAD","NK"
"4430","14q24.2",-0.418932082395412,-2.04851470176505,0.0434223718982734,"con","ALL","14","q","14q",-0.662697361408933,1,"LUAD","NK"
"4431","14q24.3",-0.418946401633098,-1.89090583942102,0.0618538716266056,"con","ALL","14","q","14q",-0.572790633660089,1,"LUAD","NK"
"4432","14q32.11",-0.432915929497339,-1.79455831353248,0.0760815146446092,"con","ALL","14","q","14q",-0.509736619254336,1,"LUAD","NK"
"4433","14q32.12",-0.378387341049496,-1.51606625723322,0.133007166725395,"con","ALL","14","q","14q",-0.325132673899501,1,"LUAD","NK"
"4434","14q32.2",-0.384441874287079,-1.49651245345226,0.138018902676704,"con","ALL","14","q","14q",-0.318169866087745,1,"LUAD","NK"
"4435","14q32.31",-0.353565263176325,-1.3673009253387,0.174936172944958,"con","ALL","14","q","14q",-0.254861143293302,1,"LUAD","NK"
"4436","14q32.32",-0.485243758837104,-1.88953139709039,0.0620398917192942,"con","ALL","14","q","14q",-0.572790633660089,1,"LUAD","NK"
"4437","14q32.33",-0.649125590353804,-2.73865255365159,0.00743645193919691,"con","ALL","14","q","14q",-1.05087372876251,1,"LUAD","NK"
"4438","15q14",0.650630503142152,3.66757093960545,0.000414120365353655,"con","ALL","15","q","15q",1.45782220360698,-1,"LUAD","NK"
"4439","15q15.1",0.622214399461038,3.62811805964938,0.000473311876123685,"con","ALL","15","q","15q",1.45782220360698,-1,"LUAD","NK"
"4440","15q15.2",0.56875770506112,3.39308151544737,0.0010290617965279,"con","ALL","15","q","15q",1.44741720997098,-1,"LUAD","NK"
"4441","15q15.3",0.556233738970926,3.32724046837672,0.0012714505168924,"con","ALL","15","q","15q",1.44741720997098,-1,"LUAD","NK"
"4442","15q21.1",0.53360369346616,3.14251884464408,0.00226814650720352,"con","ALL","15","q","15q",1.35161462783722,-1,"LUAD","NK"
"4443","15q21.2",0.531639374775365,3.03521731302164,0.00314266183326267,"con","ALL","15","q","15q",1.25274006073524,-1,"LUAD","NK"
"4444","15q21.3",0.531079425232001,3.00767163200775,0.00341290735024566,"con","ALL","15","q","15q",1.2322475211466,-1,"LUAD","NK"
"4445","15q22.1",0.532536102849374,2.98147437485328,0.00368973006401637,"con","ALL","15","q","15q",1.22917626091273,-1,"LUAD","NK"
"4446","15q22.2",0.520582867441356,2.7863687526778,0.0065003174584219,"con","ALL","15","q","15q",1.05388841548057,-1,"LUAD","NK"
"4447","15q22.31",0.510874345296993,2.49581839137869,0.0143886702866669,"con","ALL","15","q","15q",0.938125421385745,-1,"LUAD","NK"
"4448","15q23",0.490561739385915,2.16498620020995,0.0330346021631101,"con","ALL","15","q","15q",0.708189885692573,-1,"LUAD","NK"
"4449","15q24.1",0.502963591809264,2.08623899484316,0.0397863535088797,"con","ALL","15","q","15q",0.684008666845283,-1,"LUAD","NK"
"4450","15q24.2",0.486699169929421,1.94360093265066,0.0550679724514884,"con","ALL","15","q","15q",0.601283443476208,-1,"LUAD","NK"
"4451","15q24.3",0.430819124185988,1.6641957687352,0.0995514315134668,"con","ALL","15","q","15q",0.413853131847061,-1,"LUAD","NK"
"4452","15q25.1",0.36512060973892,1.38861998471309,0.168375459539713,"con","ALL","15","q","15q",0.261646988257796,-1,"LUAD","NK"
"4453","15q25.3",0.339607753525975,1.33522709846734,0.185169454502941,"con","ALL","15","q","15q",0.23931547424765,-1,"LUAD","NK"
"4454","15q26.1",0.313982308965938,1.26128678147676,0.210465064216639,"con","ALL","15","q","15q",0.22490377483057,-1,"LUAD","NK"
"4455","15q26.3",0.32143554129808,1.37259623985355,0.173288760895866,"con","ALL","15","q","15q",0.254861143293302,-1,"LUAD","NK"
"4456","16p13.3",-0.356285111328143,-1.9404164508962,0.0554593576663995,"con","ALL","16","p","16p",-0.601283443476208,1,"LUAD","NK"
"4457","16p13.2",-0.243070598053012,-1.10879806783421,0.270471482586931,"con","ALL","16","p","16p",-0.185229387515331,1,"LUAD","NK"
"4458","16p13.13",-0.243462952628591,-1.07982826316733,0.283103965966108,"con","ALL","16","p","16p",-0.185229387515331,1,"LUAD","NK"
"4459","16p12.3",-0.267162308651795,-1.08546491153057,0.280614737677179,"con","ALL","16","p","16p",-0.185229387515331,1,"LUAD","NK"
"4460","16p12.2",-0.23951659099202,-0.868604890938787,0.387373665937419,"con","ALL","16","p","16p",-0.129683638471012,1,"LUAD","NK"
"4461","16p12.1",-0.188401889792594,-0.634280090163005,0.527506997928007,"con","ALL","16","p","16p",-0.0566856142859134,1,"LUAD","NK"
"4462","16p11.2",0.143568771366795,0.384517283877706,0.701502168629928,"con","ALL","16","p","16p",0,1,"LUAD","NK"
"4463","16q11.2",0.632463352946716,1.44248356943382,1,"con","ALL","16","q","16q",0,1,"LUAD","NK"
"4464","16q12.1",0.362385494728604,0.785111452737371,1,"con","ALL","16","q","16q",0,1,"LUAD","NK"
"4465","16q12.2",0.166256417302591,0.356407351462591,1,"con","ALL","16","q","16q",0,1,"LUAD","NK"
"4466","16q13",0.0551212161359381,0.119905533517484,1,"con","ALL","16","q","16q",0,-1,"LUAD","NK"
"4467","16q21",0.0765708074353923,0.175071378123073,1,"con","ALL","16","q","16q",0,-1,"LUAD","NK"
"4468","16q22.1",0.0414090012221829,0.110801519252153,1,"con","ALL","16","q","16q",0,-1,"LUAD","NK"
"4469","16q22.2",-0.116095818918816,-0.406075995362753,0.685650651948097,"con","ALL","16","q","16q",0,-1,"LUAD","NK"
"4470","16q23.1",-0.215865734485608,-0.813967742550227,0.417811822094881,"con","ALL","16","q","16q",-0.119451346857176,-1,"LUAD","NK"
"4471","16q23.3",-0.265001076789783,-1.16826676537817,0.245784574344676,"con","ALL","16","q","16q",-0.197139182302981,-1,"LUAD","NK"
"4472","16q24.1",-0.224073122850582,-1.08279285958477,0.281792865708247,"con","ALL","16","q","16q",-0.185229387515331,-1,"LUAD","NK"
"4473","16q24.2",-0.195380415009617,-1.01942487455207,0.310733849827462,"con","ALL","16","q","16q",-0.169629735151862,-1,"LUAD","NK"
"4474","16q24.3",-0.216274505303629,-1.25665973713809,0.21212871023653,"con","ALL","16","q","16q",-0.223639651633139,-1,"LUAD","NK"
"4475","17p13.3",0.26696306425738,1.08663660671666,0.280099202505499,"con","ALL","17","p","17p",0.185229387515331,-1,"LUAD","NK"
"4476","17p13.2",0.165227574107639,0.715728584376577,0.476011810112796,"con","ALL","17","p","17p",0.0831438493793288,-1,"LUAD","NK"
"4477","17p13.1",0.187349738077336,0.697147381567668,0.48750749160998,"con","ALL","17","p","17p",0.0793506731487425,-1,"LUAD","NK"
"4478","17p12",0.256998785220358,0.775321033433208,0.440182415544766,"con","ALL","17","p","17p",0.105045727341672,-1,"LUAD","NK"
"4479","17p11.2",0.358242506244838,0.866103207964861,0.388736606239137,"con","ALL","17","p","17p",0.129683638471012,-1,"LUAD","NK"
"4480","17q11.1",0.554755447972792,1.16043324842192,1,"con","ALL","17","q","17q",0,1,"LUAD","NK"
"4481","17q11.2",0.590815444431851,1.17991302038277,1,"con","ALL","17","q","17q",0,1,"LUAD","NK"
"4482","17q12",0.0947600867046216,0.365854421484278,0.715332240497463,"con","ALL","17","q","17q",0,1,"LUAD","NK"
"4483","17q21.1",0.124195813252129,0.498363591432679,0.619443534935291,"con","ALL","17","q","17q",0.0139873926333572,1,"LUAD","NK"
"4484","17q21.2",0.188170735433063,0.779404131097896,0.437786407152191,"con","ALL","17","q","17q",0.106052580574995,1,"LUAD","NK"
"4485","17q21.31",0.242069723726312,0.922387438196372,0.358792668529872,"con","ALL","17","q","17q",0.143354477138137,1,"LUAD","NK"
"4486","17q21.32",0.334887500524721,1.13975634100309,0.257412103171772,"con","ALL","17","q","17q",0.190735689583466,1,"LUAD","NK"
"4487","17q21.33",0.315084592247425,1.11260957731,0.268839154805488,"con","ALL","17","q","17q",0.185229387515331,1,"LUAD","NK"
"4488","17q22",0.248416355575146,0.893681484488853,0.373875905277765,"con","ALL","17","q","17q",0.13305809874962,1,"LUAD","NK"
"4489","17q23.1",0.169448241497456,0.625316299442154,0.533345861906962,"con","ALL","17","q","17q",0.0534988048637596,1,"LUAD","NK"
"4490","17q23.3",0.164668500917429,0.613323707292449,0.541209260722082,"con","ALL","17","q","17q",0.0530082636921067,1,"LUAD","NK"
"4491","17q24.2",0.0433274472294701,0.161755958333979,0.871860621823969,"con","ALL","17","q","17q",0,1,"LUAD","NK"
"4492","17q25.1",-0.111003548211262,-0.41381523580712,0.679993897699737,"con","ALL","17","q","17q",0,1,"LUAD","NK"
"4493","17q25.3",-0.213807232167066,-0.970362277243233,0.334466581907476,"con","ALL","17","q","17q",-0.154568421290167,1,"LUAD","NK"
"4494","18p11.32",0.500005581822589,2.40737945261376,0.0181090651424934,"con","ALL","18","p","18p",0.850949599182194,-1,"LUAD","NK"
"4495","18p11.31",0.509511582480989,2.38692739681321,0.0190828827401863,"con","ALL","18","p","18p",0.850734477110179,-1,"LUAD","NK"
"4496","18p11.22",0.512281041405471,2.17352914274242,0.0323658410727067,"con","ALL","18","p","18p",0.708189885692573,-1,"LUAD","NK"
"4497","18p11.21",0.523370073749213,1.87452776272595,0.0641013011578905,"con","ALL","18","p","18p",0.561872529453248,-1,"LUAD","NK"
"4498","18q11.1",0.556104145525026,1.83113814523919,0.0703887239634829,"con","ALL","18","q","18q",0.53410520856052,-1,"LUAD","NK"
"4499","18q11.2",0.542072310400192,1.67545464840265,0.0973162014304396,"con","ALL","18","q","18q",0.413853131847061,-1,"LUAD","NK"
"4500","18q12.2",0.617212744777008,1.68219317280617,1,"con","ALL","18","q","18q",0,-1,"LUAD","NK"
"4501","18q21.1",0.43795355472214,1.17815313552584,1,"con","ALL","18","q","18q",0,-1,"LUAD","NK"
"4502","18q21.31",0.462392821355763,1.27143640958729,1,"con","ALL","18","q","18q",0,-1,"LUAD","NK"
"4503","18q21.32",0.465328274605799,1.29078108054584,0.200085571746067,"con","ALL","18","q","18q",0.230296424866673,-1,"LUAD","NK"
"4504","18q21.33",0.457009129901606,1.27230148876261,0.206543405855256,"con","ALL","18","q","18q",0.226541589702195,-1,"LUAD","NK"
"4505","18q22.3",0.535545017599998,1.49452795447906,0.13853570385698,"con","ALL","18","q","18q",0.318169866087745,-1,"LUAD","NK"
"4506","18q23",0.510290841345812,1.43295225971748,0.155336073058504,"con","ALL","18","q","18q",0.284064333117817,-1,"LUAD","NK"
"4507","19p13.3",-0.211999827550996,-1.13668432622712,0.25868776332673,"con","ALL","19","p","19p",-0.190735689583466,1,"LUAD","NK"
"4508","19p13.2",-0.00704406895616723,-0.0269302346756863,0.978575002707573,"con","ALL","19","p","19p",0,-1,"LUAD","NK"
"4509","19p13.13",-0.263678036411749,-0.936972140510252,0.351280426732042,"con","ALL","19","p","19p",-0.149482890250931,-1,"LUAD","NK"
"4510","19p13.12",-0.517449827774924,-1.64125842017678,0.10423400320857,"con","ALL","19","p","19p",-0.401793203460636,-1,"LUAD","NK"
"4511","19p13.11",-0.625077990636597,-1.66538690364782,0.099313002483904,"con","ALL","19","p","19p",-0.413853131847061,-1,"LUAD","NK"
"4512","19q12",-0.262675180428851,-1.03130337058437,0.305162067559578,"con","ALL","19","q","19q",-0.171976890866539,1,"LUAD","NK"
"4513","19q13.11",-0.2072082357124,-0.920233790625942,0.359910602759665,"con","ALL","19","q","19q",-0.143354477138137,1,"LUAD","NK"
"4514","19q13.12",-0.162269824270996,-0.838313388894718,0.40407565295427,"con","ALL","19","q","19q",-0.128383529640221,1,"LUAD","NK"
"4515","19q13.2",-0.076509295391715,-0.370950715438955,0.711545971723532,"con","ALL","19","q","19q",0,1,"LUAD","NK"
"4516","19q13.31",-0.057056334505016,-0.243831771516595,0.80791607173809,"con","ALL","19","q","19q",0,1,"LUAD","NK"
"4517","19q13.32",-0.108909604842546,-0.476199839346745,0.63508602147788,"con","ALL","19","q","19q",-0.00553626516725866,-1,"LUAD","NK"
"4518","19q13.33",-0.263122592120172,-1.42235101760665,0.158381020435109,"con","ALL","19","q","19q",-0.278180707237067,-1,"LUAD","NK"
"4519","19q13.41",-0.332948348563225,-2.02414408039329,0.0459201143948488,"con","ALL","19","q","19q",-0.651070634058088,-1,"LUAD","NK"
"4520","19q13.42",-0.405102146239098,-2.89727494738968,0.00472611988171184,"con","ALL","19","q","19q",-1.13858472401806,1,"LUAD","NK"
"4521","19q13.43",-0.428494755047254,-3.30911109220932,0.00134705786261031,"con","ALL","19","q","19q",-1.44741720997098,1,"LUAD","NK"
"4522","20p13",0.265000987107661,1.30747013732866,0.194383360809272,"con","ALL","20","p","20p",0.231258061354332,-1,"LUAD","NK"
"4523","20p12.3",0.29771629510286,1.3025331845711,0.196057415450895,"con","ALL","20","p","20p",0.231258061354332,-1,"LUAD","NK"
"4524","20p12.1",0.346798108493185,1.38288307684514,0.17012218458591,"con","ALL","20","p","20p",0.259639450446019,-1,"LUAD","NK"
"4525","20p11.23",0.366159800656994,1.35714000613,0.178130551482698,"con","ALL","20","p","20p",0.250780858199833,-1,"LUAD","NK"
"4526","20p11.22",0.369400081509935,1.28628171558251,0.201643934440519,"con","ALL","20","p","20p",0.230296424866673,-1,"LUAD","NK"
"4527","20p11.21",0.333467146972644,1.10978990557505,0.270046051872919,"con","ALL","20","p","20p",0.185229387515331,-1,"LUAD","NK"
"4528","20q11.21",0.364032440475835,1.05874568488068,0.292548938426551,"con","ALL","20","q","20q",0.185229387515331,1,"LUAD","NK"
"4529","20q11.22",-0.0764259645803379,-0.201091359677254,0.841080908828197,"con","ALL","20","q","20q",0,1,"LUAD","NK"
"4530","20q12",-0.675528378913131,-1.83817317300574,1,"con","ALL","20","q","20q",0,1,"LUAD","NK"
"4531","20q13.11",-0.686243984308608,-1.88571629338528,1,"con","ALL","20","q","20q",0,1,"LUAD","NK"
"4532","20q13.12",-0.590294918299536,-1.70346943354962,0.091931111434428,"con","ALL","20","q","20q",-0.433713567279292,1,"LUAD","NK"
"4533","20q13.13",-0.343035453884866,-1.30356714082929,0.195705928446929,"con","ALL","20","q","20q",-0.231258061354332,1,"LUAD","NK"
"4534","20q13.2",-0.277749514356349,-1.19079032666014,0.236867127444287,"con","ALL","20","q","20q",-0.203200855681783,1,"LUAD","NK"
"4535","20q13.32",-0.307377465290858,-1.57073116088854,0.119754324766204,"con","ALL","20","q","20q",-0.354117248111093,1,"LUAD","NK"
"4536","20q13.33",-0.304889556283859,-1.79557577396875,0.0759181563424238,"con","ALL","20","q","20q",-0.509736619254336,1,"LUAD","NK"
"4537","21q21.3",0.160920282315199,0.89790775256311,0.371630545037542,"con","ALL","21","q","21q",0.134168819067102,1,"LUAD","NK"
"4538","21q22.11",0.147299196652441,0.839800099015392,0.403245825801116,"con","ALL","21","q","21q",0.128383529640221,1,"LUAD","NK"
"4539","21q22.12",0.122387793549104,0.70199866040432,0.484491517220394,"con","ALL","21","q","21q",0.0793506731487425,1,"LUAD","NK"
"4540","21q22.13",0.104012022450079,0.605298294289162,0.546504117610902,"con","ALL","21","q","21q",0.0513297358404479,1,"LUAD","NK"
"4541","21q22.2",0.0693627469763325,0.410104241419598,0.68270407175519,"con","ALL","21","q","21q",0,1,"LUAD","NK"
"4542","21q22.3",0.0367787222713491,0.225901379737378,0.821790344307989,"con","ALL","21","q","21q",0,1,"LUAD","NK"
"4543","22q11.21",0.181070498541861,0.561757813162119,0.575677332579715,"con","ALL","22","q","22q",0.0398030528312194,1,"LUAD","NK"
"4544","22q11.22",0.313352990354122,0.881487791741468,0.380401953958514,"con","ALL","22","q","22q",0.129683638471012,1,"LUAD","NK"
"4545","22q11.23",0.386629035946874,1.03710317556853,1,"con","ALL","22","q","22q",0,1,"LUAD","NK"
"4546","22q12.1",0.448461994318882,1.13494861906702,0.259410485416947,"con","ALL","22","q","22q",0.190735689583466,1,"LUAD","NK"
"4547","22q12.2",0.443507463858129,1.08002604413004,0.283016366224015,"con","ALL","22","q","22q",0.185229387515331,-1,"LUAD","NK"
"4548","22q12.3",0.330663938883129,0.841447159756416,0.402327709713022,"con","ALL","22","q","22q",0.128383529640221,-1,"LUAD","NK"
"4549","22q13.1",0.162351683536046,0.456286755501556,0.649282989362672,"con","ALL","22","q","22q",0.00527096225736,-1,"LUAD","NK"
"4550","22q13.2",0.168666631487808,0.467784656265113,0.641069364171117,"con","ALL","22","q","22q",0.00527096225736,-1,"LUAD","NK"
"4551","22q13.31",0.31178067571241,0.866547621589482,0.3884942689445,"con","ALL","22","q","22q",0.129683638471012,-1,"LUAD","NK"
"4552","22q13.33",0.3161404519117,0.881188886634784,0.380562816149128,"con","ALL","22","q","22q",0.129683638471012,-1,"LUAD","NK"
"4553","1p36.33",-0.141188935403701,-1.31324507211238,0.192438718725554,"con","ALL","1","p","1p",0,1,"LUAD","plasma_cell"
"4554","1p36.32",-0.156210061072024,-1.39868011088063,0.165345530081912,"con","ALL","1","p","1p",0,1,"LUAD","plasma_cell"
"4555","1p36.31",-0.167108386942517,-1.46155147471047,0.14734698749412,"con","ALL","1","p","1p",0,1,"LUAD","plasma_cell"
"4556","1p36.23",-0.193356346868457,-1.63118863706666,0.106345148168041,"con","ALL","1","p","1p",0,1,"LUAD","plasma_cell"
"4557","1p36.22",-0.236669505885644,-1.78113898754672,0.0782634619047452,"con","ALL","1","p","1p",0,1,"LUAD","plasma_cell"
"4558","1p36.21",-0.242012547729328,-1.7140893797288,0.089954410760198,"con","ALL","1","p","1p",0,1,"LUAD","plasma_cell"
"4559","1p36.13",-0.228195081163255,-1.5469974972866,0.125373148566854,"con","ALL","1","p","1p",0,1,"LUAD","plasma_cell"
"4560","1p36.12",-0.207994116686194,-1.37991578503646,0.17103104166539,"con","ALL","1","p","1p",0,1,"LUAD","plasma_cell"
"4561","1p36.11",-0.152247193534551,-0.956609455350143,0.341327001703968,"con","ALL","1","p","1p",0,1,"LUAD","plasma_cell"
"4562","1p35.3",-0.142351876429782,-0.795939937551083,0.428161342081069,"con","ALL","1","p","1p",0,1,"LUAD","plasma_cell"
"4563","1p35.2",-0.120999199506398,-0.671758794235911,0.503457993558988,"con","ALL","1","p","1p",0,1,"LUAD","plasma_cell"
"4564","1p35.1",-0.0901971583758999,-0.510601515279611,0.610880263635553,"con","ALL","1","p","1p",0,1,"LUAD","plasma_cell"
"4565","1p34.3",-0.0040470531444213,-0.0251094820704541,0.980023227384582,"con","ALL","1","p","1p",0,1,"LUAD","plasma_cell"
"4566","1p34.2",0.0257434208712987,0.180828380938665,0.856908870650276,"con","ALL","1","p","1p",0,1,"LUAD","plasma_cell"
"4567","1p34.1",0.0347034922515704,0.266809320029215,0.790226359094952,"con","ALL","1","p","1p",0,1,"LUAD","plasma_cell"
"4568","1p33",0.0454832306292823,0.344554708910265,0.731232993789766,"con","ALL","1","p","1p",0,1,"LUAD","plasma_cell"
"4569","1p32.3",0.0212363624273682,0.151220800893518,0.880139981997346,"con","ALL","1","p","1p",0,1,"LUAD","plasma_cell"
"4570","1p32.1",-0.0078513593624914,-0.0546054763473092,0.956573809433099,"con","ALL","1","p","1p",0,1,"LUAD","plasma_cell"
"4571","1p31.3",0.0120922398073247,0.0781571544272416,0.937876547835365,"con","ALL","1","p","1p",0,1,"LUAD","plasma_cell"
"4572","1p31.1",0.0358438925681317,0.211177670026346,0.833226074257932,"con","ALL","1","p","1p",0,1,"LUAD","plasma_cell"
"4573","1p22.3",0.105053114324809,0.597315451882597,1,"con","ALL","1","p","1p",0,-1,"LUAD","plasma_cell"
"4574","1p22.2",0.117206582045177,0.672566942564947,0.502945987500877,"con","ALL","1","p","1p",0,-1,"LUAD","plasma_cell"
"4575","1p22.1",0.121536567657171,0.682483977485211,0.496685851224443,"con","ALL","1","p","1p",0,-1,"LUAD","plasma_cell"
"4576","1p21.3",0.125462983175629,0.664827169379908,0.507861026105046,"con","ALL","1","p","1p",0,-1,"LUAD","plasma_cell"
"4577","1p21.2",0.120063143052658,0.597756895875482,0.551503307502328,"con","ALL","1","p","1p",0,-1,"LUAD","plasma_cell"
"4578","1p13.3",0.0761680653919652,0.276843125167058,1,"con","ALL","1","p","1p",0,-1,"LUAD","plasma_cell"
"4579","1p13.2",0.117400410286448,0.366650154715982,1,"con","ALL","1","p","1p",0,1,"LUAD","plasma_cell"
"4580","1p13.1",0.204982021502917,0.781279384763105,0.436688548077487,"con","ALL","1","p","1p",0,1,"LUAD","plasma_cell"
"4581","1p12",0.245842573253506,1.0660620865866,0.289247108591105,"con","ALL","1","p","1p",0,1,"LUAD","plasma_cell"
"4582","1q21.1",0.242479629392974,1.19025120828435,0.237077821212192,"con","ALL","1","q","1q",0,1,"LUAD","plasma_cell"
"4583","1q21.2",0.193228155820671,1.19388499305123,0.235660298645644,"con","ALL","1","q","1q",0,1,"LUAD","plasma_cell"
"4584","1q21.3",0.0697938896208586,0.680392790482176,0.498002391542127,"con","ALL","1","q","1q",0,1,"LUAD","plasma_cell"
"4585","1q22",0.0170929912198448,0.203978629864325,0.838830732242571,"con","ALL","1","q","1q",0,1,"LUAD","plasma_cell"
"4586","1q23.1",0.00182350415945392,0.021180442459951,0.983148603018861,"con","ALL","1","q","1q",0,1,"LUAD","plasma_cell"
"4587","1q23.2",-0.00986115059271188,-0.113107890779025,0.910196935392785,"con","ALL","1","q","1q",0,1,"LUAD","plasma_cell"
"4588","1q23.3",-0.0306616254383019,-0.334256899351109,0.738963368326399,"con","ALL","1","q","1q",0,1,"LUAD","plasma_cell"
"4589","1q24.1",-0.0563048784404126,-0.587925004635365,0.558054996832258,"con","ALL","1","q","1q",0,1,"LUAD","plasma_cell"
"4590","1q24.2",-0.0692112412342113,-0.709224323532224,0.480018546750415,"con","ALL","1","q","1q",0,1,"LUAD","plasma_cell"
"4591","1q24.3",-0.0909644012638596,-0.921402821025614,0.359303496529545,"con","ALL","1","q","1q",0,1,"LUAD","plasma_cell"
"4592","1q25.1",-0.119473191452197,-1.1909950087586,0.236787170538992,"con","ALL","1","q","1q",0,1,"LUAD","plasma_cell"
"4593","1q25.2",-0.141687950214219,-1.41639612043954,0.16011146005809,"con","ALL","1","q","1q",0,1,"LUAD","plasma_cell"
"4594","1q25.3",-0.157505215458138,-1.57306782861139,0.119212148524404,"con","ALL","1","q","1q",0,1,"LUAD","plasma_cell"
"4595","1q31.1",-0.166266697437609,-1.65657617996285,0.101087646132714,"con","ALL","1","q","1q",0,1,"LUAD","plasma_cell"
"4596","1q31.2",-0.168323062445573,-1.68506074512292,0.0954415030434037,"con","ALL","1","q","1q",0,1,"LUAD","plasma_cell"
"4597","1q32.1",-0.169651694121493,-1.72767842658916,0.0874759406958244,"con","ALL","1","q","1q",0,1,"LUAD","plasma_cell"
"4598","1q32.2",-0.168369803504606,-1.68915438030474,0.0946515861201772,"con","ALL","1","q","1q",0,1,"LUAD","plasma_cell"
"4599","1q32.3",-0.16730775580019,-1.61831684675695,0.109093775926058,"con","ALL","1","q","1q",0,1,"LUAD","plasma_cell"
"4600","1q41",-0.151989718175804,-1.43263656952156,0.155426089930204,"con","ALL","1","q","1q",0,1,"LUAD","plasma_cell"
"4601","1q42.11",-0.146990284464361,-1.36627227822,0.175257566894912,"con","ALL","1","q","1q",0,1,"LUAD","plasma_cell"
"4602","1q42.12",-0.14477054329923,-1.32418286360783,0.188795454388972,"con","ALL","1","q","1q",0,1,"LUAD","plasma_cell"
"4603","1q42.13",-0.144414761053216,-1.28679893938021,0.201464336674254,"con","ALL","1","q","1q",0,1,"LUAD","plasma_cell"
"4604","1q42.2",-0.14053808401274,-1.23653398984998,0.219477318550994,"con","ALL","1","q","1q",0,1,"LUAD","plasma_cell"
"4605","1q42.3",-0.138817252750919,-1.22517047392209,0.22370773914602,"con","ALL","1","q","1q",0,1,"LUAD","plasma_cell"
"4606","1q43",-0.138632623370965,-1.22032934197184,0.22552789988551,"con","ALL","1","q","1q",0,1,"LUAD","plasma_cell"
"4607","1q44",-0.136045476400876,-1.20927444081519,0.229724554144462,"con","ALL","1","q","1q",0,1,"LUAD","plasma_cell"
"4608","2p25.3",0.217937078136379,1.12964084701698,0.26162937834769,"con","ALL","2","p","2p",0,1,"LUAD","plasma_cell"
"4609","2p25.1",0.214591629897623,0.991855949223711,0.323926999287447,"con","ALL","2","p","2p",0,1,"LUAD","plasma_cell"
"4610","2p24.1",0.17343960860523,0.724502436430356,0.470636621582982,"con","ALL","2","p","2p",0,1,"LUAD","plasma_cell"
"4611","2p23.3",0.083712023522493,0.309547533647338,1,"con","ALL","2","p","2p",0,1,"LUAD","plasma_cell"
"4612","2p23.2",-0.0716861504421517,-0.246476636825683,1,"con","ALL","2","p","2p",0,1,"LUAD","plasma_cell"
"4613","2p22.3",-0.0962332249691975,-0.333986011818744,1,"con","ALL","2","p","2p",0,1,"LUAD","plasma_cell"
"4614","2p22.2",-0.134896404330399,-0.495090657171487,1,"con","ALL","2","p","2p",0,1,"LUAD","plasma_cell"
"4615","2p22.1",-0.148501697938001,-0.586050876405863,1,"con","ALL","2","p","2p",0,1,"LUAD","plasma_cell"
"4616","2p21",-0.0732107581905343,-0.301656266901887,1,"con","ALL","2","p","2p",0,-1,"LUAD","plasma_cell"
"4617","2p16.2",-0.0900344972578969,-0.398887694134897,1,"con","ALL","2","p","2p",0,-1,"LUAD","plasma_cell"
"4618","2p16.1",-0.10148493030557,-0.461100487291923,1,"con","ALL","2","p","2p",0,-1,"LUAD","plasma_cell"
"4619","2p15",-0.0632429204701233,-0.298451915654732,1,"con","ALL","2","p","2p",0,1,"LUAD","plasma_cell"
"4620","2p14",-0.0493043603327133,-0.23225698645351,1,"con","ALL","2","p","2p",0,1,"LUAD","plasma_cell"
"4621","2p13.3",-0.0622985080673365,-0.290381331004707,1,"con","ALL","2","p","2p",0,1,"LUAD","plasma_cell"
"4622","2p13.2",-0.0522382272212023,-0.237507807747841,1,"con","ALL","2","p","2p",0,1,"LUAD","plasma_cell"
"4623","2p13.1",-0.0104217394527774,-0.0451893153204692,1,"con","ALL","2","p","2p",0,1,"LUAD","plasma_cell"
"4624","2p12",0.0167724064840502,0.0694258334459507,1,"con","ALL","2","p","2p",0,1,"LUAD","plasma_cell"
"4625","2p11.2",-0.0360588118682427,-0.146519388971818,1,"con","ALL","2","p","2p",0,1,"LUAD","plasma_cell"
"4626","2q11.1",-0.108367594730838,-0.431983420419944,1,"con","ALL","2","q","2q",0,1,"LUAD","plasma_cell"
"4627","2q11.2",-0.137637396161484,-0.518614303128146,1,"con","ALL","2","q","2q",0,1,"LUAD","plasma_cell"
"4628","2q12.2",-0.178180343649296,-0.638967724033108,1,"con","ALL","2","q","2q",0,1,"LUAD","plasma_cell"
"4629","2q12.3",-0.191418821424627,-0.681939366621119,1,"con","ALL","2","q","2q",0,1,"LUAD","plasma_cell"
"4630","2q13",-0.193442136367275,-0.684241217019556,1,"con","ALL","2","q","2q",0,1,"LUAD","plasma_cell"
"4631","2q14.1",-0.199090646526672,-0.701711340656827,1,"con","ALL","2","q","2q",0,1,"LUAD","plasma_cell"
"4632","2q14.2",-0.171744078220111,-0.59622971781448,1,"con","ALL","2","q","2q",0,1,"LUAD","plasma_cell"
"4633","2q14.3",-0.127566082061506,-0.453694357212233,1,"con","ALL","2","q","2q",0,1,"LUAD","plasma_cell"
"4634","2q21.1",-0.0448318562280675,-0.158023882130097,1,"con","ALL","2","q","2q",0,1,"LUAD","plasma_cell"
"4635","2q21.3",0.0186527845720011,0.0675873750146091,1,"con","ALL","2","q","2q",0,1,"LUAD","plasma_cell"
"4636","2q23.2",0.0411373891072693,0.150579652984756,1,"con","ALL","2","q","2q",0,1,"LUAD","plasma_cell"
"4637","2q23.3",0.0292249545596823,0.107290087309526,1,"con","ALL","2","q","2q",0,1,"LUAD","plasma_cell"
"4638","2q24.2",0.00894969036341024,0.03285206495098,1,"con","ALL","2","q","2q",0,1,"LUAD","plasma_cell"
"4639","2q31.1",-0.00690329180976533,-0.0253157292653559,1,"con","ALL","2","q","2q",0,1,"LUAD","plasma_cell"
"4640","2q31.2",0.0505808288499908,0.169160573663653,1,"con","ALL","2","q","2q",0,1,"LUAD","plasma_cell"
"4641","2q31.3",0.0724120756967451,0.236409942074487,1,"con","ALL","2","q","2q",0,1,"LUAD","plasma_cell"
"4642","2q32.1",0.103548091319943,0.332104439912511,1,"con","ALL","2","q","2q",0,1,"LUAD","plasma_cell"
"4643","2q32.3",0.129355606949244,0.409881174854209,1,"con","ALL","2","q","2q",0,1,"LUAD","plasma_cell"
"4644","2q33.1",0.252879938661847,0.742795770702907,1,"con","ALL","2","q","2q",0,1,"LUAD","plasma_cell"
"4645","2q33.2",0.318477282576781,0.897603418398,1,"con","ALL","2","q","2q",0,1,"LUAD","plasma_cell"
"4646","2q34",0.34958820208534,1.08345643121476,1,"con","ALL","2","q","2q",0,1,"LUAD","plasma_cell"
"4647","2q35",0.397798370923281,1.35667027910877,1,"con","ALL","2","q","2q",0,1,"LUAD","plasma_cell"
"4648","2q36.1",0.374460064262536,1.41187294175239,0.161435538997573,"con","ALL","2","q","2q",0,1,"LUAD","plasma_cell"
"4649","2q36.3",0.341911780664022,1.32526274172391,0.18843858189147,"con","ALL","2","q","2q",0,1,"LUAD","plasma_cell"
"4650","2q37.1",0.345769645602782,1.46116614616981,0.147452464012912,"con","ALL","2","q","2q",0,1,"LUAD","plasma_cell"
"4651","2q37.3",0.33238377754218,1.51611663426924,0.132994442331049,"con","ALL","2","q","2q",0,1,"LUAD","plasma_cell"
"4652","3p26.2",-0.0466767279227415,-0.310602341693078,0.756821126731022,"con","ALL","3","p","3p",0,-1,"LUAD","plasma_cell"
"4653","3p26.1",-0.0466457816854332,-0.31159848795735,0.756066350096285,"con","ALL","3","p","3p",0,-1,"LUAD","plasma_cell"
"4654","3p25.3",-0.0290275933571861,-0.197482416439068,0.843895372040272,"con","ALL","3","p","3p",0,-1,"LUAD","plasma_cell"
"4655","3p25.2",-0.0117911680157476,-0.0811933783138638,0.935468452992271,"con","ALL","3","p","3p",0,-1,"LUAD","plasma_cell"
"4656","3p25.1",-0.00923978683115117,-0.0642701164613127,0.948897684419084,"con","ALL","3","p","3p",0,-1,"LUAD","plasma_cell"
"4657","3p24.3",0.000788914868708739,0.00568236919499081,0.995478726314623,"con","ALL","3","p","3p",0,-1,"LUAD","plasma_cell"
"4658","3p24.2",0.00629741788269772,0.0456450782755867,0.963694267041216,"con","ALL","3","p","3p",0,-1,"LUAD","plasma_cell"
"4659","3p24.1",0.0134340727817424,0.0985835471488502,0.921688171988156,"con","ALL","3","p","3p",0,-1,"LUAD","plasma_cell"
"4660","3p23",0.0288244783513508,0.212408362365574,0.83226879865124,"con","ALL","3","p","3p",0,-1,"LUAD","plasma_cell"
"4661","3p22.3",0.0493499582655857,0.363135237111618,0.717355370513373,"con","ALL","3","p","3p",0,-1,"LUAD","plasma_cell"
"4662","3p22.2",0.0801248657207279,0.585014103389891,0.560002096216055,"con","ALL","3","p","3p",0,-1,"LUAD","plasma_cell"
"4663","3p22.1",0.112763643894516,0.802026839750153,0.424650081470628,"con","ALL","3","p","3p",0,-1,"LUAD","plasma_cell"
"4664","3p21.33",0.155154111978828,1.06722448479466,0.288724886964122,"con","ALL","3","p","3p",0,-1,"LUAD","plasma_cell"
"4665","3p21.31",0.259560066664076,1.60216075241324,0.112624254722508,"con","ALL","3","p","3p",0,-1,"LUAD","plasma_cell"
"4666","3p21.2",0.295848381353485,1.52620018087977,1,"con","ALL","3","p","3p",0,-1,"LUAD","plasma_cell"
"4667","3p21.1",0.344453773106284,1.57748479689959,1,"con","ALL","3","p","3p",0,-1,"LUAD","plasma_cell"
"4668","3p14.3",0.412305128893366,1.73169303471581,1,"con","ALL","3","p","3p",0,-1,"LUAD","plasma_cell"
"4669","3p14.1",0.477760022648909,1.91659274244064,1,"con","ALL","3","p","3p",0,-1,"LUAD","plasma_cell"
"4670","3p13",0.464984060288739,1.86123784257531,1,"con","ALL","3","p","3p",0,-1,"LUAD","plasma_cell"
"4671","3p11.2",0.429941611958991,1.67738435759974,1,"con","ALL","3","p","3p",0,-1,"LUAD","plasma_cell"
"4672","3p11.1",0.433082888503041,1.66497239250426,1,"con","ALL","3","p","3p",0,-1,"LUAD","plasma_cell"
"4673","3q11.2",0.413778874728279,1.54728412743913,1,"con","ALL","3","q","3q",0,-1,"LUAD","plasma_cell"
"4674","3q12.2",0.190104868613776,0.735523189102697,1,"con","ALL","3","q","3q",0,1,"LUAD","plasma_cell"
"4675","3q12.3",0.146885988107084,0.565320975935142,1,"con","ALL","3","q","3q",0,1,"LUAD","plasma_cell"
"4676","3q13.12",0.0859811086212051,0.338022623010125,1,"con","ALL","3","q","3q",0,1,"LUAD","plasma_cell"
"4677","3q13.13",0.0609553700264314,0.242424618235834,1,"con","ALL","3","q","3q",0,1,"LUAD","plasma_cell"
"4678","3q13.2",0.0651699496391458,0.260828488822554,1,"con","ALL","3","q","3q",0,1,"LUAD","plasma_cell"
"4679","3q13.31",0.0618601157693633,0.250301885754548,1,"con","ALL","3","q","3q",0,1,"LUAD","plasma_cell"
"4680","3q13.33",-0.0121401715855497,-0.0532732675428935,0.957632251738695,"con","ALL","3","q","3q",0,1,"LUAD","plasma_cell"
"4681","3q21.1",-0.0587040362487172,-0.281951532784379,0.778627998404546,"con","ALL","3","q","3q",0,1,"LUAD","plasma_cell"
"4682","3q21.3",-0.136936271967495,-0.719055116046702,0.473969835448934,"con","ALL","3","q","3q",0,1,"LUAD","plasma_cell"
"4683","3q22.1",-0.189884826727031,-1.02153498567489,0.309739116846149,"con","ALL","3","q","3q",0,1,"LUAD","plasma_cell"
"4684","3q22.2",-0.210827126927882,-1.14911452288006,0.25355347257637,"con","ALL","3","q","3q",0,-1,"LUAD","plasma_cell"
"4685","3q22.3",-0.230640861365419,-1.29892328371814,0.197288266244818,"con","ALL","3","q","3q",0,-1,"LUAD","plasma_cell"
"4686","3q23",-0.244286472751585,-1.48818354939504,0.140198080106773,"con","ALL","3","q","3q",0,-1,"LUAD","plasma_cell"
"4687","3q24",-0.251022912307183,-1.69410454164341,0.0937035159191478,"con","ALL","3","q","3q",0,-1,"LUAD","plasma_cell"
"4688","3q25.1",-0.253793078561,-1.89322514372417,0.0615410360558475,"con","ALL","3","q","3q",-0.0120254309633767,-1,"LUAD","plasma_cell"
"4689","3q25.2",-0.23782402557956,-1.92709510112344,0.0571222474328033,"con","ALL","3","q","3q",-0.032150491854038,-1,"LUAD","plasma_cell"
"4690","3q25.31",-0.233373607035911,-1.96907807583056,0.0520202283549456,"con","ALL","3","q","3q",-0.0490737069277346,-1,"LUAD","plasma_cell"
"4691","3q25.32",-0.228274424395847,-1.95764702489864,0.0533694766081188,"con","ALL","3","q","3q",-0.0490737069277346,-1,"LUAD","plasma_cell"
"4692","3q25.33",-0.224187059722276,-2.02283661583705,0.0460575256386819,"con","ALL","3","q","3q",-0.072225234827589,-1,"LUAD","plasma_cell"
"4693","3q26.1",-0.221109940336905,-2.05862346359283,0.0424210838514042,"con","ALL","3","q","3q",-0.072225234827589,-1,"LUAD","plasma_cell"
"4694","3q26.2",-0.217805098151758,-2.11993643822513,0.0367636450494016,"con","ALL","3","q","3q",-0.072225234827589,-1,"LUAD","plasma_cell"
"4695","3q26.31",-0.213282101813823,-2.10576996268037,0.0380092846562325,"con","ALL","3","q","3q",-0.072225234827589,-1,"LUAD","plasma_cell"
"4696","3q26.32",-0.204668322361532,-2.12518942987362,0.0363108243176927,"con","ALL","3","q","3q",-0.072225234827589,-1,"LUAD","plasma_cell"
"4697","3q26.33",-0.180094204058295,-2.10013973793661,0.0385143846791872,"con","ALL","3","q","3q",-0.072225234827589,-1,"LUAD","plasma_cell"
"4698","3q27.1",-0.159513205601894,-2.05813736271662,0.0424687744676644,"con","ALL","3","q","3q",-0.072225234827589,-1,"LUAD","plasma_cell"
"4699","3q27.2",-0.152825406739667,-2.04324233758074,0.0439526158200545,"con","ALL","3","q","3q",-0.072225234827589,-1,"LUAD","plasma_cell"
"4700","3q27.3",-0.150265657431262,-2.02210730420731,0.0461343273223919,"con","ALL","3","q","3q",-0.072225234827589,-1,"LUAD","plasma_cell"
"4701","3q29",-0.142686060398888,-2.07261068328748,0.0410684136084615,"con","ALL","3","q","3q",-0.072225234827589,-1,"LUAD","plasma_cell"
"4702","4p16.3",0.241130961399041,1.42736652421146,0.156934759379275,"con","ALL","4","p","4p",0,-1,"LUAD","plasma_cell"
"4703","4p16.1",0.220525375620318,1.25657693705757,0.212158568599849,"con","ALL","4","p","4p",0,1,"LUAD","plasma_cell"
"4704","4p15.32",0.202283164963323,1.12411882916645,0.263951956134094,"con","ALL","4","p","4p",0,1,"LUAD","plasma_cell"
"4705","4p15.2",0.184295527810641,1.01400137815119,0.313300379022566,"con","ALL","4","p","4p",0,1,"LUAD","plasma_cell"
"4706","4p14",0.135621477417738,0.690635965164356,0.491571696390453,"con","ALL","4","p","4p",0,1,"LUAD","plasma_cell"
"4707","4p13",0.0762642038787309,0.365198907225294,0.715819771512257,"con","ALL","4","p","4p",0,1,"LUAD","plasma_cell"
"4708","4p12",0.0656234843688852,0.30922661840138,0.75786389532191,"con","ALL","4","p","4p",0,1,"LUAD","plasma_cell"
"4709","4p11",0.0605413359483918,0.283743807739591,0.77725843960492,"con","ALL","4","p","4p",0,1,"LUAD","plasma_cell"
"4710","4q12",0.01752210971938,0.0802815258952733,1,"con","ALL","4","q","4q",0,1,"LUAD","plasma_cell"
"4711","4q13.2",-0.0349574480881629,-0.15403094882695,1,"con","ALL","4","q","4q",0,1,"LUAD","plasma_cell"
"4712","4q21.1",-0.18658587690905,-0.713192293922173,1,"con","ALL","4","q","4q",0,1,"LUAD","plasma_cell"
"4713","4q21.22",-0.253627152440096,-0.939437559154996,1,"con","ALL","4","q","4q",0,1,"LUAD","plasma_cell"
"4714","4q21.23",-0.287543587965247,-1.06030656680553,1,"con","ALL","4","q","4q",0,1,"LUAD","plasma_cell"
"4715","4q22.1",-0.29560063571069,-1.09288170127448,1,"con","ALL","4","q","4q",0,1,"LUAD","plasma_cell"
"4716","4q22.3",-0.272403418093131,-1.00682475243152,1,"con","ALL","4","q","4q",0,-1,"LUAD","plasma_cell"
"4717","4q23",-0.281199905075446,-1.1109128927688,1,"con","ALL","4","q","4q",0,-1,"LUAD","plasma_cell"
"4718","4q24",-0.158237831663949,-0.63647311394587,1,"con","ALL","4","q","4q",0,-1,"LUAD","plasma_cell"
"4719","4q25",-0.0699185092296684,-0.286816620957926,1,"con","ALL","4","q","4q",0,-1,"LUAD","plasma_cell"
"4720","4q27",0.0587759748390553,0.238460138767943,1,"con","ALL","4","q","4q",0,-1,"LUAD","plasma_cell"
"4721","4q31.1",0.0773422457459139,0.31826178855413,1,"con","ALL","4","q","4q",0,-1,"LUAD","plasma_cell"
"4722","4q31.21",0.0888536325145522,0.36901816819816,1,"con","ALL","4","q","4q",0,-1,"LUAD","plasma_cell"
"4723","4q31.22",0.107631793309642,0.448645158133143,1,"con","ALL","4","q","4q",0,-1,"LUAD","plasma_cell"
"4724","4q32.1",0.113935034270565,0.463007166679799,1,"con","ALL","4","q","4q",0,1,"LUAD","plasma_cell"
"4725","4q32.2",0.125789830139315,0.508580297346478,1,"con","ALL","4","q","4q",0,1,"LUAD","plasma_cell"
"4726","4q34.1",0.106151012955604,0.441071143329227,1,"con","ALL","4","q","4q",0,1,"LUAD","plasma_cell"
"4727","4q34.2",0.0821327686989168,0.344136456453755,1,"con","ALL","4","q","4q",0,1,"LUAD","plasma_cell"
"4728","4q35.1",0.110125451997138,0.470882223997462,1,"con","ALL","4","q","4q",0,1,"LUAD","plasma_cell"
"4729","5p15.33",-0.0486415022413793,-0.5205557304635,0.603954594796439,"con","ALL","5","p","5p",0,1,"LUAD","plasma_cell"
"4730","5p15.31",-0.0617953906833477,-0.606038695444669,0.546014539094528,"con","ALL","5","p","5p",0,1,"LUAD","plasma_cell"
"4731","5p15.2",-0.0695034954177235,-0.653179752584833,0.515305594893356,"con","ALL","5","p","5p",0,1,"LUAD","plasma_cell"
"4732","5p15.1",-0.086810157662437,-0.748683950581692,0.455999907838088,"con","ALL","5","p","5p",0,1,"LUAD","plasma_cell"
"4733","5p13.3",-0.0972204643864506,-0.787584531529512,0.433009073657562,"con","ALL","5","p","5p",0,1,"LUAD","plasma_cell"
"4734","5p13.1",-0.168723903985511,-1.18685616416138,0.238407738604469,"con","ALL","5","p","5p",0,1,"LUAD","plasma_cell"
"4735","5p12",-0.182781685933701,-1.24447944747823,0.216554257513748,"con","ALL","5","p","5p",0,1,"LUAD","plasma_cell"
"4736","5q11.1",-0.214303145185194,-1.3348543751964,0.185290965481085,"con","ALL","5","q","5q",0,1,"LUAD","plasma_cell"
"4737","5q11.2",-0.207404388366568,-1.29333845692172,0.19920381466387,"con","ALL","5","q","5q",0,1,"LUAD","plasma_cell"
"4738","5q12.1",-0.182081676125283,-1.18017284250359,0.241041375709582,"con","ALL","5","q","5q",0,1,"LUAD","plasma_cell"
"4739","5q12.3",-0.147827500843773,-1.01342248143927,0.313575162548138,"con","ALL","5","q","5q",0,1,"LUAD","plasma_cell"
"4740","5q13.1",-0.134148367693716,-0.953128199974217,0.343078007693426,"con","ALL","5","q","5q",0,1,"LUAD","plasma_cell"
"4741","5q13.2",-0.0872254763512108,-0.676313877178008,0.500575760170663,"con","ALL","5","q","5q",0,1,"LUAD","plasma_cell"
"4742","5q13.3",-0.069714546273065,-0.573037498446888,0.568048288858202,"con","ALL","5","q","5q",0,-1,"LUAD","plasma_cell"
"4743","5q14.1",-0.0571303417999927,-0.478901478745643,0.633170210524008,"con","ALL","5","q","5q",0,-1,"LUAD","plasma_cell"
"4744","5q14.2",-0.0468108867934479,-0.404131889643769,0.687074470112883,"con","ALL","5","q","5q",0,-1,"LUAD","plasma_cell"
"4745","5q14.3",-0.0412831712136845,-0.358745994637277,0.720625310631507,"con","ALL","5","q","5q",0,-1,"LUAD","plasma_cell"
"4746","5q15",-0.032533868646183,-0.280596872255655,0.779663620390418,"con","ALL","5","q","5q",0,-1,"LUAD","plasma_cell"
"4747","5q21.1",-0.0279643601667251,-0.239441289453032,0.811307870131476,"con","ALL","5","q","5q",0,-1,"LUAD","plasma_cell"
"4748","5q21.3",-0.0245676498953016,-0.208209458355381,0.835535885160474,"con","ALL","5","q","5q",0,-1,"LUAD","plasma_cell"
"4749","5q22.2",-0.0275695930086706,-0.228136079537802,0.820057974997516,"con","ALL","5","q","5q",0,-1,"LUAD","plasma_cell"
"4750","5q22.3",-0.0241535054148041,-0.195552350130336,0.845401384242232,"con","ALL","5","q","5q",0,-1,"LUAD","plasma_cell"
"4751","5q23.1",-0.0240192800104339,-0.19346671142638,0.847029433857991,"con","ALL","5","q","5q",0,-1,"LUAD","plasma_cell"
"4752","5q23.2",-0.0240287146158132,-0.193305061898416,0.84715564530093,"con","ALL","5","q","5q",0,-1,"LUAD","plasma_cell"
"4753","5q31.1",-0.0173905651730599,-0.149426379128455,0.881551535582199,"con","ALL","5","q","5q",0,1,"LUAD","plasma_cell"
"4754","5q31.2",-0.0191241369070091,-0.179523371527829,0.857930329697492,"con","ALL","5","q","5q",0,1,"LUAD","plasma_cell"
"4755","5q31.3",-0.00760921912489884,-0.0751624449004046,0.940252282870605,"con","ALL","5","q","5q",0,1,"LUAD","plasma_cell"
"4756","5q32",0.00225036379665564,0.0244074326149191,0.980581654920272,"con","ALL","5","q","5q",0,1,"LUAD","plasma_cell"
"4757","5q33.1",-0.00136712455795452,-0.0150338733288096,0.988038433522836,"con","ALL","5","q","5q",0,1,"LUAD","plasma_cell"
"4758","5q33.2",-0.00364272852737109,-0.0401087686363808,0.96809525198748,"con","ALL","5","q","5q",0,1,"LUAD","plasma_cell"
"4759","5q33.3",-0.00618904859235655,-0.0693971410381325,0.944827463879024,"con","ALL","5","q","5q",0,1,"LUAD","plasma_cell"
"4760","5q34",-0.010853957391834,-0.123554604829711,0.901943450699075,"con","ALL","5","q","5q",0,1,"LUAD","plasma_cell"
"4761","5q35.1",-0.0169476034454726,-0.195227729290488,0.845654739361954,"con","ALL","5","q","5q",0,1,"LUAD","plasma_cell"
"4762","5q35.2",-0.0244428468817389,-0.282783163727783,0.777992424169406,"con","ALL","5","q","5q",0,1,"LUAD","plasma_cell"
"4763","5q35.3",-0.0409442399833353,-0.503660710405086,0.615730429141506,"con","ALL","5","q","5q",0,1,"LUAD","plasma_cell"
"4764","6p25.2",0.0581015008158941,0.316222536384853,0.75256583325374,"con","ALL","6","p","6p",0,1,"LUAD","plasma_cell"
"4765","6p25.1",0.055434105118055,0.310987551017085,0.756529226925031,"con","ALL","6","p","6p",0,1,"LUAD","plasma_cell"
"4766","6p24.3",0.0602734409226327,0.349427575831279,0.727584615171035,"con","ALL","6","p","6p",0,1,"LUAD","plasma_cell"
"4767","6p24.2",0.0509323878753095,0.304402739863752,0.761523820107905,"con","ALL","6","p","6p",0,1,"LUAD","plasma_cell"
"4768","6p23",0.0183195974328503,0.110067326535494,0.9126010435556,"con","ALL","6","p","6p",0,1,"LUAD","plasma_cell"
"4769","6p22.3",-0.0192392902778867,-0.131687421624479,0.895525478443603,"con","ALL","6","p","6p",0,1,"LUAD","plasma_cell"
"4770","6p22.2",-0.0259706703628226,-0.186918911926033,0.852144929458211,"con","ALL","6","p","6p",0,1,"LUAD","plasma_cell"
"4771","6p22.1",-0.0311833468068498,-0.23859975882113,0.811958395097943,"con","ALL","6","p","6p",0,1,"LUAD","plasma_cell"
"4772","6p21.33",-0.0398900655466767,-0.342396909282124,0.732850548527609,"con","ALL","6","p","6p",0,1,"LUAD","plasma_cell"
"4773","6p21.32",-0.0657852389979791,-0.588581581785018,0.55761627606022,"con","ALL","6","p","6p",0,1,"LUAD","plasma_cell"
"4774","6p21.31",-0.0798916154479583,-0.671174866848358,0.503828117502026,"con","ALL","6","p","6p",0,1,"LUAD","plasma_cell"
"4775","6p21.2",-0.107878591417978,-0.792738887075961,0.430014757002939,"con","ALL","6","p","6p",0,1,"LUAD","plasma_cell"
"4776","6p21.1",-0.169411153879553,-1.03577873456148,0.303080418574674,"con","ALL","6","p","6p",0,1,"LUAD","plasma_cell"
"4777","6p12.1",-0.132255865345197,-0.719228563668364,0.473863499938446,"con","ALL","6","p","6p",0,1,"LUAD","plasma_cell"
"4778","6q12",-0.10294569238814,-0.593898968450871,0.554069532484452,"con","ALL","6","q","6q",0,1,"LUAD","plasma_cell"
"4779","6q13",-0.0904555748756632,-0.53934596248401,0.590979984325963,"con","ALL","6","q","6q",0,1,"LUAD","plasma_cell"
"4780","6q14.1",-0.0451659035371726,-0.293738046057954,0.769634398804566,"con","ALL","6","q","6q",0,1,"LUAD","plasma_cell"
"4781","6q14.3",-0.01855576160691,-0.137300586735085,0.891099902248704,"con","ALL","6","q","6q",0,1,"LUAD","plasma_cell"
"4782","6q15",-0.00665121678548426,-0.0525683632243347,0.9581923303425,"con","ALL","6","q","6q",0,1,"LUAD","plasma_cell"
"4783","6q16.1",-0.00306878857179794,-0.0253472047063311,0.979834139150431,"con","ALL","6","q","6q",0,1,"LUAD","plasma_cell"
"4784","6q16.2",-0.00332538383970668,-0.0285780047948306,0.977264429872828,"con","ALL","6","q","6q",0,1,"LUAD","plasma_cell"
"4785","6q21",0.0105826774532367,0.0957983627081572,0.923893705493758,"con","ALL","6","q","6q",0,-1,"LUAD","plasma_cell"
"4786","6q22.1",0.0182761779599461,0.16991977179577,0.865454604019614,"con","ALL","6","q","6q",0,-1,"LUAD","plasma_cell"
"4787","6q22.31",0.0259197748984875,0.236700134208609,0.81342733872372,"con","ALL","6","q","6q",0,-1,"LUAD","plasma_cell"
"4788","6q22.33",0.0171593713880212,0.153359050199673,0.878458467782524,"con","ALL","6","q","6q",0,-1,"LUAD","plasma_cell"
"4789","6q23.2",0.00554362474362766,0.0491779322000404,0.960886470506645,"con","ALL","6","q","6q",0,-1,"LUAD","plasma_cell"
"4790","6q23.3",-0.00623844134175191,-0.054665896902081,0.956525807024122,"con","ALL","6","q","6q",0,-1,"LUAD","plasma_cell"
"4791","6q24.1",-0.0169568642418976,-0.147242504528561,0.883269961891842,"con","ALL","6","q","6q",0,-1,"LUAD","plasma_cell"
"4792","6q24.2",-0.0324029718853403,-0.282329310788231,0.778339262746654,"con","ALL","6","q","6q",0,-1,"LUAD","plasma_cell"
"4793","6q25.1",-0.0505571895094089,-0.451306597829082,0.652854186273331,"con","ALL","6","q","6q",0,-1,"LUAD","plasma_cell"
"4794","6q25.3",-0.0691078551649501,-0.646837334718726,0.519383514756958,"con","ALL","6","q","6q",0,1,"LUAD","plasma_cell"
"4795","6q27",-0.0729769208166073,-0.699712144090601,0.485911730975319,"con","ALL","6","q","6q",0,1,"LUAD","plasma_cell"
"4796","7p22.3",-0.090030131814598,-1.26509723663175,0.209102244499005,"con","ALL","7","p","7p",0,1,"LUAD","plasma_cell"
"4797","7p22.1",-0.0878559760570719,-1.26225889766634,0.210116764879174,"con","ALL","7","p","7p",0,1,"LUAD","plasma_cell"
"4798","7p21.3",-0.0869386558998668,-1.25553182056183,0.212535711309443,"con","ALL","7","p","7p",0,1,"LUAD","plasma_cell"
"4799","7p21.1",-0.0852544894611747,-1.22496915382213,0.223783217659007,"con","ALL","7","p","7p",0,1,"LUAD","plasma_cell"
"4800","7p15.3",-0.0755665128133841,-1.07282550399998,0.286217620503069,"con","ALL","7","p","7p",0,1,"LUAD","plasma_cell"
"4801","7p15.2",-0.0714570057973397,-1.00792423092727,0.316193041257092,"con","ALL","7","p","7p",0,1,"LUAD","plasma_cell"
"4802","7p14.3",-0.0668086106592018,-0.92261649556268,0.358673898159177,"con","ALL","7","p","7p",0,1,"LUAD","plasma_cell"
"4803","7p14.2",-0.0639873776954355,-0.871589533968866,0.385751485345822,"con","ALL","7","p","7p",0,1,"LUAD","plasma_cell"
"4804","7p14.1",-0.0639288805190975,-0.852695405481428,0.396091772140192,"con","ALL","7","p","7p",0,1,"LUAD","plasma_cell"
"4805","7p13",-0.06313153446009,-0.813714121009421,0.417956375932348,"con","ALL","7","p","7p",0,1,"LUAD","plasma_cell"
"4806","7p12.3",-0.0572600730513586,-0.711171377880019,0.478817170541666,"con","ALL","7","p","7p",0,1,"LUAD","plasma_cell"
"4807","7p11.2",-0.0548165076990013,-0.654654684113494,0.51435970119412,"con","ALL","7","p","7p",0,1,"LUAD","plasma_cell"
"4808","7q11.21",-0.053277161435134,-0.593424038672774,0.554385857708315,"con","ALL","7","q","7q",0,1,"LUAD","plasma_cell"
"4809","7q11.23",-0.0515553504739508,-0.466088538433213,0.642278226839239,"con","ALL","7","q","7q",0,1,"LUAD","plasma_cell"
"4810","7q21.12",-0.0362286505494206,-0.306802732124539,0.759702238143377,"con","ALL","7","q","7q",0,1,"LUAD","plasma_cell"
"4811","7q21.2",-0.0386487894620027,-0.311123910583799,0.75642590629096,"con","ALL","7","q","7q",0,1,"LUAD","plasma_cell"
"4812","7q21.3",-0.0215233057072884,-0.168548413881092,0.866530071443018,"con","ALL","7","q","7q",0,1,"LUAD","plasma_cell"
"4813","7q22.1",-0.0315977285762109,-0.236544915074229,0.813547396302307,"con","ALL","7","q","7q",0,1,"LUAD","plasma_cell"
"4814","7q22.3",-0.05423855051303,-0.381021619387372,0.704085149257443,"con","ALL","7","q","7q",0,1,"LUAD","plasma_cell"
"4815","7q31.1",-0.0599658648304684,-0.404696634329373,0.686660747540514,"con","ALL","7","q","7q",0,1,"LUAD","plasma_cell"
"4816","7q31.2",-0.0407617327579721,-0.27002603493572,0.787758424938222,"con","ALL","7","q","7q",0,1,"LUAD","plasma_cell"
"4817","7q31.31",-0.023825484958537,-0.157082923838122,0.875531357209235,"con","ALL","7","q","7q",0,1,"LUAD","plasma_cell"
"4818","7q31.32",-0.0061755443721667,-0.0402716795483231,0.967965734251241,"con","ALL","7","q","7q",0,1,"LUAD","plasma_cell"
"4819","7q32.1",0.0448688908299368,0.28438133862277,0.776771442660634,"con","ALL","7","q","7q",0,-1,"LUAD","plasma_cell"
"4820","7q32.2",0.0676397097042878,0.423080591327887,0.673245709176068,"con","ALL","7","q","7q",0,-1,"LUAD","plasma_cell"
"4821","7q33",0.0998908664486914,0.617773286862056,0.538284867095356,"con","ALL","7","q","7q",0,-1,"LUAD","plasma_cell"
"4822","7q34",0.15816608770224,0.976439707149871,0.331463923438153,"con","ALL","7","q","7q",0,1,"LUAD","plasma_cell"
"4823","7q36.1",0.23743164750062,1.51333879418547,0.133697509535399,"con","ALL","7","q","7q",0,1,"LUAD","plasma_cell"
"4824","7q36.3",0.279166494859325,1.8414949916159,0.0688430090126658,"con","ALL","7","q","7q",0,1,"LUAD","plasma_cell"
"4825","8p23.3",0.117452512324561,0.911093833640087,0.364679763051276,"con","ALL","8","p","8p",0,1,"LUAD","plasma_cell"
"4826","8p22",0.098472481260016,0.737268188303632,0.462877045454994,"con","ALL","8","p","8p",0,1,"LUAD","plasma_cell"
"4827","8p21.3",0.0951589323491244,0.679145345360198,0.498788638750636,"con","ALL","8","p","8p",0,1,"LUAD","plasma_cell"
"4828","8p21.2",0.0710865406317147,0.488043153887799,0.626706175304251,"con","ALL","8","p","8p",0,1,"LUAD","plasma_cell"
"4829","8p21.1",0.0694418154047786,0.467235994380545,0.641460302586198,"con","ALL","8","p","8p",0,1,"LUAD","plasma_cell"
"4830","8p12",0.0743263351874383,0.488098535197605,0.626667103456103,"con","ALL","8","p","8p",0,1,"LUAD","plasma_cell"
"4831","8p11.23",0.0780692151114773,0.491673855514492,0.624146951354636,"con","ALL","8","p","8p",0,1,"LUAD","plasma_cell"
"4832","8p11.22",0.0818910354702071,0.517265641447398,0.606239714410864,"con","ALL","8","p","8p",0,1,"LUAD","plasma_cell"
"4833","8p11.21",0.111675726778743,0.72762200882707,0.468733696343957,"con","ALL","8","p","8p",0,1,"LUAD","plasma_cell"
"4834","8q11.21",0.108934581349211,0.758167277905552,0.45033161981424,"con","ALL","8","q","8q",0,1,"LUAD","plasma_cell"
"4835","8q11.23",0.103178191551499,0.746916402518414,0.45706088422659,"con","ALL","8","q","8q",0,1,"LUAD","plasma_cell"
"4836","8q12.1",0.0790939704431527,0.617639790866377,0.538372487131494,"con","ALL","8","q","8q",0,1,"LUAD","plasma_cell"
"4837","8q12.3",0.0695136225709531,0.574349476352354,0.567164131608158,"con","ALL","8","q","8q",0,1,"LUAD","plasma_cell"
"4838","8q13.1",0.0635569910222125,0.545828196298096,0.586534442113485,"con","ALL","8","q","8q",0,1,"LUAD","plasma_cell"
"4839","8q13.3",0.0519601440303208,0.459888372825861,0.646705414253344,"con","ALL","8","q","8q",0,1,"LUAD","plasma_cell"
"4840","8q21.11",0.0612904241454669,0.57036914158661,0.569848591476408,"con","ALL","8","q","8q",0,1,"LUAD","plasma_cell"
"4841","8q21.13",0.0462909824297256,0.473849611667811,0.636754659734798,"con","ALL","8","q","8q",0,1,"LUAD","plasma_cell"
"4842","8q21.3",0.0247522500488369,0.278475961973136,0.781285829468043,"con","ALL","8","q","8q",0,1,"LUAD","plasma_cell"
"4843","8q22.1",0.00974019370763236,0.122193763797117,0.903018000188682,"con","ALL","8","q","8q",0,1,"LUAD","plasma_cell"
"4844","8q22.2",0.00542569570331412,0.0722481137712701,0.94256477219644,"con","ALL","8","q","8q",0,1,"LUAD","plasma_cell"
"4845","8q22.3",0.00475044831771924,0.0656931230582669,0.947767853398189,"con","ALL","8","q","8q",0,1,"LUAD","plasma_cell"
"4846","8q23.1",0.00702083214477753,0.100263516156531,0.920358132020428,"con","ALL","8","q","8q",0,1,"LUAD","plasma_cell"
"4847","8q23.2",0.0085484493013576,0.122945953541702,0.902424032452996,"con","ALL","8","q","8q",0,1,"LUAD","plasma_cell"
"4848","8q24.11",0.00906422455383441,0.131563395791313,0.895623301741594,"con","ALL","8","q","8q",0,1,"LUAD","plasma_cell"
"4849","8q24.12",0.0104875909189779,0.155136181639355,0.877061359543187,"con","ALL","8","q","8q",0,1,"LUAD","plasma_cell"
"4850","8q24.13",0.0137867161495747,0.208635569044791,0.83520420402921,"con","ALL","8","q","8q",0,1,"LUAD","plasma_cell"
"4851","8q24.22",0.0209090325617541,0.328364938832145,0.743398507356478,"con","ALL","8","q","8q",0,1,"LUAD","plasma_cell"
"4852","8q24.3",0.0298343515476496,0.490168352211945,0.625207599614386,"con","ALL","8","q","8q",0,1,"LUAD","plasma_cell"
"4853","9p24.1",0.080142805318185,0.967652069854035,0.33581133619664,"con","ALL","9","p","9p",0,-1,"LUAD","plasma_cell"
"4854","9p22.3",0.0842772608713027,1.00643703359122,0.316903638771981,"con","ALL","9","p","9p",0,-1,"LUAD","plasma_cell"
"4855","9p22.1",0.0681959504164388,0.822671359453215,0.412869288052529,"con","ALL","9","p","9p",0,-1,"LUAD","plasma_cell"
"4856","9p21.1",0.051173074194312,0.554120726142057,0.580870477762988,"con","ALL","9","p","9p",0,-1,"LUAD","plasma_cell"
"4857","9p13.3",0.0357580290779428,0.324858594905517,0.746042013226493,"con","ALL","9","p","9p",0,-1,"LUAD","plasma_cell"
"4858","9p13.2",0.00980024830152812,0.0753477871905934,0.940105232936199,"con","ALL","9","p","9p",0,-1,"LUAD","plasma_cell"
"4859","9q21.12",-0.0263208153664536,-0.178005327009674,0.859118840173661,"con","ALL","9","q","9q",0,-1,"LUAD","plasma_cell"
"4860","9q21.13",-0.071354390885254,-0.431885637281555,0.666857456590767,"con","ALL","9","q","9q",0,-1,"LUAD","plasma_cell"
"4861","9q21.2",-0.109830860941095,-0.54885617520894,1,"con","ALL","9","q","9q",0,-1,"LUAD","plasma_cell"
"4862","9q21.31",-0.118462842087382,-0.582584779051722,1,"con","ALL","9","q","9q",0,-1,"LUAD","plasma_cell"
"4863","9q21.32",-0.153928088306644,-0.738891598512777,1,"con","ALL","9","q","9q",0,-1,"LUAD","plasma_cell"
"4864","9q21.33",-0.163007965953734,-0.761049538422205,1,"con","ALL","9","q","9q",0,-1,"LUAD","plasma_cell"
"4865","9q22.2",-0.181947331694383,-0.841012345846512,1,"con","ALL","9","q","9q",0,-1,"LUAD","plasma_cell"
"4866","9q22.31",-0.168668775976608,-0.785368896220553,1,"con","ALL","9","q","9q",0,-1,"LUAD","plasma_cell"
"4867","9q22.32",-0.156377764186634,-0.732209098052005,1,"con","ALL","9","q","9q",0,-1,"LUAD","plasma_cell"
"4868","9q22.33",-0.126438564979707,-0.622421351391096,1,"con","ALL","9","q","9q",0,-1,"LUAD","plasma_cell"
"4869","9q31.1",-0.0806884912210144,-0.433050970277252,0.66601380661928,"con","ALL","9","q","9q",0,-1,"LUAD","plasma_cell"
"4870","9q31.2",-0.0555466164701648,-0.321224000921364,0.748785420856108,"con","ALL","9","q","9q",0,-1,"LUAD","plasma_cell"
"4871","9q31.3",-0.0405976456352701,-0.24545150099625,0.806665697666212,"con","ALL","9","q","9q",0,-1,"LUAD","plasma_cell"
"4872","9q32",-0.00763643917365977,-0.045826320503621,0.963550210214359,"con","ALL","9","q","9q",0,-1,"LUAD","plasma_cell"
"4873","9q33.2",0.0140278998435234,0.0798203323431654,0.93655737245894,"con","ALL","9","q","9q",0,-1,"LUAD","plasma_cell"
"4874","9q33.3",0.0489085116827261,0.278554843226652,0.781225478616662,"con","ALL","9","q","9q",0,-1,"LUAD","plasma_cell"
"4875","9q34.11",0.074965399345103,0.418629817160788,0.676484022922255,"con","ALL","9","q","9q",0,-1,"LUAD","plasma_cell"
"4876","9q34.13",0.07805116167885,0.441469116765381,0.659932251984781,"con","ALL","9","q","9q",0,-1,"LUAD","plasma_cell"
"4877","9q34.3",0.126264606825311,0.836451862687786,0.405116152574823,"con","ALL","9","q","9q",0,1,"LUAD","plasma_cell"
"4878","10p15.3",0.0651742186805469,0.597594972729325,0.551610896392611,"con","ALL","10","p","10p",0,-1,"LUAD","plasma_cell"
"4879","10p14",0.0850396507097892,0.674796498492314,0.501534894021381,"con","ALL","10","p","10p",0,-1,"LUAD","plasma_cell"
"4880","10p13",0.0843601391461396,0.605275305999826,0.546519321790714,"con","ALL","10","p","10p",0,-1,"LUAD","plasma_cell"
"4881","10p12.2",0.0549345061318457,0.346944280613783,0.729443112174421,"con","ALL","10","p","10p",0,-1,"LUAD","plasma_cell"
"4882","10p12.1",0.042759114005565,0.24898700150919,0.803938164558001,"con","ALL","10","p","10p",0,-1,"LUAD","plasma_cell"
"4883","10p11.22",0.0106346011387886,0.0574467348189381,0.954316686886661,"con","ALL","10","p","10p",0,-1,"LUAD","plasma_cell"
"4884","10q11.21",0.000571682047558758,0.00280729894837205,0.997766315662609,"con","ALL","10","q","10q",0,-1,"LUAD","plasma_cell"
"4885","10q11.22",-0.0151581903236676,-0.0725380251169996,0.942334708392558,"con","ALL","10","q","10q",0,-1,"LUAD","plasma_cell"
"4886","10q21.1",-0.0295223368462374,-0.139270553116622,0.88954753568307,"con","ALL","10","q","10q",0,-1,"LUAD","plasma_cell"
"4887","10q21.3",-0.0667793394194013,-0.301914715521653,1,"con","ALL","10","q","10q",0,-1,"LUAD","plasma_cell"
"4888","10q22.1",-0.151724476470753,-0.615235093415321,1,"con","ALL","10","q","10q",0,1,"LUAD","plasma_cell"
"4889","10q22.2",-0.157571966209987,-0.583624457243825,1,"con","ALL","10","q","10q",0,1,"LUAD","plasma_cell"
"4890","10q22.3",-0.119321883644458,-0.43832238414752,1,"con","ALL","10","q","10q",0,1,"LUAD","plasma_cell"
"4891","10q23.1",-0.121088214268662,-0.441966541231834,1,"con","ALL","10","q","10q",0,1,"LUAD","plasma_cell"
"4892","10q23.2",-0.138401208271246,-0.503702445756535,1,"con","ALL","10","q","10q",0,1,"LUAD","plasma_cell"
"4893","10q23.31",-0.149365883793282,-0.539113793298824,1,"con","ALL","10","q","10q",0,-1,"LUAD","plasma_cell"
"4894","10q23.32",-0.128584237639598,-0.462389309211994,1,"con","ALL","10","q","10q",0,-1,"LUAD","plasma_cell"
"4895","10q24.1",-0.200308742478748,-0.734799317145968,1,"con","ALL","10","q","10q",0,-1,"LUAD","plasma_cell"
"4896","10q24.2",-0.208252086850734,-0.766828732754156,1,"con","ALL","10","q","10q",0,-1,"LUAD","plasma_cell"
"4897","10q24.31",-0.212587813843138,-0.812466043248537,1,"con","ALL","10","q","10q",0,-1,"LUAD","plasma_cell"
"4898","10q24.32",-0.202613435021936,-0.792310806688175,0.430262975049472,"con","ALL","10","q","10q",0,-1,"LUAD","plasma_cell"
"4899","10q25.1",-0.263508256196656,-1.03685529409552,0.302581108376066,"con","ALL","10","q","10q",0,-1,"LUAD","plasma_cell"
"4900","10q25.2",-0.274996628662934,-1.08210666613643,0.282095963382093,"con","ALL","10","q","10q",0,-1,"LUAD","plasma_cell"
"4901","10q25.3",-0.286897124838625,-1.14401015262809,1,"con","ALL","10","q","10q",0,-1,"LUAD","plasma_cell"
"4902","10q26.11",-0.280369316989817,-1.11402523763395,1,"con","ALL","10","q","10q",0,-1,"LUAD","plasma_cell"
"4903","10q26.13",-0.300771176481372,-1.40488363953283,1,"con","ALL","10","q","10q",0,-1,"LUAD","plasma_cell"
"4904","10q26.3",-0.254416375896087,-1.33072832720041,0.186640100943305,"con","ALL","10","q","10q",0,-1,"LUAD","plasma_cell"
"4905","11p15.5",-0.200222874321773,-2.24677964930356,0.0270997626844348,"con","ALL","11","p","11p",-0.072225234827589,-1,"LUAD","plasma_cell"
"4906","11p15.4",-0.402284412301023,-3.02105103850048,0.00327906517159737,"con","ALL","11","p","11p",-0.689178887059956,-1,"LUAD","plasma_cell"
"4907","11p15.3",-0.500299177757181,-3.24141905265228,0.00166824851673304,"con","ALL","11","p","11p",-0.878741555087886,-1,"LUAD","plasma_cell"
"4908","11p15.2",-0.556636056523981,-3.3442245161954,0.0012042493848028,"con","ALL","11","p","11p",-0.878741555087886,-1,"LUAD","plasma_cell"
"4909","11p15.1",-0.610869780858358,-3.3029215236634,0.00137382251825382,"con","ALL","11","p","11p",-0.878741555087886,-1,"LUAD","plasma_cell"
"4910","11p14.3",-0.684379112143404,-3.22968571768294,0.00173073539594985,"con","ALL","11","p","11p",-0.878741555087886,-1,"LUAD","plasma_cell"
"4911","11p13",-0.872303431190776,-3.22405000031991,1,"con","ALL","11","p","11p",0,-1,"LUAD","plasma_cell"
"4912","11p12",-0.90957564460264,-2.88837835258364,1,"con","ALL","11","p","11p",0,-1,"LUAD","plasma_cell"
"4913","11p11.2",-0.85932667657503,-2.28811368419548,1,"con","ALL","11","p","11p",0,1,"LUAD","plasma_cell"
"4914","11q12.1",-0.357403542612718,-0.817709917720179,1,"con","ALL","11","q","11q",0,1,"LUAD","plasma_cell"
"4915","11q12.2",-0.110220368471433,-0.291519624848102,1,"con","ALL","11","q","11q",0,1,"LUAD","plasma_cell"
"4916","11q12.3",-0.0528564249926644,-0.161245566258554,1,"con","ALL","11","q","11q",0,1,"LUAD","plasma_cell"
"4917","11q13.1",-0.0165189386802881,-0.062535313497985,1,"con","ALL","11","q","11q",0,1,"LUAD","plasma_cell"
"4918","11q13.2",0.103060362527651,0.588235373268757,0.557847589169068,"con","ALL","11","q","11q",0,1,"LUAD","plasma_cell"
"4919","11q13.3",0.0915365888840411,0.637269719154621,0.525566999714748,"con","ALL","11","q","11q",0,1,"LUAD","plasma_cell"
"4920","11q13.4",0.0800711425999189,0.525207996710394,0.600730111813562,"con","ALL","11","q","11q",0,1,"LUAD","plasma_cell"
"4921","11q13.5",0.0454203738544384,0.284774093826754,0.776471469290261,"con","ALL","11","q","11q",0,1,"LUAD","plasma_cell"
"4922","11q14.1",0.0298046428337322,0.151929210365051,0.87958282919428,"con","ALL","11","q","11q",0,-1,"LUAD","plasma_cell"
"4923","11q14.2",0.00995616596015456,0.0445033047019825,1,"con","ALL","11","q","11q",0,-1,"LUAD","plasma_cell"
"4924","11q14.3",-0.0345936767716828,-0.146777006663156,1,"con","ALL","11","q","11q",0,-1,"LUAD","plasma_cell"
"4925","11q21",-0.0669579563033899,-0.267420179422039,1,"con","ALL","11","q","11q",0,-1,"LUAD","plasma_cell"
"4926","11q22.2",-0.154958296378225,-0.616619571133041,1,"con","ALL","11","q","11q",0,-1,"LUAD","plasma_cell"
"4927","11q22.3",-0.225182118343476,-0.941896759900174,1,"con","ALL","11","q","11q",0,-1,"LUAD","plasma_cell"
"4928","11q23.1",-0.252044403528703,-1.18390751217925,0.239567131113263,"con","ALL","11","q","11q",0,-1,"LUAD","plasma_cell"
"4929","11q23.2",-0.264587390022115,-1.33122042562994,0.186478808080896,"con","ALL","11","q","11q",0,-1,"LUAD","plasma_cell"
"4930","11q23.3",-0.2911664147408,-1.63997071929332,0.104502069529192,"con","ALL","11","q","11q",0,-1,"LUAD","plasma_cell"
"4931","11q24.1",-0.263557571200288,-1.81509133043377,0.0728407413051565,"con","ALL","11","q","11q",0,-1,"LUAD","plasma_cell"
"4932","11q24.2",-0.250641743675374,-1.78816178823815,0.0771151983636883,"con","ALL","11","q","11q",0,1,"LUAD","plasma_cell"
"4933","11q24.3",-0.241698030317833,-1.82695029821791,0.0710219094170635,"con","ALL","11","q","11q",0,1,"LUAD","plasma_cell"
"4934","11q25",-0.233490672076535,-1.82910363154498,0.0706957436359612,"con","ALL","11","q","11q",0,1,"LUAD","plasma_cell"
"4935","12p13.33",0.0688007846532389,0.821570834545217,0.413492292489411,"con","ALL","12","p","12p",0,1,"LUAD","plasma_cell"
"4936","12p13.32",0.0619250875690056,0.720286543024365,0.473215173475496,"con","ALL","12","p","12p",0,1,"LUAD","plasma_cell"
"4937","12p13.31",0.0709952957101711,0.745058503523366,0.458177612345048,"con","ALL","12","p","12p",0,-1,"LUAD","plasma_cell"
"4938","12p13.2",0.083772437543036,0.708608771692597,0.480398703429428,"con","ALL","12","p","12p",0,-1,"LUAD","plasma_cell"
"4939","12p13.1",0.0967855920234942,0.754869763283653,0.452297964198155,"con","ALL","12","p","12p",0,-1,"LUAD","plasma_cell"
"4940","12p12.3",0.106502806115221,0.788760244329712,0.432324989703376,"con","ALL","12","p","12p",0,-1,"LUAD","plasma_cell"
"4941","12p12.1",0.148914107941467,0.935357564224208,0.352107034994572,"con","ALL","12","p","12p",0,1,"LUAD","plasma_cell"
"4942","12p11.23",0.187648458732742,1.04048137390331,1,"con","ALL","12","p","12p",0,1,"LUAD","plasma_cell"
"4943","12p11.22",0.200730068207878,1.01139656276231,1,"con","ALL","12","p","12p",0,1,"LUAD","plasma_cell"
"4944","12q12",0.262055189616826,1.15667145655694,1,"con","ALL","12","q","12q",0,1,"LUAD","plasma_cell"
"4945","12q13.11",0.257225694291647,1.07727957183103,1,"con","ALL","12","q","12q",0,1,"LUAD","plasma_cell"
"4946","12q13.12",0.224034438756596,0.906234526207462,0.367231584643285,"con","ALL","12","q","12q",0,1,"LUAD","plasma_cell"
"4947","12q13.13",0.119692222032933,0.584062831022801,0.560639126719997,"con","ALL","12","q","12q",0,1,"LUAD","plasma_cell"
"4948","12q13.2",0.00115835357481742,0.00768569689499926,0.993884772159254,"con","ALL","12","q","12q",0,1,"LUAD","plasma_cell"
"4949","12q13.3",-0.0574238580295651,-0.488901719721253,0.626100571708192,"con","ALL","12","q","12q",0,1,"LUAD","plasma_cell"
"4950","12q14.1",-0.0725163945067696,-0.681384946692657,0.49737752840655,"con","ALL","12","q","12q",0,1,"LUAD","plasma_cell"
"4951","12q14.3",-0.061113581756724,-0.576819228511887,0.565501557838214,"con","ALL","12","q","12q",0,1,"LUAD","plasma_cell"
"4952","12q15",-0.0536700555799941,-0.497831754748442,0.619816882933542,"con","ALL","12","q","12q",0,1,"LUAD","plasma_cell"
"4953","12q21.1",-0.043596048476373,-0.362097275646265,0.718128168410986,"con","ALL","12","q","12q",0,-1,"LUAD","plasma_cell"
"4954","12q21.2",-0.0252416503176986,-0.190555984943693,0.84930265560595,"con","ALL","12","q","12q",0,-1,"LUAD","plasma_cell"
"4955","12q21.31",-9.15682654122472e-06,-6.36273423312857e-05,0.999949373547576,"con","ALL","12","q","12q",0,-1,"LUAD","plasma_cell"
"4956","12q21.33",0.011500181824892,0.0752097077494083,0.94021478449212,"con","ALL","12","q","12q",0,-1,"LUAD","plasma_cell"
"4957","12q22",0.0440706368950992,0.277659744798787,0.78191038341937,"con","ALL","12","q","12q",0,-1,"LUAD","plasma_cell"
"4958","12q23.1",0.0523165615939351,0.328588758722741,0.743229868865554,"con","ALL","12","q","12q",0,-1,"LUAD","plasma_cell"
"4959","12q23.2",0.0547110901359656,0.346919501838608,0.729461664765892,"con","ALL","12","q","12q",0,-1,"LUAD","plasma_cell"
"4960","12q23.3",0.0942117555746943,0.616180432012328,0.53933081086152,"con","ALL","12","q","12q",0,-1,"LUAD","plasma_cell"
"4961","12q24.11",0.180254131995384,1.27947913446209,0.20401707924033,"con","ALL","12","q","12q",0,-1,"LUAD","plasma_cell"
"4962","12q24.13",0.180191931438213,1.30904711913746,0.193850881049583,"con","ALL","12","q","12q",0,-1,"LUAD","plasma_cell"
"4963","12q24.23",0.183309187844223,1.3276226252107,0.187660461117885,"con","ALL","12","q","12q",0,-1,"LUAD","plasma_cell"
"4964","12q24.31",0.187662813798744,1.3075660634167,0.19435093950447,"con","ALL","12","q","12q",0,-1,"LUAD","plasma_cell"
"4965","12q24.33",0.157338277205218,1.03276971927397,0.304478957481297,"con","ALL","12","q","12q",0,-1,"LUAD","plasma_cell"
"4966","13q12.11",-0.139966893673873,-1.48426408829351,0.141232837697708,"con","ALL","13","q","13q",0,-1,"LUAD","plasma_cell"
"4967","13q12.2",-0.14734150517151,-1.57882714180813,0.11788416657758,"con","ALL","13","q","13q",0,-1,"LUAD","plasma_cell"
"4968","13q12.3",-0.154248007067292,-1.6287609752018,0.106859233751029,"con","ALL","13","q","13q",0,-1,"LUAD","plasma_cell"
"4969","13q13.1",-0.160914424051048,-1.66124500351982,0.100144085113713,"con","ALL","13","q","13q",0,-1,"LUAD","plasma_cell"
"4970","13q13.3",-0.170650096043904,-1.72005750891154,0.0888589103277551,"con","ALL","13","q","13q",0,-1,"LUAD","plasma_cell"
"4971","13q14.11",-0.180910698586418,-1.79209912857437,0.0764775530863512,"con","ALL","13","q","13q",0,-1,"LUAD","plasma_cell"
"4972","13q14.12",-0.179254989304375,-1.75208842958825,0.0831646669647279,"con","ALL","13","q","13q",0,-1,"LUAD","plasma_cell"
"4973","13q14.13",-0.177114039707295,-1.72177628240499,0.0885454497901061,"con","ALL","13","q","13q",0,-1,"LUAD","plasma_cell"
"4974","13q14.2",-0.181530789007736,-1.71119297587046,0.0904900403099601,"con","ALL","13","q","13q",0,-1,"LUAD","plasma_cell"
"4975","13q14.3",-0.180619962958433,-1.57132313832637,0.119616783050374,"con","ALL","13","q","13q",0,-1,"LUAD","plasma_cell"
"4976","13q21.33",-0.182160479378704,-1.55332927281462,0.123854082124544,"con","ALL","13","q","13q",0,-1,"LUAD","plasma_cell"
"4977","13q22.2",-0.179020624150314,-1.50534100747142,0.135738069723819,"con","ALL","13","q","13q",0,-1,"LUAD","plasma_cell"
"4978","13q22.3",-0.180744093601491,-1.49950663809779,0.137242020950658,"con","ALL","13","q","13q",0,-1,"LUAD","plasma_cell"
"4979","13q31.1",-0.187373617091713,-1.5443027620933,0.126024109169633,"con","ALL","13","q","13q",0,-1,"LUAD","plasma_cell"
"4980","13q32.1",-0.189870956808313,-1.56440405074178,0.121232262805181,"con","ALL","13","q","13q",0,-1,"LUAD","plasma_cell"
"4981","13q32.2",-0.190429362308739,-1.55124996946703,0.124351312425465,"con","ALL","13","q","13q",0,-1,"LUAD","plasma_cell"
"4982","13q32.3",-0.18981461962922,-1.55180635970117,0.124218106201018,"con","ALL","13","q","13q",0,-1,"LUAD","plasma_cell"
"4983","13q33.3",-0.190990476307363,-1.55126909776691,0.124346731010584,"con","ALL","13","q","13q",0,-1,"LUAD","plasma_cell"
"4984","13q34",-0.185221819460462,-1.51558338620116,0.133129180464156,"con","ALL","13","q","13q",0,-1,"LUAD","plasma_cell"
"4985","14q11.2",0.587310253598998,4.43406456241024,2.60588898334666e-05,"con","ALL","14","q","14q",1.82893182374292,1,"LUAD","plasma_cell"
"4986","14q12",0.482699471711659,3.66182303540457,0.000422283662401571,"con","ALL","14","q","14q",0.92031344980019,1,"LUAD","plasma_cell"
"4987","14q13.1",0.442899370608349,3.42667746023682,0.000922828011549212,"con","ALL","14","q","14q",0.878741555087886,1,"LUAD","plasma_cell"
"4988","14q13.2",0.405849213319896,3.20682497712955,0.00185881498750382,"con","ALL","14","q","14q",0.878741555087886,1,"LUAD","plasma_cell"
"4989","14q13.3",0.373018502131144,2.99022054070454,0.00359508238010413,"con","ALL","14","q","14q",0.689178887059956,1,"LUAD","plasma_cell"
"4990","14q21.1",0.356156651505075,2.84909585785235,0.00543360184449047,"con","ALL","14","q","14q",0.551192607109685,1,"LUAD","plasma_cell"
"4991","14q21.2",0.330356873811761,2.6790549898879,0.00877776453212667,"con","ALL","14","q","14q",0.380685053151535,1,"LUAD","plasma_cell"
"4992","14q21.3",0.301782164418082,2.49041269206203,0.0145947082361512,"con","ALL","14","q","14q",0.256783575261625,1,"LUAD","plasma_cell"
"4993","14q22.1",0.251317892190828,2.09175644308893,0.0392772127158343,"con","ALL","14","q","14q",0.072225234827589,1,"LUAD","plasma_cell"
"4994","14q22.3",0.200034522485116,1.68512890358202,0.095428307232122,"con","ALL","14","q","14q",0,1,"LUAD","plasma_cell"
"4995","14q23.1",0.158374113254386,1.38067611053616,0.170797808675534,"con","ALL","14","q","14q",0,1,"LUAD","plasma_cell"
"4996","14q23.2",0.128918418075836,1.13918739579211,0.257648023354085,"con","ALL","14","q","14q",0,1,"LUAD","plasma_cell"
"4997","14q23.3",0.108792996779343,0.959589424818321,0.339832761805969,"con","ALL","14","q","14q",0,1,"LUAD","plasma_cell"
"4998","14q24.1",0.085400954495526,0.755945301063724,0.451656067605645,"con","ALL","14","q","14q",0,1,"LUAD","plasma_cell"
"4999","14q24.2",0.0669378813856544,0.589767936056549,0.556823994551171,"con","ALL","14","q","14q",0,1,"LUAD","plasma_cell"
"5000","14q24.3",0.0575355421964008,0.469126724641258,0.640113525983919,"con","ALL","14","q","14q",0,1,"LUAD","plasma_cell"
"5001","14q32.11",0.0632736327722148,0.474741964726306,0.636120876717883,"con","ALL","14","q","14q",0,1,"LUAD","plasma_cell"
"5002","14q32.12",0.0696298065250101,0.507567210973844,0.612998487304063,"con","ALL","14","q","14q",0,1,"LUAD","plasma_cell"
"5003","14q32.2",0.0898388397587279,0.636979218533252,0.525755345415031,"con","ALL","14","q","14q",0,1,"LUAD","plasma_cell"
"5004","14q32.31",0.0968112757079017,0.683521836363428,0.496033151626329,"con","ALL","14","q","14q",0,1,"LUAD","plasma_cell"
"5005","14q32.32",0.118304797010689,0.834438326955554,0.40624344930773,"con","ALL","14","q","14q",0,1,"LUAD","plasma_cell"
"5006","14q32.33",0.143086483690572,1.07389585870563,0.28574018901289,"con","ALL","14","q","14q",0,1,"LUAD","plasma_cell"
"5007","15q14",0.0185808091023408,0.179768041487194,0.857738802759987,"con","ALL","15","q","15q",0,-1,"LUAD","plasma_cell"
"5008","15q15.1",0.000519786692746386,0.00520831688590739,0.99585591049074,"con","ALL","15","q","15q",0,-1,"LUAD","plasma_cell"
"5009","15q15.2",-0.00912407027424884,-0.0942995352352247,0.925080845238436,"con","ALL","15","q","15q",0,-1,"LUAD","plasma_cell"
"5010","15q15.3",-0.00798118730334805,-0.0828880615981998,0.934124622554519,"con","ALL","15","q","15q",0,-1,"LUAD","plasma_cell"
"5011","15q21.1",-0.0042625913586475,-0.0438431141882145,0.965126587591792,"con","ALL","15","q","15q",0,-1,"LUAD","plasma_cell"
"5012","15q21.2",-0.00942653766797824,-0.0943096943603107,0.92507279817378,"con","ALL","15","q","15q",0,-1,"LUAD","plasma_cell"
"5013","15q21.3",-0.0212731782039189,-0.211341949121074,0.833098277650598,"con","ALL","15","q","15q",0,-1,"LUAD","plasma_cell"
"5014","15q22.1",-0.0292459947255541,-0.287519093216765,0.774375878564328,"con","ALL","15","q","15q",0,-1,"LUAD","plasma_cell"
"5015","15q22.2",-0.0358823930916792,-0.339243690319681,0.735216470255633,"con","ALL","15","q","15q",0,-1,"LUAD","plasma_cell"
"5016","15q22.31",-0.0479050656672629,-0.416810999575519,0.677809123371934,"con","ALL","15","q","15q",0,-1,"LUAD","plasma_cell"
"5017","15q23",-0.081767289713547,-0.648786842513342,0.51812825920735,"con","ALL","15","q","15q",0,-1,"LUAD","plasma_cell"
"5018","15q24.1",-0.101841915092602,-0.761492294172935,0.448353870671178,"con","ALL","15","q","15q",0,-1,"LUAD","plasma_cell"
"5019","15q24.2",-0.118135517587655,-0.853733349593674,0.395519349901387,"con","ALL","15","q","15q",0,-1,"LUAD","plasma_cell"
"5020","15q24.3",-0.130377461270199,-0.916899095096412,0.361645988431462,"con","ALL","15","q","15q",0,-1,"LUAD","plasma_cell"
"5021","15q25.1",-0.140329680932442,-0.976685689568524,0.331342765860809,"con","ALL","15","q","15q",0,-1,"LUAD","plasma_cell"
"5022","15q25.3",-0.155578918746093,-1.12216856496565,0.264775688030305,"con","ALL","15","q","15q",0,-1,"LUAD","plasma_cell"
"5023","15q26.1",-0.152731947032892,-1.12680263503974,0.262821339249954,"con","ALL","15","q","15q",0,-1,"LUAD","plasma_cell"
"5024","15q26.3",-0.142142381003637,-1.112789844916,0.268762123571197,"con","ALL","15","q","15q",0,-1,"LUAD","plasma_cell"
"5025","16p13.3",-0.0515622442546491,-0.506898003072901,0.613466099557867,"con","ALL","16","p","16p",0,1,"LUAD","plasma_cell"
"5026","16p13.2",-0.13218579608508,-1.10937901591073,0.270222238856828,"con","ALL","16","p","16p",0,1,"LUAD","plasma_cell"
"5027","16p13.13",-0.145217718579256,-1.18655770866557,0.238524906053616,"con","ALL","16","p","16p",0,1,"LUAD","plasma_cell"
"5028","16p12.3",-0.155782841237245,-1.16563249157445,0.246842959097515,"con","ALL","16","p","16p",0,1,"LUAD","plasma_cell"
"5029","16p12.2",-0.162109969469848,-1.08410915095993,0.281212077132575,"con","ALL","16","p","16p",0,1,"LUAD","plasma_cell"
"5030","16p12.1",-0.171989543118228,-1.06965714589697,0.28763407613987,"con","ALL","16","p","16p",0,1,"LUAD","plasma_cell"
"5031","16p11.2",-0.227777784058023,-1.12937637107902,0.261740289266094,"con","ALL","16","p","16p",0,1,"LUAD","plasma_cell"
"5032","16q11.2",-0.29541472443448,-1.2358641326883,1,"con","ALL","16","q","16q",0,1,"LUAD","plasma_cell"
"5033","16q12.1",-0.281895403238014,-1.1276780466571,1,"con","ALL","16","q","16q",0,1,"LUAD","plasma_cell"
"5034","16q12.2",-0.257969437980105,-1.02261187988534,1,"con","ALL","16","q","16q",0,1,"LUAD","plasma_cell"
"5035","16q13",-0.224877970799465,-0.90399816721152,1,"con","ALL","16","q","16q",0,-1,"LUAD","plasma_cell"
"5036","16q21",-0.162680363337099,-0.685989730515622,1,"con","ALL","16","q","16q",0,-1,"LUAD","plasma_cell"
"5037","16q22.1",-0.115501906317423,-0.569592054889422,1,"con","ALL","16","q","16q",0,-1,"LUAD","plasma_cell"
"5038","16q22.2",-0.0347493788424547,-0.223476990005578,0.823670763253454,"con","ALL","16","q","16q",0,-1,"LUAD","plasma_cell"
"5039","16q23.1",-0.0213958574301286,-0.14790583849859,0.882747944569604,"con","ALL","16","q","16q",0,-1,"LUAD","plasma_cell"
"5040","16q23.3",-0.0174985617689828,-0.140879682894208,0.888279833574911,"con","ALL","16","q","16q",0,-1,"LUAD","plasma_cell"
"5041","16q24.1",-0.018027777132798,-0.159265060570695,0.873816913709503,"con","ALL","16","q","16q",0,-1,"LUAD","plasma_cell"
"5042","16q24.2",-0.0142061466740569,-0.135604432933593,0.892436840236353,"con","ALL","16","q","16q",0,-1,"LUAD","plasma_cell"
"5043","16q24.3",-0.00962498738755726,-0.102007605161051,0.9189775675841,"con","ALL","16","q","16q",0,-1,"LUAD","plasma_cell"
"5044","17p13.3",-0.0500202985700971,-0.372439309412048,0.710441386056285,"con","ALL","17","p","17p",0,-1,"LUAD","plasma_cell"
"5045","17p13.2",-0.028498946016682,-0.226546845772397,0.821289879210469,"con","ALL","17","p","17p",0,-1,"LUAD","plasma_cell"
"5046","17p13.1",-0.0427361264636439,-0.291927339617357,0.771014030561653,"con","ALL","17","p","17p",0,-1,"LUAD","plasma_cell"
"5047","17p12",-0.0885394805559396,-0.490448686522782,0.625010040268724,"con","ALL","17","p","17p",0,-1,"LUAD","plasma_cell"
"5048","17p11.2",-0.0959189070021191,-0.425306892767528,0.671628190322916,"con","ALL","17","p","17p",0,-1,"LUAD","plasma_cell"
"5049","17q11.1",-0.0618203810375568,-0.236228324847543,1,"con","ALL","17","q","17q",0,1,"LUAD","plasma_cell"
"5050","17q11.2",-0.00695207576950236,-0.0253485405725333,1,"con","ALL","17","q","17q",0,1,"LUAD","plasma_cell"
"5051","17q12",-0.0297419597729837,-0.211158878319179,0.833240693058647,"con","ALL","17","q","17q",0,1,"LUAD","plasma_cell"
"5052","17q21.1",-0.0265604131445769,-0.195857564262287,0.845163190199094,"con","ALL","17","q","17q",0,1,"LUAD","plasma_cell"
"5053","17q21.2",-0.00969110454922886,-0.0736051631582247,0.941487906154133,"con","ALL","17","q","17q",0,1,"LUAD","plasma_cell"
"5054","17q21.31",0.00271486807885229,0.0189431169323782,0.984928416253665,"con","ALL","17","q","17q",0,1,"LUAD","plasma_cell"
"5055","17q21.32",-0.0350956733820386,-0.218243714350257,0.827733323066835,"con","ALL","17","q","17q",0,1,"LUAD","plasma_cell"
"5056","17q21.33",-0.0398305050763224,-0.257096718809088,0.797690972793053,"con","ALL","17","q","17q",0,1,"LUAD","plasma_cell"
"5057","17q22",-0.0446343157222081,-0.294261775846363,0.769235491291399,"con","ALL","17","q","17q",0,1,"LUAD","plasma_cell"
"5058","17q23.1",-0.0412200793293857,-0.279376846385237,0.780596656242488,"con","ALL","17","q","17q",0,1,"LUAD","plasma_cell"
"5059","17q23.3",-0.0315275542322112,-0.215649289907424,0.82974910505778,"con","ALL","17","q","17q",0,1,"LUAD","plasma_cell"
"5060","17q24.2",0.0151862991290465,0.10430000229408,0.917163358493167,"con","ALL","17","q","17q",0,1,"LUAD","plasma_cell"
"5061","17q25.1",0.0681106365907036,0.467272269292509,0.641434452477034,"con","ALL","17","q","17q",0,1,"LUAD","plasma_cell"
"5062","17q25.3",0.119958860605771,1.00199330434754,0.319033237331533,"con","ALL","17","q","17q",0,1,"LUAD","plasma_cell"
"5063","18p11.32",-0.16686386016829,-1.4493142524911,0.150725440836357,"con","ALL","18","p","18p",0,-1,"LUAD","plasma_cell"
"5064","18p11.31",-0.173789215575395,-1.4699512251988,0.145062256308438,"con","ALL","18","p","18p",0,-1,"LUAD","plasma_cell"
"5065","18p11.22",-0.189620276770035,-1.45977608396019,0.147833455404817,"con","ALL","18","p","18p",0,-1,"LUAD","plasma_cell"
"5066","18p11.21",-0.214259267034938,-1.40009265951427,0.164923457003824,"con","ALL","18","p","18p",0,-1,"LUAD","plasma_cell"
"5067","18q11.1",-0.219641086827772,-1.31906294081935,0.190494358505585,"con","ALL","18","q","18q",0,-1,"LUAD","plasma_cell"
"5068","18q11.2",-0.217032309776613,-1.22545068919905,0.223602712233691,"con","ALL","18","q","18q",0,-1,"LUAD","plasma_cell"
"5069","18q12.2",-0.201744298544245,-1.00161092450987,1,"con","ALL","18","q","18q",0,-1,"LUAD","plasma_cell"
"5070","18q21.1",-0.169319930793232,-0.834844349792123,1,"con","ALL","18","q","18q",0,-1,"LUAD","plasma_cell"
"5071","18q21.31",-0.130802445159086,-0.657424794110286,1,"con","ALL","18","q","18q",0,-1,"LUAD","plasma_cell"
"5072","18q21.32",-0.120112185021804,-0.608640806945178,0.544295689780383,"con","ALL","18","q","18q",0,-1,"LUAD","plasma_cell"
"5073","18q21.33",-0.105412592459132,-0.535982742139615,0.593292685691342,"con","ALL","18","q","18q",0,-1,"LUAD","plasma_cell"
"5074","18q22.3",-0.0983597769746701,-0.499546078057874,0.618613789957993,"con","ALL","18","q","18q",0,-1,"LUAD","plasma_cell"
"5075","18q23",-0.0786942966494219,-0.402365728765937,0.688368944846275,"con","ALL","18","q","18q",0,-1,"LUAD","plasma_cell"
"5076","19p13.3",-0.142533339168813,-1.411404762952,0.161573068633883,"con","ALL","19","p","19p",0,1,"LUAD","plasma_cell"
"5077","19p13.2",-0.307728721584373,-2.22312274232624,0.0287118114486905,"con","ALL","19","p","19p",-0.072225234827589,-1,"LUAD","plasma_cell"
"5078","19p13.13",-0.372199570581473,-2.50450987343248,0.014062858968445,"con","ALL","19","p","19p",-0.256783575261625,-1,"LUAD","plasma_cell"
"5079","19p13.12",-0.443847566925734,-2.64986713471759,0.00951178913803291,"con","ALL","19","p","19p",-0.380568871845684,-1,"LUAD","plasma_cell"
"5080","19p13.11",-0.433241450696898,-2.14443741667552,0.0346926567569687,"con","ALL","19","p","19p",-0.072225234827589,-1,"LUAD","plasma_cell"
"5081","19q12",-0.15812598455956,-1.14373402432327,0.255766964359849,"con","ALL","19","q","19q",0,1,"LUAD","plasma_cell"
"5082","19q13.11",-0.129951692310288,-1.06346509287804,0.290416175901296,"con","ALL","19","q","19q",0,1,"LUAD","plasma_cell"
"5083","19q13.12",-0.0921950376502714,-0.876607952299419,0.38303345666258,"con","ALL","19","q","19q",0,1,"LUAD","plasma_cell"
"5084","19q13.2",-0.0771273538877337,-0.689277398472137,0.492421993535709,"con","ALL","19","q","19q",0,1,"LUAD","plasma_cell"
"5085","19q13.31",-0.0250777318563229,-0.1971501434234,0.844154600301286,"con","ALL","19","q","19q",0,1,"LUAD","plasma_cell"
"5086","19q13.32",0.0437224453695705,0.351520820594491,0.726019295601515,"con","ALL","19","q","19q",0,-1,"LUAD","plasma_cell"
"5087","19q13.33",0.0963132997156119,0.952041256261276,0.343625913404669,"con","ALL","19","q","19q",0,-1,"LUAD","plasma_cell"
"5088","19q13.41",0.104597655484917,1.15258606280569,0.252132527555883,"con","ALL","19","q","19q",0,-1,"LUAD","plasma_cell"
"5089","19q13.42",0.107564012664698,1.36762575206773,0.17483477596374,"con","ALL","19","q","19q",0,1,"LUAD","plasma_cell"
"5090","19q13.43",0.109961783019279,1.49335268226158,0.138842480926586,"con","ALL","19","q","19q",0,1,"LUAD","plasma_cell"
"5091","20p13",0.0248474078693448,0.22349718770135,0.823655093133082,"con","ALL","20","p","20p",0,-1,"LUAD","plasma_cell"
"5092","20p12.3",0.0557408800609801,0.444993811717518,0.657392632737957,"con","ALL","20","p","20p",0,-1,"LUAD","plasma_cell"
"5093","20p12.1",0.0800801232865041,0.582447505083691,0.561721665072093,"con","ALL","20","p","20p",0,-1,"LUAD","plasma_cell"
"5094","20p11.23",0.101416548313039,0.686387892966929,0.494233135068132,"con","ALL","20","p","20p",0,-1,"LUAD","plasma_cell"
"5095","20p11.22",0.1024549507263,0.651945826444552,0.516097633461552,"con","ALL","20","p","20p",0,-1,"LUAD","plasma_cell"
"5096","20p11.21",0.103484891658172,0.630729254411517,0.529815983221587,"con","ALL","20","p","20p",0,-1,"LUAD","plasma_cell"
"5097","20q11.21",0.0842568180593018,0.448565388718473,0.654823330087399,"con","ALL","20","q","20q",0,1,"LUAD","plasma_cell"
"5098","20q11.22",0.0897319221557064,0.4347398934208,0.664791862864898,"con","ALL","20","q","20q",0,1,"LUAD","plasma_cell"
"5099","20q12",0.193696705801994,0.956823378006633,1,"con","ALL","20","q","20q",0,1,"LUAD","plasma_cell"
"5100","20q13.11",0.201772103622649,1.00610955381654,1,"con","ALL","20","q","20q",0,1,"LUAD","plasma_cell"
"5101","20q13.12",0.19592946793946,1.02988909260767,0.305821898800334,"con","ALL","20","q","20q",0,1,"LUAD","plasma_cell"
"5102","20q13.13",0.244785910403983,1.72321746684815,0.0882833133907437,"con","ALL","20","q","20q",0,1,"LUAD","plasma_cell"
"5103","20q13.2",0.245178904636955,1.95935526566191,0.0531659772600227,"con","ALL","20","q","20q",0.0490737069277346,1,"LUAD","plasma_cell"
"5104","20q13.32",0.222315923912789,2.11256115217519,0.0374076616979237,"con","ALL","20","q","20q",0.072225234827589,1,"LUAD","plasma_cell"
"5105","20q13.33",0.201483663396332,2.20204070901138,0.0302185236753103,"con","ALL","20","q","20q",0.072225234827589,1,"LUAD","plasma_cell"
"5106","21q21.3",0.012790268560614,0.130730613719386,0.896280186368398,"con","ALL","21","q","21q",0,1,"LUAD","plasma_cell"
"5107","21q22.11",0.0133039824060178,0.139021156530876,0.889744040701769,"con","ALL","21","q","21q",0,1,"LUAD","plasma_cell"
"5108","21q22.12",0.0219718087120671,0.231301967440838,0.817605265540711,"con","ALL","21","q","21q",0,1,"LUAD","plasma_cell"
"5109","21q22.13",0.0296050100511469,0.316506434136622,0.752351083395144,"con","ALL","21","q","21q",0,1,"LUAD","plasma_cell"
"5110","21q22.2",0.037778005612437,0.410942177749457,0.682091753748412,"con","ALL","21","q","21q",0,1,"LUAD","plasma_cell"
"5111","21q22.3",0.0487772403175843,0.551978692942741,0.582331033775008,"con","ALL","21","q","21q",0,1,"LUAD","plasma_cell"
"5112","22q11.21",0.209990736866996,1.20613370844444,0.230927075819581,"con","ALL","22","q","22q",0,1,"LUAD","plasma_cell"
"5113","22q11.22",0.201061449178067,1.0423713349134,0.300031489537935,"con","ALL","22","q","22q",0,1,"LUAD","plasma_cell"
"5114","22q11.23",0.189311197490974,0.93322705979536,1,"con","ALL","22","q","22q",0,1,"LUAD","plasma_cell"
"5115","22q12.1",0.162847640527203,0.755248943476125,0.452071604142308,"con","ALL","22","q","22q",0,1,"LUAD","plasma_cell"
"5116","22q12.2",0.165947015962386,0.74096752070028,0.460642058702676,"con","ALL","22","q","22q",0,-1,"LUAD","plasma_cell"
"5117","22q12.3",0.157539093087243,0.7368939789006,0.463103469516386,"con","ALL","22","q","22q",0,-1,"LUAD","plasma_cell"
"5118","22q13.1",0.106559834713293,0.551285985196454,0.582803732823246,"con","ALL","22","q","22q",0,-1,"LUAD","plasma_cell"
"5119","22q13.2",-0.00141833403975848,-0.00722836689553477,0.994248646297983,"con","ALL","22","q","22q",0,-1,"LUAD","plasma_cell"
"5120","22q13.31",-0.104545817970811,-0.533215350779731,0.595198823158732,"con","ALL","22","q","22q",0,-1,"LUAD","plasma_cell"
"5121","22q13.33",-0.109789488275219,-0.561585531911171,0.575794235979544,"con","ALL","22","q","22q",0,-1,"LUAD","plasma_cell"
"5122","1p36.33",-0.00863546716976386,-0.150912132461169,0.880382763707909,"con","ALL","1","p","1p",0,1,"LUAD","Treg"
"5123","1p36.32",-0.00553486867080057,-0.0929882391861091,0.926119590767525,"con","ALL","1","p","1p",0,1,"LUAD","Treg"
"5124","1p36.31",-0.00355913767124308,-0.0583492238715276,0.953599818134171,"con","ALL","1","p","1p",0,1,"LUAD","Treg"
"5125","1p36.23",-0.00216203585258046,-0.0340913882620913,0.972879771310741,"con","ALL","1","p","1p",0,1,"LUAD","Treg"
"5126","1p36.22",0.00076011151226272,0.0106627817956583,0.991516092715928,"con","ALL","1","p","1p",0,1,"LUAD","Treg"
"5127","1p36.21",-0.00360117951422653,-0.0476025394393471,0.962138482227633,"con","ALL","1","p","1p",0,1,"LUAD","Treg"
"5128","1p36.13",-0.00888246124304544,-0.112721952869913,0.910502042276754,"con","ALL","1","p","1p",0,1,"LUAD","Treg"
"5129","1p36.12",-0.0193949135427854,-0.24157040845092,0.809662598433444,"con","ALL","1","p","1p",0,1,"LUAD","Treg"
"5130","1p36.11",-0.0227329746566682,-0.269637428464616,0.788056457847435,"con","ALL","1","p","1p",0,1,"LUAD","Treg"
"5131","1p35.3",-0.0450881779649343,-0.477051163536996,0.634482053841952,"con","ALL","1","p","1p",0,1,"LUAD","Treg"
"5132","1p35.2",-0.0679295227385678,-0.715475751182386,0.476167210738543,"con","ALL","1","p","1p",0,1,"LUAD","Treg"
"5133","1p35.1",-0.0757581850846464,-0.815169667886605,0.417127181462972,"con","ALL","1","p","1p",0,1,"LUAD","Treg"
"5134","1p34.3",-0.0652419618221897,-0.770213097503282,0.44319055272,"con","ALL","1","p","1p",0,1,"LUAD","Treg"
"5135","1p34.2",-0.0621816710745729,-0.831390656139002,0.407953333890628,"con","ALL","1","p","1p",0,1,"LUAD","Treg"
"5136","1p34.1",-0.0547064913262332,-0.800192299609334,0.425706540072397,"con","ALL","1","p","1p",0,1,"LUAD","Treg"
"5137","1p33",-0.056234283439228,-0.81032694758363,0.419889794802542,"con","ALL","1","p","1p",0,1,"LUAD","Treg"
"5138","1p32.3",-0.0569022725215264,-0.77089446623952,0.442788595694672,"con","ALL","1","p","1p",0,1,"LUAD","Treg"
"5139","1p32.1",-0.0417155252381517,-0.55115468637394,0.582893350761496,"con","ALL","1","p","1p",0,1,"LUAD","Treg"
"5140","1p31.3",-0.0356090566958648,-0.436946058242086,0.663197055869257,"con","ALL","1","p","1p",0,1,"LUAD","Treg"
"5141","1p31.1",-0.0548762971255667,-0.614297256435091,0.540568726851013,"con","ALL","1","p","1p",0,1,"LUAD","Treg"
"5142","1p22.3",-0.0745380399169836,-0.805066541518631,1,"con","ALL","1","p","1p",0,-1,"LUAD","Treg"
"5143","1p22.2",-0.0885561955205248,-0.966306820043907,0.336480136393264,"con","ALL","1","p","1p",0,-1,"LUAD","Treg"
"5144","1p22.1",-0.077266433669455,-0.823847511173322,0.412204096930693,"con","ALL","1","p","1p",0,-1,"LUAD","Treg"
"5145","1p21.3",-0.0749708242009172,-0.753960859387545,0.452840819664984,"con","ALL","1","p","1p",0,-1,"LUAD","Treg"
"5146","1p21.2",-0.061814252694545,-0.583610763412775,0.560941984033545,"con","ALL","1","p","1p",0,-1,"LUAD","Treg"
"5147","1p13.3",-0.132675834965375,-0.918445801762069,1,"con","ALL","1","p","1p",0,-1,"LUAD","Treg"
"5148","1p13.2",-0.242274461479828,-1.45058844255601,1,"con","ALL","1","p","1p",0,1,"LUAD","Treg"
"5149","1p13.1",-0.227153599672301,-1.66135227829245,0.100122489262678,"con","ALL","1","p","1p",-0.210576552391941,1,"LUAD","Treg"
"5150","1p12",-0.216141816734,-1.79788288551872,0.0755488158779082,"con","ALL","1","p","1p",-0.234483944956105,1,"LUAD","Treg"
"5151","1q21.1",-0.201517620338679,-1.89832217040058,0.0608582093353936,"con","ALL","1","q","1q",-0.293077476586723,1,"LUAD","Treg"
"5152","1q21.2",-0.174389380203626,-2.07544773826411,0.0407986276145322,"con","ALL","1","q","1q",-0.390117034752737,1,"LUAD","Treg"
"5153","1q21.3",-0.121759084774227,-2.31104261352258,0.0231150139045634,"con","ALL","1","q","1q",-0.514462030165624,1,"LUAD","Treg"
"5154","1q22",-0.106461573913378,-2.49052849830529,0.0145902667110738,"con","ALL","1","q","1q",-0.567786103143839,1,"LUAD","Treg"
"5155","1q23.1",-0.102009355030876,-2.31294655806069,0.0230052901037314,"con","ALL","1","q","1q",-0.514462030165624,1,"LUAD","Treg"
"5156","1q23.2",-0.0998003661724176,-2.23000142471759,0.0282346360455588,"con","ALL","1","q","1q",-0.488727025183896,1,"LUAD","Treg"
"5157","1q23.3",-0.0983412393467762,-2.08021820872221,0.0403484284364631,"con","ALL","1","q","1q",-0.390117034752737,1,"LUAD","Treg"
"5158","1q24.1",-0.0971593889380894,-1.9609819825574,0.0529728027017093,"con","ALL","1","q","1q",-0.313226471770639,1,"LUAD","Treg"
"5159","1q24.2",-0.0936185958174995,-1.8484600703196,0.0678195296379214,"con","ALL","1","q","1q",-0.258631000214329,1,"LUAD","Treg"
"5160","1q24.3",-0.089700915984682,-1.74386225556684,0.0845975890010154,"con","ALL","1","q","1q",-0.234483944956105,1,"LUAD","Treg"
"5161","1q25.1",-0.0912904563157797,-1.74109569719467,0.0850840372625131,"con","ALL","1","q","1q",-0.234483944956105,1,"LUAD","Treg"
"5162","1q25.2",-0.0918092400824158,-1.75057912430652,0.0834260659832353,"con","ALL","1","q","1q",-0.234483944956105,1,"LUAD","Treg"
"5163","1q25.3",-0.0923355411181977,-1.75467148191654,0.0827188694410267,"con","ALL","1","q","1q",-0.234483944956105,1,"LUAD","Treg"
"5164","1q31.1",-0.0944706448473917,-1.7895047881229,0.0768972086876002,"con","ALL","1","q","1q",-0.234483944956105,1,"LUAD","Treg"
"5165","1q31.2",-0.0936463780619002,-1.78115003024575,0.0782616453198168,"con","ALL","1","q","1q",-0.234483944956105,1,"LUAD","Treg"
"5166","1q32.1",-0.0857867998439593,-1.65465542467711,0.101477912150071,"con","ALL","1","q","1q",-0.210576552391941,1,"LUAD","Treg"
"5167","1q32.2",-0.0851126573242004,-1.61734723201122,0.109303119033981,"con","ALL","1","q","1q",-0.210576552391941,1,"LUAD","Treg"
"5168","1q32.3",-0.0803064658750913,-1.4695288237324,0.145176486788558,"con","ALL","1","q","1q",-0.136069894642261,1,"LUAD","Treg"
"5169","1q41",-0.0660264253679504,-1.17601983443245,0.242688372189124,"con","ALL","1","q","1q",-0.00326579433890025,1,"LUAD","Treg"
"5170","1q42.11",-0.0619707523916494,-1.08837089215023,0.279337334362261,"con","ALL","1","q","1q",-0.00222173177982419,1,"LUAD","Treg"
"5171","1q42.12",-0.0540440693359422,-0.932987664916777,0.353322608714576,"con","ALL","1","q","1q",0,1,"LUAD","Treg"
"5172","1q42.13",-0.047084121045938,-0.791188162790608,0.430914330230763,"con","ALL","1","q","1q",0,1,"LUAD","Treg"
"5173","1q42.2",-0.0334144258207941,-0.553843000843889,0.581059747734434,"con","ALL","1","q","1q",0,1,"LUAD","Treg"
"5174","1q42.3",-0.0264254686763992,-0.439145821994858,0.661608419763737,"con","ALL","1","q","1q",0,1,"LUAD","Treg"
"5175","1q43",-0.0262392493893907,-0.434925845503952,0.664657380918069,"con","ALL","1","q","1q",0,1,"LUAD","Treg"
"5176","1q44",-0.0287011176258486,-0.480569403965591,0.631988682915269,"con","ALL","1","q","1q",0,1,"LUAD","Treg"
"5177","2p25.3",0.149043168023203,1.47228528393322,0.144432315942105,"con","ALL","2","p","2p",0.136069894642261,1,"LUAD","Treg"
"5178","2p25.1",0.191067883682531,1.69208908538164,0.0940885835494472,"con","ALL","2","p","2p",0.215833475231847,1,"LUAD","Treg"
"5179","2p24.1",0.235735147533007,1.89908715155002,0.0607562809308093,"con","ALL","2","p","2p",0.293077476586723,1,"LUAD","Treg"
"5180","2p23.3",0.287082436172609,2.05906878478979,1,"con","ALL","2","p","2p",0,1,"LUAD","Treg"
"5181","2p23.2",0.369011935229116,2.48670228601092,1,"con","ALL","2","p","2p",0,1,"LUAD","Treg"
"5182","2p22.3",0.395850876252154,2.70790936060691,1,"con","ALL","2","p","2p",0,1,"LUAD","Treg"
"5183","2p22.2",0.407968266757448,2.97170353878812,1,"con","ALL","2","p","2p",0,1,"LUAD","Treg"
"5184","2p22.1",0.405374087481504,3.19542493365347,1,"con","ALL","2","p","2p",0,1,"LUAD","Treg"
"5185","2p21",0.417854651735223,3.47580014614144,1,"con","ALL","2","p","2p",0,-1,"LUAD","Treg"
"5186","2p16.2",0.395913422833212,3.54858088019723,1,"con","ALL","2","p","2p",0,-1,"LUAD","Treg"
"5187","2p16.1",0.38631110908548,3.55007599463717,1,"con","ALL","2","p","2p",0,-1,"LUAD","Treg"
"5188","2p15",0.375236911827891,3.58886641388726,1,"con","ALL","2","p","2p",0,1,"LUAD","Treg"
"5189","2p14",0.374223110900946,3.57126307518756,1,"con","ALL","2","p","2p",0,1,"LUAD","Treg"
"5190","2p13.3",0.357592322333833,3.35093969098491,1,"con","ALL","2","p","2p",0,1,"LUAD","Treg"
"5191","2p13.2",0.339010536619078,3.07167559387051,1,"con","ALL","2","p","2p",0,1,"LUAD","Treg"
"5192","2p13.1",0.348857675699082,3.00969857878418,1,"con","ALL","2","p","2p",0,1,"LUAD","Treg"
"5193","2p12",0.358197603233516,2.94417776217847,1,"con","ALL","2","p","2p",0,1,"LUAD","Treg"
"5194","2p11.2",0.348397933874688,2.79892333546485,1,"con","ALL","2","p","2p",0,1,"LUAD","Treg"
"5195","2q11.1",0.351381453674722,2.76407297280635,1,"con","ALL","2","q","2q",0,1,"LUAD","Treg"
"5196","2q11.2",0.337189687634957,2.48731413173159,1,"con","ALL","2","q","2q",0,1,"LUAD","Treg"
"5197","2q12.2",0.286301606812764,1.98482848674241,1,"con","ALL","2","q","2q",0,1,"LUAD","Treg"
"5198","2q12.3",0.280844421884662,1.93146610392813,1,"con","ALL","2","q","2q",0,1,"LUAD","Treg"
"5199","2q13",0.273406713226467,1.86435661398128,1,"con","ALL","2","q","2q",0,1,"LUAD","Treg"
"5200","2q14.1",0.250665680443448,1.69754540388168,1,"con","ALL","2","q","2q",0,1,"LUAD","Treg"
"5201","2q14.2",0.266187053550555,1.77964265490129,1,"con","ALL","2","q","2q",0,1,"LUAD","Treg"
"5202","2q14.3",0.223285460465983,1.5236408639673,1,"con","ALL","2","q","2q",0,1,"LUAD","Treg"
"5203","2q21.1",0.186293025835697,1.25604676847764,1,"con","ALL","2","q","2q",0,1,"LUAD","Treg"
"5204","2q21.3",0.174461294882974,1.20855297837344,1,"con","ALL","2","q","2q",0,1,"LUAD","Treg"
"5205","2q23.2",0.169421858708976,1.18513243463083,1,"con","ALL","2","q","2q",0,1,"LUAD","Treg"
"5206","2q23.3",0.141035727755478,0.987201526867935,1,"con","ALL","2","q","2q",0,1,"LUAD","Treg"
"5207","2q24.2",0.128586111479972,0.899183106914285,1,"con","ALL","2","q","2q",0,1,"LUAD","Treg"
"5208","2q31.1",0.156039853665079,1.09241722148895,1,"con","ALL","2","q","2q",0,1,"LUAD","Treg"
"5209","2q31.2",0.154752649121042,0.986685004271965,1,"con","ALL","2","q","2q",0,1,"LUAD","Treg"
"5210","2q31.3",0.149644286962278,0.930722165497709,1,"con","ALL","2","q","2q",0,1,"LUAD","Treg"
"5211","2q32.1",0.160885921539229,0.983251899853272,1,"con","ALL","2","q","2q",0,1,"LUAD","Treg"
"5212","2q32.3",0.1477446890692,0.890935640717112,1,"con","ALL","2","q","2q",0,1,"LUAD","Treg"
"5213","2q33.1",0.138261016463446,0.770397516976771,1,"con","ALL","2","q","2q",0,1,"LUAD","Treg"
"5214","2q33.2",0.0459603742789519,0.244657557425402,1,"con","ALL","2","q","2q",0,1,"LUAD","Treg"
"5215","2q34",0.0121382852409351,0.0708875777869285,1,"con","ALL","2","q","2q",0,1,"LUAD","Treg"
"5216","2q35",0.00364323675908898,0.0233272731150293,1,"con","ALL","2","q","2q",0,1,"LUAD","Treg"
"5217","2q36.1",-0.0133656425267426,-0.094537565580962,0.924892302943534,"con","ALL","2","q","2q",0,1,"LUAD","Treg"
"5218","2q36.3",-0.0171624754055816,-0.12495934192816,0.900834431514974,"con","ALL","2","q","2q",0,1,"LUAD","Treg"
"5219","2q37.1",-0.00589760282527356,-0.0467156495229443,0.962843362124218,"con","ALL","2","q","2q",0,1,"LUAD","Treg"
"5220","2q37.3",-0.00974884836300278,-0.0832811025349203,0.933812980598783,"con","ALL","2","q","2q",0,1,"LUAD","Treg"
"5221","3p26.2",-0.0873535737260226,-1.1093315251872,0.27024260775524,"con","ALL","3","p","3p",-0.00222173177982419,-1,"LUAD","Treg"
"5222","3p26.1",-0.0878690342249348,-1.12034589722727,0.265547153911041,"con","ALL","3","p","3p",-0.00222173177982419,-1,"LUAD","Treg"
"5223","3p25.3",-0.0880280978592755,-1.14376880141301,0.255752613657667,"con","ALL","3","p","3p",-0.00222173177982419,-1,"LUAD","Treg"
"5224","3p25.2",-0.0789512393135685,-1.03716248081282,0.302438736706224,"con","ALL","3","p","3p",-0.00222173177982419,-1,"LUAD","Treg"
"5225","3p25.1",-0.0698529149216951,-0.925848785899571,0.357000578012186,"con","ALL","3","p","3p",0,-1,"LUAD","Treg"
"5226","3p24.3",-0.0612349852515559,-0.839756960816434,0.403269889333344,"con","ALL","3","p","3p",0,-1,"LUAD","Treg"
"5227","3p24.2",-0.0627520734543078,-0.866198092718695,0.38868485803841,"con","ALL","3","p","3p",0,-1,"LUAD","Treg"
"5228","3p24.1",-0.0598147368166034,-0.835641018819294,0.405569882237038,"con","ALL","3","p","3p",0,-1,"LUAD","Treg"
"5229","3p23",-0.0560559175550595,-0.785901032199319,0.433989719189761,"con","ALL","3","p","3p",0,-1,"LUAD","Treg"
"5230","3p22.3",-0.0539335154176262,-0.754486515164789,0.452526818853163,"con","ALL","3","p","3p",0,-1,"LUAD","Treg"
"5231","3p22.2",-0.0514655295743347,-0.713305214583455,0.477502465169315,"con","ALL","3","p","3p",0,-1,"LUAD","Treg"
"5232","3p22.1",-0.0582705847077235,-0.785900874806629,0.433989810932642,"con","ALL","3","p","3p",0,-1,"LUAD","Treg"
"5233","3p21.33",-0.0708747009044078,-0.923122296512046,0.358411720300175,"con","ALL","3","p","3p",0,-1,"LUAD","Treg"
"5234","3p21.31",-0.122459364308989,-1.42951544722811,0.156318224240037,"con","ALL","3","p","3p",-0.122760128051796,-1,"LUAD","Treg"
"5235","3p21.2",-0.170654381610847,-1.67389592776992,1,"con","ALL","3","p","3p",0,-1,"LUAD","Treg"
"5236","3p21.1",-0.205349193211143,-1.79046059019921,1,"con","ALL","3","p","3p",0,-1,"LUAD","Treg"
"5237","3p14.3",-0.243081452850556,-1.94438351650657,1,"con","ALL","3","p","3p",0,-1,"LUAD","Treg"
"5238","3p14.1",-0.252614108180998,-1.92214886565522,1,"con","ALL","3","p","3p",0,-1,"LUAD","Treg"
"5239","3p13",-0.23416814520822,-1.77467617504889,1,"con","ALL","3","p","3p",0,-1,"LUAD","Treg"
"5240","3p11.2",-0.250107408124522,-1.85690191008647,1,"con","ALL","3","p","3p",0,-1,"LUAD","Treg"
"5241","3p11.1",-0.25789157596942,-1.88835259090427,1,"con","ALL","3","p","3p",0,-1,"LUAD","Treg"
"5242","3q11.2",-0.255334939296861,-1.81977473503815,1,"con","ALL","3","q","3q",0,-1,"LUAD","Treg"
"5243","3q12.2",-0.154704652145836,-1.13992919300985,1,"con","ALL","3","q","3q",0,1,"LUAD","Treg"
"5244","3q12.3",-0.151718553424111,-1.11304402097178,1,"con","ALL","3","q","3q",0,1,"LUAD","Treg"
"5245","3q13.12",-0.141055907995608,-1.05754842069847,1,"con","ALL","3","q","3q",0,1,"LUAD","Treg"
"5246","3q13.13",-0.133183323804804,-1.00990315465544,1,"con","ALL","3","q","3q",0,1,"LUAD","Treg"
"5247","3q13.2",-0.122177264411651,-0.931488175821614,1,"con","ALL","3","q","3q",0,1,"LUAD","Treg"
"5248","3q13.31",-0.107474965279297,-0.827591073992281,1,"con","ALL","3","q","3q",0,1,"LUAD","Treg"
"5249","3q13.33",-0.0780904830918318,-0.651414079173987,0.516439151830072,"con","ALL","3","q","3q",0,1,"LUAD","Treg"
"5250","3q21.1",-0.0516177680914388,-0.470551887134467,0.639099171462703,"con","ALL","3","q","3q",0,1,"LUAD","Treg"
"5251","3q21.3",-0.0160263944244969,-0.15916832846997,0.873892900706178,"con","ALL","3","q","3q",0,1,"LUAD","Treg"
"5252","3q22.1",0.0142734736968888,0.144810449421644,0.885184331250459,"con","ALL","3","q","3q",0,1,"LUAD","Treg"
"5253","3q22.2",0.036130403405574,0.371055368999858,0.711468295186319,"con","ALL","3","q","3q",0,-1,"LUAD","Treg"
"5254","3q22.3",0.066321246997898,0.703750067274918,0.483405222630873,"con","ALL","3","q","3q",0,-1,"LUAD","Treg"
"5255","3q23",0.0981835180542357,1.12856952157098,0.262078854676662,"con","ALL","3","q","3q",0.00222173177982419,-1,"LUAD","Treg"
"5256","3q24",0.114486776951232,1.4595040858065,0.147908094664399,"con","ALL","3","q","3q",0.131800642371939,-1,"LUAD","Treg"
"5257","3q25.1",0.138705130277081,1.96525490202373,0.0524682266273533,"con","ALL","3","q","3q",0.313226471770639,-1,"LUAD","Treg"
"5258","3q25.2",0.152430445086901,2.36592545953271,0.0201310525134892,"con","ALL","3","q","3q",0.532085858894738,-1,"LUAD","Treg"
"5259","3q25.31",0.158429589209707,2.5718661700443,0.0117542222228775,"con","ALL","3","q","3q",0.567786103143839,-1,"LUAD","Treg"
"5260","3q25.32",0.162762174232043,2.69519656840832,0.00839429725194765,"con","ALL","3","q","3q",0.6633260704005,-1,"LUAD","Treg"
"5261","3q25.33",0.167492949598505,2.93420318369041,0.00424235944999457,"con","ALL","3","q","3q",0.847729191996533,-1,"LUAD","Treg"
"5262","3q26.1",0.173207475090314,3.14922263365568,0.00222184913063549,"con","ALL","3","q","3q",1.10229315038552,-1,"LUAD","Treg"
"5263","3q26.2",0.177590156228096,3.3983541989472,0.00101166039540506,"con","ALL","3","q","3q",1.41594424414305,-1,"LUAD","Treg"
"5264","3q26.31",0.178295142551104,3.47044240915276,0.000799881658549006,"con","ALL","3","q","3q",1.48799003084232,-1,"LUAD","Treg"
"5265","3q26.32",0.178159589225133,3.67098494692005,0.000409342882497252,"con","ALL","3","q","3q",1.74674384247247,-1,"LUAD","Treg"
"5266","3q26.33",0.170548250360416,3.99607850827656,0.00013153283261082,"con","ALL","3","q","3q",2.16724624584671,-1,"LUAD","Treg"
"5267","3q27.1",0.16272212231058,4.26678287433639,4.89193679068595e-05,"con","ALL","3","q","3q",2.55540689677659,-1,"LUAD","Treg"
"5268","3q27.2",0.160898681004852,4.39564346109083,3.01512733336924e-05,"con","ALL","3","q","3q",2.70221375238244,-1,"LUAD","Treg"
"5269","3q27.3",0.161741936014416,4.46131940480286,2.34871513073761e-05,"con","ALL","3","q","3q",2.71915542804255,-1,"LUAD","Treg"
"5270","3q29",0.155751816413963,4.67273407383026,1.03671083079619e-05,"con","ALL","3","q","3q",2.92426369283611,-1,"LUAD","Treg"
"5271","4p16.3",-0.0576997654619142,-0.642019034737849,0.522492770671076,"con","ALL","4","p","4p",0,-1,"LUAD","Treg"
"5272","4p16.1",-0.0723739992396735,-0.777950020258409,0.438638820203728,"con","ALL","4","p","4p",0,1,"LUAD","Treg"
"5273","4p15.32",-0.0856955891672044,-0.900933753648271,0.37002810602633,"con","ALL","4","p","4p",0,1,"LUAD","Treg"
"5274","4p15.2",-0.0921191670393108,-0.960688111267443,0.339282927187309,"con","ALL","4","p","4p",0,1,"LUAD","Treg"
"5275","4p14",-0.107338882757142,-1.04012283290166,0.301069026234579,"con","ALL","4","p","4p",-0.00222173177982419,1,"LUAD","Treg"
"5276","4p13",-0.104519109765239,-0.953288686921609,0.34299715767701,"con","ALL","4","p","4p",0,1,"LUAD","Treg"
"5277","4p12",-0.114634129607222,-1.02992411285382,0.305805548503522,"con","ALL","4","p","4p",-0.00222173177982419,1,"LUAD","Treg"
"5278","4p11",-0.11758515441547,-1.0510951869455,0.296028968187028,"con","ALL","4","p","4p",-0.00222173177982419,1,"LUAD","Treg"
"5279","4q12",-0.150467865805673,-1.32002244848105,1,"con","ALL","4","q","4q",0,1,"LUAD","Treg"
"5280","4q13.2",-0.179016611844153,-1.51471399461656,1,"con","ALL","4","q","4q",0,1,"LUAD","Treg"
"5281","4q21.1",-0.255213299195272,-1.88078266214631,1,"con","ALL","4","q","4q",0,1,"LUAD","Treg"
"5282","4q21.22",-0.300884106607157,-2.15703853078579,1,"con","ALL","4","q","4q",0,1,"LUAD","Treg"
"5283","4q21.23",-0.315604987585202,-2.25458369377982,1,"con","ALL","4","q","4q",0,1,"LUAD","Treg"
"5284","4q22.1",-0.31196781916887,-2.23243143953679,1,"con","ALL","4","q","4q",0,1,"LUAD","Treg"
"5285","4q22.3",-0.301098101925426,-2.15215947976587,1,"con","ALL","4","q","4q",0,-1,"LUAD","Treg"
"5286","4q23",-0.233771332876084,-1.76964439895203,1,"con","ALL","4","q","4q",0,-1,"LUAD","Treg"
"5287","4q24",-0.237962552751801,-1.84512465408777,1,"con","ALL","4","q","4q",0,-1,"LUAD","Treg"
"5288","4q25",-0.23228428146681,-1.83997544347999,1,"con","ALL","4","q","4q",0,-1,"LUAD","Treg"
"5289","4q27",-0.199602895349181,-1.55585426364352,1,"con","ALL","4","q","4q",0,-1,"LUAD","Treg"
"5290","4q31.1",-0.15616977659625,-1.22825957774074,1,"con","ALL","4","q","4q",0,-1,"LUAD","Treg"
"5291","4q31.21",-0.141645930730721,-1.12260732586629,1,"con","ALL","4","q","4q",0,-1,"LUAD","Treg"
"5292","4q31.22",-0.130946991268412,-1.04022664776087,1,"con","ALL","4","q","4q",0,-1,"LUAD","Treg"
"5293","4q32.1",-0.126445101441257,-0.978529254494954,1,"con","ALL","4","q","4q",0,1,"LUAD","Treg"
"5294","4q32.2",-0.128555847936369,-0.989675990356044,1,"con","ALL","4","q","4q",0,1,"LUAD","Treg"
"5295","4q34.1",-0.13497513424353,-1.06922803711206,1,"con","ALL","4","q","4q",0,1,"LUAD","Treg"
"5296","4q34.2",-0.13331834535267,-1.06536861344361,1,"con","ALL","4","q","4q",0,1,"LUAD","Treg"
"5297","4q35.1",-0.149222940189185,-1.21853810006514,1,"con","ALL","4","q","4q",0,1,"LUAD","Treg"
"5298","5p15.33",-0.0188745640995905,-0.382822645473595,0.702753917777456,"con","ALL","5","p","5p",0,1,"LUAD","Treg"
"5299","5p15.31",-0.0225532706749562,-0.419037261175855,0.676187318793003,"con","ALL","5","p","5p",0,1,"LUAD","Treg"
"5300","5p15.2",-0.0265283685505108,-0.472288226721239,0.637864264732579,"con","ALL","5","p","5p",0,1,"LUAD","Treg"
"5301","5p15.1",-0.0350282749898047,-0.572198859466733,0.568613808510886,"con","ALL","5","p","5p",0,1,"LUAD","Treg"
"5302","5p13.3",-0.044017287673918,-0.67566267592659,0.50098726280147,"con","ALL","5","p","5p",0,1,"LUAD","Treg"
"5303","5p13.1",-0.071079389676242,-0.945582504649511,0.346893346398313,"con","ALL","5","p","5p",0,1,"LUAD","Treg"
"5304","5p12",-0.0825461441160271,-1.06345358467532,0.290421363638552,"con","ALL","5","p","5p",-0.00222173177982419,1,"LUAD","Treg"
"5305","5q11.1",-0.124971213908867,-1.47957434644233,0.14247878472031,"con","ALL","5","q","5q",-0.136069894642261,1,"LUAD","Treg"
"5306","5q11.2",-0.144169394716467,-1.71682501954644,0.0894508965213459,"con","ALL","5","q","5q",-0.227801487208131,1,"LUAD","Treg"
"5307","5q12.1",-0.142493480505259,-1.76813105373777,0.0804276986974754,"con","ALL","5","q","5q",-0.234483944956105,1,"LUAD","Treg"
"5308","5q12.3",-0.12712502281198,-1.66870279949645,0.0986517000151297,"con","ALL","5","q","5q",-0.210576552391941,1,"LUAD","Treg"
"5309","5q13.1",-0.119729796762103,-1.62875345002894,0.106860830401103,"con","ALL","5","q","5q",-0.210576552391941,1,"LUAD","Treg"
"5310","5q13.2",-0.0996002527995021,-1.47855005583471,0.142752051349168,"con","ALL","5","q","5q",-0.136069894642261,1,"LUAD","Treg"
"5311","5q13.3",-0.0958786475364264,-1.51073626754906,0.134358854684185,"con","ALL","5","q","5q",-0.146005218163221,-1,"LUAD","Treg"
"5312","5q14.1",-0.100709704760227,-1.6222451696872,0.108248934468422,"con","ALL","5","q","5q",-0.210576552391941,-1,"LUAD","Treg"
"5313","5q14.2",-0.118093681310952,-1.97317444386046,0.0515438315703333,"con","ALL","5","q","5q",-0.313226471770639,-1,"LUAD","Treg"
"5314","5q14.3",-0.126900463707853,-2.14254201232626,0.0348491739724274,"con","ALL","5","q","5q",-0.43508900492409,-1,"LUAD","Treg"
"5315","5q15",-0.141541659925104,-2.38629120755631,0.0191139073883785,"con","ALL","5","q","5q",-0.533846900185208,-1,"LUAD","Treg"
"5316","5q21.1",-0.145858891292167,-2.44520722812968,0.0164238809114322,"con","ALL","5","q","5q",-0.554725526682872,-1,"LUAD","Treg"
"5317","5q21.3",-0.147042822788677,-2.43973409240856,0.0166587006421445,"con","ALL","5","q","5q",-0.554725526682872,-1,"LUAD","Treg"
"5318","5q22.2",-0.15335630881415,-2.48734699289691,0.0147127287604241,"con","ALL","5","q","5q",-0.567786103143839,-1,"LUAD","Treg"
"5319","5q22.3",-0.151962071555906,-2.40674512786656,0.0181385906319295,"con","ALL","5","q","5q",-0.533846900185208,-1,"LUAD","Treg"
"5320","5q23.1",-0.156765889314529,-2.47433435955704,0.0152232520210802,"con","ALL","5","q","5q",-0.567530274736893,-1,"LUAD","Treg"
"5321","5q23.2",-0.162096104351406,-2.56112650161072,0.0120977716426716,"con","ALL","5","q","5q",-0.567786103143839,-1,"LUAD","Treg"
"5322","5q31.1",-0.164043733495381,-2.7857318995203,0.00651206787488971,"con","ALL","5","q","5q",-0.73219881073905,1,"LUAD","Treg"
"5323","5q31.2",-0.15644882124607,-2.91313366156368,0.00451246412083721,"con","ALL","5","q","5q",-0.845746476910169,1,"LUAD","Treg"
"5324","5q31.3",-0.141600318592625,-2.76279388360155,0.00694846120909762,"con","ALL","5","q","5q",-0.72521839099925,1,"LUAD","Treg"
"5325","5q32",-0.117839446965739,-2.50713841853283,0.0139656367089237,"con","ALL","5","q","5q",-0.567786103143839,1,"LUAD","Treg"
"5326","5q33.1",-0.110652029154118,-2.37917621611314,0.0194639460261126,"con","ALL","5","q","5q",-0.533846900185208,1,"LUAD","Treg"
"5327","5q33.2",-0.109012968586365,-2.34489757548658,0.0212313793884623,"con","ALL","5","q","5q",-0.530693379421178,1,"LUAD","Treg"
"5328","5q33.3",-0.105087698362705,-2.2993971355984,0.0237962495111554,"con","ALL","5","q","5q",-0.511831896100171,1,"LUAD","Treg"
"5329","5q34",-0.102729216071109,-2.28081447150531,0.0249199929952869,"con","ALL","5","q","5q",-0.501552331468128,1,"LUAD","Treg"
"5330","5q35.1",-0.104497014322551,-2.35154444809814,0.0208779446711387,"con","ALL","5","q","5q",-0.530693379421178,1,"LUAD","Treg"
"5331","5q35.2",-0.110827923030443,-2.51455889470883,0.0136944218009385,"con","ALL","5","q","5q",-0.567786103143839,1,"LUAD","Treg"
"5332","5q35.3",-0.115099452818829,-2.79542204014372,0.00633536142896793,"con","ALL","5","q","5q",-0.73219881073905,1,"LUAD","Treg"
"5333","6p25.2",-0.0833431849374807,-0.863346939726624,0.390241679219507,"con","ALL","6","p","6p",0,1,"LUAD","Treg"
"5334","6p25.1",-0.0739355250973083,-0.788937195201176,0.432222086641271,"con","ALL","6","p","6p",0,1,"LUAD","Treg"
"5335","6p24.3",-0.0680748957577559,-0.75030487984343,0.455028179145896,"con","ALL","6","p","6p",0,1,"LUAD","Treg"
"5336","6p24.2",-0.0735775299565397,-0.836795140860657,0.40492415495913,"con","ALL","6","p","6p",0,1,"LUAD","Treg"
"5337","6p23",-0.0627715451429039,-0.7172552694582,0.475074053940258,"con","ALL","6","p","6p",0,1,"LUAD","Treg"
"5338","6p22.3",-0.0692653841522605,-0.903126675575746,0.368869561516435,"con","ALL","6","p","6p",0,1,"LUAD","Treg"
"5339","6p22.2",-0.058607302823038,-0.802687497503386,0.424270009618221,"con","ALL","6","p","6p",0,1,"LUAD","Treg"
"5340","6p22.1",-0.0463917282308065,-0.674692683790362,0.501600551353387,"con","ALL","6","p","6p",0,1,"LUAD","Treg"
"5341","6p21.33",-0.0357848799773623,-0.583258625501624,0.561177950410035,"con","ALL","6","p","6p",0,1,"LUAD","Treg"
"5342","6p21.32",-0.021182095828965,-0.358991005956356,0.720442642120921,"con","ALL","6","p","6p",0,1,"LUAD","Treg"
"5343","6p21.31",-0.00848780395377353,-0.134911666946983,0.892982980098015,"con","ALL","6","p","6p",0,1,"LUAD","Treg"
"5344","6p21.2",-0.00143325152160947,-0.0199052311921791,0.984163035551778,"con","ALL","6","p","6p",0,1,"LUAD","Treg"
"5345","6p21.1",-0.00697254475245734,-0.0803745686898603,0.93611781044829,"con","ALL","6","p","6p",0,1,"LUAD","Treg"
"5346","6p12.1",-0.0106622272778033,-0.109659021203743,0.91292394416725,"con","ALL","6","p","6p",0,1,"LUAD","Treg"
"5347","6q12",-0.00474034916372495,-0.0517644717489542,0.958831084348734,"con","ALL","6","q","6q",0,1,"LUAD","Treg"
"5348","6q13",0.000327870082823359,0.00370163117357075,0.997054724980723,"con","ALL","6","q","6q",0,1,"LUAD","Treg"
"5349","6q14.1",0.0112361902444506,0.138537311806272,0.890125292163105,"con","ALL","6","q","6q",0,1,"LUAD","Treg"
"5350","6q14.3",0.0229690858850342,0.322479828796996,0.747837148782407,"con","ALL","6","q","6q",0,1,"LUAD","Treg"
"5351","6q15",0.0293939764329028,0.441066265636946,0.660222769536242,"con","ALL","6","q","6q",0,1,"LUAD","Treg"
"5352","6q16.1",0.0277317787836995,0.434865566707462,0.66470097379574,"con","ALL","6","q","6q",0,1,"LUAD","Treg"
"5353","6q16.2",0.0256517210329859,0.418491610008784,0.676584678125755,"con","ALL","6","q","6q",0,1,"LUAD","Treg"
"5354","6q21",0.0252048286934543,0.433147972492209,0.665943600620337,"con","ALL","6","q","6q",0,-1,"LUAD","Treg"
"5355","6q22.1",0.0200308142134761,0.353385345526421,0.724625990526645,"con","ALL","6","q","6q",0,-1,"LUAD","Treg"
"5356","6q22.31",0.0127729288650713,0.22120789070077,0.825431668158689,"con","ALL","6","q","6q",0,-1,"LUAD","Treg"
"5357","6q22.33",-0.00100664354047488,-0.0170603391365346,0.986426242942842,"con","ALL","6","q","6q",0,-1,"LUAD","Treg"
"5358","6q23.2",-0.00935614690945191,-0.157429956356085,0.875258663575087,"con","ALL","6","q","6q",0,-1,"LUAD","Treg"
"5359","6q23.3",-0.0148992012634386,-0.247687492678579,0.804940416685291,"con","ALL","6","q","6q",0,-1,"LUAD","Treg"
"5360","6q24.1",-0.0205130016683493,-0.337986971501313,0.736160124733446,"con","ALL","6","q","6q",0,-1,"LUAD","Treg"
"5361","6q24.2",-0.0291600214548231,-0.482266519099661,0.630787457675294,"con","ALL","6","q","6q",0,-1,"LUAD","Treg"
"5362","6q25.1",-0.0274183973920933,-0.464215056177437,0.643614622016595,"con","ALL","6","q","6q",0,-1,"LUAD","Treg"
"5363","6q25.3",-0.0217558400072395,-0.385615779627431,0.700691201344117,"con","ALL","6","q","6q",0,1,"LUAD","Treg"
"5364","6q27",-0.0236292191118004,-0.428951917896015,0.668983236062192,"con","ALL","6","q","6q",0,1,"LUAD","Treg"
"5365","7p22.3",-0.06729370308764,-1.80968971815608,0.0736819539898565,"con","ALL","7","p","7p",-0.234483944956105,1,"LUAD","Treg"
"5366","7p22.1",-0.0654007300402271,-1.79792501587119,0.0755420852086804,"con","ALL","7","p","7p",-0.234483944956105,1,"LUAD","Treg"
"5367","7p21.3",-0.0638643201991804,-1.76376844907003,0.081164518171607,"con","ALL","7","p","7p",-0.234483944956105,1,"LUAD","Treg"
"5368","7p21.1",-0.0629740522867917,-1.72998528750175,0.0870608121882355,"con","ALL","7","p","7p",-0.234483944956105,1,"LUAD","Treg"
"5369","7p15.3",-0.0598089395219628,-1.62343140231808,0.107994855772802,"con","ALL","7","p","7p",-0.210576552391941,1,"LUAD","Treg"
"5370","7p15.2",-0.0588325959659291,-1.5867742457788,0.116071130551648,"con","ALL","7","p","7p",-0.189012508776881,1,"LUAD","Treg"
"5371","7p14.3",-0.0564410718733989,-1.48931505919114,0.139900461386746,"con","ALL","7","p","7p",-0.136069894642261,1,"LUAD","Treg"
"5372","7p14.2",-0.0558903241644275,-1.45457067746236,0.149266962388965,"con","ALL","7","p","7p",-0.131621879025844,1,"LUAD","Treg"
"5373","7p14.1",-0.05243010070797,-1.33395652700624,0.185583917871007,"con","ALL","7","p","7p",-0.0767179398272161,1,"LUAD","Treg"
"5374","7p13",-0.0444934028760019,-1.09079039583039,0.278276846554759,"con","ALL","7","p","7p",-0.00222173177982419,1,"LUAD","Treg"
"5375","7p12.3",-0.0344422392252796,-0.811973322076586,0.418949367688191,"con","ALL","7","p","7p",0,1,"LUAD","Treg"
"5376","7p11.2",-0.0320076825877856,-0.72535273198912,0.470117515624522,"con","ALL","7","p","7p",0,1,"LUAD","Treg"
"5377","7q11.21",-0.0372141570560663,-0.787289665576006,0.433180740105227,"con","ALL","7","q","7q",0,1,"LUAD","Treg"
"5378","7q11.23",-0.0595622950199779,-1.02595287641708,0.30766340047132,"con","ALL","7","q","7q",-0.00222173177982419,1,"LUAD","Treg"
"5379","7q21.12",-0.0741022764263935,-1.19898190578908,0.233682306666855,"con","ALL","7","q","7q",-0.00911352663957034,1,"LUAD","Treg"
"5380","7q21.2",-0.0743473264110138,-1.14265992639134,0.256210469044585,"con","ALL","7","q","7q",-0.00222173177982419,1,"LUAD","Treg"
"5381","7q21.3",-0.0701555379285745,-1.04810181062905,0.297398221062791,"con","ALL","7","q","7q",-0.00222173177982419,1,"LUAD","Treg"
"5382","7q22.1",-0.0450026591915397,-0.640187979488999,0.523676897977124,"con","ALL","7","q","7q",0,1,"LUAD","Treg"
"5383","7q22.3",-0.00583493390075397,-0.0776787085522642,0.938256066880459,"con","ALL","7","q","7q",0,1,"LUAD","Treg"
"5384","7q31.1",-0.000434187328360415,-0.00555223525652848,0.99558226850743,"con","ALL","7","q","7q",0,1,"LUAD","Treg"
"5385","7q31.2",0.0114191081895411,0.143423035908319,0.886276726854109,"con","ALL","7","q","7q",0,1,"LUAD","Treg"
"5386","7q31.31",0.0213924317674801,0.267559551924221,0.789650572438563,"con","ALL","7","q","7q",0,1,"LUAD","Treg"
"5387","7q31.32",0.0278123340413232,0.344194255503793,0.731503116771832,"con","ALL","7","q","7q",0,1,"LUAD","Treg"
"5388","7q32.1",0.0439521906155735,0.528901848617048,0.59817555209422,"con","ALL","7","q","7q",0,-1,"LUAD","Treg"
"5389","7q32.2",0.048937033840032,0.581032639564968,0.562670704770502,"con","ALL","7","q","7q",0,-1,"LUAD","Treg"
"5390","7q33",0.0510191937567719,0.598329017886121,0.551123248369382,"con","ALL","7","q","7q",0,-1,"LUAD","Treg"
"5391","7q34",0.0474157874363815,0.553176519047396,0.581514075176577,"con","ALL","7","q","7q",0,1,"LUAD","Treg"
"5392","7q36.1",0.0177954373848496,0.212480241953246,0.832212895992363,"con","ALL","7","q","7q",0,1,"LUAD","Treg"
"5393","7q36.3",0.00359466108045746,0.044146710565556,0.9648852609159,"con","ALL","7","q","7q",0,1,"LUAD","Treg"
"5394","8p23.3",-0.0747648867721597,-1.10224090647041,0.273295810215817,"con","ALL","8","p","8p",-0.00222173177982419,1,"LUAD","Treg"
"5395","8p22",-0.0698862150662166,-0.994784844128481,0.322508007867789,"con","ALL","8","p","8p",0,1,"LUAD","Treg"
"5396","8p21.3",-0.0596162938631828,-0.807786824888348,0.421343212459127,"con","ALL","8","p","8p",0,1,"LUAD","Treg"
"5397","8p21.2",-0.0440982210909361,-0.574477135540645,0.567078136390171,"con","ALL","8","p","8p",0,1,"LUAD","Treg"
"5398","8p21.1",-0.0398044835842521,-0.508045893252651,0.612664103964508,"con","ALL","8","p","8p",0,1,"LUAD","Treg"
"5399","8p12",-0.0359445345631347,-0.447575533124328,0.655534992785961,"con","ALL","8","p","8p",0,1,"LUAD","Treg"
"5400","8p11.23",-0.0246024240608614,-0.293603043829225,0.769737235553723,"con","ALL","8","p","8p",0,1,"LUAD","Treg"
"5401","8p11.22",-0.0196523719793956,-0.235147820968656,0.814628208941645,"con","ALL","8","p","8p",0,1,"LUAD","Treg"
"5402","8p11.21",-0.0230582044031933,-0.284219349604514,0.776895174350259,"con","ALL","8","p","8p",0,1,"LUAD","Treg"
"5403","8q11.21",-0.0270766379429864,-0.356515097626362,0.722289303473387,"con","ALL","8","q","8q",0,1,"LUAD","Treg"
"5404","8q11.23",-0.0277080350807534,-0.379537908557597,0.705182529822559,"con","ALL","8","q","8q",0,1,"LUAD","Treg"
"5405","8q12.1",-0.0387821561987672,-0.574194927479619,0.567268249057887,"con","ALL","8","q","8q",0,1,"LUAD","Treg"
"5406","8q12.3",-0.041345142958563,-0.648197992038349,0.51850724201287,"con","ALL","8","q","8q",0,1,"LUAD","Treg"
"5407","8q13.1",-0.0470257933936851,-0.767160873611748,0.444993738669226,"con","ALL","8","q","8q",0,1,"LUAD","Treg"
"5408","8q13.3",-0.0557220943732629,-0.938806135632656,0.35034300133541,"con","ALL","8","q","8q",0,1,"LUAD","Treg"
"5409","8q21.11",-0.0577967034275055,-1.02413901767466,0.308514494500352,"con","ALL","8","q","8q",-0.00222173177982419,1,"LUAD","Treg"
"5410","8q21.13",-0.0554247883086607,-1.0816120144023,0.282314594781106,"con","ALL","8","q","8q",-0.00222173177982419,1,"LUAD","Treg"
"5411","8q21.3",-0.0507554201375273,-1.08961788981022,0.278790416903603,"con","ALL","8","q","8q",-0.00222173177982419,1,"LUAD","Treg"
"5412","8q22.1",-0.0401114023177897,-0.959139006609732,0.340058340136009,"con","ALL","8","q","8q",0,1,"LUAD","Treg"
"5413","8q22.2",-0.0369018732611329,-0.93642353258691,0.351561155035561,"con","ALL","8","q","8q",0,1,"LUAD","Treg"
"5414","8q22.3",-0.034083287645307,-0.897868523707275,0.371651347632699,"con","ALL","8","q","8q",0,1,"LUAD","Treg"
"5415","8q23.1",-0.0359123253683813,-0.977750338076173,0.330818713598855,"con","ALL","8","q","8q",0,1,"LUAD","Treg"
"5416","8q23.2",-0.0354441642192599,-0.971765949780027,0.333771495001114,"con","ALL","8","q","8q",0,1,"LUAD","Treg"
"5417","8q24.11",-0.0361716267638485,-1.00114168142781,0.319442451448742,"con","ALL","8","q","8q",0,1,"LUAD","Treg"
"5418","8q24.12",-0.0372605333174638,-1.05157461632898,0.295810063175739,"con","ALL","8","q","8q",-0.00222173177982419,1,"LUAD","Treg"
"5419","8q24.13",-0.0386850525622591,-1.11768385316543,0.266676721614926,"con","ALL","8","q","8q",-0.00222173177982419,1,"LUAD","Treg"
"5420","8q24.22",-0.0399307796104519,-1.1980258654197,0.23405240891606,"con","ALL","8","q","8q",-0.00911352663957034,1,"LUAD","Treg"
"5421","8q24.3",-0.039360069066584,-1.23513803499874,0.219993837996771,"con","ALL","8","q","8q",-0.0251203602019263,1,"LUAD","Treg"
"5422","9p24.1",-0.0148470526409414,-0.338441465816434,0.735818803822845,"con","ALL","9","p","9p",0,-1,"LUAD","Treg"
"5423","9p22.3",-0.0171422891210975,-0.386397791163975,0.700114090541046,"con","ALL","9","p","9p",0,-1,"LUAD","Treg"
"5424","9p22.1",-0.0116569066355959,-0.265799794775167,0.791001331491157,"con","ALL","9","p","9p",0,-1,"LUAD","Treg"
"5425","9p21.1",-0.00571982629539825,-0.117273336947919,0.906904768628954,"con","ALL","9","p","9p",0,-1,"LUAD","Treg"
"5426","9p13.3",-0.0100276141348305,-0.172701386953405,0.863273942931619,"con","ALL","9","p","9p",0,-1,"LUAD","Treg"
"5427","9p13.2",-0.0255308750193464,-0.372546066845499,0.710362192258345,"con","ALL","9","p","9p",0,-1,"LUAD","Treg"
"5428","9q21.12",-0.0330807562135255,-0.424646201091784,0.672108054830335,"con","ALL","9","q","9q",0,-1,"LUAD","Treg"
"5429","9q21.13",-0.0409560066318962,-0.470228425515462,0.639329334050029,"con","ALL","9","q","9q",0,-1,"LUAD","Treg"
"5430","9q21.2",-0.0681026357109167,-0.64585724239537,1,"con","ALL","9","q","9q",0,-1,"LUAD","Treg"
"5431","9q21.31",-0.057528385647135,-0.53640755154866,1,"con","ALL","9","q","9q",0,-1,"LUAD","Treg"
"5432","9q21.32",-0.0494050268201719,-0.448917302113547,1,"con","ALL","9","q","9q",0,-1,"LUAD","Treg"
"5433","9q21.33",-0.0427565981899117,-0.377674873570537,1,"con","ALL","9","q","9q",0,-1,"LUAD","Treg"
"5434","9q22.2",-0.0250265829234316,-0.218591651592611,1,"con","ALL","9","q","9q",0,-1,"LUAD","Treg"
"5435","9q22.31",0.0110137047730671,0.0969330629956244,1,"con","ALL","9","q","9q",0,-1,"LUAD","Treg"
"5436","9q22.32",0.0307224721413379,0.272122913901785,1,"con","ALL","9","q","9q",0,-1,"LUAD","Treg"
"5437","9q22.33",0.0515645439169854,0.480995296448055,1,"con","ALL","9","q","9q",0,-1,"LUAD","Treg"
"5438","9q31.1",0.0736698637623069,0.751420950239267,0.454359797438544,"con","ALL","9","q","9q",0,-1,"LUAD","Treg"
"5439","9q31.2",0.0937879549415566,1.03412633925941,0.303847885295206,"con","ALL","9","q","9q",0.00222173177982419,-1,"LUAD","Treg"
"5440","9q31.3",0.10063170537792,1.16211348949929,0.248261864034038,"con","ALL","9","q","9q",0.00326579433890025,-1,"LUAD","Treg"
"5441","9q32",0.107495843496259,1.23370755055193,0.220524053176607,"con","ALL","9","q","9q",0.0251203602019263,-1,"LUAD","Treg"
"5442","9q33.2",0.0941697679212286,1.02207527858482,0.309484760232521,"con","ALL","9","q","9q",0.00222173177982419,-1,"LUAD","Treg"
"5443","9q33.3",0.041388242695678,0.447361291407304,0.655689065073079,"con","ALL","9","q","9q",0,-1,"LUAD","Treg"
"5444","9q34.11",-0.0496360339543935,-0.525981384424617,0.600194844810812,"con","ALL","9","q","9q",0,-1,"LUAD","Treg"
"5445","9q34.13",-0.0953680682477508,-1.02789451525996,0.306754102272371,"con","ALL","9","q","9q",-0.00222173177982419,-1,"LUAD","Treg"
"5446","9q34.3",-0.109420100523955,-1.38390807099196,0.169809093969167,"con","ALL","9","q","9q",-0.104831900273783,1,"LUAD","Treg"
"5447","10p15.3",0.089916146814822,1.5820686311586,0.117141950083853,"con","ALL","10","p","10p",0.189012508776881,-1,"LUAD","Treg"
"5448","10p14",0.0621594628514085,0.937634486660973,0.3509416898998,"con","ALL","10","p","10p",0,-1,"LUAD","Treg"
"5449","10p13",0.0499396936948234,0.679910678948497,0.49830618018039,"con","ALL","10","p","10p",0,-1,"LUAD","Treg"
"5450","10p12.2",0.021494381153698,0.257376530010471,0.797475657086202,"con","ALL","10","p","10p",0,-1,"LUAD","Treg"
"5451","10p12.1",-0.0109620806588729,-0.121028244027017,0.903938463484,"con","ALL","10","p","10p",0,-1,"LUAD","Treg"
"5452","10p11.22",-0.0371815083266766,-0.381218078746704,0.703939891096575,"con","ALL","10","p","10p",0,-1,"LUAD","Treg"
"5453","10q11.21",-0.0534846541850383,-0.498795683762462,0.619140280670606,"con","ALL","10","q","10q",0,-1,"LUAD","Treg"
"5454","10q11.22",-0.0648915492494471,-0.590054572684057,0.556632654056603,"con","ALL","10","q","10q",0,-1,"LUAD","Treg"
"5455","10q21.1",-0.066440705968186,-0.595538717783,0.55297807442101,"con","ALL","10","q","10q",0,-1,"LUAD","Treg"
"5456","10q21.3",-0.0951593053765526,-0.818548017357972,1,"con","ALL","10","q","10q",0,-1,"LUAD","Treg"
"5457","10q22.1",-0.117481941440391,-0.90568105456468,1,"con","ALL","10","q","10q",0,1,"LUAD","Treg"
"5458","10q22.2",-0.0976277876425981,-0.686279528480813,1,"con","ALL","10","q","10q",0,1,"LUAD","Treg"
"5459","10q22.3",-0.0831665707802891,-0.579867809266782,1,"con","ALL","10","q","10q",0,1,"LUAD","Treg"
"5460","10q23.1",-0.0793956291597124,-0.549922776270334,1,"con","ALL","10","q","10q",0,1,"LUAD","Treg"
"5461","10q23.2",-0.0717619821930519,-0.495300032056873,1,"con","ALL","10","q","10q",0,1,"LUAD","Treg"
"5462","10q23.31",-0.0692973126620057,-0.474184204982166,1,"con","ALL","10","q","10q",0,-1,"LUAD","Treg"
"5463","10q23.32",-0.0593838905185038,-0.404882087274502,1,"con","ALL","10","q","10q",0,-1,"LUAD","Treg"
"5464","10q24.1",-0.0469043843050788,-0.325535939652828,1,"con","ALL","10","q","10q",0,-1,"LUAD","Treg"
"5465","10q24.2",-0.0485100689729923,-0.337879609010901,1,"con","ALL","10","q","10q",0,-1,"LUAD","Treg"
"5466","10q24.31",-0.0426457259123495,-0.308137414747945,1,"con","ALL","10","q","10q",0,-1,"LUAD","Treg"
"5467","10q24.32",-0.0334639989140992,-0.247402107727023,0.805160564849124,"con","ALL","10","q","10q",0,-1,"LUAD","Treg"
"5468","10q25.1",-0.0408533081379432,-0.3032175387085,0.762423878367207,"con","ALL","10","q","10q",0,-1,"LUAD","Treg"
"5469","10q25.2",-0.0263477314452425,-0.195402892142679,0.845518028914385,"con","ALL","10","q","10q",0,-1,"LUAD","Treg"
"5470","10q25.3",-0.0334863731819619,-0.251506575695511,1,"con","ALL","10","q","10q",0,-1,"LUAD","Treg"
"5471","10q26.11",-0.0126089461078198,-0.0943736784486383,1,"con","ALL","10","q","10q",0,-1,"LUAD","Treg"
"5472","10q26.13",0.0273076515381021,0.239373504110608,1,"con","ALL","10","q","10q",0,-1,"LUAD","Treg"
"5473","10q26.3",0.0290316833333988,0.285326263050991,0.776049798116668,"con","ALL","10","q","10q",0,-1,"LUAD","Treg"
"5474","11p15.5",-0.093141241960683,-1.96999822419352,0.0519128926661647,"con","ALL","11","p","11p",-0.313226471770639,-1,"LUAD","Treg"
"5475","11p15.4",-0.120309989366558,-1.6574535024543,0.100909793449729,"con","ALL","11","p","11p",-0.210576552391941,-1,"LUAD","Treg"
"5476","11p15.3",-0.11873286900916,-1.39542948154444,0.166319965296576,"con","ALL","11","p","11p",-0.106728718215493,-1,"LUAD","Treg"
"5477","11p15.2",-0.124785175979458,-1.3545502474107,0.178951733287191,"con","ALL","11","p","11p",-0.085573509539789,-1,"LUAD","Treg"
"5478","11p15.1",-0.126307208929057,-1.23348436823547,0.220606860618119,"con","ALL","11","p","11p",-0.0251203602019263,-1,"LUAD","Treg"
"5479","11p14.3",-0.123020013670072,-1.04863400970531,0.297154464431648,"con","ALL","11","p","11p",-0.00222173177982419,-1,"LUAD","Treg"
"5480","11p13",-0.047534143811827,-0.315650419775783,1,"con","ALL","11","p","11p",0,-1,"LUAD","Treg"
"5481","11p12",0.00281651325368265,0.01622698248678,1,"con","ALL","11","p","11p",0,-1,"LUAD","Treg"
"5482","11p11.2",0.0587914972889426,0.288746511218174,1,"con","ALL","11","p","11p",0,1,"LUAD","Treg"
"5483","11q12.1",0.123676700865873,0.535515138968554,1,"con","ALL","11","q","11q",0,1,"LUAD","Treg"
"5484","11q12.2",0.160447559681718,0.807348502749453,1,"con","ALL","11","q","11q",0,1,"LUAD","Treg"
"5485","11q12.3",0.218145367534507,1.27323860912873,1,"con","ALL","11","q","11q",0,1,"LUAD","Treg"
"5486","11q13.1",0.217927697399666,1.58633302195436,1,"con","ALL","11","q","11q",0,1,"LUAD","Treg"
"5487","11q13.2",0.0590978348457992,0.639946376222895,0.523833245128565,"con","ALL","11","q","11q",0,1,"LUAD","Treg"
"5488","11q13.3",0.032959021456086,0.434650831416722,0.66485627706237,"con","ALL","11","q","11q",0,1,"LUAD","Treg"
"5489","11q13.4",0.0490229124709733,0.610163537426161,0.543291105727034,"con","ALL","11","q","11q",0,1,"LUAD","Treg"
"5490","11q13.5",0.0632405644756221,0.754010323562376,0.452811266877678,"con","ALL","11","q","11q",0,1,"LUAD","Treg"
"5491","11q14.1",0.0906554069827588,0.880067651409597,0.381166611437718,"con","ALL","11","q","11q",0,-1,"LUAD","Treg"
"5492","11q14.2",0.115925320933892,0.988044096135895,1,"con","ALL","11","q","11q",0,-1,"LUAD","Treg"
"5493","11q14.3",0.130130675311775,1.05344072889518,1,"con","ALL","11","q","11q",0,-1,"LUAD","Treg"
"5494","11q21",0.14270460519145,1.08755847113663,1,"con","ALL","11","q","11q",0,-1,"LUAD","Treg"
"5495","11q22.2",0.143945177260223,1.0911842207121,1,"con","ALL","11","q","11q",0,-1,"LUAD","Treg"
"5496","11q22.3",0.0973949125864436,0.771376673222343,1,"con","ALL","11","q","11q",0,-1,"LUAD","Treg"
"5497","11q23.1",0.0464957047243198,0.411401380919401,0.681756283426502,"con","ALL","11","q","11q",0,-1,"LUAD","Treg"
"5498","11q23.2",0.0304394209679768,0.287768121229354,0.774185847710492,"con","ALL","11","q","11q",0,-1,"LUAD","Treg"
"5499","11q23.3",0.00580148819246653,0.0610673606000206,0.951440969746821,"con","ALL","11","q","11q",0,-1,"LUAD","Treg"
"5500","11q24.1",-0.0307339357693017,-0.394611374894325,0.694063299532177,"con","ALL","11","q","11q",0,-1,"LUAD","Treg"
"5501","11q24.2",-0.0334109836960407,-0.444731994334257,0.657581140098386,"con","ALL","11","q","11q",0,1,"LUAD","Treg"
"5502","11q24.3",-0.0411589382197121,-0.580472678451295,0.563046523298486,"con","ALL","11","q","11q",0,1,"LUAD","Treg"
"5503","11q25",-0.045405713711219,-0.664010152854131,0.508381352973759,"con","ALL","11","q","11q",0,1,"LUAD","Treg"
"5504","12p13.33",0.193763703902331,4.92604862658619,3.79033965812422e-06,"con","ALL","12","p","12p",3.04775830346946,1,"LUAD","Treg"
"5505","12p13.32",0.198223539791994,4.9094434221609,4.05216299856375e-06,"con","ALL","12","p","12p",3.04775830346946,1,"LUAD","Treg"
"5506","12p13.31",0.218393216399256,4.87123224821531,4.7233560566549e-06,"con","ALL","12","p","12p",3.04775830346946,-1,"LUAD","Treg"
"5507","12p13.2",0.261923323423209,4.670419600285,1.04615020647522e-05,"con","ALL","12","p","12p",2.92426369283611,-1,"LUAD","Treg"
"5508","12p13.1",0.275156110070524,4.48841194465771,2.11748812694537e-05,"con","ALL","12","p","12p",2.71915542804255,-1,"LUAD","Treg"
"5509","12p12.3",0.284360730084052,4.38492903186006,3.13990487181464e-05,"con","ALL","12","p","12p",2.70221375238244,-1,"LUAD","Treg"
"5510","12p12.1",0.299766410427931,3.8327995543418,0.000234364889007904,"con","ALL","12","p","12p",1.95417643055002,1,"LUAD","Treg"
"5511","12p11.23",0.315814132116892,3.52138403390509,1,"con","ALL","12","p","12p",0,1,"LUAD","Treg"
"5512","12p11.22",0.320924740948318,3.22032603787672,1,"con","ALL","12","p","12p",0,1,"LUAD","Treg"
"5513","12q12",0.325594469635754,2.82273768689745,1,"con","ALL","12","q","12q",0,1,"LUAD","Treg"
"5514","12q13.11",0.303513403406763,2.47556529641377,1,"con","ALL","12","q","12q",0,1,"LUAD","Treg"
"5515","12q13.12",0.246745249476231,1.92266129041241,0.0576849867330942,"con","ALL","12","q","12q",0.294367760971155,1,"LUAD","Treg"
"5516","12q13.13",0.158005356679107,1.4770839495551,0.143143899784406,"con","ALL","12","q","12q",0.136069894642261,1,"LUAD","Treg"
"5517","12q13.2",0.0787289774352939,0.996133510068627,0.321855994339575,"con","ALL","12","q","12q",0,1,"LUAD","Treg"
"5518","12q13.3",0.0413074083147537,0.667750646988431,0.506001503981314,"con","ALL","12","q","12q",0,1,"LUAD","Treg"
"5519","12q14.1",0.0306853009408841,0.546321482019135,0.586196790997192,"con","ALL","12","q","12q",0,1,"LUAD","Treg"
"5520","12q14.3",0.0339648677207206,0.608108359359904,0.544647180406955,"con","ALL","12","q","12q",0,1,"LUAD","Treg"
"5521","12q15",0.0395510366417891,0.696689343744679,0.487792778972332,"con","ALL","12","q","12q",0,1,"LUAD","Treg"
"5522","12q21.1",0.0650216970854173,1.02949081816257,0.306007887139472,"con","ALL","12","q","12q",0.00222173177982419,-1,"LUAD","Treg"
"5523","12q21.2",0.0925384940560511,1.33775030188329,0.18434844429977,"con","ALL","12","q","12q",0.0767179398272161,-1,"LUAD","Treg"
"5524","12q21.31",0.124590389370627,1.66704359420452,0.0989821538345469,"con","ALL","12","q","12q",0.210576552391941,-1,"LUAD","Treg"
"5525","12q21.33",0.158185021596541,2.00526722312529,0.0479384434208797,"con","ALL","12","q","12q",0.327631798944942,-1,"LUAD","Treg"
"5526","12q22",0.18280694462091,2.24361378845145,0.0273107853424696,"con","ALL","12","q","12q",0.489794782192044,-1,"LUAD","Treg"
"5527","12q23.1",0.183787526156503,2.24852293786467,0.0269841745337977,"con","ALL","12","q","12q",0.489794782192044,-1,"LUAD","Treg"
"5528","12q23.2",0.178020434995873,2.19597273647387,0.0306648052887893,"con","ALL","12","q","12q",0.476923050324944,-1,"LUAD","Treg"
"5529","12q23.3",0.172440539103237,2.19062605023765,0.031062796597585,"con","ALL","12","q","12q",0.476923050324944,-1,"LUAD","Treg"
"5530","12q24.11",0.180300006516949,2.48667168863391,0.0147388406778446,"con","ALL","12","q","12q",0.567786103143839,-1,"LUAD","Treg"
"5531","12q24.13",0.176633099594014,2.49259698056387,0.0145111378860816,"con","ALL","12","q","12q",0.567786103143839,-1,"LUAD","Treg"
"5532","12q24.23",0.169549042422927,2.37773588785257,0.0195354954484131,"con","ALL","12","q","12q",0.533846900185208,-1,"LUAD","Treg"
"5533","12q24.31",0.165459814379084,2.22472485457766,0.0286000463268868,"con","ALL","12","q","12q",0.488727025183896,-1,"LUAD","Treg"
"5534","12q24.33",0.165857909088838,2.10241266977372,0.038309780960451,"con","ALL","12","q","12q",0.401940754225973,-1,"LUAD","Treg"
"5535","13q12.11",0.0233572684717708,0.464661622980566,0.643295969710009,"con","ALL","13","q","13q",0,-1,"LUAD","Treg"
"5536","13q12.2",0.0238981204237559,0.479683930327547,0.632615817459213,"con","ALL","13","q","13q",0,-1,"LUAD","Treg"
"5537","13q12.3",0.0222940934465342,0.440501166138654,0.660630380855931,"con","ALL","13","q","13q",0,-1,"LUAD","Treg"
"5538","13q13.1",0.0227954512927522,0.440103869694428,0.660917015633895,"con","ALL","13","q","13q",0,-1,"LUAD","Treg"
"5539","13q13.3",0.0189712817001634,0.357089403572957,0.721860809160521,"con","ALL","13","q","13q",0,-1,"LUAD","Treg"
"5540","13q14.11",0.0141290096052892,0.260927516520762,0.794744526782194,"con","ALL","13","q","13q",0,-1,"LUAD","Treg"
"5541","13q14.12",0.00960995523554766,0.17520922516826,0.861308817617036,"con","ALL","13","q","13q",0,-1,"LUAD","Treg"
"5542","13q14.13",0.00879660390023518,0.159596299773433,0.873556720820961,"con","ALL","13","q","13q",0,-1,"LUAD","Treg"
"5543","13q14.2",0.00628795873315089,0.110635726324138,0.912151559684285,"con","ALL","13","q","13q",0,-1,"LUAD","Treg"
"5544","13q14.3",-0.00523995224041937,-0.0852957964410996,0.932215693808161,"con","ALL","13","q","13q",0,-1,"LUAD","Treg"
"5545","13q21.33",-0.0127158311020561,-0.202987162401697,0.83960327639159,"con","ALL","13","q","13q",0,-1,"LUAD","Treg"
"5546","13q22.2",-0.0243224151209902,-0.383400904414557,0.702326692956476,"con","ALL","13","q","13q",0,-1,"LUAD","Treg"
"5547","13q22.3",-0.0405102797403062,-0.630971110862181,0.529658546769978,"con","ALL","13","q","13q",0,-1,"LUAD","Treg"
"5548","13q31.1",-0.0456495292961611,-0.706221801026386,0.481874441517516,"con","ALL","13","q","13q",0,-1,"LUAD","Treg"
"5549","13q32.1",-0.0522619695755119,-0.808690415088209,0.420825849004749,"con","ALL","13","q","13q",0,-1,"LUAD","Treg"
"5550","13q32.2",-0.0565137561684754,-0.865228949858231,0.389213609352519,"con","ALL","13","q","13q",0,-1,"LUAD","Treg"
"5551","13q32.3",-0.0617836295812811,-0.950111616382264,0.344600003594681,"con","ALL","13","q","13q",0,-1,"LUAD","Treg"
"5552","13q33.3",-0.0688265602301223,-1.05273530948261,0.295280552962807,"con","ALL","13","q","13q",-0.00222173177982419,-1,"LUAD","Treg"
"5553","13q34",-0.0814178446942129,-1.25858736556944,0.211434464417135,"con","ALL","13","q","13q",-0.0317387553218536,-1,"LUAD","Treg"
"5554","14q11.2",0.117260453565497,1.54097751242325,0.126831067775197,"con","ALL","14","q","14q",0.158695424163441,1,"LUAD","Treg"
"5555","14q12",0.0444536785101453,0.597848355913192,0.551442542048138,"con","ALL","14","q","14q",0,1,"LUAD","Treg"
"5556","14q13.1",0.0227088778047998,0.313568015261687,0.754574742931247,"con","ALL","14","q","14q",0,1,"LUAD","Treg"
"5557","14q13.2",0.000327353921381235,0.0046472295014342,0.99630234615281,"con","ALL","14","q","14q",0,1,"LUAD","Treg"
"5558","14q13.3",-0.0166769210391319,-0.241892266514577,0.809413957578005,"con","ALL","14","q","14q",0,1,"LUAD","Treg"
"5559","14q21.1",-0.0195072574841609,-0.283572722973318,0.777389142951355,"con","ALL","14","q","14q",0,1,"LUAD","Treg"
"5560","14q21.2",-0.0326109982011963,-0.483307948344924,0.630050820202847,"con","ALL","14","q","14q",0,1,"LUAD","Treg"
"5561","14q21.3",-0.0484556829183558,-0.735721329871494,0.463813414378952,"con","ALL","14","q","14q",0,1,"LUAD","Treg"
"5562","14q22.1",-0.0703369587738708,-1.09138508327182,0.278016617390064,"con","ALL","14","q","14q",-0.00222173177982419,1,"LUAD","Treg"
"5563","14q22.3",-0.0893855209685274,-1.42178228965645,0.158545663269421,"con","ALL","14","q","14q",-0.120280327813906,1,"LUAD","Treg"
"5564","14q23.1",-0.10257946061651,-1.70522415217824,0.0916020780529249,"con","ALL","14","q","14q",-0.222501660190178,1,"LUAD","Treg"
"5565","14q23.2",-0.109592066117508,-1.85816973056843,0.0664140098927396,"con","ALL","14","q","14q",-0.261477121821815,1,"LUAD","Treg"
"5566","14q23.3",-0.112853655267734,-1.91616366962958,0.0585181247249994,"con","ALL","14","q","14q",-0.294367760971155,1,"LUAD","Treg"
"5567","14q24.1",-0.113930559676992,-1.94628228560079,0.0547402416180756,"con","ALL","14","q","14q",-0.305921573046785,1,"LUAD","Treg"
"5568","14q24.2",-0.112456991802551,-1.91326524331941,0.0588930312438054,"con","ALL","14","q","14q",-0.294367760971155,1,"LUAD","Treg"
"5569","14q24.3",-0.113641069038766,-1.78600147064606,0.0774669254102708,"con","ALL","14","q","14q",-0.234483944956105,1,"LUAD","Treg"
"5570","14q32.11",-0.106439893074308,-1.53231695693413,0.128951976923928,"con","ALL","14","q","14q",-0.155649028111949,1,"LUAD","Treg"
"5571","14q32.12",-0.103188835313603,-1.44086237614938,0.153093671217553,"con","ALL","14","q","14q",-0.128116357703807,1,"LUAD","Treg"
"5572","14q32.2",-0.0726450398676651,-0.979838410586514,0.329792485132954,"con","ALL","14","q","14q",0,1,"LUAD","Treg"
"5573","14q32.31",-0.0626769182244571,-0.840363081289993,0.402931860842835,"con","ALL","14","q","14q",0,1,"LUAD","Treg"
"5574","14q32.32",-0.0581618342812678,-0.777625591248476,0.438829135694522,"con","ALL","14","q","14q",0,1,"LUAD","Treg"
"5575","14q32.33",-0.0403565565294541,-0.571821219084007,0.568868552164495,"con","ALL","14","q","14q",0,1,"LUAD","Treg"
"5576","15q14",-0.032067571476125,-0.589430453832276,0.557049318115781,"con","ALL","15","q","15q",0,-1,"LUAD","Treg"
"5577","15q15.1",-0.0390922257366458,-0.745174820299364,0.458107652140553,"con","ALL","15","q","15q",0,-1,"LUAD","Treg"
"5578","15q15.2",-0.038130875697037,-0.749700975351898,0.455390074379187,"con","ALL","15","q","15q",0,-1,"LUAD","Treg"
"5579","15q15.3",-0.0374030423319885,-0.738904161278047,0.461887899443837,"con","ALL","15","q","15q",0,-1,"LUAD","Treg"
"5580","15q21.1",-0.0360510097574422,-0.705175032887389,0.482522392993315,"con","ALL","15","q","15q",0,-1,"LUAD","Treg"
"5581","15q21.2",-0.0403662344543253,-0.768388296857969,0.44426809348739,"con","ALL","15","q","15q",0,-1,"LUAD","Treg"
"5582","15q21.3",-0.0420458844264242,-0.794781567626083,0.428831494308308,"con","ALL","15","q","15q",0,-1,"LUAD","Treg"
"5583","15q22.1",-0.0407547311838125,-0.761965365773194,0.44807289156825,"con","ALL","15","q","15q",0,-1,"LUAD","Treg"
"5584","15q22.2",-0.0427965335231932,-0.769387258100131,0.44367802084175,"con","ALL","15","q","15q",0,-1,"LUAD","Treg"
"5585","15q22.31",-0.0386313255774558,-0.638291850555482,0.524904581179899,"con","ALL","15","q","15q",0,-1,"LUAD","Treg"
"5586","15q23",-0.0175272973136483,-0.26323961316444,0.792967621551636,"con","ALL","15","q","15q",0,-1,"LUAD","Treg"
"5587","15q24.1",-0.0063037333589998,-0.0891089452395934,0.92919332344213,"con","ALL","15","q","15q",0,-1,"LUAD","Treg"
"5588","15q24.2",0.00147831907151542,0.0201799179134449,0.983944519583593,"con","ALL","15","q","15q",0,-1,"LUAD","Treg"
"5589","15q24.3",0.00213741496300083,0.028375973498542,0.977425114494086,"con","ALL","15","q","15q",0,-1,"LUAD","Treg"
"5590","15q25.1",0.0131590878621521,0.172811890136472,0.86318733516277,"con","ALL","15","q","15q",0,-1,"LUAD","Treg"
"5591","15q25.3",0.0114424832447386,0.155463580999057,0.876804013860676,"con","ALL","15","q","15q",0,-1,"LUAD","Treg"
"5592","15q26.1",-0.000273352290299263,-0.00379803224011866,0.996978021960635,"con","ALL","15","q","15q",0,-1,"LUAD","Treg"
"5593","15q26.3",-0.00896995448367618,-0.132286228008045,0.895053202691486,"con","ALL","15","q","15q",0,-1,"LUAD","Treg"
"5594","16p13.3",-0.0103499571436919,-0.192733768549104,0.847601727129556,"con","ALL","16","p","16p",0,1,"LUAD","Treg"
"5595","16p13.2",-0.0393351741452719,-0.623192043107976,0.534734420591816,"con","ALL","16","p","16p",0,1,"LUAD","Treg"
"5596","16p13.13",-0.046685350350407,-0.719923058259221,0.473437859841215,"con","ALL","16","p","16p",0,1,"LUAD","Treg"
"5597","16p12.3",-0.0646990548370406,-0.915501540908015,0.362374863073332,"con","ALL","16","p","16p",0,1,"LUAD","Treg"
"5598","16p12.2",-0.0823572688489612,-1.04405179464331,0.299257651735476,"con","ALL","16","p","16p",-0.00222173177982419,1,"LUAD","Treg"
"5599","16p12.1",-0.091090034244559,-1.07447916595365,0.285480235449013,"con","ALL","16","p","16p",-0.00222173177982419,1,"LUAD","Treg"
"5600","16p11.2",-0.126788988089933,-1.1932221695839,0.235918407313184,"con","ALL","16","p","16p",-0.00884647313277796,1,"LUAD","Treg"
"5601","16q11.2",-0.10401293501341,-0.82139767929677,1,"con","ALL","16","q","16q",0,1,"LUAD","Treg"
"5602","16q12.1",-0.0560053339739174,-0.422347288458863,1,"con","ALL","16","q","16q",0,1,"LUAD","Treg"
"5603","16q12.2",-0.000881831250568083,-0.00659142881910814,1,"con","ALL","16","q","16q",0,1,"LUAD","Treg"
"5604","16q13",0.0558428217862956,0.424247153318044,1,"con","ALL","16","q","16q",0,-1,"LUAD","Treg"
"5605","16q21",0.110153544437431,0.882427719288864,1,"con","ALL","16","q","16q",0,-1,"LUAD","Treg"
"5606","16q22.1",0.143759705344769,1.35575318214287,1,"con","ALL","16","q","16q",0,-1,"LUAD","Treg"
"5607","16q22.2",0.106887146563396,1.31579519206532,0.191584637923083,"con","ALL","16","q","16q",0.0663307720141315,-1,"LUAD","Treg"
"5608","16q23.1",0.0723251066507438,0.952865410490006,0.343210422353354,"con","ALL","16","q","16q",0,-1,"LUAD","Treg"
"5609","16q23.3",0.0455373828941656,0.697100612775276,0.487536617201086,"con","ALL","16","q","16q",0,-1,"LUAD","Treg"
"5610","16q24.1",0.0290131213171209,0.486678616485854,0.627669200829221,"con","ALL","16","q","16q",0,-1,"LUAD","Treg"
"5611","16q24.2",0.0157327449227773,0.284913776173001,0.776364792724803,"con","ALL","16","q","16q",0,-1,"LUAD","Treg"
"5612","16q24.3",0.00116769069497741,0.0234690967381202,0.981328045590143,"con","ALL","16","q","16q",0,-1,"LUAD","Treg"
"5613","17p13.3",0.154881341650513,2.2458164573364,0.0271638129665644,"con","ALL","17","p","17p",0.489794782192044,-1,"LUAD","Treg"
"5614","17p13.2",0.163315505238149,2.54874521870719,0.0125050429688222,"con","ALL","17","p","17p",0.567786103143839,-1,"LUAD","Treg"
"5615","17p13.1",0.166772825480984,2.2177539013347,0.0290891401804144,"con","ALL","17","p","17p",0.488727025183896,-1,"LUAD","Treg"
"5616","17p12",0.15454590551691,1.64562943585052,0.103328209308638,"con","ALL","17","p","17p",0.210576552391941,-1,"LUAD","Treg"
"5617","17p11.2",0.179057876773205,1.52350807660081,0.131137849422855,"con","ALL","17","p","17p",0.152465541633494,-1,"LUAD","Treg"
"5618","17q11.1",0.184106856670001,1.34719674918938,1,"con","ALL","17","q","17q",0,1,"LUAD","Treg"
"5619","17q11.2",0.128441931061673,0.892103885839856,1,"con","ALL","17","q","17q",0,1,"LUAD","Treg"
"5620","17q12",0.0672625908883317,0.909605115310786,0.365460350528581,"con","ALL","17","q","17q",0,1,"LUAD","Treg"
"5621","17q21.1",0.073015843035427,1.0268794187253,0.307229260972942,"con","ALL","17","q","17q",0.00222173177982419,1,"LUAD","Treg"
"5622","17q21.2",0.0686152942816411,0.993739293269274,0.323014082611564,"con","ALL","17","q","17q",0,1,"LUAD","Treg"
"5623","17q21.31",0.0249461165770715,0.330314645051373,0.741929910281746,"con","ALL","17","q","17q",0,1,"LUAD","Treg"
"5624","17q21.32",-0.0247658900180425,-0.292141319082233,0.770850954689275,"con","ALL","17","q","17q",0,1,"LUAD","Treg"
"5625","17q21.33",-0.0442867872515887,-0.542831720515086,0.58858747862266,"con","ALL","17","q","17q",0,1,"LUAD","Treg"
"5626","17q22",-0.0582384423393051,-0.729974556191954,0.467301520975577,"con","ALL","17","q","17q",0,1,"LUAD","Treg"
"5627","17q23.1",-0.0606536190699465,-0.781952374788604,0.436294942529714,"con","ALL","17","q","17q",0,1,"LUAD","Treg"
"5628","17q23.3",-0.0733468638404534,-0.956051493815919,0.341607253782815,"con","ALL","17","q","17q",0,1,"LUAD","Treg"
"5629","17q24.2",-0.0838477609869368,-1.09939651055749,0.274527314365263,"con","ALL","17","q","17q",-0.00222173177982419,1,"LUAD","Treg"
"5630","17q25.1",-0.0756076129479641,-0.987861890389743,0.325868695883724,"con","ALL","17","q","17q",0,1,"LUAD","Treg"
"5631","17q25.3",-0.0565913279674224,-0.895487578395601,0.372915309124181,"con","ALL","17","q","17q",0,1,"LUAD","Treg"
"5632","18p11.32",0.0263834018723039,0.430057999645469,0.66818144879821,"con","ALL","18","p","18p",0,-1,"LUAD","Treg"
"5633","18p11.31",0.0314821025110781,0.499751112721943,0.618469968391358,"con","ALL","18","p","18p",0,-1,"LUAD","Treg"
"5634","18p11.22",0.0508424810642768,0.735883879370688,0.463714966926383,"con","ALL","18","p","18p",0,-1,"LUAD","Treg"
"5635","18p11.21",0.0950348869566245,1.17403695443471,0.243477572553286,"con","ALL","18","p","18p",0.00326579433890025,-1,"LUAD","Treg"
"5636","18q11.1",0.127015154230668,1.44950785520363,0.150671527507927,"con","ALL","18","q","18q",0.131314531661694,-1,"LUAD","Treg"
"5637","18q11.2",0.151186869814821,1.62915825942628,0.106774967443783,"con","ALL","18","q","18q",0.210576552391941,-1,"LUAD","Treg"
"5638","18q12.2",0.183204335285178,1.74423682457441,1,"con","ALL","18","q","18q",0,-1,"LUAD","Treg"
"5639","18q21.1",0.206157598215963,1.96095069633269,1,"con","ALL","18","q","18q",0,-1,"LUAD","Treg"
"5640","18q21.31",0.183488356587744,1.77513384512102,1,"con","ALL","18","q","18q",0,-1,"LUAD","Treg"
"5641","18q21.32",0.178009341389279,1.73553433900538,0.0860688579858294,"con","ALL","18","q","18q",0.234483944956105,-1,"LUAD","Treg"
"5642","18q21.33",0.181074083349637,1.77354464139622,0.0795210637044765,"con","ALL","18","q","18q",0.234483944956105,-1,"LUAD","Treg"
"5643","18q22.3",0.169103171190133,1.65100167973811,0.102223660231522,"con","ALL","18","q","18q",0.210576552391941,-1,"LUAD","Treg"
"5644","18q23",0.167064827383101,1.6426578734358,0.103943302919696,"con","ALL","18","q","18q",0.210576552391941,-1,"LUAD","Treg"
"5645","19p13.3",0.0746795969233033,1.4022855447579,0.164269852024698,"con","ALL","19","p","19p",0.108511113726381,1,"LUAD","Treg"
"5646","19p13.2",0.0933398075861031,1.25599199583799,0.212369590972141,"con","ALL","19","p","19p",0.0317387553218536,-1,"LUAD","Treg"
"5647","19p13.13",0.0830854901367043,1.03122329500181,0.305199401147205,"con","ALL","19","p","19p",0.00222173177982419,-1,"LUAD","Treg"
"5648","19p13.12",0.0891632680266482,0.977498314449725,0.330942717985183,"con","ALL","19","p","19p",0,-1,"LUAD","Treg"
"5649","19p13.11",0.149911714911752,1.38724128993779,0.168793978358916,"con","ALL","19","p","19p",0.104831900273783,-1,"LUAD","Treg"
"5650","19q12",0.0841369624974163,1.15432054543636,0.251424700430485,"con","ALL","19","q","19q",0.00284228435616624,1,"LUAD","Treg"
"5651","19q13.11",0.0754039057171561,1.17184888278121,0.244350566597465,"con","ALL","19","q","19q",0.00326579433890025,1,"LUAD","Treg"
"5652","19q13.12",0.0644088894092474,1.16522250012967,0.247007974804586,"con","ALL","19","q","19q",0.00326579433890025,1,"LUAD","Treg"
"5653","19q13.2",0.0680680195005232,1.15921397604957,0.24943533562654,"con","ALL","19","q","19q",0.00326579433890025,1,"LUAD","Treg"
"5654","19q13.31",0.0428661650776777,0.640437908762607,0.523515188481586,"con","ALL","19","q","19q",0,1,"LUAD","Treg"
"5655","19q13.32",0.0311223595045039,0.474814982106574,0.636069028980466,"con","ALL","19","q","19q",0,-1,"LUAD","Treg"
"5656","19q13.33",0.0276505640859373,0.516535658462584,0.606747254009895,"con","ALL","19","q","19q",0,-1,"LUAD","Treg"
"5657","19q13.41",0.0270296862204252,0.561733811023795,0.575693618819944,"con","ALL","19","q","19q",0,-1,"LUAD","Treg"
"5658","19q13.42",0.0208504172704543,0.498318184289425,0.619475406740074,"con","ALL","19","q","19q",0,1,"LUAD","Treg"
"5659","19q13.43",0.0206022682980098,0.52498205896829,0.600886526276853,"con","ALL","19","q","19q",0,1,"LUAD","Treg"
"5660","20p13",0.017847842790527,0.304536826647466,0.76142201336475,"con","ALL","20","p","20p",0,-1,"LUAD","Treg"
"5661","20p12.3",0.0186131369774241,0.281626621620876,0.778876352800421,"con","ALL","20","p","20p",0,-1,"LUAD","Treg"
"5662","20p12.1",0.00327237067665817,0.0450549405537569,0.964163334748431,"con","ALL","20","p","20p",0,-1,"LUAD","Treg"
"5663","20p11.23",-0.00770485550954117,-0.0986449744264979,0.921639535755682,"con","ALL","20","p","20p",0,-1,"LUAD","Treg"
"5664","20p11.22",-0.0163413651237784,-0.196787348039599,0.844437660689703,"con","ALL","20","p","20p",0,-1,"LUAD","Treg"
"5665","20p11.21",-0.0169985703176383,-0.196098110420643,0.844975474226995,"con","ALL","20","p","20p",0,-1,"LUAD","Treg"
"5666","20q11.21",-0.0145617525349225,-0.146879578478083,0.883555592017214,"con","ALL","20","q","20q",0,1,"LUAD","Treg"
"5667","20q11.22",0.0235964251319429,0.21664385151744,0.828976228115764,"con","ALL","20","q","20q",0,1,"LUAD","Treg"
"5668","20q12",0.0573215407126584,0.535154893377039,1,"con","ALL","20","q","20q",0,1,"LUAD","Treg"
"5669","20q13.11",0.0569321588465831,0.536248109810137,1,"con","ALL","20","q","20q",0,1,"LUAD","Treg"
"5670","20q13.12",0.0627168932129258,0.622909836443671,0.534919029531542,"con","ALL","20","q","20q",0,1,"LUAD","Treg"
"5671","20q13.13",0.0591259124313292,0.77929677930311,0.437849304610481,"con","ALL","20","q","20q",0,1,"LUAD","Treg"
"5672","20q13.2",0.0485312823606075,0.722431705314422,0.471902148972493,"con","ALL","20","q","20q",0,1,"LUAD","Treg"
"5673","20q13.32",0.0403189589108193,0.711239156041833,0.478775379987562,"con","ALL","20","q","20q",0,1,"LUAD","Treg"
"5674","20q13.33",0.0277589968618828,0.561452960309614,0.575884201705023,"con","ALL","20","q","20q",0,1,"LUAD","Treg"
"5675","21q21.3",-0.0453143378577172,-0.882107090044261,0.380068800497559,"con","ALL","21","q","21q",0,1,"LUAD","Treg"
"5676","21q22.11",-0.0448090148707257,-0.891843364774772,0.374855131574795,"con","ALL","21","q","21q",0,1,"LUAD","Treg"
"5677","21q22.12",-0.0474229957379055,-0.951274496396937,0.344012762685141,"con","ALL","21","q","21q",0,1,"LUAD","Treg"
"5678","21q22.13",-0.0535848306998539,-1.09305313934715,0.277287592087789,"con","ALL","21","q","21q",-0.00222173177982419,1,"LUAD","Treg"
"5679","21q22.2",-0.0584390146736024,-1.21430081860781,0.227809492852036,"con","ALL","21","q","21q",-0.0144207147404427,1,"LUAD","Treg"
"5680","21q22.3",-0.0594206562238345,-1.28473897124168,0.202180332966904,"con","ALL","21","q","21q",-0.046358795812657,1,"LUAD","Treg"
"5681","22q11.21",-0.087670976122847,-0.952150587831566,0.343570775947286,"con","ALL","22","q","22q",0,1,"LUAD","Treg"
"5682","22q11.22",-0.0513951777536323,-0.50301362923245,0.616183478442891,"con","ALL","22","q","22q",0,1,"LUAD","Treg"
"5683","22q11.23",-0.0328971735851816,-0.306241839277914,1,"con","ALL","22","q","22q",0,1,"LUAD","Treg"
"5684","22q12.1",-0.0142297358682318,-0.124776015684841,0.900979153757066,"con","ALL","22","q","22q",0,1,"LUAD","Treg"
"5685","22q12.2",0.012852041843519,0.108509948472986,0.913832745054397,"con","ALL","22","q","22q",0,-1,"LUAD","Treg"
"5686","22q12.3",0.0462202155621503,0.409172028718545,0.683385531343154,"con","ALL","22","q","22q",0,-1,"LUAD","Treg"
"5687","22q13.1",0.0327419394282717,0.320895800694785,0.749033307663009,"con","ALL","22","q","22q",0,-1,"LUAD","Treg"
"5688","22q13.2",0.00585023693369178,0.0565460997036245,0.955032120475544,"con","ALL","22","q","22q",0,-1,"LUAD","Treg"
"5689","22q13.31",-0.0276624541849529,-0.267260020095796,0.78988044261462,"con","ALL","22","q","22q",0,-1,"LUAD","Treg"
"5690","22q13.33",-0.0230786505576623,-0.223556067186536,0.823609412655911,"con","ALL","22","q","22q",0,-1,"LUAD","Treg"
