,TumorType,Arm_1p,Arm_1q,Arm_2p,Arm_2q,Arm_3p,Arm_3q,Arm_4p,Arm_4q,Arm_5p,Arm_5q,Arm_6p,Arm_6q,Arm_7p,Arm_7q,Arm_8p,Arm_8q,Arm_9p,Arm_9q,Arm_10p,Arm_10q,Arm_11p,Arm_11q,Arm_12p,Arm_12q,Arm_13q,Arm_14q,Arm_15q,Arm_16p,Arm_16q,Arm_17p,Arm_17q,Arm_18p,Arm_18q,Arm_19p,Arm_19q,Arm_20p,Arm_20q,Arm_21p,Arm_21q,Arm_22q
01BR001,BR,-0.55060819957861,1.28314421341034,0.408869359619724,0.408869359619724,0,0,0,1.16918045136098,0.903182180623759,-0.724003347715408,0,0,0.843297858161453,0.565694871298495,-0.83193224620826,0,0,0,1.27864380547673,0,-0.629834371295283,0,0,0,0,-0.512019169632094,-0.745158127493538,0,0,0,0,0.616285596852926,-0.883164034381051,0,0,0,0,1.8304055069582,1.8304055069582,0
01BR008,BR,0.360772248981271,1.64121884448276,0.346525093230993,0,0,0,0,0,0,0,0.405761541887507,0.405761541887507,0.394598606551322,0.394598606551322,1.20672305774559,1.20672305774559,0.608123860969036,0,0.661088972991318,0.661088972991318,0,0,1.41751148044705,0,0,0,0,0,0,0,0,-0.392602342060701,-0.392602342060701,0,0,0,0.42240289763666,0,0,0
01BR010,BR,0,1.09542302409466,0.670257930788625,0.670257930788625,0,0,0.368342351955483,0.368342351955483,0,0,0,0,0.633655275885106,0,0.706273985929267,0.706273985929267,0,0,0,0,0,0,0,0,0.673048914045145,0,-1.32827096027188,0,0,-1.24083267426939,0,0,0,0,0,0.644981581172895,0.644981581172895,0.661864115065026,0.661864115065026,0
01BR015,BR,0.645361166547563,0.645361166547563,-0.699735313175456,-0.699735313175456,0,0,0,0,0,0,0.646765937605276,0,0,0,-1.74227591471248,0.614355541131188,-0.458395428585731,-0.458395428585731,0,0,0,0,0,0,0.551749923575481,0,-0.705828268178574,0,0,-0.681534245713666,-0.681534245713666,-0.362615147459014,-0.362615147459014,-0.545660331465042,-0.545660331465042,-0.645474932812,-0.645474932812,-0.590257409072101,-0.590257409072101,-0.677505256328413
01BR017,BR,0,0,0,0,-1.11156984139554,0.10356892253263,-2.18384598870391,-2.18384598870391,0.623541219419291,0,0,-0.692169851570202,0,0,1.38277367280496,1.60112512637722,-0.97164000899273,0,0,0,0,0,-0.849031252805956,-0.849031252805956,0,-0.97164000899273,0,-1.00734282025058,0,-1.19831693585298,0,0,0,0,0,0,0,0.626546580267559,0.626546580267559,-1.02913548257941
01BR018,BR,0,0.565621181936024,0,0,0,0,0,0,0,0,0.546297291011509,0.546297291011509,0,0,0,0,0.225953942136222,0.225953942136222,0,0,-1.08608434145844,-1.08608434145844,0,0,0.49534988433306,0,-0.185072975389465,0,0,0,0,0,0,0,0.514900572202359,0,0,0,0,0.47116434987395
01BR020,BR,-0.517389087478779,-0.517389087478779,0.603178968287734,0.603178968287734,0,0,-0.541494947097463,0,0,0,0.508614822002649,0.508614822002649,0,0,-0.665337849374049,0.312520649943144,0,0,0.506207374398339,0,-0.571438773275415,0,0.455491689230763,0,0,-0.558582959918652,0,0,0,0.679064133930178,0.679064133930178,0.867358476597057,0.867358476597057,-0.560009689429199,-0.560009689429199,0.734403941199861,0.734403941199861,1.04892134321282,1.04892134321282,-0.561436841218118
01BR023,BR,0,0,0,0,0,0,0,0,0,0,0,-1.02891511744624,0,0,2.21281861150071,2.21281861150071,0,0,0,0,0,0,0,0,-1.03986057782673,0,0,0,0,0,0.842889077008609,0,-1.01982242217849,0,0,0,0,-0.80369001941768,0,0
01BR026,BR,0,0.732077026579299,-0.313676233279217,-0.313676233279217,0.347025243660446,0.347025243660446,0,0,0,-1.02556642221491,0.025580830656742,-0.911448736270944,-0.301893105353794,-0.301893105353794,0,2.50907962277177,0,0,-0.349413168605685,-0.349413168605685,0.338066341892163,0,-0.413412922349877,-0.413412922349877,-0.891765517014043,-1.06375087430381,0,0.437137667633994,0.437137667633994,0,0,0.260635209532132,0.260635209532132,-0.540929912013521,-0.540929912013521,0,0,0.584366459881103,0.584366459881103,0
01BR027,BR,0,0,0.256792868470244,0,0,0.399385099706445,0,0,0.574483461468237,-0.739383012358213,0,0,0,0,1.20287399502305,1.20287399502305,0,0,1.47013686470693,-0.723873460078949,0,0,2.34636207030208,2.34636207030208,0.27117198337048,0,-0.492491496010093,0,0,-0.68103610804729,0,-0.534596651740696,-0.534596651740696,0,0,-0.662935392098674,0,-3.32192809488736,0,0
01BR030,BR,0,0,-0.233011215939132,-0.233011215939132,0.363290418907276,0.363290418907276,0.225073541263698,0.225073541263698,0.21237957629622,0.21237957629622,0,0,0,0,-0.823989939476667,0.737121405890726,-0.336358092658938,-0.336358092658938,-0.267022380963647,-0.267022380963647,-0.282037306408052,-0.282037306408052,0,0,0.195984584968084,0.194157714279426,-0.349561735884486,0.967323376232149,-0.916825177903957,0.51776876372759,0.51776876372759,0,0,0,0,0,0,-0.230899521627907,-0.230899521627907,-0.476130235420449
01BR031,BR,0.879029796732106,0.879029796732106,0,0,0.961676886088929,0.961676886088929,0,0,0.730056893635564,-0.291003528868995,0.867517618886831,0.867517618886831,-0.269261442048199,1.83511927429675,0.98423231269219,0.98423231269219,0.847303339503372,-0.308914125230323,0.896245877296018,0.896245877296018,-0.292988145459466,0.786126662224178,0.466654488637507,0.466654488637507,-0.300940198470669,-0.298950141611881,-0.334982666217776,0.837163347631252,0.837163347631252,0.850196436218086,-0.24377236367258,0.621811119816277,-0.298950141611881,-0.369434528691856,-0.369434528691856,-0.294974117914746,-0.294974117914746,0.372174569566476,0.372174569566476,0
01BR032,BR,1.50140250046985,0,0,0,0,0,0.191246014593924,0.191246014593924,0.2408529518238,0.2408529518238,0,0,0,0,0,0,-2.52806433977258,-2.52806433977258,0,0,0,0,0,0,-2.27579955818829,0,0,-0.257397576884022,-0.257397576884022,-0.278189118351332,-0.278189118351332,0,0,-0.320247452887215,-0.320247452887215,0,0,-1.29687914050932,0,-0.269853825434225
01BR033,BR,0,0,0,0,0,0,-0.260934062685846,0,0,0,0,0,0,0,0,0,0,0,0,0,0,0,0,0,0,-1.06591066896777,0,0,-1.11614630808866,0,0,-1.23213156607564,-1.23213156607564,0,0,0,0,-1.22443824536423,0,0
01BR040,BR,0,0.798854316077594,0,0,0,0,0,0,0.0387834506834353,-0.587718965686706,0.632041111131352,0.632041111131352,0,0,1.19807998387423,1.19807998387423,-0.703768103949427,-0.703768103949427,0.910763962685281,0,0.31120724777638,0,1.24463338912329,0,0,-0.669881264038508,-0.71233581477574,0,0,-1.14608867121578,-1.14608867121578,-0.512793113614554,-0.512793113614554,0.388525514414504,0.388525514414504,0.8395011846314,0.8395011846314,0,0,-1.1030260131916
03BR002,BR,-0.272728380515535,0.4391240142005,0,0,0,0,0,0,0,0,0,0,0.239978681467029,0.239978681467029,0.294195718112545,0.294195718112545,0,0,-0.257312298729008,-0.257312298729008,-0.288245952807332,-0.288245952807332,0,0,0,-0.247090437385764,0,0.407541966589744,-0.267578496298043,-0.309097000601542,0,0,0,0,0,0,0,0.237872015232721,0.237872015232721,0
03BR004,BR,-0.243276663506355,0.345745094650545,0,0,0,0.268006893113015,0,0,0,0,0,0,0.666393975694848,0.666393975694848,-0.730134144842902,1.20283070875815,-0.164833014981863,-0.164833014981863,0,0,0,0,0,0,0.321972677029228,0.287572236394506,-0.311214480592666,1.57433912407689,0,-0.185127552912745,0.53869502117709,0,0,-0.169895728789217,-0.169895728789217,0.458425311048472,0.458425311048472,-0.44224859829673,-0.44224859829673,0
03BR005,BR,0,0.672479188389797,0,0,0,0,0,0,0,0,0,0,0,0,0,0,0,0,0,0,0,0,0,0,0,0,0,0.437742244023727,0,0,0,0,0,0,0,0,0,0,0,0
03BR010,BR,0,0.830572333567585,0,0,0,0,0,0,0,0,0,0,0,0,0,0,0,-0.933736137435106,0,0,0,0,0,0,0,0,0,0,-1.00445023299369,0,0,0,0,0,0,0,0,0,0,-1.09803212939307
03BR011,BR,-0.720006957132735,1.07887653925544,-0.661295160580779,-0.661295160580779,-0.697824050801276,-0.697824050801276,0,0,0,0,0,0,0,0,-0.673411025785632,-0.673411025785632,-0.717532148002522,-0.717532148002522,0,0,0,0,0,0,-1.83223642207272,0,0,-0.0651640086950116,-1.88320945944375,0,0,-1.81970501248309,-1.81970501248309,0,0,0,0,-1.8448512608503,-1.8448512608503,0
03BR013,BR,-0.751025253152723,-0.193039185022095,0,0,0,0,0,0,0,0,0,0,0,0,0,0,0,0,0,0,-0.913199295241277,-0.913199295241277,0,0,0,0,0,0,-0.932631849437512,0.273132518757221,0.273132518757221,0,0,0,0,0,0,0,0,0
05BR001,BR,0,0,0,0,0,0,0,0,0.133048991998927,0.133048991998927,0,0,0,0,0,0.136386722196868,0,0,0,0,0,0,0,0,0,0,0,0,0,0,0,0,0,0,0,0,0,0,0,0
05BR003,BR,0,0,0,0,0,0,0,0,0,0,0,-0.650699436431922,-0.354108464868735,-0.63239565541991,-0.622450591690881,-0.622450591690881,-0.55357872638316,0,0,0,-0.655707532820399,-0.655707532820399,0,0,0,0,0,0,0,-0.694337633356423,0,-0.665744723111164,-0.665744723111164,0,0,1.42769207999244,1.42769207999244,-0.122755066486378,-0.630736254245067,0
05BR005,BR,0,0,0,0,0,0,0,0,0,0,0,0,0,0,0.895547734391965,0.895547734391965,0,0,0,0,0,0,0,0,0,0,0,0,0,-1.19002095020221,0,-1.1226872628161,-1.1226872628161,0,0,0,0,-1.09521479740115,0,-1.11165830931478
05BR009,BR,-0.257824583696991,0.439963462893474,0,0,-0.189020895632228,-0.189020895632228,-0.229627162064123,-0.229627162064123,0,0,0,0,0.361706664502346,0.361706664502346,0,0,0,0,0,0,0,0,0,0,0.158007660656426,0.233538254246516,0,0.431171804942702,-0.517942065114129,-0.2606531824785,-0.2606531824785,0,0,0,0,0.403469161624371,0.403469161624371,0,0,-0.523928859307432
05BR016,BR,0.167721975276495,0.949879425981471,0,0,0,0,-0.961919939277749,-0.961919939277749,0.946298495955972,0.946298495955972,0,0,0,0,0.253707532611292,0.253707532611292,0,0,-0.415286724150163,-0.415286724150163,0,0,-0.419783709835456,-0.419783709835456,0,0,-1.00189137942467,0,0,0,0,0,0,0.695483884738981,0.695483884738981,0,0,-0.419783709835456,-0.419783709835456,-0.1476892024648
05BR026,BR,0,0.664247198889868,0,0,0,0,0,0,0,0,0,0,0,0,0,0,0,0,0,0,-0.174550032453335,-1.11472666516438,0,0,0,0,0,0,-1.11472666516438,0.618967467786659,0.618967467786659,0,0,0,0,0,0,0,0,0
05BR029,BR,0,0,0,0,0,0,-1.06159050386971,-1.06159050386971,-1.09519875849912,-1.09519875849912,0,0,0,0,-1.00746962719428,0,0,0,0,0,0,0,0,0,0,-1.03354887710409,0,0,-1.0668745323387,-1.09697709905961,0,0,0,0,0,0,0,0,0,0.920050605300306
05BR038,BR,0,0,0,0,0,0,0,0,0,0,-0.978068592007646,-0.978068592007646,0,0,0,0.218990198281288,0,0,0,0,0,0,0,0,0,0,0,0,0,-1.37739463819161,-1.37739463819161,0,0,-0.238130747564176,-0.238130747564176,0,0,0,0,0
05BR042,BR,0,0.63497114557035,0.643205260569418,0.643205260569418,-0.476968958097929,0,-0.417632446784249,-0.417632446784249,-0.429387504716245,-0.429387504716245,0.403360604715782,0,0.651420990080778,0.45579831038993,1.40252118020581,1.40252118020581,0.274006419104967,-0.572485919741021,0.38569748997696,-0.445937811175625,0.350085617027125,-0.262918895444228,0,0,0.389237631743314,-0.481777660682456,0,-0.44119795825182,-0.44119795825182,-0.429387504716245,-0.429387504716245,0.457532317206886,0.457532317206886,0.133403758189531,-0.582498658904195,-0.251898463007715,0.722948676939122,0.591851629001334,-0.431745140942081,0.328531077514134
05BR043,BR,0.578893829320146,0.578893829320146,0,0,-0.839667661150606,-0.839667661150606,0.356725793548812,0.356725793548812,0.00672057017798592,-0.587543426538609,-0.76366586832832,-0.76366586832832,0,0,1.44048698089563,1.44048698089563,0.233934746366034,0.233934746366034,0.268688743877965,0.268688743877965,-0.350873032711851,-0.350873032711851,-0.878727185815063,-0.878727185815063,-0.681288716931423,0,0.33099277747022,-1.08603290462913,-1.08603290462913,-1.15264100097185,0,-0.601929908867013,-0.601929908867013,-1.14138241860282,-1.14138241860282,-1.05713200203064,-1.05713200203064,0.409461817480236,0.409461817480236,0.276804549877536
05BR044,BR,0,0,0,0,0,0.418453156781383,0,0,0,0,0,0,0.86952763217583,0.86952763217583,-0.591367655177174,0.498308159686754,-0.792820906432307,-0.792820906432307,0,0,0,0,0,0,1.22373994325446,0,0,-0.444222952769509,-0.444222952769509,-3.32192809488736,-3.32192809488736,-3.32192809488736,-3.32192809488736,-0.834842338776764,-0.834842338776764,0,-0.463818125475416,-3.32192809488736,0,-0.575573241512642
05BR045,BR,0,0.729340278915406,0,0,0,0,-0.955230258512644,-0.955230258512644,0,0,0,0,0,0,0,0,-1.03267041840762,-1.03267041840762,0,0,0,0,0.808968749621419,0,-1.00880135222027,-1.05187237079512,0,0,-0.741747519836519,-0.958361531791254,-0.958361531791254,1.75334835522696,1.75334835522696,-1.00880135222027,-1.00880135222027,0,0,-0.988232307243717,-0.988232307243717,-1.00087740057693
06BR003,BR,0,1.23690798368455,-0.197521911632612,-0.197521911632612,0,0,0.236158717659181,0.236158717659181,0,0,0,0,0,0,1.06902773927946,1.06902773927946,0,0,-1.12639804542285,-1.12639804542285,0.310767206994225,0.310767206994225,-0.332917213809393,-0.332917213809393,-0.916370428442557,0,0,-0.360698572820121,-0.360698572820121,-1.34280984517742,-1.34280984517742,-0.964371582716562,-0.964371582716562,0,0,0,0,0,0,0
06BR005,BR,0,1.03062322864865,0.557828404097453,-0.65372506474238,0,0,0.50752239276953,0.50752239276953,0.597917505984106,0.597917505984106,-0.685353234768692,-0.685353234768692,0.30596108951928,0.30596108951928,-0.651308931226123,1.77317654226976,-0.729835391959935,-0.729835391959935,0.137564652594888,-0.558867301361974,0,0,0.505888313556254,0.505888313556254,-0.665841481249869,-0.775154683475166,0,1.13326743820357,-0.842182184717813,-0.21888250748915,0.491149120137292,0.572308868542835,0.572308868542835,-0.204579321182934,-0.204579321182934,0.518940916529856,0.518940916529856,-0.787897688588217,-0.787897688588217,-0.707492251611182
06BR006,BR,0,0.625376600604564,0,0,0,0,0,0,0.359194710015379,0.359194710015379,0,0,0.381888688880435,0.381888688880435,-0.661754062865835,0,0,0,0,0,0,0,0,0,0,0,0,0,-0.946357167141807,-0.511892145618177,-0.511892145618177,0,0,0,0,0,0,0,0,0
06BR014,BR,0,0,0,0,0,0,0,0.181665932403288,0,0,0,0,0,0,-1.16152046411739,0,0,0,0,0,0,0,0,0,0,0,0,1.72868598734291,0.900216921962269,-0.190004506106773,-0.190004506106773,0,0,-0.228818122591365,-0.228818122591365,0,0,-1.01630568287253,-1.01630568287253,-1.33151047474029
09BR001,BR,0.823477715216034,0.823477715216034,-0.304356522387003,-0.304356522387003,0,0,-0.281949249632084,-0.281949249632084,0.453281957448327,0.453281957448327,-0.363193452719064,-0.363193452719064,0,0,-0.344363107430948,-0.344363107430948,-0.409858761429395,-0.409858761429395,0,0,0,0,0,0,-0.441569103782375,0,0,-0.368223355626441,-0.82554112641638,0,1.04879977169672,-0.34937965047927,-0.34937965047927,0,0,0,0,0,0,0
09BR005,BR,0,0,-1.04693453571633,-1.04693453571633,0,0,0,0,0,0,0,0,0,0,0,0,0,0,0,0,0,0,0,0,0,0,0,0,0,-1.01317103406412,-1.01317103406412,0,0,0,0,0,0,0,0,0
09BR007,BR,0,1.45002917254815,0,0,-1.04862035103454,0.342015660940113,-0.587488144034912,-0.587488144034912,0.330585867541237,0.330585867541237,0,0,0.469436683071524,0,0.498878281466895,0.498878281466895,-1.50142090459956,-1.50142090459956,-1.1020931393456,-1.1020931393456,0,0,0.455928399157149,0.455928399157149,0,0,-0.560542329304511,0.538431644052696,-2.31770129058635,-1.64498734623201,0.554066983787612,-0.503463458241681,-0.503463458241681,0,0,0.685420176480768,0.685420176480768,0,0,-2.36930701483099
11BR003,BR,0,1.09307740320557,0,0,0,0,0,0,0,0,0.938573334011788,0.938573334011788,0,0,0.789336844287299,0.789336844287299,0,0,0,0,0,0,0,0,0,0,0,-0.272636930894628,-0.272636930894628,-0.33674100028856,-0.33674100028856,-0.254993465368183,0,-0.46774110516443,-0.46774110516443,0,0,0,0,-0.27770195216906
11BR004,BR,0,0.639286224402468,0,0,0,0,-0.812477788259865,0,0.647453249201942,0,0,0,0,0,-0.638203870211431,0,0,0,0,0,0,0,0,0,-1.42558618003949,0,0,-0.739592987757518,-0.739592987757518,-0.94939816156783,0,0,0,0,0,0,0,0,0,0
11BR006,BR,0,0,0,0,0,0,0,0,0,0,0,0,0,0,1.51020110367286,1.51020110367286,0,0,0,0,-1.12098406590163,-1.12098406590163,0,0,0,0,0,0,0,-1.3926326588456,0.124037285383988,0,0,0,0,0,0,0,0,0
11BR009,BR,0.695061493735008,0.695061493735008,0,0,-1.56343159029902,-0.996715790385235,-1.62830575734646,-1.62830575734646,0.268119916684284,0.268119916684284,0,-1.0782609758989,0,0,1.26526246014323,1.26526246014323,0,0,0,0,-1.62056064869381,-1.62056064869381,0,0,0,0,0,0,0,-0.292469612493095,-0.292469612493095,0,0,-0.485606064079321,-0.485606064079321,-0.226891862622714,-0.226891862622714,0,0,-0.307498724594604
11BR010,BR,0,0,-0.673863061614952,-0.673863061614952,-0.560220607193693,-0.560220607193693,0,0,-0.54753985582191,-0.54753985582191,0,0,0,0,0,0,0,-0.719488824713919,0,0,0,0,0,0,-1.95606912170359,-0.696535113149653,0,0,0,-2.19173616059162,-2.19173616059162,0,0,0,0,0,0,-2.45553649988231,-2.45553649988231,0
11BR011,BR,-0.94982145388118,0,0,0,0,0,0,0,0,0,0,0,0,0,0,0,0,0,-0.427514534327511,-0.427514534327511,0,0,0,0,0,-0.401578967276968,-0.41775086427597,0,0,-1.27399682409273,0,-1.16104524304825,-1.16104524304825,-0.480378174776893,-0.480378174776893,0,0,0,0,-1.21418799389774
11BR013,BR,0,1.51388765218129,0,0,0,0,0,0,0,0,0.815374158152109,0,0,0,0,1.68192002510085,0,0,0,0,-1.15470706908217,-1.15470706908217,0,0,-1.16428124958528,0,0,0,-1.13374978973632,0,0,0,0,0,0,0.869424524595714,0.869424524595714,0,0,0
11BR014,BR,0,1.7258937662536,0,0,0,0,0,0,0,0,0,0,0,0,0.437601862750756,0.437601862750756,0,0,0,0,0,0,0,0,0,0,0,0.853209282974741,-2.93059131694633,0,0,0.801128791330312,0.801128791330312,0,0,0,0,0,0,0
11BR015,BR,0,0,-0.898540052727543,-0.898540052727543,0,0,-0.619311699083074,-0.619311699083074,0,0,-3.32192809488736,-3.32192809488736,0,0,-3.32192809488736,1.60893401718678,0,0,0,0,0,0,0,0,0,0,-1.95978306420526,0,-3.32192809488736,0,0,0,0,0,0,0,0,0,0,0
11BR016,BR,0,0.744681734295836,0,0,0,0,-1.29084244236342,-1.29084244236342,0,-1.23398888724713,0,0,0,0,0,0,0,0,0,0,0,0,0,0,-1.08389382792458,0,0,-0.243588563296132,-0.243588563296132,-1.56079358683445,-1.56079358683445,0.633613759406954,0.633613759406954,0,0,0,0,0,0,0
11BR017,BR,0,0,0.72550126022016,0,0,0,-1.291366804706,0,0.423457325625902,0,0.54580219206917,0.54580219206917,0.585126648604805,0.585126648604805,0,0,0,-0.630159245521372,0,0,-0.539886092175642,-0.539886092175642,0,0,0,0,-0.50116659490921,0,0,-0.584457454773813,-1.26886347319456,0,0,0,0,0.453212607263073,0.453212607263073,0.615549296731014,0.615549296731014,0
11BR018,BR,0,0,0,0,0,0,0,0,0,0,0,0,0,0,0,0,0,0,0,0,0,0,0,0,0,0,0,0,-1.33067857240045,-1.46575971133749,-1.46575971133749,0,0,0,0,0,0,0,0,0
11BR019,BR,0,0,0,0,0,0,0,0,0.616609233646328,0,0,0,0,0,-1.40735053183092,0,0,0,0,0,-0.569937091675967,-0.569937091675967,-0.597236389586751,-0.597236389586751,0,0,0,-0.565426101252904,-0.565426101252904,-0.0580885205799052,1.12173144540659,-0.434929728447352,-1.07753938554421,-0.84740884703347,-0.84740884703347,0,0,0,0,-3.08452814391748
11BR020,BR,0,0.287370904139054,0.302900075217862,0.302900075217862,-0.782905421471296,-0.782905421471296,0,0,-0.376500055054666,-0.376500055054666,0.413781915675547,0.413781915675547,0.358983433469495,0.358983433469495,0,0,-0.39422698864742,0,-0.9418703114029,0,0,0,-0.895038725405898,-0.895038725405898,0.366529852990509,0,-0.960943640393855,0,0,0,0,-0.822498375273347,-0.822498375273347,-1.1212246475558,-1.1212246475558,0,0,0.297735070724558,0.297735070724558,-0.351941605433778
11BR022,BR,-0.530950542169215,0.576343910602385,0,0,-0.543282030856395,0,0,0,0,0,0,0,0,0,0,0,-0.356775595874737,-0.356775595874737,0,0,0,0,0,0,0,0,0,0.287381437819685,-0.153329707961226,-0.262295616123423,0.241284515490349,-0.317390939975342,-0.317390939975342,0,0,0.239069240613509,0.239069240613509,0,0,-0.530950542169215
11BR023,BR,0.679525992919678,0.679525992919678,0.781141158223391,0,-0.92232941010835,0,0.510963606019228,-0.8201932612938,-0.848421591165834,-0.848421591165834,0.748743323270194,0.748743323270194,0,0,0.971226672985088,1.97177735555732,0.249761121072445,-0.988804366953704,0.408034870934568,0.408034870934568,-0.315397877390871,-0.315397877390871,0,0,-0.381056940482084,-0.951978502237878,0,-1.06801746229234,-1.06801746229234,0,0,0,0,0.259782535246093,0.259782535246093,0.916044404508054,0.916044404508054,0.267774665702333,0.267774665702333,-1.07505414081059
11BR024,BR,0,1.55033983398874,0,0,-0.853421495664954,0.654848680210954,-0.758920591567925,-0.758920591567925,1.50066564793322,-0.792419303854993,0,1.4803091982406,0,0,-0.811279026618002,0.0663995243547757,1.56420237229279,-0.857298193508807,-0.892541569023736,-0.892541569023736,-0.404326057432155,-0.404326057432155,0.640744775589766,0.640744775589766,-2.404691121147,-0.736899282531628,0,0.398188550470908,0.398188550470908,-0.998140171006708,-0.998140171006708,-0.811279026618002,-0.811279026618002,0.317522608170612,0.317522608170612,-0.770023765471348,-0.0497354659088953,0,0,-0.920404513308138
11BR025,BR,-0.182211026287129,1.14327296441077,0,0,0.468964692286321,0.468964692286321,0,0,1.5654661842589,1.5654661842589,0.311281696665095,0.311281696665095,-0.149337192091938,-0.149337192091938,1.43253455256617,1.43253455256617,0.157321861663383,0.157321861663383,-0.165743137611814,-0.165743137611814,-0.149337192091938,-0.149337192091938,0.892411711896927,0.892411711896927,-0.883654775606357,-0.471036122397939,-0.170228197284994,1.46389436505456,-0.925626514631061,1.35664048036849,1.35664048036849,1.43369772354924,1.43369772354924,-0.219873473928703,-0.219873473928703,1.05525852457126,1.05525852457126,-1.01317506668796,0,0.389328964849343
11BR028,BR,0,1.16540411571508,-0.0843444666732344,-0.482443691718249,0,0,0,0,0,-0.571704860364622,-0.453402682667509,-0.453402682667509,0,0,0.0621503883841237,0.562796905976433,-0.539089822327246,0,0,0,-0.494646351398459,-0.494646351398459,0,0,-0.574232205275551,-0.221398553204425,-0.441402525057002,0,0.708948320912846,0.502958854444132,0,0.269017283953725,0,-0.576762229588429,-0.576762229588429,0.201617692834203,0.201617692834203,0,0,0
11BR030,BR,0,0,0,0,0,0,0,0,0,0,0,0,0,0,-0.612288685282133,1.10681251340322,0,0,0,0,0,0,0,0,-0.516479832496856,0,0,0,0,0,0,0,0,0,0,0.532813280698704,0.532813280698704,0,0,0
11BR031,BR,0,0.532590045336337,0,0,0,0,0,0,0,0,0.191282706534497,0.191282706534497,-0.481945020029363,-0.481945020029363,-1.05811689527649,0,0.331143096081206,0.331143096081206,0,0,-0.690757303121626,-0.690757303121626,-0.330939825949808,-0.330939825949808,-0.443933177720923,0,-0.745206942274275,0,0,-0.730235030563343,-0.730235030563343,-1.75532270536837,0,-0.87113907983228,-0.87113907983228,1.02324208061606,1.02324208061606,0,0,-0.232702223128159
11BR032,BR,0,0,0,0,0,0,-1.34985778716143,-1.34985778716143,0,0,-1.4994421395875,-1.4994421395875,0,0,0,0,0,0,-1.71305991465246,-1.71305991465246,-1.69331983315154,-1.69331983315154,0,0,-1.40642053904927,0,0,0,0,-2.54315161588242,-2.54315161588242,-1.84767204232325,-1.84767204232325,0,0,0,0,0,0,-2.29435061805877
11BR036,BR,0,1.2566059668645,0,0,0,1.86250447899417,0,0,0,0,0.614957790113186,0.614957790113186,1.47591936363799,1.47591936363799,1.30741030375283,1.30741030375283,0.325660946178188,0.325660946178188,1.66968009526687,0,-0.961235721987368,-0.961235721987368,0.217788483935629,-0.620133286127979,-0.310695434975515,1.41164137159087,-1.29214226356906,-3.32192809488736,-3.32192809488736,-0.218246021515577,0.258441288532865,0.526270194377331,0.526270194377331,-0.231257476563295,-0.231257476563295,0.659318591750318,0.659318591750318,0.890663819112866,0.890663819112866,-1.26133626920803
11BR038,BR,0,0,0,0,0,0,0,0,0,0,0,0,1.01651992995136,1.01651992995136,-1.32567498412396,0,0,0,0,0,0,-0.783814266803199,-0.513154986039459,-0.513154986039459,0,-1.06330998013365,0,0,0,-1.21131195567073,-1.21131195567073,-0.836208033518339,0,0,0,0,0,0,0,-1.12515184286108
11BR040,BR,0.899796486863594,0.899796486863594,0,0,0,0,0,0,0,0,0,0,0,0,0,0,0,0,0,0,0,0,0,0,0,0,0,-0.273074609336546,-2.66819546926131,-0.365121762320914,-0.365121762320914,0,0,-0.3794045751546,-0.3794045751546,0,0,0,0,0
11BR042,BR,0,0,0.425014594498418,0.425014594498418,0,0,0,0,0,0,-0.493767603843726,-0.493767603843726,0.49125983426093,0,0,0,-0.349972066669404,0,0,0,0,0,0,-0.258465408260538,0,0.258968445889927,0,0.412227133417123,0.412227133417123,-0.562592990226008,-0.562592990226008,-0.533434326789136,-0.533434326789136,0.153346239900011,0.153346239900011,0.451901193285597,0.451901193285597,-0.17413667859245,-0.17413667859245,0
11BR043,BR,0,1.17271774105223,-0.22379864624407,0,0.506975728100325,0.506975728100325,0,0,0.493935652441533,0.222666593204743,-0.585611697829832,-1.04508467553118,0.219137158900536,0.219137158900536,1.49758261065007,2.06471371848271,0,0,-0.242225896404132,-0.242225896404132,-0.446859803128843,-1.0479255675677,0,0.587472348305257,-0.926202178387721,0.901588387520169,-0.27320935045192,-0.271133057236789,-0.894103789626625,-1.29762570750498,-1.29762570750498,0.350735452967342,0.350735452967342,-0.201438182942664,-0.201438182942664,0.439654306715735,0.439654306715735,0,0,0
11BR044,BR,-0.39968842392678,0.478944701813145,-0.159269425197498,-0.159269425197498,0,0.194771843929903,0,0,0.460271881340172,0.460271881340172,0,0,-0.35487903835968,-0.35487903835968,-0.799353579394674,1.98032504815,0.319581539429575,0.319581539429575,0.349644851026008,0.349644851026008,-0.0234553465308914,-0.414203628648028,-0.701587158317394,-0.701587158317394,0.233926443180353,-0.223434991821388,-0.768823518755244,0.233926443180353,-0.852110284723831,-0.962250646663489,0.267250321606159,0.34828196747552,0.34828196747552,-0.21420769441549,-0.21420769441549,0.768886380902408,0.768886380902408,-0.177502281020054,-0.177502281020054,-0.887155881434183
11BR047,BR,0,0,0,0,0,0,0,0,0,0,0,-1.20269842961569,0,0,0,0.362215809242578,0,0,0,0,0,0,0,0,0,0,0,1.03589095476103,1.03589095476103,-0.230447110635308,-0.230447110635308,0,0,-0.284310074001649,-0.284310074001649,0,0,0,0,-1.50425361814475
11BR049,BR,1.79881842203428,1.79881842203428,0,0,0,0,0,0,0,0,0,-1.3962869978384,0,0,0.854959809090823,0.854959809090823,0,0,0,0,0,0,0,0,0,0,0,0.570091487562219,0.570091487562219,-0.351659222084487,-0.351659222084487,0,0,-0.539697922129648,-0.539697922129648,0,0,0,0,-0.463071398830237
11BR050,BR,0,1.19878862560535,0,0,0,0,0,0,0,0,0,0,0,0,0,0,0,0,0,0,0,0,0,0,0,0,0,0,0,0,0,0,0,0,0,0,0,0,0,0
11BR051,BR,-0.379168596376922,-0.00937929215454644,-0.622819263268707,-0.392011611244488,0.300202555015055,0.300202555015055,-0.251896471004586,-0.251896471004586,0,0,0,0,0.54143870257923,0.54143870257923,0.99539686581507,0.99539686581507,-0.505980963428036,-0.505980963428036,0,0,0,0,-0.770112489510623,-0.770112489510623,-1.1533772412465,0,0,0.424460741446729,-0.383442837896214,-1.22211593284847,0,-0.576362037790768,-1.01373096932734,0,0,0.258941144292689,0.258941144292689,0,0,-1.05837407477061
11BR053,BR,0.614993877525269,0.959829125234263,0,0,0,0,-0.667519407515756,-0.667519407515756,0.794467153269802,0.794467153269802,-1.07587647815192,-1.07587647815192,0.926074224267712,0.926074224267712,0.485064778917623,0.485064778917623,0,0,0.471715708530558,-0.702922199001161,0,0,0,0,-0.673734276203221,0.777782274164098,0,1.482148417403,1.482148417403,0.610673180366519,0.610673180366519,0,0,-0.68828982866078,-1.32817021167282,1.78642978683029,1.78642978683029,0,0,0
11BR055,BR,0.754305645385329,1.10273121620767,0,0,0.19186718860039,0.19186718860039,-0.300825137561194,-0.300825137561194,0.615316535535593,0.615316535535593,0,0,0,0,0,0,-0.571300259250553,-0.571300259250553,-0.16899020572965,-0.628415389217935,-1.01011287617398,-1.01011287617398,0.308333393277629,0.308333393277629,-0.272350839574899,-0.6539567869795,0,0.311700818468457,0.311700818468457,0.328490354629334,0.328490354629334,0,0,-0.212271921047,-0.212271921047,0.485858764016674,0.485858764016674,0,0,-0.445575210115455
11BR056,BR,0.520531747092186,0.520531747092186,0,0,-0.847912194815612,0.0439377473012791,0,0,-0.600505260480469,-0.600505260480469,0,0,0,0,-1.04202828530871,-0.172924633753253,-0.769902802896955,0,0.399217237755228,0.399217237755228,0,0,0.33750894788635,0,0,0,0.366179640652235,-0.357610877419234,-0.357610877419234,-1.11315142418928,0,-0.626492690130161,-0.626492690130161,0,0,0,0,0,0,0
11BR058,BR,0,0,0.408323132652918,0.408323132652918,0,0,0,0,0,0,0,0,1.25130846328954,1.25130846328954,0.432756427717161,0.432756427717161,-1.17044037295662,0,0,0,-0.606229392485976,-0.606229392485976,0,0.717525777998093,-1.08754596261382,0,-1.13677824989659,0.45003011468633,0.45003011468633,-1.50968443498488,-1.50968443498488,-1.28490153993235,-1.28490153993235,0,0,0,0,0,0,-0.840180665218003
11BR059,BR,0,0,0,0,0,0,0,0,0,0,0.467836709496831,0.467836709496831,0,0,-1.4857950556389,0.542781847113404,-1.19649294418495,0,0,0,0,0,0,0,-1.23219904036806,-1.45440311622494,0,0,0,-1.8004097486331,0,0,0,0,0,0,0,0,0,0
11BR060,BR,0.526671221242191,0.882083344833335,0.50334745898907,0,-0.65206028001179,-0.65206028001179,-0.358737397497556,-0.358737397497556,0.627752334081224,0,0,0,0.650390224046458,0.650390224046458,0,0,-0.474000532052204,0,-0.548558675446607,-0.548558675446607,0.777963984319589,0.777963984319589,-0.5877207793275,-0.5877207793275,0.430959654662914,-0.605313008258015,0,0,0,-0.490863448889869,-0.490863448889869,-0.336637541687822,-0.336637541687822,-1.12848809758132,-1.12848809758132,0.572922284578877,0.572922284578877,-0.797621276436759,-0.797621276436759,0.500227409366136
11BR072,BR,0,0.780632304359733,0,0,0.636537132607431,0.636537132607431,0,0,0,0,0.657854912605321,0.657854912605321,0,0,0,0,0,0,0,0,0,0,0,0,0,0,0,1.84829420260311,1.58723722970461,0,0,0,0,0,0,0,0,0,0,-1.36936374761945
11BR073,BR,0,0,0,0,0,0,0,0,0,0,0,0,-0.832129851737052,0,0.439527542718636,0.439527542718636,0,0,0,0,0,0,0,0,0,-1.07629039241529,-0.469260246672663,0.869964961033133,-1.26103489085917,-1.76744836101299,0,0.344334608324724,0.344334608324724,-0.488407626956729,0,0.832370720874385,0,-0.633634918057965,-0.633634918057965,0
11BR074,BR,0,1.32026145163478,0,0,0,0,0,0,0,0,0,0,0,0,0,0,0,0,0,0,0,0,0,0,0,0,0,0.502434124802013,-1.31289625388814,0,0,0,0,0,0,0,0,0,0,0
11BR075,BR,0,0,0,0,0,0.24025799856247,0,0,0,0,0,0.678803701974484,0,0,0.888274779193805,0.888274779193805,0,0,0,0,-1.03375718191268,-1.03375718191268,0,0,-1.0479255675677,0,0,-1.17971294199315,-1.17971294199315,-1.37564604312622,0,0,-0.904753667659142,-0.2566421405227,-0.2566421405227,0,0,-2.05219877258594,0,-0.240172462978089
11BR080,BR,0,1.04686386345185,-0.258748906346308,0,0,0.50109609373177,0,0,0.860759670944511,0,0,0.285023750018008,0.829699160952733,0.829699160952733,1.38117077451095,1.38117077451095,0,0,0.571866278523466,0.571866278523466,-0.620155932875996,-0.620155932875996,-0.39809165622642,-0.39809165622642,0,-0.440002685404361,-0.352319074932792,-0.607553710247256,-0.607553710247256,0,0,0.400940628663828,0.400940628663828,-0.34100212748113,-0.34100212748113,0.288652540683925,0.288652540683925,-0.437655947975336,-0.437655947975336,-0.622684372346359
13BR009,BR,-0.563314652086377,0.920235625360078,-0.731761861807379,-0.731761861807379,0,1.22821647873726,-0.678212264463878,-0.678212264463878,0.517939110409088,0.517939110409088,0.227895816593475,0.227895816593475,0,0,0.483268789788916,0.483268789788916,-0.210159978262596,0,-0.79129506798742,-0.79129506798742,0,0,0,0,0,-0.79612006936332,-0.798536119338439,4.46453694436698,4.46453694436698,0,0,0,0,-0.223789357808062,-0.223789357808062,0.643079215834656,0.643079215834656,-1.51883169729117,0,-0.290903024548502
14BR005,BR,0,1.85787176194959,0,0,0,0,0,0,0,0,0,0,0,0,2.22075248085057,2.22075248085057,0,0,0,0,0,0,0,0,0,0,0,-1.75516297521299,-3.32192809488736,0,0,0,0,0,0,0,0,-3.32192809488736,0,0
14BR008,BR,0,1.26212067493012,0,0,0,0,0,0,0,0,0,0,0,0,0,0,0,0,0,0,0,0,0,0,0,0,0,0,-3.32192809488736,0,0,0,0,0,0,0,0,0,0,-0.845773303046523
14BR014,BR,0,0,0,0,0,0,0,0,0.297641727267393,0.297641727267393,0,0,0,0,-1.30427251732574,1.91469150037731,0,0,0,0,0,0,0,0,0,0,0,0.936446445306116,-1.19083776909156,0,0,0,0,0,0,0.388969572805039,0.388969572805039,0,0,-0.982671461664168
15BR003,BR,0,0.86807019621562,0,0,0,0,0,0,0,0,0,0,0,0,0,0,0,0,0,0,0,0,0,0,0,0,0,0,-1.44838529071396,-1.44838529071396,-1.44838529071396,-1.54003229850981,-1.54003229850981,0,0,0,0,-2.42007933930072,0,0
16BR012,BR,-0.512152248808729,1.23483678844199,-0.469942539940271,-0.469942539940271,0,0,-1.39489245926198,-1.39489245926198,0,0,0,0,0,0,-3.32192809488736,-0.390780571480261,0,0,0,0,0,0,-0.719935175968179,-0.719935175968179,-1.64521986851507,0,-1.82406793712079,0,0,0,0,0,0,0,0,0,0,0,0,0
18BR002,BR,0,0.587089424316877,-0.0991325066382753,-0.647901078841335,-0.727881659638208,-0.727881659638208,-0.49821493924669,0,-0.624018767851308,-0.624018767851308,0,0,1.5807687321338,0,0,0.660899903976851,-0.893072505292715,0,0.510616131541161,0,0.526779434287366,0,0,0,-0.606320332799597,-0.503741584601524,0,1.47100879452592,1.47100879452592,-0.55998568558137,0,-0.702874193905957,-0.702874193905957,0,0,0.624313186386243,0.624313186386243,0,0,-1.01540858583344
18BR003,BR,0,1.02482362684214,0,0,0,0,0,0,0,0,0,0,0,0,0,0,0,0,0,0,0,0,0,0,0,0,0,0,-3.32192809488736,0,0,-0.733169716344546,-0.733169716344546,-0.482804702594012,-0.482804702594012,0,0,0,0,-1.25795597029584
18BR004,BR,-1.14569136136704,-0.0253059401352653,-0.423850915090552,-0.423850915090552,0,0,-0.928433925130992,-0.928433925130992,0,0,0,0,0,0,0,0,0,0,0,0,0,0,0,0,0,0,0,0,0,0,0,0,0,0,0,0,0,0,0,0
18BR006,BR,0.644204185868919,0.855447568376567,0,0,0.42405335050023,0.42405335050023,0,0,0,0,0,0,0.235414444083683,0.235414444083683,0,0,-0.845631093220487,-0.845631093220487,0,0,-0.853922097359272,-0.853922097359272,0.239928931691584,0.239928931691584,-0.684699677993815,0,0,0.377626118816548,0,-0.820904551163682,-0.820904551163682,0,0,0,0,0.42549677602617,0.42549677602617,0.529705724622365,0.529705724622365,0
18BR007,BR,-0.806658218751092,0.858662625850626,0,0,0,0.970970223025607,0.337247693544679,0.337247693544679,0.515098562261849,0,0.418777500519063,0.418777500519063,0,0,0.965449911653528,0.965449911653528,0,0,0.264893737846096,0,0,0,0.538646752323469,0.538646752323469,0,-0.756924162863122,-0.775903134178809,0,-1.00657258616142,-0.791220041310089,0,0,-1.7978069492578,0,0,0.612250689997846,0.612250689997846,0,0,0
18BR009,BR,0,0,0,0,0,0,0,0,0,0,0,0,0,0,0,0.659095941869479,0,0,0,0,0,0,0,0,0,0,0,0,0,0,0,0,0,0,0,0,0,0.566175969125492,0.566175969125492,0
18BR010,BR,0,0,-0.49489995513707,-0.49489995513707,0,0,-0.475249754033317,-0.475249754033317,0,0,-0.49489995513707,-0.49489995513707,0,0,-2.28651562077281,0.425564499788556,0,0,0,0,0,0,0,0,0,-0.530197632063863,0,-0.0803821782934938,-1.20292117192108,-0.356095295847516,0,-0.196213871827002,0,-0.641372624347896,-0.641372624347896,0.485378008836637,0.485378008836637,-1.26266047619834,-1.26266047619834,-0.545790609898589
18BR016,BR,0,1.13947774508655,0,0,0,0.285691961963695,0,0,0,0,0,0,0,0,0,0,0,0,0,0,0,0,0,0,0,0,0,0.352027789217597,-1.90698842901887,-0.52742286836202,-0.52742286836202,0,0,-0.639093772808621,-0.639093772808621,0,0,0,0,-0.502247032922571
18BR017,BR,-0.548876491694609,-0.071857455492091,0,0,0,0,0,0,0.269195857957454,0,0,0,0,0,0,0,-0.506081049583363,-0.506081049583363,0,0,-1.32060319146895,-1.32060319146895,0,0,-0.86475433219107,0.447449091115075,0,0.36470078025185,0.36470078025185,-0.786082192060842,0,-0.8054728855557,-0.8054728855557,-1.18254960983999,0.653994842717718,0,0,-0.353128841809849,-0.353128841809849,0
18BR019,BR,0,0,0,0,0,0,0,0,0,0,0,0,0,0,0,0,0,0,0,0,0,0,0,0,0,0,0,0,0,-0.447345342213001,-0.447345342213001,0,0,-0.547298742840352,-0.547298742840352,0,0,0,0,0
20BR001,BR,0,0,0,0,0,0,0,0,0,0,0,0,0,0,0,0,0,0,0,0,0,0,0,0,0,0,0,0,0,0,0,0,0,0,0,0,0,0,0,0
20BR002,BR,0,0,0,0,0,0,-0.578024374952067,-0.578024374952067,0.286046155652562,-0.18631018477898,0.972854406683462,-0.22128888302228,0,0.534788240814478,0.197700583831619,0.197700583831619,-0.562300791543488,-0.562300791543488,0.556470676223626,0.0654280556291863,-0.45261043912093,0,0,0,-0.441291931241559,-0.515625720201554,-0.548611197418872,0,0,0.972854406683462,0.972854406683462,1.42727926066862,0,0,0,0.208654510134227,0.615234209175093,0.762596374823066,0.762596374823066,-0.172419345250423
20BR005,BR,0.206313384833678,0.206313384833678,0.234493637571846,0.234493637571846,0,0,-0.441248699630733,-0.441248699630733,0.851099832032196,-0.494690546965256,0.502746028877914,0.502746028877914,0.222194034693559,0.222194034693559,0,0,0.222194034693559,0.222194034693559,1.65122060798675,1.65122060798675,-0.476755034690192,0,-0.526379282631662,-0.526379282631662,-0.558463321346303,0,-0.487950243520503,-0.614424889860789,-0.614424889860789,0,0,0,0,0,0,0.672897021048806,0.672897021048806,0,0,0.183239573194413
20BR006,BR,0,1.7752483056678,0.707764725130384,0.707764725130384,0,0.725937837801358,0,0,0.75309995124593,0.75309995124593,0.502826746399898,0.181068670121499,0,0,0.654235624793213,1.35073686682222,0,0,0.76212837226773,0.76212837226773,0,0,0,0,0,0.188223983172683,0,0,0,0,0,0,0,-0.171767507761152,0.405072813536443,1.2028596990794,1.2028596990794,0,0,0
20BR007,BR,0,0,0,0,0,0,-1.12337836765649,-1.12337836765649,-1.15501831098167,-1.15501831098167,0,0,0,0,0,0,-1.2658312505485,-1.2658312505485,0,0,-0.382129230495233,0,-0.925776174065782,-0.925776174065782,0,0,0,0,0,0,0,-1.24064287608784,-1.24064287608784,0,0,0,0,0,0,0
20BR008,BR,-0.66777179719159,0.466388951897372,0.477557848412085,0.477557848412085,0,0.51078194925487,-0.5382155899545,-0.5382155899545,0,0,0,-0.739725652053483,0.416667065631536,0.416667065631536,0,0,0,0,-0.64926605887999,-0.64926605887999,0,0,0,0,-0.46631609952745,0,0,0,0,-0.867285287743202,0,-0.36456990476532,-0.36456990476532,0.263809994013681,0.263809994013681,0.47532788513181,0.47532788513181,0.365963367609917,0.365963367609917,0
21BR001,BR,0.363171996210683,0.363171996210683,0,0,-0.479736036685665,0.509759781798182,0,0,0,0,0.365872520615938,0.365872520615938,0.325025414537987,0.325025414537987,0,0,-0.404230089483676,-0.404230089483676,0,0,0,0,0.403350481159936,0.403350481159936,-1.35676848963746,-0.4081313554005,0,1.02198177256609,1.02198177256609,-1.36338852671733,-1.36338852671733,-0.516565823009079,-0.516565823009079,-0.388702929881156,-0.388702929881156,0,0,0.808040839913207,0,-0.447582769862475
21BR002,BR,-0.990242720670913,0.063414670177646,0,0,0,0.736997400931645,0,0,0.755007912098607,0.755007912098607,0,0,0,0,0,0,0,0,0,0,0,0,0,0,0,0,0,0.792387616379932,0.792387616379932,0,0,0,0,0,0,0,0,0.355916735745874,0,0
21BR010,BR,0.559352541564884,1.55832971319118,0,0,0.616931477133704,0.616931477133704,0.318687777900605,0.318687777900605,0.628703933910143,0.628703933910143,0,0,0.624785011832045,0.624785011832045,0,0,0,0,0,0,-0.927571441941818,-0.927571441941818,-0.950614219516385,-0.950614219516385,0,0,0,0.508774526528689,0.508774526528689,-1.05375998450797,0.529113524484907,-0.966128950576113,-0.966128950576113,0.421704043416628,0.421704043416628,0,0,0.541247500536372,0.541247500536372,0
22BR005,BR,-0.980402405562316,-0.980402405562316,0,0,0,0,-0.312077281414407,-0.312077281414407,0,0,0,0,0,0,0,0,0,0,0.352662888188898,0,-0.98500494078676,-0.98500494078676,0,0,-0.957560346567774,0,-0.318614016376895,0,-1.0506814189793,-0.371664389336995,0,-1.0506814189793,-1.0506814189793,0,-0.433031737260521,0,0,0,0,0.352662888188898
22BR006,BR,0,1.42374759885341,0,0,0.76017255891651,0.76017255891651,0,0,0,0,0,0,0.744767190228494,0.744767190228494,0.767845745279276,0.767845745279276,0,0,0,0,0,0,0,0,0,0,0.662551021929778,0.501246031740326,-1.76220946239699,-0.309039254718529,-0.309039254718529,0,0,-0.34153156035277,-0.34153156035277,0,0,0.668500537252481,0.668500537252481,0
C3L-00004,CCRCC,0,0,0,0,0,0,0,0,0,0,0,0,0,0,0,0,0,0,0,0,0,0,0,0,0,-1.18065494712209,0,0,0,0,0,0,0,0,0,0,0,0,0,0
C3L-00010,CCRCC,0,0,0,0,0,0,0,0,0,0,0,0,0,0,0,0,0,0,0,0,0,0,0,0,0,-1.2261553648952,0,0,0,0,0,0,0,0,0,0,0,0,0,0
C3L-00011,CCRCC,0,0,0,0,0,0,-1.19144296656324,-1.19144296656324,0,0,0,0,0,0,-1.04785080323577,0,0,-1.10841197577694,0,0,0,0,0,0,-1.29925016525553,-1.31398811176201,0,0,0.995642394337617,-1.09708992591737,0,-1.08132176811095,0,0,0,0,0,0,0,0
C3L-00026,CCRCC,0,0,0,0,0,0,0,0,0,0,0,0,0.950570604755037,0.950570604755037,0,0,0,0,0,0,0,0,0,0,0,-0.289158809145422,0,1.10295379312055,1.10295379312055,0,0,0,0,0,0,0.271648721065694,0.271648721065694,0,0,0
C3L-00079,CCRCC,0.398736294971504,0,0,0,0.579564016248878,0.579564016248878,0,0,-0.819651262312109,-0.819651262312109,0,0,0.0991369530810478,-0.776667874153886,0,1.05289280391624,-0.424975299916681,0,0,0,0,0,0,0,0,-0.374730638492306,0,-0.359527506985492,-0.359527506985492,0,0,0,0,0.502296223954776,0.502296223954776,0.644918649839874,0.644918649839874,0.476829826521945,0.476829826521945,-0.464530972099986
C3L-00088,CCRCC,0,0,0,0,0,0,0,0,0,0,0,0,0,0,0,0,0,0,0,0,0,0,0,0,0,0,0,0,0,0,0,0,0,0,0,0,0,0,0,0
C3L-00096,CCRCC,0,0,0,0,-1.32676220922404,0,-1.29121598350167,-1.29121598350167,0,0,-1.47163632815452,-1.47163632815452,-1.38339601578725,-1.38339601578725,-1.39575319447608,0.316225268812438,-1.4417632317798,-1.4417632317798,0,0,0,0,0.907108579698943,0.907108579698943,-1.42910383987542,-1.51956151778458,0,0,0,-1.32278014833022,0,-1.35082925365698,-1.35082925365698,-1.26787589253939,-1.26787589253939,0,0,0,0,0
C3L-00097,CCRCC,0,0,0,0,0,0,0,0,0,0,0,0,0.849086289615872,0.849086289615872,0,0,0,0,0,0,0,0,0,0,0,0,0,0,0,0,0,0,0,0,0,0,0,0.872175490112287,0.872175490112287,0
C3L-00103,CCRCC,0,0,0,0,-1.23559842311327,0,0,0,0,0,0,0,0,0,0,0,0,0,0,-1.22220255460091,0,0,0,0,0,0,0,0,0,0,0,0,0,0,0,0,0,0,0,0
C3L-00183,CCRCC,0,0,0,0,-1.15415972392635,0,0,0,0.767116673239379,0.767116673239379,0,0,0,0,0,0,0,0,0,0,0,0,0,0,0,0,0,0,0,0,0,0,0,0,0,0,0,1.73892570346066,0,0
C3L-00360,CCRCC,0,0,0,0,-1.00769091298863,-1.00769091298863,-0.801339097020195,-0.801339097020195,0.464034259146945,0.464034259146945,-0.824711707508532,-0.824711707508532,0.438738305027769,0,0.392514804085238,0.392514804085238,0,0,0,0,0,0,0,0,-1.06052014150115,-1.29539946649596,0,0.484080245774052,0.484080245774052,0,0,0.657454724934351,0.657454724934351,0.329430907160836,0.329430907160836,0.533478842626542,0.533478842626542,0,0,0.496524694395201
C3L-00369,CCRCC,0,0,0,0,0,0,0,0,0,0,-1.21472083670508,-1.21472083670508,0,0,-0.870372634230465,0,0,0,0,0,0,0,0,0,0,0,0,0.13809356110445,0.13809356110445,0,0,0.173454330876689,0.173454330876689,0,0,0,0,-0.237917277875669,-0.237917277875669,0
C3L-00416,CCRCC,0,0,0,0,0,0,0,0,0,0,0,0,0,0,0,0,0,0,0,0,0,0,0,0,0,-0.858032202203731,0,0,0,0,0,0,0,0,0,0,0,0,0,0
C3L-00418,CCRCC,0,0,0,0,0,0,0,0,0,0,0,0,0,0,0,0,0,0,0,0,0,0,0,0,0,0,0,0,0,0,0,0,0,0,0,0,0,0,0,0
C3L-00447,CCRCC,0,0,0,0,-0.981384517159624,0,0,0,0,0,0,0,0,0,0,0,0,0,0,0,0,0,0,0,0,0,0,0,0,0,0,0,0,0,0,0,0,0,0,0
C3L-00448,CCRCC,0,0,0.840222918395356,0,0,0,0,0,0,0,0,0,0.958644839089886,0.958644839089886,0,0,0,0,0,0,0,0,0.884081610642052,0.884081610642052,0,0,0,0,0,0,0,0,0,0,0,0,0,1.40249873548206,0,0
C3L-00561,CCRCC,0,0,0,0,0.349601312069844,0.748353750018734,0,0,0.837272554408579,0.837272554408579,-0.367800716401603,-0.367800716401603,1.16036629552691,1.16036629552691,0.316811638930762,0.316811638930762,-0.367800716401603,-0.367800716401603,0.63788086386301,0.63788086386301,-0.333088026872517,-0.333088026872517,0.689563982862632,0.689563982862632,-0.654049811874257,-0.661384635857821,-0.429144638136032,0.388854699165668,0.388854699165668,0,0,-0.31439096721802,-0.31439096721802,0.288360713694855,0.288360713694855,0.425257052275825,0.425257052275825,0.758368893315107,0.758368893315107,0
C3L-00581,CCRCC,0,0,0,0,0,0,0,0,0,0,0,0,0,0,0,0,0,0,0,0,0,0,0,0,0,-1.8109838260602,0,0,0,0,0,-1.39237286140105,-1.39237286140105,0,0,0,0,0,0,0
C3L-00583,CCRCC,0,0,0,0,-1.22989616383573,-1.22989616383573,0,0,0,0,0,0,0.741294131639964,-0.241958831842268,0,0,0,0,0,0,0,0,0,0,0,0,0,0,0,0,0,-1.16899004877911,-1.16899004877911,0,0,0,0,0,0,0
C3L-00606,CCRCC,0,0,0,0,-1.19577103516194,0,0,0,0,0,0,0,0,0,0,0,0,0,0,0,0,0,0,0,0,0,0,0.874321971753284,0.874321971753284,0,0,0,0,0,0,0,0,1.66383030168451,0,0
C3L-00607,CCRCC,0,0,0,0,-1.35749146845928,-1.35749146845928,0,0,0.857933735219291,0.857933735219291,0,0,0.966850765187956,0,0,0,-1.26495135512222,-1.26495135512222,0,0,0,0,0,0,0,-1.34615467489501,0,0,0,0,0,0,0,0,0,0.888228340938432,0.888228340938432,0,0,0
C3L-00610,CCRCC,0,0,0,0,0,0,0,0,0.491973086458705,0.491973086458705,0,0,0.731762628273744,0.731762628273744,-1.29095122403842,0,0,0,0,0,0,0,0,0,0,0,0,0,0,0,0,0,0,0,0,0,0,1.50632706828366,0,0
C3L-00765,CCRCC,0,0,0,0,-1.10684606531714,-1.10684606531714,0,0,0,0,0,0,0,0,0,0,0,0,0,0,0,0,0,0,0,-0.603424920540256,0,0.440597040376673,0.440597040376673,0,0,-3.32192809488736,-3.32192809488736,0.539126326735562,0.539126326735562,0.332144706772581,0.332144706772581,0,0,0
C3L-00766,CCRCC,0,0,0,0,0,0,0,0,0,0,0,0,0,0,0,0,0,0,0,0,0,0,0,0,0,0,0,0,0,0,0,0,0,0,0,0,0,2.31352107839423,-0.936093434265846,0
C3L-00790,CCRCC,0,0,0.606671160885616,0,0,0,0,0,0.821648793139682,0.821648793139682,0,0,0.771383355492947,0.771383355492947,0,0,0,0,0,0,0.72298560920058,0.72298560920058,0.685957000034081,0.685957000034081,0.753361263900808,0,0,0,0,0,0,0,0,0,0,0.75637539911034,0.75637539911034,0.979587366817225,0.979587366817225,0
C3L-00791,CCRCC,0,0,0,0,-1.19196090456121,0,0,0,0,0,0,0,0,0,0,0,0,0,0,0,0,0,0,0,0,0,0,0,0,0,0,0,0,0,0,0,0,1.43138771013902,0,0
C3L-00792,CCRCC,-1.25226259878329,0,0,0,0,0,0,0,0,0,0,0,0,0,-0.852577734027394,0,0,0,-0.923470144918707,-0.923470144918707,0,0,0,0,0,0,0,0,0,0,0,0,0,0,0,0,0,1.70347063313693,0,0
C3L-00796,CCRCC,0,0,0,0,-1.37654997266284,0,0,0,0,0,0,0,0,0,0,0,0,0,0,0,0,0,0,0,0,-1.5895946307867,0,0,0,0,0,0,0,0,0,0,0,0,0,0
C3L-00799,CCRCC,0,0,0,0,-1.36637755993258,0,0,0,0,0,0,0,0,0,0,0,-1.45095114697736,-1.45095114697736,0,0,0,0,0,0,0,-0.22552562819911,0,0,0,0,0,0,0,0,0,0,0,0,0,0
C3L-00800,CCRCC,0,0,0,0,0,0,-0.554492065357859,-0.554492065357859,0,0,-0.484081865377449,-0.484081865377449,-0.468135294889281,-0.468135294889281,0,0,-0.418347600474402,-0.418347600474402,-0.415756326956953,-0.415756326956953,0,0,0,0,0.42591854973108,0,-0.557244059460926,0,0,0,0,0,0,0,0,0,0,1.4598023148767,-0.436567127724897,0
C3L-00812,CCRCC,0,0,0,0,0,0,0,0,0,0,0,0,0,0,0,0,0,0,0,0,0,0,0,0,0,0,0,0,0,0,0,0,0,0,0,0,0,0,0,0
C3L-00813,CCRCC,0,0,0,0,0,0,0,0,0,0,0,0,1.00277118569823,1.00277118569823,0,0,-0.557833042208844,-0.557833042208844,0,0,0,0,0,0,0,-0.381363673198046,0,0,0,0,0,0,0,0,0,0,0,0,0,0
C3L-00814,CCRCC,0,0,0,0,-1.19434589131221,0,0,0,0,0,0,0,0,0,0,0,0,0,0,0,0,0,0,0,0,0,0,0.85561523153944,0.85561523153944,0,0,0,0,0,0,0,0,0,0,0
C3L-00817,CCRCC,-0.320464226357044,0,0,0,0,0,0,0,0,0,0,0,0,0,-1.39188093990511,0,0,0,0,0,0,0,0,0,0,-0.283807456424577,0,0,0,0,0,0,0,0,0,0,0,0,0,0
C3L-00902,CCRCC,0,0,0,0,0,0,0,0,0,0,0,0,0,0,-1.46902546902463,-1.46902546902463,0,0,0,0,0,0,0,0,0,0,0,0,0,0,0,0,0,0,0,0,0,0,0,0
C3L-00907,CCRCC,0,0,0,0,-1.40649094038065,-1.40649094038065,0,0,0.941803700850863,0.941803700850863,0,0,0.391296590001795,0.391296590001795,0,0,0,0,0,0,0,0,0,0,0,0,0,0,0,0,0,0,0,0,0,0,0,0,0,0
C3L-00908,CCRCC,0,0,0,0,-1.30394119842298,0,0,0,0,0,0,0,0,0,0,0,-0.506683513581714,-0.506683513581714,0,0,0,0,0,0,0,-1.50110294133961,0,0,0,0,0,0,0,0,0,0,0,0,0,0
C3L-00910,CCRCC,0,0,0.764648988776223,0.764648988776223,0,0,0,0,0,0,0,0,0,0,0,0,0,0,0,0,0,0,0.875592139790945,0.875592139790945,0,0,0,0.872550167947458,0.872550167947458,0,0,0,0,0,0,0,0,0,0,0
C3L-00917,CCRCC,0,0,0,0,-1.56621225214238,-1.56621225214238,0,0,0,0,0,0,0,0,0,0,0,0,0,0,0,0,0,0,0,0,0,0,0,0,0,0,0,0,0,0,0,2.17799419739397,0,0
C3L-01281,CCRCC,0,0,0,0,0,0,0,0,0,0,0,0,0,0,0,0,0,0,0,0,0,0,0,0,0,0,0,0,0,0,0,0,0,0,0,0,0,-0.265605193102456,-0.265605193102456,0
C3L-01283,CCRCC,0,0,0,0,-1.79122640771144,-1.79122640771144,0,0,0.458583865672918,0.458583865672918,0,0,0,0,0,0,0,0,0,0,0,0,0,0,0,0,0,0,0,0,0,0,0,-0.630058395865903,-0.630058395865903,0,0,0,0,0
C3L-01286,CCRCC,0,0,0,0,-0.804714510982051,-0.804714510982051,-0.737750335626043,-0.737750335626043,0.837469286889381,0.837469286889381,-0.755712318941622,-0.755712318941622,0.775173288915408,0.775173288915408,0,0,-0.871249360020392,-0.871249360020392,-0.753911649104405,-0.753911649104405,0,0,0,0,-0.753911649104405,0,-0.779212711058894,0,0,0,0,-0.764730707947092,-0.764730707947092,0,0,0,0.776450422899411,0.758548113296185,0.758548113296185,-0.821216945449879
C3L-01287,CCRCC,0,0,0.625741272772612,0.625741272772612,-1.41873694831121,0,0,0,0.756632719410809,0.756632719410809,0,0,0.8876127763751,0.8876127763751,-0.299700083983197,0.416797825045354,0,0,0,0,0.244678397035868,0.244678397035868,0.704191369320376,0.704191369320376,-0.305272226668895,-1.36119337068479,0,0,0,0,0,-0.333342327305242,-0.333342327305242,0,0,0,0,0,0,0
C3L-01288,CCRCC,0,0,0,0,0,0,0,0,0.961081735398937,0.961081735398937,0,0,0,0,0,0,0,0,0,0,0,0,0,0,0,-1.49429701282515,0,0.877397579382174,0.877397579382174,0,0,0,0,0,0,0,0,-1.92926312498054,0,0
C3L-01302,CCRCC,0,0,0,0,-1.12871791095629,0,0,0,0.891403762289025,0.891403762289025,0,0,0.889607803809212,0.889607803809212,-0.389707004822727,-0.389707004822727,-0.86458575132251,-0.86458575132251,0,0,0,0,0.846203111426198,0.846203111426198,-0.297787898993287,-1.34347365624486,0,0,0,0,0,0,0,0,0,0.909309190198546,0.909309190198546,0,0,-0.732634601925707
C3L-01313,CCRCC,0,0.845687859416771,0,0,0,0,0,0,0.980470928756959,0.980470928756959,0,0,0,0,-1.06457001071609,0.0487082420269928,-0.339007211163654,-0.339007211163654,0,0,0,0,0.856264539920883,0.856264539920883,-1.08235077825519,0,0,0.860225937915428,0.860225937915428,0,0,-1.08012157425618,-1.08012157425618,0,0,0,0,0,0,0
C3L-01352,CCRCC,0,0,0,0,-1.18507734663702,0,0,0,0.242216674316713,0.242216674316713,0,0,0,0,0,0,0,0,0,0,0,0,0,0,0,0,0,0.217733526286518,0.217733526286518,0,0,0,0,0,0,0.189532013489443,0.189532013489443,0,0,0.240473757494847
C3L-01553,CCRCC,0,0,0,0,0,0,0,0,0.955859163411314,0.955859163411314,0,0,0,0,0,0,0,0,0,0,0,0,0,0,0,0,0,0,0,0,0,0,0,0,0,0,0,0,0,0
C3L-01557,CCRCC,0,0,0,0,0,0,0,0,0.85099648690401,0.85099648690401,0,0,0,0,-1.18704022634654,-1.18704022634654,0,0,0,0,0,0,0,0,0,-1.16518305649204,0,0,0,0,0,0,0,0,0,0,0,0,0,0
C3L-01560,CCRCC,0,0,0,0,0,0,0,0,0,0,0,0,0,0,0,0,0,0,0,0,0,0,0,0,0,0,0,0,0,0,0,0,-1.3649847470157,0,0,0,0,0,0,0.988716623495604
C3L-01603,CCRCC,0,0,0,0,-1.09007713035204,-1.09007713035204,-0.483713849767618,-0.483713849767618,0,0,0,0,0,0,0,0,0,0,0,0,0,0,0,0,0,0,0,0,0,0,0,0,0,0,0,0,0,0,0,0.437930532779652
C3L-01607,CCRCC,0,0,0,0,-1.34977801866316,-1.34977801866316,0,0,0.909824130558489,0.909824130558489,0,0,0,0,0,0,0,0,0,0,0,0,0,0,0,-1.40077206293434,0,0,0,0,0,0,0,0,0,0,0,0,0,0
C3L-01836,CCRCC,0,0,0,0,-1.38041413890028,0,0,0,0,0,0,-1.23778615260145,0,0,0,0,0,0,0,0,0,0,0,0,0,0,0,0,0,0,0,0,0,0,0,0,0,0,0,0
C3L-01861,CCRCC,0,0,0,0,-1.45993128474402,-1.45993128474402,0,0,0,0,0,0,0,0,-1.45993128474402,-1.45993128474402,0,-1.50498101561101,0,0,0,0,0,0,0,-1.47108577164473,0,0,0,0,0,0,0,0,0,0,0,0,0,0
C3L-01882,CCRCC,0,0,0,0,0,0,0,0,0,0,0,0,0,0,0,0,0,0,0,0,0,0,0,0,0,0,0,0,0,0,0,0,0,0,0,0,0,1.80982563866727,0,0
C3L-01885,CCRCC,0,0,0,0,-1.29138989479523,-1.29138989479523,0,0,0.892216465116508,0.892216465116508,0,0,0,0,0,0,0,0,0,0,0,0,0,0,0,-0.437096598015995,0,0,0,0,0,0,0,0,0,0,0,0,0,0
C3N-00148,CCRCC,0,0,0,0,-1.35712453198632,0,0,0,0.967752149760581,0.967752149760581,0,0,0.971291153569184,0,-1.47251478673679,-1.47251478673679,-0.734193305973752,-0.734193305973752,0,0,0,0,0,0,-0.872088282475527,-1.08643009419947,0,0,0,0,0,0,0,0,0,0,0,0,0,0
C3N-00149,CCRCC,0,0,0.294262895665704,0.294262895665704,-0.289882578702399,-0.289882578702399,0.278311474827266,0.278311474827266,-0.629542779768054,-0.629542779768054,-1.051073085347,-1.051073085347,0.874262078311069,0.874262078311069,-0.388502235546678,-0.388502235546678,-0.264186746436664,-0.264186746436664,0,0,0,0,0.190072598832446,0.190072598832446,-0.568870945891743,-1.10486433975044,0,0,0,0,0,-0.361842350618914,-0.361842350618914,0,0,0.47166905647313,0.47166905647313,0.686901892389866,0.686901892389866,0.191897723476837
C3N-00150,CCRCC,0,0,0,0,-1.12575498700085,0,0,0,0,0,0,0,0,0,0,0,0,0,0,0,0,0,0,0,0,0,0,0,0,0,0,0,0,0,0,0,0,2.08328772156787,0,0
C3N-00154,CCRCC,0,0,-0.130206082428013,0.329234135528934,0,0,0,0,0,0,-0.535607233431811,-0.535607233431811,1.0455064210622,1.0455064210622,-1.28616939424421,0,-1.29800247015572,-1.29800247015572,-0.474027384833382,-0.474027384833382,-1.26856950439824,-1.26856950439824,0,0,0,0,0,0,0,0,0,-1.31590483646178,-1.31590483646178,0,0,0,0,-0.543443655030579,-0.543443655030579,-0.508426301850017
C3N-00168,CCRCC,0,0,0,0,0,0,0,0,0,0,0,0,0,0,0,0,-0.537266699953658,-0.537266699953658,0,0,0,0,0,0,0,-0.550544842555344,0,0,0,0,0,0,0,0,0,0,0,0,0,0
C3N-00177,CCRCC,0,0,0,0,0,0.617080552175566,0,0,0,0,0,0,-0.80482005599609,-0.80482005599609,0,0,-0.285825286363415,-0.285825286363415,-0.455575516511602,-0.455575516511602,0,0,0,0,-0.423091375045135,-0.888434796246454,-0.319321023184287,0,0,0,0,-0.583900789893093,-0.583900789893093,0,0,0,0,0,0,0
C3N-00194,CCRCC,0,0,0,0,0,0,-0.340276937427986,-0.340276937427986,0,0,0,0,0,0,0,0,-0.837171800036667,-0.837171800036667,0,0,0,0,0,0,0,-1.11094718053896,-0.312100241432337,0.541032300685475,0.541032300685475,0,0,0,0,0,0,0.306825116613215,0.306825116613215,0,0,0
C3N-00242,CCRCC,0,0,0,0,-0.782972995423677,-0.782972995423677,-0.647697539716589,-0.647697539716589,0.729563618245891,0.729563618245891,-0.690011226993851,-0.690011226993851,1.89768330145411,1.89768330145411,0.680912701238578,0.680912701238578,-0.749872031020225,-0.749872031020225,0,0,0,0,1.25848917317065,1.25848917317065,0.701790581993481,-0.814854844581976,0.601655839361238,0.553562749903726,0.553562749903726,0,0,0.729563618245891,0.729563618245891,0.459019882550253,0.459019882550253,0.607504801907345,0.607504801907345,-0.18234239030771,-0.758484775580194,0.557089817829449
C3N-00244,CCRCC,0,0,0,0,0,0,0,0,0.77672021267086,0.77672021267086,-1.35575287890835,-1.35575287890835,0,0,-1.31951056318269,0,0,0,0,0,0,0,0,0,0,0,0,0,0,0,0,0,0,0,0,0,0,0,0,0
C3N-00246,CCRCC,0,0,0,0,0,0,0,0,0,0,0,0,0.937814856128797,0,0,0,0,0,0,0,0,0,0,0,0,0,0,0.929437855632468,0.929437855632468,0,0,0,0,0,0,0,0,0,0,0
C3N-00305,CCRCC,0,0,0,0,0,0,0,0,0,0,0,0,0.983008987955219,0.983008987955219,0,0,0,0,0,0,0,0,0,0,0,0,0,0,0,0,0,0,0,0,0,0,0,2.1133979710944,0,0
C3N-00310,CCRCC,0,0,0,0,0,0,0,0,0,0,0,0,0,0,0,0,0,0,0,0,0,0,0,0,0,0,0,0,0,0,0,0,0,0,0,0,0,0,0,0
C3N-00312,CCRCC,0,0,0,0,-1.03266307754395,0,0,0,0,0,0,0,0,0,-1.04827907371291,-1.04827907371291,0,0,0,0,0,0,0,0,0,-1.05051757094683,0,0,0,0,0,0,0,0,0,0,0,1.4217908526549,0,0
C3N-00314,CCRCC,0,0,0,0,-1.14795122921456,0,0,0,0,0,0,0,0.881799429653531,0.881799429653531,0,0,-1.14006288096532,-1.14006288096532,0,0,0,0,0,0,0,0,0,0,0,0,0,0,0,0,0,0,0,0,0,0
C3N-00315,CCRCC,0,0,0,0,-1.29568429883137,0,0,0,0,0,-1.44225735633831,-1.44225735633831,0,0,-0.9581586903517,0,-1.26480837019565,-1.26480837019565,0,0,0,-1.40853680863304,0.910915148871773,0.910915148871773,0,-1.61271586865397,0,0,-0.907905189038955,0,0,0,0,-0.617766795078761,0,0.881075952978689,0.881075952978689,0,0,-1.40853680863304
C3N-00317,CCRCC,0,0,0,0,-1.50943066658709,0.595857446040861,0,0,0,0,0,0,0,0,0,0,-1.3962251636085,-1.3962251636085,0,0,0,0,0,0,0,-1.49197576880528,0,0.597983211447202,0.597983211447202,0,0,-1.4127474795856,-1.4127474795856,0,0,0,0,2.00392899253581,0,-1.50359291161516
C3N-00320,CCRCC,0,0,0,0,0,0,0,0,0,0,0,-0.909864465786898,0,0,0,0,0,0,0,0,0,0,0,0,0,0,0,0,0,0,0,0,0,0,0,0,0,1.12088734915251,0,0
C3N-00380,CCRCC,0,0,0,0,0,0,0.807741946423551,-1.82334157342139,0,0,0,0,0,0,0,0,-1.30807002809552,-1.30807002809552,0,0,-0.542643441976186,-0.542643441976186,0,0,0,0,0,0,0,0,0,0,0,0,0,0,0,1.30842769278443,0,0
C3N-00390,CCRCC,0,0,0.788956669985688,0.788956669985688,0,0,0,0,0,0,0,0,0.841680109573646,0.841680109573646,0,0,0,0,0,0,0.756242250538875,0.756242250538875,0,0,0,-1.28779633805742,0,0.802639035609489,0.802639035609489,0,0,-0.990686422732526,-0.990686422732526,0,0,0,0,0,0,0
C3N-00437,CCRCC,0,0,0,0,-0.514298893082237,-0.514298893082237,0,0,1.02096753622939,1.02096753622939,0,0,-0.393387540030722,-0.393387540030722,-1.74497645754864,1.242142737947,-0.421583371871219,-0.421583371871219,0.409527506554366,0.409527506554366,-0.484903387423315,-0.484903387423315,1.58899826554952,1.58899826554952,-0.514298893082237,-0.502493214911579,-0.511341478531754,0,0,0,0,-0.910172508346779,-0.910172508346779,0.254892007868465,0.254892007868465,0.889482958535445,0.889482958535445,0.999112294783385,0.999112294783385,0.892962250347109
C3N-00491,CCRCC,0,0,0.706996572288731,0.706996572288731,0,0.647024770793771,0,0,0,0,0,0,0.711385069929268,0.711385069929268,0,0,0,0,0,0,0,0,0.728866913435149,0.728866913435149,0,-1.25984205114446,0,0,0,0,0,0,0,0,0,0.676071234426761,0.676071234426761,0,0,0.658234766438028
C3N-00494,CCRCC,-0.0456561367180723,0.379997128156223,0.515790212668544,0.515790212668544,0,0,-0.429022037973581,-0.429022037973581,0.171670083367494,0.171670083367494,-0.485862334844508,-0.485862334844508,0,0,0,0,0,0,-0.476916107265009,-0.476916107265009,0,0,0,0,0,0,-0.485862334844508,0,0,0,0,-0.466212772855242,-0.466212772855242,0,0,0,0,0,0,0
C3N-00495,CCRCC,0,0,0.549432102103731,0.549432102103731,-1.44778839919028,-0.36413999921522,-0.333130240823378,-0.333130240823378,0.859120050539127,0.859120050539127,0,0,1.68463543525014,1.68463543525014,0,0,0,0,0,0,0,0,0,0,-0.347172297103672,0,0,0.985398349530803,0.985398349530803,0,0,0,0,0,0,0,0,0,0,0
C3N-00573,CCRCC,0,0,0,0,-1.60082138652168,-1.60082138652168,0,0,0,0,-1.29394461477761,0,0,0,0,0,0,0,0,-0.330196123350555,0,0,0,0,0,0,0,0,0,0,0,0,0,0,0,0,0,0,0,0
C3N-00577,CCRCC,0.497373211479683,0,0,0,-0.29627632967287,-0.29627632967287,-0.61519087811666,-0.61519087811666,0.762788403963945,0.762788403963945,-0.0864184669675449,0.16947062223762,0,0,-0.627310719608484,-0.627310719608484,-0.27573957372405,-0.27573957372405,-0.227192313528467,-0.227192313528467,-0.280469319343675,-0.280469319343675,0.323568165233688,0.323568165233688,0.235890389670976,-0.745582109268629,-0.308968047237992,0.583624387238092,0.583624387238092,-2.980983366171,-2.980983366171,0.214789376257648,0.214789376257648,0.342852208779877,0.342852208779877,1.01543222189593,1.01543222189593,0.676440757035346,-0.247479043407801,0
C3N-00646,CCRCC,0,0,0,0,0,0,0,0,0,0,0,0,0,0,-1.12116533495487,-1.12116533495487,0,0,0,0,0,0,0,0,-0.599872048700363,0,0,0,0,0,0,0,0,0,0,0,0,1.27485031587645,0,0
C3N-00733,CCRCC,0.662081520319051,0.662081520319051,0,0,0,0,0,0,1.04705835796241,1.04705835796241,0,0,0.845148402981947,0.845148402981947,0,0,-1.14001413872284,-1.14001413872284,0,0,0,0,0,0,0,0,0,0.85394948745014,0.85394948745014,0,0,0,0,0,0,0,0,1.64605136063862,0,0
C3N-00831,CCRCC,0,0,0,0,-1.13672768364239,0,0,0,0,0,0,0,-2.64572060301332,-3.32192809488736,0,0,0,0,0,0,0,0,0,0,0,0,0,0,0,0,0,0,0,0,0,0,0,0,0,0
C3N-00834,CCRCC,0,0,0.755066642551302,0,-1.11666294616343,0,0,0,0,0,0,0,0,0,0,0,0,0,0,0,0,0,0,0,0,0,0,0,0,0,0,0,0,0,0,0,0,0,0,0
C3N-00852,CCRCC,0.123,0.123,0,0,-0.49,0.144,-0.326,-0.326,0.53,0.53,-0.479,-0.479,0.161,0.161,0,0,-0.42,-0.42,-0.148,-0.148,0.118,0.118,0.737,0.737,-0.133,-0.494,-0.174,0.346,0.346,0,0,-0.492,-0.492,0,0,0.445,0.445,0.117,0.117,0
C3N-00953,CCRCC,0,0,0,0,-0.985267527398056,0,0,0,0.864382927234697,0.864382927234697,0,0,0,0,0,0,0,0,0,0,0,0,0,0,0,-1.19082579186328,0,0,0,0,0,-1.04644382398345,-1.04644382398345,0,0,0,0,0,0,0
C3N-01176,CCRCC,0,0,0,0,-1.20667099566765,-1.20667099566765,0,0,0,0,0,0,0,0,0,0,0,0,0,0,0,0,0,0,0,0,0,0,0,0,0,0,0,0,0,0,0,0,0,0
C3N-01178,CCRCC,0,0,0,0,0,0,0,0,0,0,0,0,0,0,0,0,0,0,0,0,0,0,0,0,0,0,0,0,0,0,0,0,0,0,0,0,0,0,0,0
C3N-01179,CCRCC,0,0,0,0,-1.54946009787071,-1.54946009787071,0,0,0,0,0,0,0,0,0,0,0,0,0,0,0,0,0,0,0,0,0,0,0,0,0,0,0,0,0,0,0,-0.240621309652678,-0.240621309652678,0
C3N-01200,CCRCC,0,0,0,0,-1.36046092600592,0,0,0,0.580968441685415,0.580968441685415,0,0,0,0,0,0,0,0,-1.30910849128614,-1.30910849128614,0,0,0,0,0,0,0,0,0,0,0,0,0,0,0,0.321290435027183,0.321290435027183,0,0,0
C3N-01213,CCRCC,0,0,0,0,0,0,0,0,0,0,0,0,0,0,-1.53568375292506,-1.53568375292506,0,0,0,0,0,0,0,0,0,0,0,0,0,0,0,0,0,0,0,0,0,0,0,0
C3N-01214,CCRCC,0,0,0,0,0,0,0,0,0,0,0,0,0,0,0,0,0,0,0,0,0,0,0,0,0,0,0,0,0,0,0,0,0,0,0,0,0,0,0,0
C3N-01220,CCRCC,0,0,0,0,0,0,0,0,0,0,0,0,0,0,-0.896846618330108,-0.896846618330108,0,0,0,0,0,0,0,0,0,-0.709789005794911,-0.903728647538152,0,0.501632594838231,0,0,0.273668663196456,-0.59074497222304,0,0,0,0,0,0,0
C3N-01261,CCRCC,0,0,0,0,-0.186073753769741,0,0,0,0,0,0,0,0,0,0,0,0,0,0,0,0,0,0,0,0,0,0,0,0,0,0,0,0,0,0,0,0,1.28596005255778,-0.286442956869029,0
C3N-01361,CCRCC,0,0,0,0,0,0,0,0,0.915137526982552,0.915137526982552,0,0,0,0,0,0,0,0,0,0,0,0,0,0,0,0,0,0,0,0,0,0,0,0,0,0,0,0,0,0
C3N-01522,CCRCC,0,0,0,0,-1.17251402295805,0,-0.488248863420814,-0.488248863420814,0,0,0,0,0,0,0,0,0,0,-0.602104723223685,-0.602104723223685,0,0,0,0,0,-0.465590161632271,-0.491748347839022,0,0,0,0,-0.378116497268077,-0.378116497268077,0,0,0,0,0,0,0
C3N-01524,CCRCC,0,0,0,0,0,0,0,0,0,0,-0.536731019358401,-0.536731019358401,0,0,0,0,-0.524184536000163,-0.524184536000163,0,0,0,0,0,0,0,-0.559882309228244,-0.559882309228244,0,0,0,0,0,0,0,0,0,0,0.664546819570925,-0.64795290532381,0
C3N-01646,CCRCC,0,0,0,0,0.624916805221553,0.624916805221553,0,0,0,0,0,0,0,0,0,0,-1.49400944261352,-1.49400944261352,0,0,0,0,0,0,0,-1.63164000372638,0,0,0,0,0,0,0,0,0,0,0,0,0,0
C3N-01648,CCRCC,0,0,0,0,0,0,0,0,0,0,0,0,0,0,0,0,0,0,0,0,0,0,0,0,0,0,0,0,0,0,0,0,0,0,0,0,0,0,0,0
C3N-01649,CCRCC,0,0,0,0,-1.25173264835299,0,0,0,0,0,0,0,0.883656558914348,0.883656558914348,-1.08959690326816,0,0,0,0,0,0,0,0,0,0,0,0,0,0,0,0,0,0,0,0,0,0,1.75049379221058,0,0
C3N-01651,CCRCC,0,0,1.47786173059792,1.47786173059792,0,0.462579783425611,0,0,0.576293448873156,0.576293448873156,0.543219414763498,0.543219414763498,0.61396445843894,0,0,0,0,0,0.564751575729906,0.564751575729906,0,0,0.531572045871832,0.531572045871832,-0.795986143483993,0,-0.782659679759688,0,-0.694007849271579,0,0,0,0,0.54985827619878,0.54985827619878,0.538232278256547,0.538232278256547,0,0,0
C3N-01808,CCRCC,0,0,0.884578088649991,0.884578088649991,-0.0209853725137337,0.873153825335327,0,0,0,0,0,0,0.890916634536911,0.890916634536911,0,0,0,0,0,0,0,0,0,0,0,0,0,0,0,0,0,0,0,0,0,0,0,0,0,0
01CO001,CO,0,0,0.700353675250295,0.700353675250295,0,0,-0.873483843443193,0,0,0,0,0,0,0,0,0,0,0,0,0,0,0,0,0,0,0,0,0,0,0,0,-1.1284970362188,-1.1284970362188,0,0,-0.637336339215368,0,-3.32192809488736,0,0
01CO005,CO,0,0,0.54658358680684,0.54658358680684,0,0,-0.503194198934898,0,0.00531807283815878,0.00531807283815878,0.365432802394098,0,0.807226548114083,0.807226548114083,-0.514952716171123,-0.054795074246868,0,0,-0.447751853080317,-0.447751853080317,0,0,-1.07183770531108,-1.07183770531108,0.677912534042994,-0.509069628389445,-0.494395324436565,0,0,-0.201772118838197,0.499854463822001,0,0,0.590597233405196,-0.178369644312793,0,1.65029473151022,0,0,-0.578690879958717
01CO006,CO,0,0,0,0,0,0,0,0,0,0,0,0,0,0,0,0,0,0,0,0,0,0,0,0,0,0,0,0,0,0,0,0,0,0,0,0,0,0,0,0
01CO008,CO,0,0.49562841169578,0,0,0.552250290346709,0.552250290346709,0,0,0.536502422112272,0.536502422112272,0,0,0.54962848235986,0.54962848235986,0.547005543090467,0.547005543090467,0.506203400367791,0.506203400367791,0,0,0,0,0.536502422112272,0.536502422112272,0.527297180499806,0,0,0,-0.626900877423281,0,0,-0.662857194631361,-0.662857194631361,0.454469651849824,0.454469651849824,0.496951318667607,0.496951318667607,0,0,0
01CO013,CO,-0.564186527543186,-0.86523266055047,-0.275709554245159,-0.275709554245159,0,0,-0.273814797282772,-0.273814797282772,0,0,0.215859480897504,0.215859480897504,0.391776150338548,0.391776150338548,-0.905457655143361,1.66785135371668,0.232191694076672,0.232191694076672,-0.294722196342368,-0.294722196342368,0.202741743689345,0.202741743689345,-0.285201028654801,-0.285201028654801,0.228930977199087,0.184628270015411,-0.927019416900072,0,0,-0.302360704684944,-0.302360704684944,-0.915017492698692,-0.915017492698692,0,0,1.05829565548272,1.05829565548272,0,0,0
01CO014,CO,0,1.46162017758209,0,0,0,0,0,0,0,0,0,0,0,0,0,0,0,0,0,0,0,0,0,0,0,0,0,0,0,0,0,0,0,-0.228218461241111,-0.228218461241111,0,0,0,0,0
01CO015,CO,0,0,0.585889061718131,0.585889061718131,0.262586519393525,0.262586519393525,0,0,0,0,0.543038866572021,0.543038866572021,0.820044241966667,0.820044241966667,0.671801476214683,0.671801476214683,0,0,-1.15019302917396,-1.15019302917396,0,0,0,0,0.979141238044478,0,-0.264058696460027,0.57826945158826,0.57826945158826,0.52608273327427,0.52608273327427,-1.06412856611572,-1.06412856611572,0,0,1.52839203301822,3.11755482299035,0,0,-0.281586952888481
01CO019,CO,0,0,0,0,0.921020126500802,0.921020126500802,0,0,0,0,0,0,0.890377345925047,0.890377345925047,0.904328648607529,0.904328648607529,0.925184546251809,0.925184546251809,0,0,0,0,0,0,1.02006460289084,0,0,0.419069207454347,-0.220734333542329,-1.42122475298153,-0.226312305765438,-1.19008612743562,-1.19008612743562,-0.292142437465696,-0.292142437465696,1.93117763014226,1.93117763014226,0,0,-0.294044215430366
01CO022,CO,0,0,0,0,0,0,0,0,0,0,0,0,0,0,0,0,0,0,0,0,0,0,0,0,0,0,0,0,0,0,0,0,0,0,0,0,0,0,0,0
05CO002,CO,0,0,0,0,0,0,0,0,0.37802421588525,0.37802421588525,0,0,0.838013167982381,0.838013167982381,0.591305574206041,0.591305574206041,0.503239657447451,0.503239657447451,-0.585636361270747,-0.585636361270747,0,0,0,0,1.38529465500214,-0.568125129995165,-0.951807928156641,0.680722805646629,0.680722805646629,0,0,-3.32192809488736,-3.32192809488736,0,0,-1.52516110976041,2.39570087871982,-1.7959788560689,-1.7959788560689,-1.9835252203274
05CO003,CO,0,0,0,0,0,0,0,0,0,0,0,0,0,0,0,0,0,0,0,0,0,0,0,0,0,0,0,0,0,0,0,0,0,0,0,0,0,0,0,0
05CO005,CO,0,0,0,0,-0.249,-0.249,0,0,-0.154,-0.154,-0.235,-0.235,0,0,-0.501,-0.501,-0.558,-0.558,-0.311,-0.311,0,0,0,0,0,0,-0.286,0,0,-0.586,0,-0.427,-0.427,0,0,0.511,0.511,0,0,0
05CO006,CO,0,0,0,0,0,0,0,0,0,0,0,0,0,0,0.881426402204149,0.881426402204149,0,0,0,0,0,0,0,0,0,0,0,0,0,0,0,0,0,-0.175644318543518,-0.175644318543518,0,0,0,0,0
05CO007,CO,0,0,0,0,0,0,0,0,0,0,0,0,0,0,1.15666773913151,1.15666773913151,0,0,0,0,0,0,0,0,1.11894293778784,0,0,0,0,0,0,0,0,0,0,0,0,-3.32192809488736,0,0
05CO011,CO,-0.49819537861867,0.168664541349975,0.541222701695787,0,-0.527842834498107,-0.527842834498107,-0.660975830946407,-0.660975830946407,-0.250328530702859,-0.250328530702859,0.306799751435884,0.306799751435884,1.56458984528954,1.56458984528954,1.64256993550017,1.64256993550017,0.405131278610722,0.405131278610722,0,0,0,-0.575095785357642,0,0,1.43561879040646,-0.515097378759775,-0.568603199730995,0,0,-0.699309858900015,0,-0.63425223644278,-0.63425223644278,0,0.568818445973962,1.58731860905576,1.58731860905576,0,0,0
05CO015,CO,0,0,0,0,0,0,0,0,0,0,0,0,1.23693050674929,1.23693050674929,0,0,0,0,0,0,0,0,0,0,0,0,0,0,0,0,0,-0.663710490114801,-0.663710490114801,0,0,0.798188983449988,0.798188983449988,0,0,0
05CO020,CO,0,0,0,0,0,0.418350162560639,-0.434368912543102,-0.434368912543102,-0.295549464027071,-0.295549464027071,0,0,0,0,0,0,-0.327148946557863,-0.327148946557863,0,0,0,0,0,0,0.847908413363393,-1.00017695091967,0,0,0,0.175676554116455,0.175676554116455,-1.13788833837785,-1.13788833837785,-0.650957915961526,-0.216085067042913,0,0,-1.12428384966037,-1.12428384966037,-0.256521603886388
05CO026,CO,-0.689902599363046,0,0,0,0,0,-0.664250625322529,-0.664250625322529,0,0,0,0,-0.680717367624287,-0.680717367624287,-0.671558659182725,-0.671558659182725,-0.658780563087563,-0.658780563087563,0,0,-0.677050715171841,-0.677050715171841,0.662346852692378,0.662346852692378,0,-0.675218975433161,-0.693584173789317,-0.723192896821537,-0.723192896821537,0,0,-1.71534720005932,-1.71534720005932,0,0,0.733674711388071,1.16674101069818,-0.704654756236982,-0.704654756236982,-0.721334133347
05CO028,CO,0,0,0,0,0,0,0,0,0,0,0,0,1.35290624712961,1.35290624712961,1.64009154963036,1.64009154963036,0,0,0,0,0,0,0,0,0,0,0,-0.597877804311039,-0.597877804311039,0,0,0,0,0.668857163843331,0.668857163843331,0,0,0,0,-0.676465023176535
05CO029,CO,-0.290543821155925,-0.290543821155925,0,0,-1.15036076353274,0.36966752544388,-0.474280306691929,-0.474280306691929,0,0,0,-0.437482225778219,0.247767886423783,0.247767886423783,0,0,0,0,-0.474280306691929,0,0,0,-0.455802203805235,-0.455802203805235,0.555956422901908,-1.45170746833841,-0.514875149093306,0,0,-1.97947892485067,-0.605063021950714,-1.3184807274493,-1.3184807274493,0,0,1.27737147762065,1.27737147762065,-0.611656814891874,-0.611656814891874,-0.730613685169682
05CO032,CO,0,0,0,0,0,0,0,0,0,0,0,0,0,0,0,0,0,0,0,0,0,0,0,0,0,0,0,0,0,0,0,-0.224724681723649,0,-0.271645813084407,-0.271645813084407,0,0,0,0,0
05CO033,CO,0,0,0,0,0,0,0,0,0,0,0,0,0,0,0,0,0,0,0,0,0,0,0.624266168838367,0.624266168838367,0.692073720107923,0,0,0,0,-0.496658069416154,-0.496658069416154,-0.475433946948771,0,-0.70014128852373,-0.70014128852373,0,0,0,0,-0.491328230621007
05CO034,CO,0,0,0,0,0,0,-0.673434617282673,-0.673434617282673,-0.663340720568189,-0.663340720568189,0.369212574587207,0.369212574587207,0.603902975375523,0.603902975375523,0.674483061464279,0.674483061464279,-0.427211752044878,-0.427211752044878,0,0,-0.701889354791694,-0.701889354791694,0.516380626267014,0.516380626267014,2.67786527688113,-0.718278581039137,0,0.514932245109291,0,0,0,0,0,-0.761762004546182,0,1.50231757727607,1.50231757727607,0,0,-0.791134248324423
05CO035,CO,0,0,0,0,0,0,0,0,0,0,0,0,0.866828676549135,0,0.795137727122542,0.795137727122542,0,0,0,0,0,0,0,0,1.91996750851382,-1.07023350740863,-1.11191228040048,0,0,-0.973892032481708,0,-1.199001485486,-1.199001485486,0,0,2.1098473675696,2.1098473675696,0.235810961563156,0.235810961563156,0
05CO037,CO,0,0,0,0,0,0,0,0,0,0,0,0,0,0,0,0,0,0,0,0,0,0,0,0,0,0,0,0,0,0,0,-0.441164635467753,-0.441164635467753,0,0,0,0,0,0,0
05CO039,CO,0,0.843938934496206,0,0,0,0,0,0,0,0,0,0,0,0,0,0,0,0,0,0,0,0,0,0,1.54935001387445,0,0,0,0,0,0,0,0,0,0,0,0,0,0,0
05CO044,CO,-0.159,-0.159,0.138,0.138,0,0,0,0,0,0,0.153,0.153,0.155,0.155,0,0,0,0,0,0,0,0,0,0,0,0.131,-0.158,0,0,0,0,0.136,0,0,0,0,0,0,0,0
05CO045,CO,-1.03439132453363,-0.0559332836392195,0,0,-0.722646888618606,-0.722646888618606,0,0,0,0,-1.25548010298671,-1.25548010298671,1.29078424412531,1.29078424412531,0,0,0,0,0,0,0,0,0,0,0.93271210870365,-1.34581909679336,-0.36170083130241,0,0,-1.34581909679336,0,-1.25548010298671,-1.25548010298671,0,0,1.69530095637383,1.69530095637383,-1.33555444686481,-1.33555444686481,-1.86289582977991
05CO047,CO,0,0,0,0,0,0,0,0,-0.965594698442304,0,0,0,1.63999102168994,1.63999102168994,0,0,0,0,0,0,0,0,0,0,0,0,0,0.64640546450556,0,-1.1292885783283,-1.1292885783283,-0.968395445545452,-0.968395445545452,-0.212382853990584,-0.212382853990584,0.730937145209223,0.730937145209223,0,0,-1.1061770376267
05CO048,CO,0,1.37255612339721,0,0,0,0,0,0,1.35140901417012,0,0,0,0.864065650540918,0.864065650540918,0.812880757058355,0.812880757058355,0,0,0,0,0,0,0,0,0.684555502969397,0,0,0,0,0,0,-1.19566986586571,-0.102117133524002,0,0,0.606597507772055,0.606597507772055,0,0,0
05CO049,CO,0,0,0,0,0,0,0,0,0,0,0,0,0,0,0.717243548432789,0.717243548432789,0,0,0,0,0.563545015741095,0.563545015741095,0,0,0.517481814697037,0,0,-0.758075109291422,-0.758075109291422,-3.32192809488736,0,0,0,-1.40687773487495,-1.40687773487495,1.2795215121217,1.2795215121217,0,0,-0.874783460416724
05CO050,CO,0,0,0,0,0,0,0,0,0,0,0,0,0,0,0,0,0,0,0,0,0,0,0,0,0,0,0,0,0,0,0,0,0,-0.590257201914279,-0.590257201914279,0,0,0,0,0
05CO053,CO,0,0,0,0,0,0,0,0,0,0,0,0,0,0,0,0,0,0,0,0,0,0,0,0,0,0,0,0,0,0,0,0,0,-0.293074288203387,-0.293074288203387,0,0,0,0,-0.218452533446149
05CO054,CO,0,0,0,0,0,0,0,0,0,0,0,0,0.973215878772734,0.973215878772734,0,0,0,0,0,0,0,0,0.544270756166896,0.544270756166896,0.508968896516036,0,-1.22294661262026,0,0,-1.5280441092756,-0.495938673966541,-1.06246178888885,-1.06246178888885,-2.04033908996492,-2.04033908996492,1.62219004425542,1.62219004425542,-2.08319944689057,-2.08319944689057,-2.69849782242707
05CO055,CO,0,0.819596476115044,0,0,0,0,0,0,0,0,0,0,0.643887055148964,0.643887055148964,-1.25142849840372,0.0391432328024447,0,0,0,0,0,0,0,0,2.08683733321961,0,-0.195517830534829,0.574968657323597,0.574968657323597,-1.37316217673298,0,-1.22731097404793,-1.22731097404793,0,0,0.614687849610874,0.614687849610874,0,0,0
06CO001,CO,0,0,0.728485685976186,0.728485685976186,0,0,0,0,0,0,0.179859056793617,0.179859056793617,1.51319369100446,1.51319369100446,2.2924371052153,2.2924371052153,0,0,0,0,0,0,0,0,1.53274380255523,-0.959072837580896,0,0,0,-1.05614377506349,-0.186886889174749,0,-0.994191057161138,0,0,-1.02595078198577,1.52584770614342,0,0,0
06CO002,CO,-0.827338642402006,0,0,0,-0.788412269750246,-0.788412269750246,-0.692574984549993,-0.692574984549993,0.366562358744783,-0.767492249229671,0.702749975630092,0.702749975630092,-0.330818851825309,-0.841683030854064,0,0,-0.823768547421027,-0.823768547421027,0,0,0,0,0,0,0,-0.889028178465799,0,0.531546295163257,0.531546295163257,-1.20882114499463,0.450268734083115,-0.774441583793743,-0.774441583793743,-0.393831310900009,-0.393831310900009,0,0.487131797147795,-0.458702232677545,-0.458702232677545,0
09CO005,CO,0,0,0,0,0,0,0,0,0,0,0,0,0,0,0,0,0,0,0,0,0,0,0,0,0,0,0,0,0,0,0,-1.12795310809972,-1.12795310809972,-0.184696779997317,-0.184696779997317,0.775746831918434,0.775746831918434,0,0,0
09CO006,CO,0,0,0.795947390221388,0.795947390221388,0,0,0,0,0,0,0,0,0.770248495987519,0.770248495987519,0,0,0,0,0,0,0,0,0,0,0,0,0,0,0,0,0,0,0,-0.245286540649143,-0.245286540649143,0.709525149994698,0.709525149994698,0,0,0
09CO008,CO,-0.20407400706157,-0.20407400706157,0,0,0,0,0.408599864270857,0.408599864270857,-0.666464644323988,-0.371401736505737,0,0,0,0,0,0,-0.171196986461033,-0.171196986461033,0,0,0,0,0.21352122457104,0.21352122457104,0.315002273298131,0,-0.733608739091415,0,0,-0.880811358846405,0.232817203928215,-0.727794352239134,-0.727794352239134,0,0,0.301893705897097,1.54975113252138,-0.664567959504851,-0.664567959504851,-0.606343809231789
09CO011,CO,0,0.172862795053545,0,0,-0.296463808586375,-0.296463808586375,-0.170738533505149,-0.170738533505149,0,0,0,0,0.172862795053545,0.172862795053545,-0.234693318325086,-0.234693318325086,-0.172324585214746,-0.172324585214746,-0.365959361844728,-0.365959361844728,0.217950648517082,0.217950648517082,-0.768019800692143,0,0.615587700258147,-0.906969620588202,-0.897107670539324,0,0,-0.526611036852408,-0.526611036852408,-0.775573607098861,-0.775573607098861,0,0,0.68747667228445,0.68747667228445,-0.647771220674056,0,-0.903020850988025
09CO013,CO,-0.420321193569034,-0.420321193569034,0.37621027691118,-0.13681889790649,0.215492010241433,0.215492010241433,-0.40581855451001,-0.40581855451001,-0.246330357535381,-0.246330357535381,0,0,1.2219381975078,1.2219381975078,0,0,0.731878838504566,0.731878838504566,0,0,0,0,0,0,0.465148617428577,0,0,0,0,-0.948481287759247,0,-0.520179283629522,-0.520179283629522,-0.437784556384443,0.556711322890887,0.779889153725323,0.779889153725323,-0.233736007999732,-0.233736007999732,0
09CO014,CO,0,0,0.554628310592076,0.554628310592076,0,0,0,0,0,0,0.515021705987463,0.515021705987463,0.524194956079717,0.524194956079717,0,0,0.531823976705712,-0.704552751685837,0,0,0.490460164042333,0.490460164042333,0,0,1.35962876721847,-0.671232261288636,-0.680076468100679,0.173123641994508,0.173123641994508,-0.733778452731913,0,-0.738304090102021,-0.738304090102021,0,0,0.760458721794449,0.760458721794449,-0.693398814082522,-0.693398814082522,-0.22378642933881
09CO015,CO,-0.264122003534989,-0.264122003534989,0,0,0,0,-0.0532652496916498,-0.770832078661091,0,0,0,0,0.760583359430869,0,-1.02564183229828,0.795095755727814,0.736983371824793,0,0,0,0,0,0,0,1.19478298520028,-0.489474816897507,-0.852342178491628,0,0,-0.547509930559364,0.390975580073244,-1.15709059533618,-1.15709059533618,0,0,1.86248297506316,1.86248297506316,0,0,0
09CO018,CO,-1.0204775005792,-1.0204775005792,0,0,0.786508189275949,0.786508189275949,-1.01050944669377,-1.01050944669377,0,0,0,0,0.891590870574473,0.891590870574473,0,0,0,0,0.670470929966637,-1.21010669518545,0,0,0,0,0.866733395958783,-0.658747487767416,0,0,-1.07631105535596,-1.68730196427649,-1.68730196427649,-1.26086814932772,-1.26086814932772,0,0,0.544328576203654,0.544328576203654,-1.37314377873211,-1.37314377873211,-1.75477099361112
09CO019,CO,0,0,0,0,0,0,0,0,0,0,0,0,0,0,0,0,0,0,0,0,0,0,0,0,1.96635264701613,-1.36295705478646,-1.36295705478646,0,0,-1.42404741977209,0,-1.39023266500564,-1.39023266500564,0,0,-1.5353784729128,1.41048189150298,-1.6323602558711,0,-0.739897908840408
09CO022,CO,0,0,0,0,0,0,0,0,0,0,0,0,0,0,0.837132690253373,0.837132690253373,0,0,0,0,0,0,0,0,0.92603687757712,-1.12820528624549,0,0,0,-1.24986076135952,-0.168017867998166,-1.101199550663,-1.101199550663,-0.193039185022095,-0.193039185022095,-1.00167381078379,1.45380044087656,-1.08265513713007,-1.08265513713007,0
11CO005,CO,0,0,0,0,0,0,0,0,0,0,0,0,0.804758295702529,0.804758295702529,0,0,0.746386883508258,0.746386883508258,0,0,0,0,0,0,0.570439163342734,0,0,0,0,0,0,-0.64710512006111,-0.64710512006111,0,0,0,0,0,0,0
11CO007,CO,0,0.650961625014238,0,0,0,0,0,0,0,0,0,0,0,0,0,0,0,0,0,0,0,0,0,0,0,0,0,0,0,0,0,0,0,0,0,0,0,0,0,0
11CO008,CO,0,0,0,0,-0.734636114337775,0.365816959047554,0,-0.793482811573321,-0.885520629029599,-0.885520629029599,0,0,1.48504688816758,1.48504688816758,0,0,0,0,0.653371360420256,0.653371360420256,0,0,1.34539813596291,1.34539813596291,2.44196204812537,-0.828716499133513,0,0.591034105982184,0.591034105982184,-0.828716499133513,-0.828716499133513,-0.864655249487647,-0.864655249487647,-1.01614522220691,-1.01614522220691,1.62059903591183,1.62059903591183,-1.05037435705058,-1.05037435705058,0
11CO010,CO,-0.207286265896765,-0.207286265896765,0.114988101998873,-0.249165249263423,-0.215623024867658,-0.215623024867658,0.272902992017754,0.272902992017754,0,0,0.388117037313529,0.388117037313529,0.687153496183063,0.687153496183063,0.346157633583631,0.346157633583631,-0.864697245730795,-0.864697245730795,-0.2694435428472,-0.2694435428472,-0.208952076395374,-0.208952076395374,-0.218963140494463,-0.218963140494463,1.12664941385797,-0.235710536535315,-0.897683001683433,0.42827845812535,0.42827845812535,0.237312000344559,0.237312000344559,-0.885267766866347,-0.885267766866347,0.184884719234717,0.184884719234717,-0.893538451543955,2.23721756616415,-0.421900840694063,-0.421900840694063,-0.310355063873244
11CO018,CO,0,0,0,0,0,0,0,0,0,0,0,0,0,0,0,0,0,0,0,0,0,0,0,0,0,0,0,0,0,0,0,0,0,-0.208674556430336,-0.208674556430336,0,0,0,0,0
11CO019,CO,-0.438476452558443,-0.438476452558443,0,0,-0.282415739170667,-0.282415739170667,0,0,0,0,-0.458646226881152,-0.458646226881152,0.939089753402338,0.939089753402338,0,0,0,0,0,0,0,0,0,0,0.86025298030278,0.343441049118925,-0.454150532334644,0,0,-0.238538591784031,-0.238538591784031,0,0,0,0,-0.618797240542493,1.63582012024482,-0.456397407479601,-0.456397407479601,0
11CO020,CO,0,0.477090225922074,0.502792402501861,0.502792402501861,0.473226096145675,0.473226096145675,-0.688501398533393,0,0.507920709133341,0,0.310064127981305,0,0.514325466527406,0,0.536055319934124,0.536055319934124,1.63037042914395,0,-0.583060618190331,-0.583060618190331,0.382388455416205,0,0.405872796074371,0.405872796074371,0.518165333454094,0.407174873758234,0,0,0,-0.35004350821859,0.365371564050064,-0.0861663662347608,-0.639468722599387,0,0,0,0,0,0,-0.242638177691405
11CO021,CO,0,0.728902572889256,0,0,0,0,-1.17997891294322,-1.17997891294322,0,0,0,0,0,0,-1.15985563749542,-1.15985563749542,0,0,0,0,0,0,0,0,0.863530190799312,-1.12504010310176,0,0,0,-1.15485109365482,-1.15485109365482,-1.20027320103962,-1.20027320103962,-0.944189988131497,0,0,0,-1.15235272292234,-1.15235272292234,-1.16989613781185
11CO022,CO,0,0,0,0,0,0,0,0,0,0,0,0,0.816693267548164,0.816693267548164,0,0.864270717616234,0,0,0,0,0,0,0,0,0,0,0,0,0,-1.21004961907529,0,-1.14204180729343,-1.14204180729343,-0.19050513885254,-0.19050513885254,0,1.45990760639013,-1.19945685166907,-1.19945685166907,0
11CO027,CO,0,0,0,0,0,0,0,0,0.754836526031448,0.754836526031448,0,0,0.778778387437014,0.778778387437014,0.528227482972292,0.528227482972292,0,0,0,0,0,0,0,0,1.3078123253835,-1.18734307426773,0,0,0,-1.16407987313984,0,-1.11544413491942,-1.11544413491942,0,0,1.40884992181856,1.40884992181856,0,0,0
11CO030,CO,0,0,0,0,0,0.212114766108381,0,0,0,0,0,0,0.748694355536391,0.748694355536391,0,1.99941079091528,0,0,0,0,0,0,0,0,0.941919194009842,0,-1.29550043334694,0,0,-1.48838962424038,-0.250375561017239,-1.15398938388451,-1.15398938388451,-0.23956640059542,-0.23956640059542,0.505072706460962,1.44103205162293,0,0,-0.2245061673227
11CO031,CO,0,1.60893406612529,0,0,0,0,0,0,0,0,0,0,0,0,0,0,0,0,0,0,0,0,0,0,0,0,0,0,0,-0.44816052713457,-0.44816052713457,0,0,-0.497546882928879,-0.497546882928879,0,0,0,0,-0.497546882928879
11CO032,CO,-1.00354138592485,0,0,0,0,0,-1.00024871244973,-1.00024871244973,0,0,0,0,0,0,0,0,0.61600692944754,0.61600692944754,0,0,0,0,0,0,0.631693247278766,-1.25207215941862,-1.26703604342442,0,0,-1.46866240299853,-1.46866240299853,-1.22983703541759,-1.22983703541759,0,0,0,0,-1.24092332025572,-1.24092332025572,-1.58028117844485
11CO033,CO,0,0,0,0,0,0,0,0,0,0,0,0,0,0,0.521074211416362,0.521074211416362,0,0,0,0,0,0,0,0,0,0,0,0,0,0,0,0,0,-0.523245015901928,-0.523245015901928,0,0,0,0,0
11CO036,CO,0,0,0,0,0,0,0,0,0.256540283640596,0.256540283640596,0,0,0,0,0,0,0,0,0,0,0,0,0,0,0,0,0,-0.291665240504814,-0.291665240504814,-0.285618627893677,-0.285618627893677,0,0,-0.384476294900003,-0.384476294900003,0,0,0,0,-0.39081034569106
11CO037,CO,0,0,0,0,0,0,0,0,-0.0910405787275423,-0.666669212720301,0,0,0.845826929045461,0,2.0051643213509,2.0051643213509,0,0,0,0,0.624802941999888,0.624802941999888,0,0,0.826966474570135,0,-0.535727718211448,0.431811992638211,0.431811992638211,-3.20154731231818,-0.652183280656855,0,-0.802548512965206,0,0,2.40940550456666,2.40940550456666,0.710682228822608,0.710682228822608,-3.32192809488736
11CO039,CO,0,0,0,0,0,0,0,0,0,0,0,0,0.183065152283893,0.183065152283893,-0.438962203072066,1.337250233831,0.802020645557573,0.802020645557573,0,0,0,0,0.811706319150514,0,0,-0.373467992665481,0,0,0,0,0,-1.14208660894149,-1.14208660894149,0,0,1.18029266043938,1.18029266043938,0,0,0
11CO042,CO,0,0,0,0,0,0,0,0,0,0,0,0,0.748081567133318,0.748081567133318,0,1.29951585517027,0,0,0,0,0,0,0,0,0.874321971753284,0,-1.2798103023529,0.578720140104102,0.578720140104102,-1.28641759176162,0,-1.36396687380203,-1.36396687380203,-0.279887200260684,-0.279887200260684,0.262859236736086,0.262859236736086,0,0,0
11CO043,CO,-0.327578073441772,0,0.356300620203274,0,0,0,0,0,0.32734141018869,-0.427959438052315,0.641340975196237,-0.254542106228062,0.901931002925753,0.901931002925753,-1.36293953870104,-1.36293953870104,0.486243629855436,0.486243629855436,0,0,0.402089106354602,0.402089106354602,0,0,0.814004029465362,0,-0.46041370561782,0,0,-0.998347614517349,0,-0.472845623985561,-0.472845623985561,0,0,1.61376276345936,1.61376276345936,-0.45886239456411,-0.45886239456411,-0.510373691604799
11CO044,CO,-0.670134730636476,0,0,0,0,0.433716575615998,0,0,0,0,0,0,0.433716575615998,0.433716575615998,-0.565424773611585,0.153296171237709,0,0,0,0,0.575427548883731,0,-0.668161625141245,0,1.04124223382165,0,-0.687952959271407,0,0,0,0,-0.75221132862183,-0.75221132862183,0,0,0.631538877190633,0.631538877190633,-0.699892722013507,-0.699892722013507,-0.689939510709273
11CO045,CO,0,0,0.245677511782947,0.245677511782947,0.233471805189264,0.233471805189264,0,0,0.319714303567207,0.319714303567207,0.524971291256454,0.524971291256454,0.621964494540546,0.621964494540546,0,0,0,0,0,0,0,0,0.338402728070968,0.338402728070968,1.13219469600528,-0.277291116534124,0,0.458368578212017,0.458368578212017,0.314600093782133,0.314600093782133,-0.552959125619128,-0.552959125619128,0.256104682422786,0.256104682422786,1.83099564284672,1.83099564284672,-0.279355956508691,-0.279355956508691,0
11CO047,CO,0.0587921864205785,0.741736978838764,0,0,0,0,0,0,0,0,0,0,0.570936292463351,0.570936292463351,1.0558792787778,1.0558792787778,0,0,0,0,0.696929828889971,0.696929828889971,0.713305467954647,0,1.21925730310476,0,0,0,0,-0.354324405339184,0.640944230570786,-1.27242183255951,-1.27242183255951,0,0,2.0735097103183,2.0735097103183,0,0,0
11CO048,CO,0,0,-0.677604630155963,-0.677604630155963,0,0,0,-0.677604630155963,1.03230161371911,0,-0.452515411069699,-0.452515411069699,0.977840657294104,0.459945938892672,-0.78442112015343,0,0.5220195290814,0.5220195290814,0,0,0,0,0,0,1.60828603906303,0,-0.750441296044756,0.474080108089695,0.474080108089695,-0.275321646093345,-0.275321646093345,-0.879114728990733,-0.879114728990733,0,0,1.25662488245263,1.25662488245263,-0.34397040811488,-0.34397040811488,-0.801625706696768
11CO051,CO,0,0,0,0,0,0,0,0,0,0,0,0,0,0,0,0,0,0,0,0,0,0,0.803417675158272,0.803417675158272,0,0,0,0,0,-0.244541840516508,-0.244541840516508,0,0,-0.408049950031977,-0.408049950031977,0,0,0,0,-0.262439823749902
11CO052,CO,0,0,0,0,0,0,0,0,0,0,0,0,0.837337073820469,0.837337073820469,0,0,0,0,0,0,0,0,0.795273232098157,0.795273232098157,0.481291294952826,0,0,0,0,0,0,0,0,0.393666983324869,0.393666983324869,1.32721125613991,1.32721125613991,0,0,0
11CO053,CO,0,0,0,0,0,0,0,0,0,0,0.636473150804079,0,1.08488595292333,1.08488595292333,0,0,0,0,0,0,0,0,0,0,0.318660332896918,0,-0.702304751048638,0.200850485207313,0.200850485207313,-0.717145034528297,0,-0.745162500161392,-0.745162500161392,0,0,0,1.91434526332835,-1.41920547868994,0,-0.777226047358253
11CO054,CO,0,0,0.697567413852088,0.697567413852088,0,0,-0.742334986486632,-0.742334986486632,1.06981042221847,0,1.03022125218948,1.03022125218948,0,0,0.676022490475939,0.676022490475939,0,0,0,0,0,0,0,0,1.42205520235714,-1.08709828994633,0,0.600332092033196,0.600332092033196,-1.28869161623812,0.637249365053099,-1.08134105605238,-1.08134105605238,0,0,0.825360720083554,2.87978550175733,0,0,0
11CO057,CO,0,0,0.41793425580242,0.41793425580242,0,0,0,0,0,0,0.79572990438789,0.79572990438789,0,0,0,1.21007738702371,0,0,0,0,0,0,0.463536018672216,0.463536018672216,1.43609861063876,0,0,0,0,0,0,-0.523005863934636,-1.20417911436293,0.4429987869953,0.4429987869953,2.02684882249266,2.02684882249266,0,0,-0.240700551807044
11CO058,CO,0,0,0,0,0,0,-0.654528801934707,-0.654528801934707,0,0,-0.602293610831269,-0.602293610831269,0.749458022154446,0.749458022154446,0,0,-0.567124936535268,-0.567124936535268,-0.926528388250466,-0.926528388250466,-0.608751810310525,-0.608751810310525,0,0,0.730686693943486,-0.674461395639916,-1.69677573902882,-0.605520215940796,-0.605520215940796,-1.89126808043825,-1.89126808043825,-2.03907787093187,-2.03907787093187,0,0,0.788512370797957,0.788512370797957,-0.535654992093935,-0.535654992093935,-0.621728460580107
11CO059,CO,0,0,0,0,0,0,0,0,0,0,0,0,0,0,0,0,0,0,0,0,0,0,0,0,0,0,0,0,0,0,0,0,0,0,0,0,0,0,0,0
11CO060,CO,0.275577284050013,0.275577284050013,0,0,0,0,0,0,0.717027277015575,-1.1469542846574,1.17401091426077,1.17401091426077,0.604197737978321,0.604197737978321,-1.34517221889888,2.08822491148431,0.582252833543424,0.582252833543424,0,0,1.13967478963509,1.13967478963509,0,0,1.41557715126999,0.631418848455867,0,0,0,-0.273010336934889,-0.273010336934889,-1.21990242140893,-1.21990242140893,-0.412625653466601,-0.412625653466601,2.593483814813,2.593483814813,-0.43135100838455,-0.43135100838455,0.778090773660955
11CO061,CO,0,0,0,0,0,0,0,0,0,0,0,0,0.766185588177432,0.766185588177432,0.737524428733215,0.737524428733215,0,0,0,0,0,0,0.716456637198702,0.716456637198702,0,0,0,0,0,0,0,0,0,0,0,0,0,0,0,0
11CO062,CO,0,0,0,0,0,0,0,0,0,0,0,0,0,0,0,0,0,0,0,0,0,0,0.895448436467248,0.895448436467248,0,0,0,0,0,-0.379020606868376,-0.379020606868376,0,0,-0.353136989436092,-0.353136989436092,0,0,0,0,-0.458780896883868
11CO070,CO,0,0.187,0,0,0,0,0,0,0,0,0,0,0,0,0,0,0,0,0,0,0,0,0,0,0,0,0,0,0,0,0,0,0,-0.1,0.361,0,0,0,0,0
11CO072,CO,0,0,0,0,0,0,0,0,0,0,0,0,0,0,0,0,0,0,-0.396213449205956,-1.22763000100175,0,0,0,0,0.827350342815718,-1.20418732041219,0,0,0,-1.22240018593887,0,-1.19384306372429,-1.19384306372429,0,0,-1.0780096669707,1.45565453780444,0,0,-1.36515922073473
11CO077,CO,0,0,0,0,0,0,-0.444742485168933,0,0,0,0,0,1.21497846300435,1.21497846300435,0.478277146307126,0.478277146307126,-0.61857098589341,-0.61857098589341,-0.660781928040068,-0.660781928040068,-0.572246837312851,-0.572246837312851,0,0,1.4770238455722,-3.27841266621424,-0.61857098589341,0,0.466363075520997,-3.32192809488736,0,-3.32192809488736,-3.32192809488736,-1.03438642766577,-1.03438642766577,2.09998231536392,2.28251046114416,-0.834603400584262,-0.834603400584262,-1.03438642766577
11CO079,CO,0,0,0.228012088466425,0.228012088466425,0.228012088466425,0.228012088466425,-0.630561771673671,-0.342266774223957,0,0,0.211079327937986,0.211079327937986,1.15441456355081,0.228012088466425,0,0,0.175761944058799,0,-0.986360855005883,-0.986360855005883,0,0,0.20716518962376,-0.136942788569411,0,-1.03594971756342,-0.988059123556231,0,0,0.141557295290791,0.141557295290791,-1.01363264216226,-1.01363264216226,0,0,-0.00405821717184991,-0.00405821717184991,-0.899151615997403,0,-1.06014655323045
14CO002,CO,0,0,0.730216516436844,0.730216516436844,0,0,0.357895710463084,0.357895710463084,0,0,0,0,0.630069764709296,0,1.25069267638909,1.25069267638909,-1.04167372744507,-1.04167372744507,0,0,0,0,0,0,1.24122878767346,-1.06086154480849,-1.08804622149422,0,0,-3.32192809488736,-0.126385042906908,-3.32192809488736,-3.32192809488736,0,0,-3.32192809488736,0.933684620513498,0,0,0
14CO003,CO,0,0,0,0,0,0,0,0,0,0,0,0,1.33111527603192,1.33111527603192,0,0,1.30066483773918,1.30066483773918,0,0,0,0,0,0,1.29886474419319,0,0,0,0,0,0,0,0,0,0,0,0,0,0,0
14CO005,CO,0,0,0,0,0,0,0,0,0,0,0,0,0.748534570251462,0.748534570251462,0.842115160835062,0.842115160835062,0,0,0.771676298968807,0.771676298968807,-0.627254000564527,-0.627254000564527,0,0,1.73659740671753,0,0,0,0,-2.002229235451,0.699235463433319,-3.32192809488736,-3.32192809488736,0,0,1.26677366872992,1.26677366872992,0,0,0
15CO001,CO,0,0,0,0,0,0,-1.09524738367073,-1.09524738367073,0,-0.34209709000637,0,0,0,0,-0.182759786626409,-0.182759786626409,0,0,0,0,-0.233138397433276,-1.15911582968114,0,0,0,-0.157040295447011,-0.304406616000699,-0.349994671770944,-0.349994671770944,0,0,0,0,0,0,0,0,0,0,0
15CO002,CO,0,0,0.581986874875665,0.581986874875665,0.553661365048264,0.553661365048264,-0.659280274437248,-0.659280274437248,-0.0453591030384491,-0.642522868639831,0.505301800520874,0,0.592547060351025,0.592547060351025,0.292569892906385,0.641394391791666,0.532256536221259,0.532256536221259,0,0,0.512511615163705,0.512511615163705,0,0,0.810440415747951,0,0,0.542976392613494,0.542976392613494,-0.750844998572386,0,-0.750844998572386,-0.750844998572386,0,0,0,1.56364103378966,-1.6254176050008,-1.6254176050008,0
16CO002,CO,-0.306557493956795,1.66231322268546,1.2237744470558,1.2237744470558,0,0,0,0,0,0,0,0,1.14455618425318,1.14455618425318,0.922407853742906,0.922407853742906,0,0,0,0,0,0,0,0,1.18602946899939,0.739320072796106,0,0,0,-0.284049441012128,-0.284049441012128,0,0,0.697560541968645,0.697560541968645,1.83651030949922,1.83651030949922,0,0,-0.480053483261988
16CO003,CO,0,0,0,0,0,0,0,0,0,0,0,0,0.946940965808986,0,-1.19849375359687,-0.0609803406344378,0,0,0,0,0,0,0,0,0.756380706664071,-1.31193629083787,-1.34827881053818,0,0,0,0,-1.10755969742342,-1.10755969742342,-0.34961856464356,-0.34961856464356,0.415120355204472,1.04254206587356,0,0,-0.40337503731902
16CO006,CO,-0.197,-0.197,0,0,0.34,0.34,-0.169,-0.169,-0.17,-0.17,0.237,0.237,0.149,0.149,0.117,0.117,0,0,-0.174,-0.174,0,0,0.514,0.514,0.451,0.324,0,-0.211,-0.211,0.12,0.12,-0.206,-0.206,0,0,-0.157,1.92,-0.255,-0.255,-0.309
16CO011,CO,0,0,0,0,0,0,-0.196014937568821,-0.196014937568821,0,0,0.237330097942255,0.237330097942255,1.57618562248791,0.230266795300489,-0.433363319517441,-0.433363319517441,0,0,0,0,0,0,0,0,2.0308263628397,-0.885692719567378,-0.746611058625107,0,0,-0.889488256977784,-0.471636148723649,-0.93733786360424,-0.93733786360424,0,0,1.01901033008774,1.01901033008774,0,0,-0.921943294660709
16CO012,CO,0,0,0.874531935310506,0.874531935310506,0,0.921825630002976,0,0,0.823539472688332,0.823539472688332,0,0,1.24055347359668,1.24055347359668,1.23598213501818,1.23598213501818,1.19446759850787,1.19446759850787,0,0,0,0,1.19214122873673,1.19214122873673,0,0,0,0,0,0,0,0,0,0,0,0.715144829971956,0.715144829971956,0,0,0
20CO001,CO,0,0,0,0,0,0,0,0,0,0,0,0,0,0,-1.22094402802098,-1.22094402802098,0,0,0.600009018731652,0,0,0,2.8155039978613,2.8155039978613,-1.07762406608755,0,0,-0.452830295385836,-0.452830295385836,0,0,0,0,-0.470529722035578,-0.470529722035578,0,0,0,0,-1.91061600207478
20CO003,CO,0,0,0,0,0,0,0,0,0,0,0,0,0,0,0,0,0,0,0,0,0,0,0,0,0,0,0,0,0,0,0,0,0,-0.434208344820721,-0.434208344820721,0,0,0,0,0
20CO004,CO,0,0,0,0,0,0,0,0,0,0,0,0,0,0,1.46895439178513,1.46895439178513,0,0,0,0,0,0,0,0,0.137341777656657,0,-1.1023055413521,0,0,-0.109048741981205,0.83421077096718,-1.09007363764889,-1.09007363764889,-0.185343418549801,-0.185343418549801,0,1.58445467363797,0,0,0
20CO007,CO,0,0,0,0,0,0,0,0,0.539635758006354,0.539635758006354,-0.716356350456214,-0.716356350456214,0.539635758006354,0.539635758006354,0,0,0,0,-0.775813086798686,-0.775813086798686,0,0,0,0,0.501695631793712,-0.887723769468137,-0.858070551794188,0,0,-1.34041676250786,0,0,0,-0.555314346890128,-0.555314346890128,0.384405209861758,0.384405209861758,0,0,-0.498576152968703
21CO006,CO,0,0,0,0,0,0,-1.2284076754983,-1.2284076754983,0,0,0,0,1.46494986595766,0,-3.32192809488736,0.352453998366688,0,0,0.418724375373229,0,1.0135220128562,1.0135220128562,0.691644485030855,0.691644485030855,1.88844860670679,-1.89072818444051,0,0,0,-3.32192809488736,0,-1.78964063893573,-1.78964063893573,0,0,0,1.89407717991345,0,0,-0.568429316777098
21CO007,CO,0,0.726947890431056,0.711806794198995,0,0,0,0,0,0.721447062717112,0,0,0,1.94442320671407,0.710428170139154,0.700767640121592,1.74270063402003,0,0,0,0,0.608781302771322,0.608781302771322,0.70766983548924,0.70766983548924,1.4227905606452,0,0,0.930662580864079,0,-0.199723895482665,-0.199723895482665,-1.09219706577378,-1.09219706577378,0.507893499486227,0.507893499486227,1.25091568806114,1.25091568806114,0.608781302771322,0.608781302771322,0.394527608479526
22CO004,CO,0,0,0,0,0,0,0,0,0,0,0,0,1.02167317994203,0.783922067129591,-1.70967328011995,-0.236823516777231,0,0,0,0,0,0,0,0,0.96371598690353,-1.70441193802949,-1.3783914852953,0,0,-1.75233416625109,0,-2.15763563323282,-2.15763563323282,-0.508433691943294,-0.508433691943294,1.90031115385884,1.90031115385884,-1.13933919088395,0,0
22CO006,CO,0,0,0,0,0,0,0,0,0,0,0,0,0,0,0,0,0,0,0,0,0,0,0,0,0.427855825105779,0,0,0,0,0,0,0,0,0,0,0,0,0,0,0
24CO005,CO,0,0,0.501711092597444,0.501711092597444,0,0,-0.559878020656123,-0.559878020656123,0,0,0,0,0.686699985013827,0.686699985013827,0.745252792721499,0.745252792721499,0,0,0,0,0,0,0,0,0.894062645368539,-0.792538073970444,0,-0.322585170779393,-0.322585170779393,-0.924350733844607,0.44951004918124,-0.713251860596843,-0.713251860596843,-1.06780171463118,-0.0122002498392636,1.69714823437599,1.69714823437599,-0.266038385954466,-0.266038385954466,-0.924350733844607
27CO004,CO,-1.35401382835183,0,0,0,0,0,0,0,0,0,0,0,0,0,0,0.952043224709346,0,0,0,0,0,0,0,0,0,0,0,0,0,-1.35797965744626,0,0,-1.31868275267095,0,0,-1.40621854541417,0.858156457499766,0,0,-1.58094147928432
C3L-00104,GBM,0,0,0.161868279087682,0.161868279087682,0,0,0,0,0,0,0,0,0.95198120849572,0,-0.17799397383199,-0.17799397383199,0,0,-1.05131395611838,-1.05131395611838,0,0,0,0,0,0,-1.10816196923599,0,-1.07342438777418,0,0,0,0,0,0,0,0,0.897163810817424,0,0
C3L-00365,GBM,0.276873141603711,0.276873141603711,0,0,0.205704331275352,0.205704331275352,0,0,0.151203627383124,0.151203627383124,-0.273469258880281,-0.273469258880281,0.70071337801695,0.70071337801695,0,0,0,0,-0.951857121186246,-0.951857121186246,-0.255707653026211,-0.255707653026211,-0.195567882684697,-0.195567882684697,-0.913082078988899,-0.874539053154901,-0.293640500661955,0,0,-0.413224295022143,-0.413224295022143,0,0,0.489217833661821,0.489217833661821,0.794564287754973,0.794564287754973,0.200038568804739,0.200038568804739,0
C3L-00674,GBM,0,0,0,0,0,0,0,0,0,0,0,0,0.916332991315542,0.916332991315542,0,0,0,0,-1.15008488951097,-1.15008488951097,0,0,0,0,0,0,0,0,0,0,0,0,0,0.721379119840474,0.721379119840474,0,0,0,0,0
C3L-00677,GBM,0,0,0,0,0,0,0.586249615298961,0,-0.175132909071078,-0.175132909071078,-0.126272965095153,-0.126272965095153,1.02050484012346,1.02050484012346,0,0,0,0,-1.08000257386042,-1.08000257386042,0,0,-0.406590993455691,-0.252243737810201,0,0,0,0,0,0,0,0,0,0.629927340330013,0.629927340330013,0.769041369363097,0.769041369363097,0.12546323641964,0.12546323641964,-1.08296644873024
C3L-01040,GBM,0,0,0,0,0,0,0,0,0,0,0,0,0.874540310338862,0.874540310338862,0,0,0,0,-1.05694341809768,-1.05694341809768,0,0,0,0,0,0,0,0,0,0,0,0,0,0.703552441848204,0.703552441848204,0.906420930477138,0.906420930477138,0,0,-1.13216617785567
C3L-01043,GBM,0,0,0,0,0,0,0,0,0,0,0,0,0.85790589371909,0.85790589371909,0,0,0,0,-1.17982252189365,-1.17982252189365,0,0,0,0,0,0,0,0,0,0,0,0,0,0,0,0,0,0,0,0
C3L-01045,GBM,0,0,0,0,0,0,0,0,0,0,-0.426307997332916,-1.09419103206151,0,0,0,0,0,0,-1.07120860954693,-1.07120860954693,0,0,0,0,0,0,0,0,0,0,0,0,0,0.75976446740498,0.75976446740498,0.947717040923061,0.947717040923061,-0.151787832938682,-0.151787832938682,0
C3L-01046,GBM,0,0,0,0,0,0,0,0,0,0,0,0,1.00657678446149,1.00657678446149,0,0,0,0,-1.59018061506661,-1.59018061506661,0,-1.3691074727957,0.282362364307298,0.282362364307298,-1.81536834202056,0,0,0,0,0,0,0,0,0,0,0,0,0,0,0
C3L-01048,GBM,0,0,0,0,0,0,0,0,0,0,-0.500916830019636,-0.500916830019636,0.468457322513905,0.468457322513905,0,0,0,0,-1.04241978104379,-1.04241978104379,0,0,-0.214684236086761,-0.214684236086761,0,0,0,0,0,0,0,0,0,0.861598973187941,0.861598973187941,0.994151232389057,0.994151232389057,-0.160165516642136,-0.160165516642136,0
C3L-01049,GBM,0.302436709769848,0.302436709769848,-0.308760107817859,-0.308760107817859,0,0,0,0,0,0,-0.447010006389448,-0.447010006389448,0.618327776222352,0.618327776222352,0,0,-0.159025220246045,-0.159025220246045,-0.633282239689405,-0.633282239689405,-0.164646087273565,-0.479998150935153,-0.664641741119489,-0.664641741119489,-0.609922678381467,0,0,-0.300076244485236,-0.300076244485236,0,0,0,0,-0.455981913338049,-0.455981913338049,0.552532882816581,0.552532882816581,0.974945231383898,0.974945231383898,0
C3L-01061,GBM,0,0,0,0,0,0,0,0,0,0,-1.02749965794233,-1.02749965794233,0,0,0,0,0,0,-0.998481110721026,-0.998481110721026,0,0,0,0,0,0,0,-0.993845606467949,-0.993845606467949,0,0,0,0,0,0,0,0,1.23246933434516,0,0
C3L-01142,GBM,0,0,0,0,0,0,0,0,0,0,0,0,0.794373706538199,0,0,0,0,0,-1.01340540507194,-1.01340540507194,0,0,0,0,0,-1.45857135107944,0,0,0,0,0,0,0,0.45026016373098,-0.656439108102483,0.800000217688954,0.800000217688954,0.618539296172973,0.618539296172973,0
C3L-01146,GBM,0.561899139826323,0.561899139826323,0,0,0,0,0,0,0,0,0,0,0.681642804815969,0.681642804815969,0.537595545746035,0.537595545746035,0,0,-0.806365358239609,-0.806365358239609,0,0,0.492955016739417,0.492955016739417,0,0,0,0,0,0,0,0,0,1.06333658161999,1.06333658161999,0.551906668433874,0,0,0,0
C3L-01149,GBM,0.769575738263452,0.769575738263452,0,0,0,0,0,0,0,0,0,0,0.975923511208722,0.975923511208722,0,0,0,0,-0.978430151385698,-0.978430151385698,0,0,0,0,-0.217872072216882,0,0,0,0,0,0,0,0.112164265755904,0,0,0.107024434361055,0.107024434361055,0.863152394357298,0,0
C3L-01154,GBM,0,0,0,0,0,0,0,0,0,0,0,-0.976639036713464,0,0,0,0,-0.944777805759677,0,-0.992018239852405,-0.992018239852405,0,0,0,0,0,0,0,0,0,0,0,0,0,0,0,0,0,1.00356756651525,0,0
C3L-01155,GBM,0.916512423288978,0.916512423288978,0,0,0,0,0,0,0,0,0,0,0,0,0,0,0,0,-1.030125354545,-1.030125354545,0.939802146304884,0.939802146304884,0,0,0,0,0,0,0,0,0,0,0,4.02233084629058,4.02233084629058,0.987382617945211,0.987382617945211,0,0,0
C3L-01156,GBM,0,0,0,0,0,0,0,0,0,0,0,0,1.06111672420862,1.06111672420862,0,0,-0.33245658299932,-0.33245658299932,-1.19852173405584,-1.19852173405584,0,0,0,0,0,0,0,0,0,0,0,0,0,0.878236383249006,0.878236383249006,0,0,1.6033765630198,0,0
C3L-01157,GBM,0,0,0,0,0,0,0,0,0,0,0,0,0.933320274574913,0.933320274574913,0,0,0,0,-1.04357577960479,-1.04357577960479,0,0,0,0,-0.200412003695099,-1.17738217662357,0,0,0,0,0,0,0,0,0,0,0,0,0,0
C3L-01327,GBM,0,0,0,0,0.16325995622015,0.16325995622015,0,0,0,0,0,0,0.979030544272072,0.979030544272072,0,0,0,0,-1.04065958865575,-1.04065958865575,0,0,0,0,0,0,0,0,0,0,0,0,0,0.773917556489215,0.773917556489215,0.79496298518417,0.79496298518417,0.989356364658058,0,0
C3L-01834,GBM,0,0,0,0,0,0,0,0,0,0,0,0,0,0,0,0,0,0,0,0,0,0,0,0,0,0,0,0,0,0,0,0.120613635932936,0.120613635932936,0,0,0,0,0,0,0
C3L-01887,GBM,0,0,0,0,0,0,0,0,0,0,0,0,0.996755666068471,0.996755666068471,0,0,0,0,-1.15898023645898,-1.15898023645898,0,0,0,0,0,0,0,0,0,0,0,0,0,0.634729107436857,0.634729107436857,0.801605703347411,0.801605703347411,0,0,-0.164736155210761
C3L-02041,GBM,0.297573125956544,0.297573125956544,0,0,0,0,0.42493549263947,0.42493549263947,0,0,0,0,0.223524954417979,0,0.223524954417979,0.223524954417979,0,0,-0.38539193531134,-0.38539193531134,-1.85999370130296,-1.85999370130296,-0.936036640394232,-0.936036640394232,0,-0.846410904923817,0,0,0,-0.473194349218646,-0.473194349218646,0,0,-0.330033598481835,-0.330033598481835,0.380653494653793,0.380653494653793,0.766637574698774,-0.617496345876164,0
C3L-02465,GBM,0,0,0,0,0,0,0.742204994065682,0.742204994065682,0,0,0,-1.49112456956413,0.928940026226496,0.928940026226496,0,0,0,0,-1.3740962183318,-1.3740962183318,0,0,0,0,-1.54449921825651,0,0,0,0,-1.14734924424558,-1.14734924424558,0,0,0,0,0,0,0,0,-1.44954767187568
C3L-02504,GBM,0,0,0,0,0,0,0,0,0,0,0,0,1.06944710025671,1.06944710025671,0,0,0,0,-1.04122472641617,-1.04122472641617,0,0,0,0,0,0,0,0,0,0,0,0,0,0,0,0,0,0,0,0
C3L-02542,GBM,0,0,0,0,0,0,0,0,0,0,0,0,0.52128455406231,0.52128455406231,0,0,0,0,-1.02090277120466,-1.02090277120466,0,0,0,0,-1.03527160619612,0,0,0,0,-1.64741104802894,-1.64741104802894,0,0,0,0,0,0,0,0,0
C3L-02642,GBM,0,0,0,0,-0.49427274407575,-0.49427274407575,0,0,0,0,0,0,0.938594722303358,0.938594722303358,0,0,0.580442288975292,0.580442288975292,-1.14482047762678,-1.14482047762678,0,0,0,0,-1.07757780145933,-0.984013297636455,0,0,0,-0.581709022884427,-0.581709022884427,0,0,0,0,0.992204461983403,0.992204461983403,0.703950728647637,0.703950728647637,-1.09090694211291
C3L-02704,GBM,0,0,0,0,0,0,0,0,0,0,-0.798870406427011,-0.798870406427011,0.92116869982683,0.92116869982683,-0.942565336050923,0,-1.12550988461681,0,-1.03642581328961,-1.03642581328961,0,0,0,0,0,0,0,0,0,0,0,0,0,0,0,0,0,0,0,0
C3L-02705,GBM,0,0,0,0,0,0,0,0,0,0,0,0,1.07107769280646,1.07107769280646,0,0,0,0,-1.24190150911098,-1.24190150911098,0,0,0,0,-1.09977975086449,-1.2762036352625,0,0,0,0,0,0,0,0,0,0.617666857174424,0.617666857174424,0,0,-0.736228080790119
C3L-02707,GBM,0,0,0,0,0,0,0,0,0,0,0,0,1.06658928490256,1.06658928490256,0,0,0,0,-1.2242899652932,-1.2242899652932,0,0,0,0,0,0,0,0,0,0,0,0,0,0.907162316043681,0.907162316043681,0.989093466412015,0.989093466412015,1.58469330874281,0,0
C3L-02708,GBM,0,0,0,0,-1.09048764526357,-1.09048764526357,0,0,0,0,0,0,0,0,0,0,0,0,0,0,0,0,0,0,-1.07036356564525,0,0,0,0,0,0,0,0,0,0,0,0,-0.221995819799623,0,-1.05565100921666
C3L-02900,GBM,0,0,0,0,-0.515157242874658,-0.515157242874658,-0.264489908888144,-0.264489908888144,0,0,0,0,0.919990224982294,0.919990224982294,0,0,0,0,0,0,0,0,0,0,0,0,0,0,0,0,0,-0.28595125471027,-0.28595125471027,0,0,0,0,0.183393924470614,0.183393924470614,0
C3L-02970,GBM,0.46435335651617,0.46435335651617,0,0,0.979194962209702,0.979194962209702,0,0,0,0,0,0,0.638284953539827,0.638284953539827,0,0,0,0,-1.10443897726861,-1.10443897726861,-0.406620010734884,-0.406620010734884,0,0,0,0,-0.508199508573862,0,0,0,0,-0.559685008232003,-0.559685008232003,0,0,0,0,1.06772136174043,0,0
C3L-02984,GBM,-0.12047798267798,0,0,0,0,0,0,0,0,0,0,0,0,0,0,0,0,0,0,0,0,0,0,0,0,0,0,0,0,0,0,0,0,0,0,0,0,-0.209824016698682,-0.209824016698682,0.192386838086392
C3L-03260,GBM,0,0,0,0,0,0,0,0,0,0,0,0,1.10667456973882,1.10667456973882,0,0,-1.22830260095216,-1.22830260095216,0,0,0,0,0,0,-1.25664221411356,0,0,0,0,0,0,-1.19227269747913,0,0,0,0,0,0,0,0
C3L-03266,GBM,0,0,0,0,0,0,0,0,0,0,0,0,0.978810789835286,0.978810789835286,0,0,0,0,-1.02012210398014,-1.02012210398014,0,0,0,0,0,0,0,0,0,0,0,0,0,0.843824119403398,0.843824119403398,0,0,0,0,0
C3L-03387,GBM,0,0,0,0,0,0,0,0,0,0,0,0,0,0,0,0,-1.02812245262958,-1.02812245262958,-1.21383691034901,-1.21383691034901,0,0,0,0,0,0,0,0,0,0,0,0,0,0.759506048132373,0.759506048132373,1.00197429538471,1.00197429538471,0,0,-1.26351474570897
C3L-03390,GBM,0,0,0,0,0,0,0,0,0,0,0,0,1.00036019431364,1.00036019431364,0,0,0,0,-0.986820087156238,-0.986820087156238,0,0,0,0,0,0,0,0,0,0,0,0,0,0,0,0,0,0,0,0
C3L-03392,GBM,0,0,0,0,0,0,0,0,0,0,-1.96888122912532,-1.96888122912532,0.925844700080096,0.925844700080096,0,0,-1.77132936000441,0,-1.58590381034617,-1.58590381034617,0,0,0,0,0,-1.72822204909451,0,0,0,0,0,0,0,0,0,0,0,0.988282009353663,0.988282009353663,-1.54745741200718
C3L-03400,GBM,0,0,0,0,0,0,0,0,0,0,0,0,0,0,0,0,0,0,-0.972514174843415,-0.972514174843415,-0.608230594693619,-0.608230594693619,0,0,-1.4465997013817,-1.17247759429723,-1.03510670683279,0,0,0,0,0,0,0,0,0.381209272758931,0.381209272758931,0.545413630817548,0.545413630817548,0
C3L-03405,GBM,0,0,-0.263905604317234,-0.263905604317234,0,0,-0.212558886564405,-0.212558886564405,0.92777583903796,0.92777583903796,0,0,0.999792688396728,0.999792688396728,0,0,0,0,-1.01736236207971,-1.01736236207971,0,0,0,0,0,0,0,0,0,0,0,0,0,0,0,0,0,0,0,-1.09658750470457
C3L-03407,GBM,0,0,0,0,0,0,0,0,0,0,0,0,0.971560332912221,0.971560332912221,0,0,0,0,-1.15628885965107,-1.15628885965107,0,0,0,0,0,0,0,0,0,0,0,0,0,0.831093768687518,0.831093768687518,0.926880529513826,0.926880529513826,1.75595670100828,0,0
C3L-03681,GBM,0,0,0,0,0,0,0,0,0,0,-1.09515822138877,-1.09515822138877,-0.0827653319208983,-1.24563333403584,0,0,-2.50276094376281,-2.50276094376281,-0.993946790518927,-0.993946790518927,0,0,0,0,0,0,0,0,0,0,0,0,0,0,0,0,0,0.831764738388839,0.183234482941682,0
C3L-03727,GBM,0,0,0,0,0,0,0,0,0.127640660924586,0.127640660924586,-0.54733966836311,-0.54733966836311,0.443449682900657,0.443449682900657,0,0,-0.467372112763978,-0.467372112763978,-0.992558003210427,-0.992558003210427,0,0,0,0,0,0,0,0,0,0,0,0,0,0.399542989460222,0.399542989460222,0.988748595350663,0.988748595350663,1.16881384753225,0,0
C3L-03728,GBM,0,0,0,0,0,0,0,0,0,0,0,0,0,0,0,0,0,0.792967402371438,-1.21780600771806,-1.21780600771806,0,0,0,0,0,0,0,0,0,0,0,0,0,0.801706389809951,0.801706389809951,0,0,1.89369260849566,0,0
C3L-03744,GBM,0,0,0,0,0,0,0,0,0,0,0,0,1.04394814746512,1.04394814746512,0,0,0.448996359306076,0.448996359306076,-1.22179165161475,-1.22179165161475,0,0,0,0,-0.303598393976312,0,0,0,0,0.434192656039771,0.434192656039771,-0.551425828766741,-0.551425828766741,0,0,0,0,0.74810820731277,0.74810820731277,-1.26504961532668
C3L-03748,GBM,0,0,0,0,0,0,0,0,0,0,0,0,0.983515638100951,0.983515638100951,0,0,0,0,-1.02196387859029,-1.02196387859029,0,0,0,0,0,0,0,0,0,0,0,0,0,0.326122350334662,0.326122350334662,0,0,1.22846866640817,0,0
C3L-03968,GBM,0,0,0,0,0.432748898668941,0.432748898668941,0,0,-0.156347992186834,0,0,0,0,0,0,0,0.586888522448697,0.586888522448697,0,0,-0.610767706684632,-0.610767706684632,0,0,0.194498321231871,-0.639177476927972,0.637945626663522,0.911097514618579,0.911097514618579,0,0,0,0,-0.655050105029915,-0.655050105029915,0.377571651718651,0,-0.0915497710166406,-0.580998945296619,0.644147966294832
C3L-04084,GBM,0,0,0,0,0,0,0,0,0,0,0,0,1.02732603951081,1.02732603951081,0,0,-0.16731394719889,-0.16731394719889,-1.0288308032819,-1.0288308032819,0,0,0,0,0,0,0,0,0,0,0,0,0,0.901789806488118,0.901789806488118,0.96790789690471,0.96790789690471,0,0,0
C3N-00661,GBM,0,0,0,0,0,0,0,0,0,0,0,0,0.713819527798005,0.713819527798005,-0.209518997944009,-0.209518997944009,-0.179591172883943,-0.179591172883943,-1.06546923439125,-1.06546923439125,0,0,-0.193739260489382,-0.193739260489382,0,-0.184301596731575,0,0,0,0,0,0,0,0.844404925696345,0.844404925696345,0.846964251320344,0.846964251320344,0,0,0
C3N-00662,GBM,-0.126469366548276,-0.126469366548276,0.121253454095047,0,0,0,0,0,0,0,0,0,0.847603266339673,0.847603266339673,0,0,-1.07600606859764,-1.07600606859764,-1.04276353430207,-1.04276353430207,-0.791813800795473,-0.791813800795473,0,0,-1.06767542056525,0,0,-0.140902101664999,-0.140902101664999,-0.151742702344433,-0.151742702344433,0,0,0,0,0,0,0,0,0
C3N-00663,GBM,0,0,0,0,0,0,0,0,0,0,0,0,0,0,0,0,0,0,0,0,0,0,0,0,0,0,0,0,0,0,0,0,0,-0.180935275918958,-0.180935275918958,0,0,0,0,-0.17615052760636
C3N-00665,GBM,0,0,0,0,0,0,0,0,0,0,0,0,1.6364131606805,1.6364131606805,0,0,0,0,-1.20445737601868,-1.20445737601868,0,0,0,0,0,0,0,0,0,0,0,0,0,0,0,0.847763145193286,0.847763145193286,0,0,0
C3N-01192,GBM,0,0,0,0,0,0,0,0,0,0,0,0,0.912162159556729,0.912162159556729,0,0,0,-0.524598785427483,-1.27967167252633,-1.27967167252633,0,0,0,0,0,0,0,0,0,0,0,0,0,0.755094794826843,0.755094794826843,0.867781343281585,0.867781343281585,0,0,-1.40072130017042
C3N-01196,GBM,-0.181005202509921,-0.181005202509921,-0.132538765716904,-0.132538765716904,-0.385406640369788,-0.385406640369788,-0.845953515873991,-0.845953515873991,0,0,0,0,0.944008230242842,0.944008230242842,0,0,0.158588258775227,0.158588258775227,-0.862257820582348,-0.862257820582348,0.301915647781374,0.301915647781374,0.130446483455622,0.130446483455622,-0.220772987192627,0.348041402891632,-0.127040639268924,-0.289510954334059,-0.289510954334059,-0.60545608999422,-0.60545608999422,0,0,0.261068845805546,0.261068845805546,1.11636862849578,1.11636862849578,-0.287288548695254,-0.287288548695254,-0.806464415469223
C3N-01334,GBM,0,0,0,0,0,0,0,0,0,0,0,0,0.71605407693651,0,0,0,0,0,-1.35585520139407,-1.35585520139407,0,0,0,0,0,0,0,0,0,0,0,0,0,0.261211997559449,0.261211997559449,0.875120002108539,0.875120002108539,0,0,0
C3N-01364,GBM,-0.0785597980243334,0.596259777187793,-0.857192649373478,0,-0.560603766213332,0,0,0,0.612071358761106,0.612071358761106,-0.847960337135075,-0.847960337135075,0.546581582767192,0.546581582767192,0,0,0.507013700036218,0.83108822326509,-0.757751751585247,-0.757751751585247,-0.872669156757888,-0.872669156757888,0,0,-1.08500121157626,-0.8788913987302,0.46512136954808,0.370194982401535,0.370194982401535,-0.929338663708702,-0.929338663708702,0,0,0.477929441554356,0.477929441554356,0.507013700036218,0.507013700036218,0.457779213188356,0.457779213188356,0.444889283266224
C3N-01366,GBM,0,0,0,0,0,0,0,0,0,0,0,0,1.86287712991397,1.86287712991397,0,0,0,0,-1.09122928520923,-1.09122928520923,0.211582175709782,0.211582175709782,0,0,0,0,0,0,0,-2.1305216926042,-2.1305216926042,-0.17862400794583,0,0,0,0,0,0,0,0
C3N-01367,GBM,0.25950261746525,0.25950261746525,0,0,0,0,0,0,0.755908028886806,0.755908028886806,-0.219719978364133,-0.219719978364133,0.485762362192746,0.485762362192746,0,0,-0.613819026327507,-0.613819026327507,-0.606737410314158,-0.606737410314158,0,0,0.399663031915632,0.399663031915632,-0.628042753731529,-0.651931190807047,-0.659142880805012,0.466072554819859,0.466072554819859,0.266473542276565,0.266473542276565,0.495568157129952,0.495568157129952,0.316590939583095,0.316590939583095,0.442967054127909,0.442967054127909,1.29544279950513,1.29544279950513,-0.609095723828903
C3N-01368,GBM,0,0,0,0,0,0,0,0,0,0,0,-0.992186712145481,0.973553725360795,0.973553725360795,0,0,-0.974916723293753,0,-1.02286795293554,-1.02286795293554,0,0,0,0,0,0,0,0,0,0,0,0,0,0,0,0,0,0,0,0
C3N-01369,GBM,0,0,0,0,0,0,0,0,0,0,0,0,0.575691920504405,0.575691920504405,0,0,0,0,0,0,0,0,0,0,0,0,0,0,0,0,0,0,0,0.533410254251135,0.533410254251135,0.637504232491805,0.637504232491805,0,0,0
C3N-01505,GBM,-0.472469517459651,0,0,0,0,0,0,0,0,0,0,0,-1.91522594870287,-3.32192809488736,0,0,0,0,-1.10486433975044,-1.10486433975044,0,0,0,0,0,0,0,0,0,0,0,0,0,0,0,0,0,-0.289882578702399,-0.289882578702399,0
C3N-01515,GBM,0,0,0,0,0,0,0,0,0,0,0,0,0.890597400048848,0.890597400048848,0,0,0,0,-1.31914746587132,-1.31914746587132,0,0,0,0,0,0,0,0,0,0,0,0,0,0,0,0,0,0,0,0
C3N-01517,GBM,0.257240955057532,0.257240955057532,0,0,0,0,0,0,0,0,0,0,1.06104504995365,1.06104504995365,0,0,-1.13277025723845,0,-1.23192701877061,-1.23192701877061,0,0,0,0,0,0,0,0,0,0,0,0,0,0.801446076222002,0.801446076222002,0.955899903234104,0.955899903234104,1.08057540612004,0,0
C3N-01518,GBM,0,0,-0.468072180493811,-0.468072180493811,0,0,0,0,0,0,0,0,1.1127330084995,1.1127330084995,-0.238119005313482,-0.238119005313482,0,0,-1.1474180786946,-1.1474180786946,0,0,-0.481977592831106,-0.481977592831106,0,0,0,0,0,-0.37565171472923,-0.37565171472923,0,0,0,0,0,0,0,0,-1.20906962232621
C3N-01798,GBM,0,0,0,0,0,0,0,0,0,0,0,0,0.977774451631615,0.977774451631615,0,0,-1.05884201003675,0,-1.075296979865,-1.075296979865,0,0,0,0,-1.09016987080673,0,0,0,0,0,0,0,0,0,0,0,0,0,0,0
C3N-01814,GBM,0,0,0,0,0,0,0,0,0,0,0,0,1.63567125389679,1.63567125389679,0,0,0,0,-1.46041738151659,-1.46041738151659,0,0,0,0,0,-1.41485001263087,0,0,0,0,0,0,0,0,0,0,0,0,0,0
C3N-01815,GBM,0,0,0,0,0,0,0,0,0,0,0,0,0.934492458454119,0.934492458454119,0,0,0,0,-1.28782203350116,-1.28782203350116,0,0,0,0,-1.3371236541007,-1.35080032081401,0,0,0,-0.668713503045873,-0.668713503045873,0,0,0,0,0.70480530698677,0.70480530698677,0,0,-1.3877752520141
C3N-01816,GBM,-1.07603419210722,-1.07603419210722,0,0,-1.13015934037626,0,0,0,0,0,0,0,0,0,0,0,-1.10710023794953,-1.10710023794953,-1.11696498994157,-1.11696498994157,0,0,0,0,-1.15669208865029,-1.15669208865029,0,0,0,-0.911894249617902,0,-1.09071730853712,-1.09071730853712,0,0,-1.11367380149301,0,0,0,-1.17337438072227
C3N-01818,GBM,0.16885730560873,0.16885730560873,0,0,0,0,0,0,0.171646665348345,0.171646665348345,0,0,0.785438459856388,0,-0.173668788883815,-0.173668788883815,0.353893526508112,0.353893526508112,-1.11321301393344,-1.11321301393344,0,0,-0.193225157924165,-0.193225157924165,-0.870276647284028,-0.850407584321544,0,0,0,-0.644419168875486,-0.644419168875486,0,0,0,0,0,0,0.220217033538733,0.220217033538733,-1.08200650364109
C3N-01851,GBM,0,0,0,0,0,0,0,0,0,0,0,0,0,0,0,0,0,0,0,0,0,0,0,0,0,0,0,0,0,0,0,0,0,0.903988163844066,0.903988163844066,0,0,0.977753997651635,-0.531257466957333,0
C3N-01852,GBM,0,0,0,0,0,0,0,0,0,0,0,0,0,0,0,0,0,0,-1.0062292240433,-1.0062292240433,0,0,0,0,0,0,0,0,0,0,0,0,0,0.776234266902806,0.776234266902806,0.908445411385589,0.908445411385589,0,0,0
C3N-01856,GBM,0,0,0,0,0,0,0,0,0,0,0,0,0,0,0,0,-1.19434187044368,-1.19434187044368,-1.17997485978826,-1.17997485978826,0,0,0,0,0,0,0,0,0,0,0,0,0,0,0,0,0,0,0,-1.12062651423279
C3N-01857,GBM,0,0,0,0,0,0,0,0,0,0,0,0,0.942499839320707,0.942499839320707,0,0,-1.94271247593896,-1.94271247593896,-1.14035124636758,-1.14035124636758,0,0,0,0,0,0,0,0,0,0,0,0,0,0.780956702692794,0.780956702692794,0.95492460318682,0.95492460318682,0,0,0
C3N-02181,GBM,0,0,0,0,0.853057835765464,0.853057835765464,0,0,0,0,0,0,0.836201232318926,0.836201232318926,0,0,0.449425408931456,0.449425408931456,-1.22157415584854,-1.22157415584854,0,0,0,0,0,0,0,0,0,0,0,0,0,0,0,0,0,0,0,0
C3N-02183,GBM,0,0,0,0,0,0,0,0,0,0,0,0,0,0,0,0,0,0,0,0,0,0,0,0,-0.473134488117725,0,0,0,0,0,0,0,0,0,0,0,0,2.75679026086118,0,0
C3N-02185,GBM,0,0,0,0,0,0,0,0,0,0,0,0,0,0,0,0,0,0,-1.05885974414914,-1.05885974414914,0,0,0,0,-1.11889684361895,-1.12044788196501,-1.08031106726538,0,0,0,0,0,0,0,0,0,0,2.35527962629955,0,0
C3N-02186,GBM,0,0,0,0,0,0,0,0,0,0,0,0,0.573842236182883,0.573842236182883,0,0,0,0,-1.23945531582827,-1.23945531582827,-0.204767560413808,-0.204767560413808,0,0,0,-1.0169442916268,0,0,0,-0.243249150619973,-0.243249150619973,0,0,0,0,0,0,0,0,0
C3N-02188,GBM,0,0,0,0,0,0,0,0,0,0,0,0,1.57005272215648,1.57005272215648,0,0,0,0,-1.15555273586911,-1.15555273586911,0,0,0,0,0,0,0,0,0,0,0,0,0,0,0,0,0,0,0,0
C3N-02190,GBM,0,0,0,0,0.324152127210296,0.324152127210296,-0.223572750578149,-0.223572750578149,0,0,0,0,-0.755584868397943,-3.32192809488736,0,0,0,0,-1.21371414157451,-1.21371414157451,0,0,0,0,0,-1.16286776739963,0,0,-1.11029222073307,0,0,0,0,0,0,0,0,0,0,0
C3N-02255,GBM,1.02857310651267,1.02857310651267,0.244384213327609,0.244384213327609,0,0,-0.303900216058168,-0.303900216058168,0.238527180117969,0.238527180117969,0,0,0.747839503525327,0.747839503525327,-0.200863715216833,-0.200863715216833,0.38741283487515,0.38741283487515,0.423156127417885,0.423156127417885,-0.170102766408782,-0.170102766408782,0,0,0,-0.749844578038454,0,0.559315587799421,0.559315587799421,0.423156127417885,0.423156127417885,0,0,0.535403769866695,-0.135794363108412,0.53654352530182,0.53654352530182,0.481708951525313,0.481708951525313,-0.844494763030691
C3N-02256,GBM,0,0,0,0,0,0,0,0,0,0,0,0,1.95705757053919,1.95705757053919,0,0,0,0,-1.05005738025193,-1.05005738025193,0,0,0,0,0,0,0,0,0,0,0,0,0,0,0,0,0,1.82720298111552,0,0
C3N-02769,GBM,0,0,0,0,0,0,0,0,0,0,-1.02734521149092,-1.02734521149092,0.953996584104467,0,0,0,0,-0.333354944497623,-1.13191710784476,-1.13191710784476,0,0,0.930970577875171,0.930970577875171,-1.30273742724674,-1.20024618342975,0,0,0,0,0,0,0,0,0,0,0,0,0,0
C3N-02770,GBM,0,0,0,0,0,0,0,0,0,0,0,0,-0.254314711365622,-1.51359297523181,0,0,0,0,0,0,0,0,0,0,0,0,0,0,0,0,0,0,0,0,0,0.978640190394706,0.978640190394706,1.08458388711983,0,0
C3N-02782,GBM,0,0,0,0,0,0,0,0,0,0,0,0,1.09315837481231,1.09315837481231,0,0,-1.17301775669998,-1.17301775669998,-1.14237344650552,-1.14237344650552,0,0,0,0,0,0,0,0,0,0,0,0,0,0,0,1.02723486642485,1.02723486642485,0,0,0
C3N-02783,GBM,0,0,0,0,0,0,0,0,0,0,0,0,0,0,0,0,0,0,0,0,0,0,0,0,0,0,0,0,0,0,0,0,0,0,0,0,0,0,0,0
C3N-02784,GBM,0,0,0,0,0,0,0,0,0,0,0,0,1.60149394684057,1.60149394684057,0,0,0,0,0,0,0,0,1.57466090425157,0,0,0,0,0,0,0,0,0,0,0,0,0,0,0,0,0
C3N-02785,GBM,0,0,0,0,0,0,0,0,0,0,0,0,1.83081373687559,1.83081373687559,0.911548332886332,0.911548332886332,0,0,0,0,0.473457086137508,0.473457086137508,0,0,0.879232761264092,0.956831094500563,0.907963573731719,0,0,0,0,0.705989708299874,0.705989708299874,0,0,0.938983591885634,0.938983591885634,1.58052783376701,0,0.955642354652289
C3N-02786,GBM,0,0,0,0,-1.49146053326651,-1.49146053326651,-1.47733111756536,-1.47733111756536,0,0,-1.51525488518881,-1.51525488518881,0,0,-1.48202882361894,-1.48202882361894,0,0,-1.29432613266757,-1.29432613266757,0,0,0,0,0,-1.52005121043541,0,0,0,-1.44017590874798,-1.44017590874798,0,0,0,0,0,0,-1.34605351525737,-1.34605351525737,-1.32001177992298
C3N-02788,GBM,0.218603479191098,0.218603479191098,0,0,-0.942804905317461,-0.942804905317461,0,0,0.263062217679825,0.263062217679825,0,0,0.858631448250366,0.858631448250366,0.181443037270105,0,0,0,0,0,0.589216020750047,0.589216020750047,0.187660075914376,0.187660075914376,-0.206231174842413,0,0,0,0,-0.251423546801833,-0.251423546801833,0,0,-0.498530288388276,-0.498530288388276,0.176773973208597,0.176773973208597,1.04033197254101,0,0
C3N-03070,GBM,0,0,0,0,0,0,0,0,0.206649865704098,0.206649865704098,0.153871069367156,0,0.205552079250977,0,0.21213768353708,0.21213768353708,0,0,0,0,-0.0155878050405811,0.329145342278142,-0.346116606666898,-0.346116606666898,-0.350691068782629,-0.313005732151386,0,0,-0.183726458513216,0,0,-1.55074605822906,-1.55074605822906,0.341128965227373,0.341128965227373,0.260351483430901,0.260351483430901,0.162679729727435,-0.160057824496735,0.164881124627582
C3N-03088,GBM,0,0,0,0,0.181582465421024,0.181582465421024,0,0,0,0,-0.145129246209409,-0.145129246209409,0.541246581922135,0,0.145206668175004,0.145206668175004,0,0,-0.265345623997323,-0.265345623997323,0,0,0.313023239659909,0.313023239659909,-0.165191902423976,-0.296267160967731,0.26953592993723,0,0,0,0,0,0,0,0,0.575377190058188,0.575377190058188,0.160055001519068,0.160055001519068,0
C3N-03180,GBM,0,0,0,0,0,0,0,0,0,0,0,0,0,0,0,0,0,0,-0.218621087712192,-0.218621087712192,0,0,0,0,-0.270783759451024,0,0,0,0,0,0,-0.190455799283312,0,0.256409130926476,0.256409130926476,0.320865989247381,0.320865989247381,0,0,0
C3N-03182,GBM,0,0,0,0,0,0,0,0,0,0,0,0,-0.772372588487285,-3.32192809488736,0,0,0,0,-1.06080764192383,-1.06080764192383,-0.919971202807933,-0.919971202807933,0,0,0,0,0,0,0,0,0,1.14016738453251,1.14016738453251,0,0,0,0,0,0,0
C3N-03183,GBM,0,0,0,0,0,0,0,0,0,0,-1.00325210354231,-1.00325210354231,-0.186605774152424,-1.30978917583635,0,0,-0.799163614737825,0,-0.990145651591799,-0.990145651591799,0,0,0,0,0,0,0,0,0,0,0,0,0,0,0,0,0,0,0,-1.00762923860875
C3N-03184,GBM,0,0,0,0,0,0,0,0,0,0,0,0,1.01175414105251,1.01175414105251,0,0,0,0,-0.995461026907034,-0.995461026907034,0,0,0,0,0,0,0,0,0,0,0,0,0,0.82250565278803,0.82250565278803,0.970851894518782,0.970851894518782,1.07143918961841,0,0
C3N-03186,GBM,0,0,0,0,0,0,0,0,0,0,0,0,0.910048109820626,0.910048109820626,0,0,0,0,-1.1792341757442,-1.1792341757442,0,0,0,0,0,0,0,0,0,0,0,0,0,0.767723971167231,0.767723971167231,0.80909681617189,0.80909681617189,0,0,0
C3N-03188,GBM,0,0,0,0,0,0,0,0,1.32216196630477,1.32216196630477,0,0,2.35020399771791,0,0,0,0,0,0,0,0,0,0.616532203648714,0.616532203648714,0,0,0,0,0,0,0,0,0,1.22743966440247,1.22743966440247,0.760079478471886,0,0,0,-3.32192809488736
C3N-03473,GBM,0,0,-0.176430479487628,-0.176430479487628,0,0,-0.248216893220342,-0.248216893220342,0,0,0,0,0,0,-0.442146275723898,-0.442146275723898,-0.99596748243681,-0.99596748243681,0,0,0,0,0,0,0,-0.959466164773834,0,0,0,0,0,0,0,0,0,0,0,0,0,0
C3L-00977,HNSCC,0,0,0,0,-1.31841400220093,0,0,0,0.272051277202304,0.272051277202304,-0.424251094174913,0,0,0,0,0,0,0,0,0,0.0421473946089576,0.345047388791941,0,-0.364789622977411,0,0,0,0,0,0,0,0,0,0,0,0.733330960789452,0,0,0,0
C3L-00987,HNSCC,-1.11370148449915,-0.532834995270859,0.206909460007896,0.206909460007896,0,0,-1.13306998354901,-1.13306998354901,-1.13631560407318,-1.13631560407318,-1.14934889600211,-1.14934889600211,0,0,0.348864537511922,0.348864537511922,-0.328308493638982,0.365051535539814,-1.05977481018563,-1.05977481018563,0,0,-0.641907812520233,-1.12659385046336,0.297979033968554,0.441307203033871,-0.316913423987229,0,0,-1.07549293673608,0,0.420202380157636,-0.386059073011115,0.285129902734465,0.285129902734465,-1.1233632997675,-1.1233632997675,0.645528048853562,0.645528048853562,0.377586055290605
C3L-00994,HNSCC,0,0,0,0,-1.26675765479226,0,0,0,2.36851331318146,0,0.738795688125102,0.738795688125102,1.26080598257552,0,0,0,0.723464952450573,0,0,0,-0.809896002994298,-0.809896002994298,0,0,0,0,-1.54945635378461,0,0,0,0,0,0,0,0,0,1.17006158572332,0,0,0
C3L-00995,HNSCC,0,0,0,0,-0.487928837277656,0,0,0,0,0,0,0,0.656442993987835,0,0,0,-0.457987721542887,-0.457987721542887,0,0,0,0,0.575929180907086,0,0.581778648672645,0,0,0,0,0,0,0,0,0,0,0,0,0,0,0
C3L-00997,HNSCC,-0.316558235883561,-0.316558235883561,0.199387265380577,0.199387265380577,-0.471484150182721,-0.471484150182721,-0.430952772737431,-0.219089599969884,0.555835656727142,0.555835656727142,0,0,0.408721727786997,0.408721727786997,-0.510812695837055,-0.243624596298155,-0.458466525352776,-0.209926148923552,0,0,-0.249781155540395,-0.249781155540395,0.446182454676007,0,0,0,0,0,0,0,0,0.32487228354316,0.32487228354316,0,0,0.292065984063622,0.292065984063622,3.01555162994467,-0.517408423400111,0.633888463312724
C3L-00999,HNSCC,0,0,0,0,-0.488511975980488,0,0,0,0,0,0,0,0,0,0,0.807447048724685,0,0,-0.376005363563265,0,0,0,0,0,0,0,0,0,0,0,0,0,0,0,0,0,0,1.89103446179376,0,0
C3L-01138,HNSCC,0.530868167671125,0.530868167671125,-0.920095009913568,-0.920095009913568,-0.679105289395631,0,-0.72752708702698,0,0.51296216213233,0.51296216213233,0,0,0.706544221815842,0.706544221815842,0,0.423757027368332,-0.76528413618717,0,0.480480634863549,0.480480634863549,0,0,0.561086094084962,0.561086094084962,0,0,0.564623054944672,0,0,0.484105862433707,0.484105862433707,0,0,0,0,0,0.667325709059751,-0.78588731267333,-0.78588731267333,0
C3L-01237,HNSCC,0.687399052688117,0.687399052688117,0.612555311334926,0.612555311334926,-0.381286321577575,0,-0.656327916860446,0,1.21663766719786,1.21663766719786,-0.82031612264302,-0.82031612264302,0,0,0,0,-0.625017950951947,-0.625017950951947,-0.634362499016292,-0.634362499016292,-0.209930297714839,0.265107989894425,-0.609534314292971,-0.609534314292971,0,0.773124583207197,-0.662645883375422,0.332662809785727,0.332662809785727,0.646458955734047,0.646458955734047,0,0,-0.625017950951947,-0.625017950951947,0.819587736440595,0.819587736440595,-1.6144010184291,0,0
C3L-02617,HNSCC,0,0,0.278471364474864,0.278471364474864,0.031326395238246,0.825822283691022,-1.23341035427475,-1.23341035427475,0.675176395080815,-0.986493605153989,0.644391396560519,0.644391396560519,0.435014931497142,0.435014931497142,0,0,-0.260900124513064,-0.260900124513064,-0.912429234962057,-0.912429234962057,0.24253640400108,0.24253640400108,0.418677557051643,0.418677557051643,0,0,0.360919482485532,-0.751386007769949,-0.751386007769949,0,0,0,0,0.345918040345366,0.345918040345366,0.330853736367049,0.330853736367049,0,0,0.233925151385116
C3L-02621,HNSCC,0,0,0,0,-1.09932446706165,0,0,0,0,-0.855516812056795,-1.05878370828014,0,0,0,0,0,-0.605554536953109,0,0,0,-0.813517450956625,-0.813517450956625,0,0,-1.53982264662776,0,0,0,0,0,0,0,0,0.653648519162641,0.653648519162641,0,0,0,0,0.825489222052126
C3L-02651,HNSCC,0,0,0,0,-1.71508625145623,0,-1.36119818744217,0,0,0,0,-1.21342461488158,0,0,-1.36981188254942,-1.36981188254942,0,0,0,0,0,0,0,0,-1.63169517742549,0,0.393237346320964,0,-1.39592934835846,0,0,0,0,0,0,0,0,-0.479364282128727,-0.479364282128727,0
C3L-03378,HNSCC,-1.03401288762521,0.616900151623507,0.221624631689693,0,-1.00372630009461,1.28538612554636,-0.780826327378823,-0.780826327378823,-0.207580021361512,-0.207580021361512,0,-0.570327286799047,0.336604021811135,0.336604021811135,0.315018757424758,0.315018757424758,0,0,0.242002659367397,0.242002659367397,-0.335674510989118,-0.335674510989118,0.808605365038188,0.808605365038188,-1.0802604374738,0.221624631689693,-0.279695968287967,0,-0.684929717256967,0.295104982346305,0.295104982346305,0,0,0,0.320428542619515,0.354483232822391,0.354483232822391,-0.985756175621378,-0.985756175621378,-1.04318269334379
C3L-04025,HNSCC,0,0,0,0,0,0,0,0,0,0,0,0,0,0,0,0,0,0,0,0,0,0,0,0,0,0,0,0,0,0,0,0,0,0,0,0,0,2.16099082277482,0,0
C3L-04354,HNSCC,0,0,0,0,0,0.687164723211504,-1.58310226568373,0,0.726213175439087,-1.43661472476081,0,0,0.926999075432118,0.926999075432118,0,0,-1.60587858475919,0,0,0,0,0,0,0,-1.6464662080151,0,0,0,0,0,0,0,0,0,0,0,0,-1.61161931723946,-1.61161931723946,0
C3L-04791,HNSCC,0,0,0,0,-1.56199451162789,0.631982268627262,0,0,0,0,0,0,0,0,-0.467366834149373,0.465491267063142,-1.05097636494457,0.301317677855549,0,0,0,0,0,0,0,0,0,0,0.686638068482858,0,0,0,0,0,0,0,0,0,0,0
C3L-04844,HNSCC,0,0,-0.884215939647843,-0.884215939647843,0.560946276213336,1.1671301749495,-0.838065301494299,-0.838065301494299,0.0222857148702511,-0.794978733617773,0,0,0.652257762627438,0,0,0.685670832419834,-0.792730776406495,-0.792730776406495,0.697236720530198,0.697236720530198,-0.77704919491771,-0.77704919491771,0.630335167492635,0.630335167492635,0,0.63619149435404,-0.77704919491771,-0.178344086959624,-0.178344086959624,0.565407826408986,0.565407826408986,0,-0.794978733617773,0,0,0,0,0.627404173250382,0.627404173250382,0
C3L-04849,HNSCC,0,0,0,0,-0.559653281677248,-0.0866011561889948,-0.514799359875493,-0.31004485971277,0.135980264956228,0.135980264956228,-0.497229647993689,-0.497229647993689,0.573020533114975,-0.403552162822086,0.148223333559745,0.303325238698336,0.354798392013117,0,0,0,0,0,-0.133485726347685,-0.414181160773185,0,0,-0.451537076471958,0,0,0,0,0,0,0,0,0.650872717169151,0.650872717169151,0.530942415479503,-0.562383633377319,0
C3N-00204,HNSCC,0,0,0,0,-0.470394899127205,-0.183463147031882,0,0,0.832476285408068,-0.710623884578475,0.451676274393454,-0.528659007873431,0,0,0.35492878015856,0.35492878015856,-1.10932182509426,-1.10932182509426,0,0,-0.176160836651348,-0.176160836651348,0,0,0,-0.416050127581963,0.201369083566696,-0.145617073972716,-0.562117483114464,-0.539779786403116,-0.539779786403116,0.582654112230833,0.582654112230833,0,0,0.340414803400268,0.340414803400268,-0.243790312741264,-0.243790312741264,0
C3N-00295,HNSCC,0,0,0,0,-0.739335808603213,0.807948969232456,0,0,0,0,0,0,0.405647174215997,0,0.53191468625759,0.53191468625759,-0.447856152328078,0,0,0,0,0,0,0,0,0,-0.837826476529603,0,0,0,0,0,0,0,0,0,0,0,0,0
C3N-00297,HNSCC,0,0,0,0,-0.348444402653498,0,0,0,0,0,0,0,0,0,0.800081103293542,0.800081103293542,0,0,-0.952193892765569,0,0.885601804178066,0.885601804178066,0,0,0,0,0,0,0,0,0,0,0,-0.365216734701158,-0.365216734701158,0,0,0,0,0
C3N-00299,HNSCC,0,0,0,0,0,0,0,0,0,0,0,0,0,0,0,0,0.913737303167629,0.913737303167629,0,0,0.907448263292495,0,0,0,0,0,0.841601299686692,0,0,0,0,0,0,0,0,0,0,0,0,0
C3N-00306,HNSCC,0,0,0,0,-1.19642253432053,0,0,0,1.18405638833219,0,0,0,1.50056857673176,1.50056857673176,-0.881962762514871,0,-0.904719367574967,-0.904719367574967,0,0,0,0,-1.1603266610754,0,0,0,-0.598424855115658,0,0,0,0,0,0,0,0,0.49712567300149,0.49712567300149,0,0,0
C3N-00307,HNSCC,0,0,0.698512458913205,0,-0.189732838493431,0.631089813493608,0,0,0.572868618044672,-1.0780105512824,0,0,0,0,-1.14615862417709,0.149272849255136,-1.20273291507812,0,0,0,-1.13921876281432,-1.13921876281432,0,0,0,0,0,0,0,0,0,0,0,0,0,0,0,2.163011506081,0,0.923935389504996
C3N-00498,HNSCC,-0.589624995520362,-0.589624995520362,0.575697504805928,0,-0.554650157845605,0.419185226170451,-0.846235508871687,-0.846235508871687,0.635145586387725,-0.692852965626743,0,-0.272114790083192,0.653270284383753,0.653270284383753,0,0,0.47938618901659,0.47938618901659,0,0,0,0,0.446231863475941,0,0,0.597135035832607,0,0,0,-0.548143151291215,-0.548143151291215,0,0,-0.563350876736621,-0.563350876736621,0,0,-0.868240934811693,-0.868240934811693,0.490376097901544
C3N-00519,HNSCC,0,0,0,0,0,0,0,0,0,0,0,0,0,0,0,0,0,0,0,0,0,0,0,0,0,0,0,0,0,0,0,0,0,0,0,0,0,0,0,0
C3N-00822,HNSCC,0,0.394590210559462,0,0,-0.0596401093986796,0.430574368855876,0.1461505512714,-0.566208640162179,1.62213359759249,0,0.572764073412073,0.572764073412073,-0.0577588959821343,-0.637007361538863,0.523828119964256,0.523828119964256,0,0,0,0,-0.602505950329722,-0.602505950329722,0,0,-0.648612557541885,-0.272101819015138,-0.674333167778249,-0.674333167778249,-0.24794369274166,0,0,-0.543778386004352,0,0,0,0,0.944882034011589,0.717623365221166,0,0
C3N-00825,HNSCC,0,0,0,0,-0.526423702698664,0,0.43383230145137,-0.506150785607571,0,-0.490085344687175,0,0,0,0,0.0125057585591167,0.444133868516775,0,0,0,0,0,0,0,0,-0.446583862227179,0.576593487327422,0,0,0,0,0,-0.494089129400128,-0.494089129400128,0,0,0,0,-0.609744268719908,-0.609744268719908,0
C3N-00828,HNSCC,-0.239767544832775,-0.239767544832775,0,0,-0.934329166042052,0.616481368509965,-0.748218112997033,-0.748218112997033,-0.551303840911522,-0.551303840911522,0,0,0,0,0.711779213042214,0.711779213042214,0.27921983913996,0.27921983913996,0.219366013323661,0,0,0,0.287376411883418,0.287376411883418,-0.359930409403608,0,-0.632674581792873,0,0,0,0,0,0,0,0,0.387421266610375,0.387421266610375,-0.282531715876189,-0.282531715876189,0.295509584430728
C3N-00829,HNSCC,-0.405055056437519,0,0,0,-0.732517762252179,-0.732517762252179,-0.783040687614099,-0.783040687614099,0,-0.714961862529481,0,0,0.35925110092531,0,1.99234471364072,1.99234471364072,0,0,-0.786049584113828,-0.786049584113828,-0.747256070608367,0,0,0,-0.780035973612567,0,0,-0.264231581139119,-0.264231581139119,0,0,1.22690857653122,0,-0.347242181867433,-0.347242181867433,0,0,-0.735457478643609,-0.735457478643609,0
C3N-00846,HNSCC,0,0,0,0,-0.454929255038246,0,0,0,0,0,0,0,0,0,0,0,0,0,0,0,0,0,0,0,0,0,0,0,0,0,0,0,0,0,0,0,0,2.13830184250706,0,0
C3N-00857,HNSCC,0,1.0784057378518,0.230170559031671,-0.471892669218928,-0.676055336227901,0.144634948186875,-0.632772669487,-0.632772669487,0,0,0,0.488645424727435,1.37520270797452,0,-0.703561957091296,0.461857573310958,0.905460886570499,0,0,0,0,0,3.56808074082445,0.527995861159647,0,0.700548357262531,0,0.468245400049573,1.04289511467054,-0.618452437077854,0,0,0,0.418255224397794,0.418255224397794,0,0,-0.433782114157968,-0.713318364356735,0.410530314649697
C3N-00871,HNSCC,0,0,0,0,-1.14483044700461,0,0,0,-0.03961960154643,-1.1785592060807,0,0,0.0459399817628916,-1.20219809989843,-1.1864122254814,-0.03269631145175,0,0,0,0,0,0,0,0,0,0,0,0,0,0,0,-1.23677404812315,-1.23677404812315,0,0,0,0,0.667510555756298,0,0
C3N-01337,HNSCC,0,0,0,0,0,0,-1.27273246820714,0,0,0,0,0,0,0,-1.03883344892932,0.335597922416287,0.887136842663892,0.887136842663892,-0.463283430560468,0,0,0,-1.38061449916787,0,0,0,-0.624225911745047,0,-0.910119897756328,0,0,0.464784700766604,0.464784700766604,-1.61142465805301,-1.61142465805301,0,0,0,0,0.919617952704368
C3N-01338,HNSCC,0,0,0,0,-0.999524662346087,0,0,0,0.395575885495505,0,0,0,0.254483601292242,0,0,0,-0.891309549765188,0,0,0,0,0,0,0,0,0,0,0,0.300448485830965,0,0,0,0,0,0,0,0,-0.372058649443929,-0.372058649443929,0
C3N-01339,HNSCC,0.3676243877364,0.822574070422823,0,0,-0.491124516377215,-0.0192773193150824,-0.526805369075391,-0.526805369075391,1.23594678512776,-0.452035406454461,0,0,0.0124574367044038,-0.565022155930205,0.567152282948909,0.567152282948909,0.552978955383564,0.552978955383564,-0.480447449596106,-0.480447449596106,-0.388419496440264,0,1.91107038231182,0,-0.250818164340502,0.316795672921364,0,-0.482819059346687,-0.482819059346687,0.579136138056588,0.579136138056588,-0.402519895017858,-0.402519895017858,-0.505380013856391,-0.505380013856391,1.90899956764352,0.6172128098362,0.255793944139987,-0.530381226251563,0.168834007509275
C3N-01340,HNSCC,0,0,-0.405236189054547,-0.405236189054547,0,0,0,0,0,0,0,0,0,0,0.340068145485997,0.340068145485997,0,0,-0.773879432145708,0,0,0,0,0,0,0.955179947348837,0,0,0,0,0,0,0,-1.31811933948324,-1.31811933948324,0,0.80591928019644,-1.13861386650721,0,0.75408849458589
C3N-01620,HNSCC,0,0,-0.578412918070415,-0.578412918070415,-1.38524652686771,0.792989922610598,0.575788642567942,0.575788642567942,1.10150101805345,0,0,0,0.478704824365591,0,-1.39186632361458,0.0620153156406029,0.493898373471072,0.493898373471072,-1.5372275435766,-1.5372275435766,0,0,0,0,-0.378922111444346,0,-0.642568398860947,0,0,0,0,0,0,0,-1.58117911406099,0.427344930361382,0.427344930361382,0.828568169592862,-1.64935994844603,-0.608080373680439
C3N-01645,HNSCC,0,0,0,0,-0.858701989018333,-0.858701989018333,0.784070723369083,-0.64267750516886,0,0,0.408936592297964,0.408936592297964,0.821649004930989,0,-3.10275109540053,-0.119816730782013,0,0,0,0,0,0,0.733938114022017,0,-1.07450113763605,0,0,0,0,0,0,0,0,0,0,1.18889820112851,1.18889820112851,-0.810527833835628,-0.810527833835628,0
C3N-01752,HNSCC,0,0,0,0,-1.03407033249915,0,-1.11691592555181,-1.11691592555181,-0.981597185920746,-0.981597185920746,0,0,0,0,0,0,0,0,0,0,0,0,0,0,0,1.03600642118712,0,0,0,0,0,0,0,0,0,0,0,-1.32423907418709,-1.32423907418709,0
C3N-01754,HNSCC,0,0,0,0,-0.711280855719595,0,-0.433368137025336,0,0.210697997119053,0.210697997119053,-0.647215398314042,-0.647215398314042,0,0,-0.70857554541032,-0.127466552927528,-0.426155189194796,-0.426155189194796,-0.577188610524122,-0.577188610524122,-0.618433265692171,0,0.564723577654041,0,-0.796784357430191,0.690338202678398,0,0.627244283082602,0.627244283082602,0.586816715380025,0.586816715380025,-0.511656777650115,-0.511656777650115,0,0,0.552769160318735,1.08149949572655,-0.716701094128992,0,0
C3N-01755,HNSCC,0,0.783848543247714,1.10648890281585,0,-0.249879844421507,0.373533026776816,0,0,1.0006025520613,0.307994435871626,0,0,0,0,0,0,0.864537774981614,0.864537774981614,0.355947098103854,0,0.482278743935391,0.482278743935391,0.282851398528657,0.282851398528657,-0.304472384101695,-0.692280293711823,-0.687129225169491,0,-0.204865529629966,0,0,0,0,0.524505867307979,0.928575967785889,1.15709089139433,1.15709089139433,-0.139743501316003,-0.752345327351504,-0.638744663057578
C3N-01756,HNSCC,0,0,0.18094501683761,0,1.01835483147744,1.43612877318142,0,0,0.279378218782504,0,0,0.205029916274193,0,0,-0.279082834845029,-0.279082834845029,-0.667966682520927,-0.667966682520927,0,0,0,0,2.17212074163272,0,-0.766038163534,-0.608753556563203,0,0.323747821320764,0.323747821320764,0.419525204905957,0.419525204905957,0,0,0,0,-0.350751492544218,-0.350751492544218,0.106520020044945,-0.461684829818198,0.14816875658758
C3N-01757,HNSCC,0,0,0,0,-0.997321849905803,0,-0.907025540535469,-0.907025540535469,0,0,0,0,0,0,0.628947848021129,0.628947848021129,-0.656010913982719,0,0,0,0,0,-0.448199545987208,-0.448199545987208,0,0,0,0.951274745735246,0.951274745735246,0.384250394072448,0.384250394072448,0,0,0,0,0,0,-1.56179235820929,0,0
C3N-01758,HNSCC,-0.297221018734488,-0.297221018734488,-0.464997332649854,-0.464997332649854,0.344004287476657,1.01453187329552,-0.530249120230825,-0.530249120230825,0,0,0,0,0,0,0.0517854565438058,0.769122612988671,0,0,0,0,0,0,0,0,-0.846766095798163,1.12573951242917,0,0,0,0,0,0,0,-0.322874293375691,-0.322874293375691,0.372142590030299,0.372142590030299,-1.19270524042962,-1.19270524042962,0
C3N-01858,HNSCC,0,0,0,0,-1.21956172719848,0,0,0,0,0,0,0,0,0,0.911700744757974,0.911700744757974,-0.86383872731701,0,0,0,0,0,0,0,0,0,0,0,0,0,0,0,0,0,0,0,0,-0.523412879270416,0,0
C3N-01859,HNSCC,0.10060239608949,0.283172917113565,0,0,-0.153012792596382,0,-0.223871467286431,0,0.576624454038366,0.331585952866686,0,0,0.685046607158873,0.685046607158873,0.262284836829928,0.262284836829928,-2.97243719162106,-2.97243719162106,-0.275477780634664,-0.275477780634664,-0.289669204130243,-0.289669204130243,0.00589301255485284,-0.248809614174636,-0.400231181475607,-0.74653633725381,0,-0.233205184363803,-0.233205184363803,0.214617409148063,0.214617409148063,-0.234762904858254,-0.234762904858254,0.302592220041116,0.302592220041116,0.244112287887127,0.244112287887127,0,0,0.315037788734982
C3N-01943,HNSCC,0,0,0,0,1.46903442204129,1.46903442204129,0,0,0,0,0,-1.38141802906742,0,0,-1.40376573076218,-0.109129094276773,0,0,0,0,0,0,0,0,-1.57321030295009,0,0,0,0,0,0,0,0,0,0,0,0,-0.3061412119876,-0.3061412119876,0
C3N-01944,HNSCC,0,0,0,0,-0.980735396624511,-0.239249570740413,0,0,0.7267563283634,0,0,0,0.348921640697568,0,0,1.18563542860952,0.99111633412978,0,0.31887738339828,0,-0.949178151213565,-0.949178151213565,0,0,-1.15927786791929,0.965826519041782,0,0,0,0,0,-1.09018017610885,-1.09018017610885,0,0,0.386597482649807,0.386597482649807,0,0,0.381252882828453
C3N-01945,HNSCC,0,0,0,0,0,0,-0.309236108078755,-0.309236108078755,0,0,0,0.210698815211528,0,0,0,0,0,0,0,0,0,0,0.208863386784423,0.208863386784423,-0.435267252772746,0,-0.331299500905091,0,0,0,0,0.971417575051775,0.971417575051775,0,0,0,0,0,0,0.24174021839699
C3N-01946,HNSCC,0,0,0,0,-0.403526876120868,0.496857881042094,0,0,0,0,0,0,0,0,-0.417501562953805,0.437033430484584,0,0,0,0,0,0,0,0,0,0.856023530826249,0,0,0,0,0,0,0,0,0,0,0,0,0,0
C3N-01947,HNSCC,0,0,-0.542557193760521,-0.542557193760521,-1.06052154582097,-0.466802908898415,0,0,0,0,0,-0.377266447486738,0,0,0.255081039732712,0.81013986286924,0,0,0,0,0,0,0,0,-0.621548046579779,0.399218310794407,-0.510989629232079,0,0,0,0,0.754563228355018,0.158654535994206,0,-1.09739867544378,0,0,1.27495352176463,-0.631068801733077,0
C3N-01948,HNSCC,0,0,0,0,-0.324328795112177,0,0,0,0,0,0,0,0.255887544079055,0,0.0809448662750634,0.320300187752367,0.326087238122728,0.326087238122728,0,0,0,0,0,0,-0.349006583556981,0,0,0,0,0,0,0,0,0,0,0,0,1.27008671302763,0,0
C3N-02275,HNSCC,0,0,0.978105158672306,0.978105158672306,1.18075171712348,1.18075171712348,0,0,0,0,0,0,0,0,1.17550397769394,1.17550397769394,0.960845834672088,0.960845834672088,0,0,0,0,0,0,0,1.13041262837268,0,0,0,0,0,0,0,0,0,0,0,0,0,0
C3N-02279,HNSCC,-0.433097679786089,-0.433097679786089,-0.56544377565537,-0.56544377565537,-0.784383350335066,0.308605856315696,0,0,1.00682139030609,-0.450480899366576,0,0,0,0,0.568896284848347,0.568896284848347,0,0,-0.899618747771976,0,0,0,-1.38605545576254,-0.453975534705889,0,0,-1.32932921284456,0,0,0,0,0,0,0,0,1.21343217680142,0,-1.28523125485479,-1.28523125485479,0
C3N-02333,HNSCC,0,0,0,0,0,0,0,0,0,0,0,0,1.24794669532969,1.24794669532969,0,0,0,0,0,0,0,0,0,0,0,0,0,0,0,0,0,0,0,0,0,0,0,2.58250666305525,0,0
C3N-02694,HNSCC,0,0,0,0,0,0,0,0,0,0,0,0,0.959632358100332,0,0,0,0.650697499771748,0,0,0,0,0,0,0,0,0.853501632746571,0,0,0,0,0,0,0,0,0,0.878601950171938,0.878601950171938,1.99052579314539,0,0
C3N-02695,HNSCC,0,0,0,0,-0.233413054707641,0,-0.142392244046961,0,0,0,0,0,0,0,0,0,0,0,0,0,0,0,0,0,0,0,0,0.591665608477605,0.591665608477605,0,0,0,0,0,-0.260581774787529,0.690160355827625,0.690160355827625,-0.136029245319718,-0.136029245319718,0
C3N-02700,HNSCC,0,0,0,0,-1.10200068229044,0,-0.652385296575271,-0.652385296575271,0.679645948789998,0,0,0,0,0,0,0,0,0,0,0,0,0,0,0,0,0.26861934741528,0,0,0,0,0,0,0,-1.30197544894109,-1.30197544894109,0,0,-0.953309621019823,-1.45925754169535,0
C3N-02713,HNSCC,-0.552511148109745,-0.0481034204383292,0.426660433225515,0.426660433225515,0,0,0.126851618441845,0.126851618441845,0.2993794471922,-0.553847978178359,0.461722188601346,0,0,0,0.12200927338383,0.12200927338383,-0.451799059525318,0,-0.508568611985146,-0.508568611985146,-0.292247792506983,0,0.504798285382171,0,-0.520519981655324,0.209947189905515,-0.175408879007281,0,0,-0.0406830473165814,0.421976183247021,0,-0.490025847647191,0,0,0.282752827195421,0.282752827195421,0,0,0.522210412311868
C3N-02714,HNSCC,0,0,0,0,-0.512202178657021,0,0,0,1.12604292053076,0,0,0,0,0,-0.5079283525831,0.109250035948752,0,0,0,0,0,0,0,0,0,0.64350496629911,0,0,0,0,0,0,0,0,0,0.570738902792359,0.570738902792359,-0.56866580750932,-0.56866580750932,0
C3N-02716,HNSCC,0,0,0,0,0,0,0,0,0,0,0,0,0,0,0,0,0,0,0,0,0,0,0,0,0,0,0,0,0,0,0,0,0,0,0,0,0,-0.833918359049424,0,0
C3N-02727,HNSCC,0,0,0,0,-1.28807384187335,-1.28807384187335,0,-1.25829556832204,1.71103546713504,-0.906116286950782,0,0,0,0,0,0,-0.609410609838902,0,-0.56359195054891,0,0,0,0,0,0,-1.12617965199173,0,0,0,0,0,-0.570062518757679,-0.570062518757679,0,0,0,0,2.17200452411258,0,0
C3N-02925,HNSCC,0,0,0,0,-0.344367413627412,-0.344367413627412,0,0,0,0,0,0,0,0,0,0,0.504265894061086,0.504265894061086,0,0,0,0,0.653008119655318,0,-0.360384968396753,0.395616888712687,0,0,0.308585906323648,0,0,0,0,0,0,0,0,1.08483784670459,0,0
C3N-03008,HNSCC,0,0,-0.54026994553574,-0.54026994553574,-0.0253529679572603,0.820941718507644,-0.571269309192931,-1.17874402976245,-0.456372182803481,-0.456372182803481,0,0,0,0,-1.07481575422576,0.164410267185853,-0.449504231413829,-0.449504231413829,-0.470163670614459,-0.470163670614459,0,0,0,0,0,1.03622360204508,0,0,0,0,0,0,0,0,0,0,0,0.454836877365269,-1.16625167077605,-0.422214529063925
C3N-03009,HNSCC,-0.819693434690789,0.346794110563651,0.748303474734873,0.748303474734873,0.704666106750419,1.25223558176631,-0.840728742585701,-0.285559114666306,0,0,0.318041761436719,0.318041761436719,0,0,0.678282768790296,0.678282768790296,0,0,-0.337763774044612,-0.337763774044612,-0.204233449793987,-0.204233449793987,0,0,0.858491602093343,0.638415611221008,0,0,0,0.531815559868316,0.531815559868316,-0.204233449793987,-0.204233449793987,0,0,0,0,-0.847779757610503,-0.847779757610503,0
C3N-03011,HNSCC,-0.376640811377529,0,0.638759038641807,0.638759038641807,-0.246437076784683,-0.246437076784683,-0.716510962993392,-0.716510962993392,-0.880571694300299,-0.880571694300299,0.243940437256903,0.243940437256903,0.390434491230862,0.390434491230862,0,0,-0.600836442999201,-0.600836442999201,0,0,-0.80978118341453,-0.80978118341453,0.26975386125023,0.26975386125023,0,-0.604137584276714,-0.179090968116048,0,-1.42975658238685,0.359835905602346,0.359835905602346,0.394413795532806,0.394413795532806,0,0,0.373159452065298,0.373159452065298,-0.290404042984156,-0.290404042984156,0
C3N-03012,HNSCC,-0.688154053279263,0.0753152964695462,0.604751478579832,0,-0.0263598245158119,0.552424542837229,0,0,-0.643173200989059,-0.643173200989059,0,0,0,0,-0.626028415374993,-0.626028415374993,0,0,0.743902973845154,0.347863721101604,0,0,-0.648333268294924,0,-0.691638841226768,-0.586912651446763,0,0,0,0.552424542837229,0.552424542837229,-0.648333268294924,-0.648333268294924,0,0,4.16667149620456,4.16667149620456,-0.458991422658631,0,0
C3N-03013,HNSCC,0,0,0,0,-0.519768989396717,0,0,0,0,0,0,0,0,0,0,0,0,0,0,0,0,0,0,0,-0.68191345291033,0,0,0,0,0,0,0,0,0,0,0,0,0,0,0
C3N-03015,HNSCC,0,0,0,0,-0.845127912141247,0,0,0,0,0,0,0,0,0,0,0,-0.749632349034138,0,0,0,-0.850297391570542,-0.850297391570542,0,0,-0.68235583466644,0,0,0,0,0,0,-0.794236667440018,-0.794236667440018,0,0,0,0,-0.865896153305074,-0.865896153305074,0
C3N-03027,HNSCC,0,0,0,0,-0.594094905646226,0,-0.937519063706179,-0.937519063706179,1.3994583150629,-0.803986243513728,0,0,0,0,1.08020722552194,1.08020722552194,-0.649146543120559,0,0,0,-0.728898742044047,-0.728898742044047,0.806228103517978,0,0,0,0.412992746313809,0,0,-0.756224310048444,0,0,0,0,0,0,0,-1.05346816896165,0,0.721299444459456
C3N-03028,HNSCC,0,-0.761145353989322,-0.496139712354666,0,-0.891697057870068,-0.891697057870068,1.13492936555404,0,0,0,0,0,0.440100287341041,0,0.370105462143112,0.370105462143112,0.525783227513226,0.525783227513226,0,0,0,0,-0.311789606161128,0,0,1.10111943665557,0,0,0,0,0,0.434166592898089,0.434166592898089,0,0,0.657289784432637,0.657289784432637,1.47741082971742,0.329325788438199,0
C3N-03042,HNSCC,0,0,-0.400676711931575,-0.400676711931575,0,0,0,0,0,0,0,0,0,0,-1.19675644279784,0.653181106107447,0,0,0,0,0,0,0,0,-0.263976695723326,0.218639544366558,0,0,0,-1.04293082984398,0,0.780821833700079,0.780821833700079,0,0,0,0,0,0,0
C3N-03045,HNSCC,0,0,0,0,-1.16863120349238,0,0,0,0.650272413665946,-1.37235904364269,0,0,0.710746679523022,0,-1.36546282711777,0.0097233926739107,0.874753659370972,0.874753659370972,-1.01754255782121,0,0.920019975233785,0.920019975233785,0,0,0,0,0,0,0,0,0,0.501397791684128,0.501397791684128,0,0,0.988523726277946,0.988523726277946,0,0,0
C3N-03226,HNSCC,0,0,0,0,-1.45495855268207,0,0,0,0,0,0,0,0,0,0,0,0.777330176548113,0.777330176548113,0,0,0,0,0,0,0,0,0,0,0,0,0,0,0,0,0,0,0,2.41270232284843,-1.48715273699126,0
C3N-03433,HNSCC,0,0,0,0,0,0,-0.575698771853396,-0.575698771853396,0,0,0.289479790654248,0.289479790654248,0.338221470141078,0.338221470141078,-0.254068014395225,0.301251264606959,-0.3851421829653,0,-0.553730770066524,-0.553730770066524,-0.444334727033731,0,0,0,0,0.372828751795901,0,0.289479790654248,0.289479790654248,-0.478464038450358,-0.478464038450358,0.38808330648075,0.38808330648075,0,0,0.237915010315731,0.237915010315731,-0.654319467828023,-0.654319467828023,0
C3N-03456,HNSCC,0.664670987110024,0.664670987110024,0,0,0.364476296231336,0.938041043249115,-0.831303633370242,-0.831303633370242,0.478103765217258,-0.145976000102177,0,0,0,0,0,1.13911541446824,-0.599485302967484,0,0,0,-0.581501232670849,-0.581501232670849,1.72146341474106,0,-0.848797532799139,0.630514466349028,0,0,0,0,0,0,0,-0.650040936239404,0,-0.224900782846494,0.121045209801967,-0.324003448653699,-0.779497937629899,-0.682876133043955
C3N-03457,HNSCC,0,0,0,0,0,0,0,0,0.604557878195958,0,0,0,0,0,-0.598689759831621,-0.598689759831621,-0.634645356675663,-0.634645356675663,0,0,0,0,0,0,-0.671339238851456,-0.808968055920794,0,0,0,0,0,0,0,0,0,0,0,1.54723547586766,-0.438205569777731,0.496569935605412
C3N-03458,HNSCC,0,0,-0.331359136809351,-0.331359136809351,0,0,-1.31112006507811,-1.31112006507811,0,0,0,0,0.263169117923332,0.263169117923332,0.356653001168055,0.356653001168055,-0.333838343851256,-0.333838343851256,0,0,0,0,0,0,-0.52218490153597,0,-0.309159676774677,0,0,0,0,0,0,0,0,0,0,0,0,-0.36881773936755
C3N-03487,HNSCC,0,0,0,0,-1.47822479638106,0.63701790657023,0,0,0.826381802660721,0.826381802660721,0,0,0,0,-0.60091236430321,0,0,0,0,0,0,0,0,0,0,-1.01882273453334,0,0,0,0,0,0,0,0,0,0,0,0,0,0
C3N-03488,HNSCC,0,0,0.25139992397667,0,-0.526380215595521,0,0.435363101198095,0,0.156331081116305,0,0,0,0.133313845500948,0.133313845500948,0,1.23505248172685,-0.14298005288446,0,0,0,0,0,0.695180265446662,0,0,0.442726965372462,0.463553694956628,0,0.486765851852806,0,0,0,0,0,0,0.445180042361988,0.445180042361988,0.968561614917094,-0.141639938590836,0.506260810126997
C3N-03490,HNSCC,0.408794932837607,0.408794932837607,1.14696341878331,0,0,0,0,0,2.1200019357297,0,0,0,0.662713032851109,0.662713032851109,0.883267946221956,0.883267946221956,0,0,0,0,0,1.31478542444961,0.523204137491427,0,0,0.664189218526582,0,0,0,0,0,-0.184001569940504,-0.184001569940504,0,0,1.32780361403702,0.795128866952684,0,0,2.9965500282633
C3N-03612,HNSCC,0,0,0,0,0,0,0,0,0,0,0,0,0,0,0,0,0,0,0,0,0,0,0,0,0,0,0,0,0,0,0,0,0,0,0,0,0,1.83867060426756,0,0
C3N-03619,HNSCC,0,0,0,0,-1.04982041809338,0,-1.31635208554187,-1.31635208554187,1.98158883629404,-1.3715649459517,0,0,0,0,-0.840509524316796,-0.840509524316796,-1.54955829440845,0,0,0,-1.254225785647,0,0,0,-2.21673788286054,0,0,0,0.665015783257162,0,0,-1.2983580824159,-1.2983580824159,0,0,0,0,-3.32192809488736,-3.32192809488736,0
C3N-03620,HNSCC,0,0,0,0,0,0,0,0,0,0,0,0,0,0,0,0,0,0,0,0,0,0,0,0,0,0,0,0,0,0,0,0,0,0,0,0,0,0,0,0
C3N-03664,HNSCC,0,0,0,0,-0.780621854148961,-0.780621854148961,0,0,-0.56745617029702,-0.56745617029702,-0.643493149443459,-0.643493149443459,0,0,-0.62530196281039,0.680010747948492,0,0,0,0,-0.534072841423543,-0.534072841423543,-0.589261861341749,-0.589261861341749,0.52666626267172,-0.647551446154897,0,0,0,0,0,0,0,-0.62530196281039,-0.62530196281039,0,0,-0.704988289815764,-0.704988289815764,0.701125341679124
C3N-03781,HNSCC,0,0,0,0,-1.40028070870664,0,0,0,0.391803649814755,0,0,0,0,0,-1.22999805414891,0,-1.35944373654005,0,-1.06371884593726,0,0,0,0,0,-1.74321567987995,0,0,0.86552258747975,0,0,0,0,0,0,0,0,0,1.73828586658398,-1.52909692048135,0
C3N-03782,HNSCC,0,0,0.491808387064379,0.491808387064379,0.182006897471154,0.809087244735313,0,0,0.928813283162761,0,0,0,0,0,0,0.988081708623652,0.391857181065453,0.391857181065453,0,0,-2.35916978198925,-2.35916978198925,0.946633916467114,0,0,0.510625615509582,-0.564110435756573,0,0.902612734048804,0.441381605353017,0.441381605353017,0,0,0,0,0.499341256169624,0.499341256169624,0,0,0.943072573124145
C3N-03783,HNSCC,0,0,-1.31413660100001,0,0.0817345405471395,0.804819426040782,-1.77207516878816,-1.77207516878816,0.791808564662612,-1.14124072962077,-0.787440583650143,0,0,0,1.47583755381675,1.47583755381675,-1.26131568639631,-1.26131568639631,-0.985131037968403,-0.985131037968403,-1.21018677014524,-1.21018677014524,0.567919310645807,-1.10313048095994,-1.9072345295255,0,-1.34669164698037,0,0,0,0,0,-0.711582074450228,0,0,0,0,0,0,0
C3N-03785,HNSCC,0.90374784652067,0.90374784652067,0,0,0,0,-1.04667566112383,-1.04667566112383,0,0,0,0,0,0,0,0,-0.999770930345163,-0.999770930345163,0,0,0,0,0,0,-1.06333163546236,0,0,-0.995652257840823,-0.995652257840823,-0.965545326547737,-0.965545326547737,0,0,0,0,0,0,-0.119467302986356,-0.119467302986356,0
C3N-03837,HNSCC,0,0,0,0,-1.31126153139681,0,0,0,0,0,0,0,0,0,0,0,0,0,0,0,0,0,0,0,0,0,0,0,0,0,0,0,0,0,0,0,0,0,0,0
C3N-03841,HNSCC,0,0.549528997918935,0.447752731738319,0,-0.716225808938057,0,-0.774505279096387,-0.774505279096387,0,0,-0.646631372351402,0,0,0,0,0,-0.75580221434334,-0.75580221434334,0.53108832445987,0,0,0,0,0,0,0,-0.703181664213442,0,0,-0.70578468316479,0,0.524358922310156,0.133801191681522,0,0,0.612518251614293,0.612518251614293,0.795373321332528,-0.747832758492907,-0.708390598626169
C3N-03849,HNSCC,0,0,0.511418555975253,0,-0.0155642045392721,0.560874849978193,-0.561167772683402,0,0.99904644234461,-0.676029409179098,0,0,1.06619366324256,0.486436251638317,0,0,0,0,0.372649808054365,0,0,0,0,0,0,0,0,0.664242022086824,0.664242022086824,0,0,0,0,0,0,0,0,0,0,0.567419133348593
C3N-03876,HNSCC,0,0,0.269024357185293,0,0.722681187678914,1.21082346398018,0,0,-0.781882766733023,-0.781882766733023,0,0,0.397284761695467,0.397284761695467,0.576509009716041,0.576509009716041,-0.920881385346175,0,0,0,-0.814127105863328,-0.814127105863328,0.301757568154221,0.301757568154221,0,0.301757568154221,-0.371359506875382,0.35115349895892,0.35115349895892,0,0,0,0,0,0,0,0,0.0974126585546191,-0.85057538296353,0.324399761622696
C3N-03878,HNSCC,0,0,0,0,0.0140011209490211,0.841144664866701,0,0,0,0,0,0,0.786131180274972,-0.291419271681699,0,0,-1.24600575957362,0,0,0,0,0,0,0,0,0,0,0,0,-1.04922283744456,0,0,0,0,0,0.944412875038211,0,0.525680005610483,-1.10855932622741,0.233171959622236
C3N-03888,HNSCC,0,0,0,0,-0.51793144022247,0,-0.161861357386988,-0.161861357386988,-0.306019730634102,-0.476559935392302,0,0,0,0,0,0.421823316282483,0,0,0,0,0,0,0,0,-0.589971585238922,0,0,0,0,0,0,0,-0.332953702041967,0,0,0,0,-0.23665520791368,0,0
C3N-03889,HNSCC,0,0,0,0,0,0,-0.193089002238715,-0.193089002238715,0,0,0,0,0,0,0,0,0,0,0,0,0,0,0,0,0,0,0,0,0,0,0,0,0,0,0,0,0,-0.237324450430688,0,0
C3N-03928,HNSCC,0,0,0,0,-0.91824788219236,0,0,0,0,0,0,0,0,0,-0.635753592923776,-0.635753592923776,0,0,-0.829807099703437,0,-0.932275027976655,0,0,0,1.13718005468843,0,0,0,0,0,0,0.824743319115044,0.824743319115044,0,0,0,0,-0.571820204526318,0,0
C3N-03933,HNSCC,0,0,0,0,0,0,0,0,0,0,0,0,0,0,0,0,0,0,0,0,0,0,0,0,0,0,0,0,0,0,0,0,0,-0.29167653903478,-0.29167653903478,0,0,1.07888912741299,0.413683624925488,0
C3N-04152,HNSCC,0,0,0,0,-1.27157768854078,-0.0874476759123473,0,0,0.00596608029017762,-0.928282743047671,0,0,0.450772874406273,0,0,0,-1.22815080771873,0,0,0,0,0,0,0,-1.22384654762764,0.162684409983015,0,0,0,-1.21525857322106,0,0,0,0,0,0,0,-3.10073850749418,-1.63559021551982,0
C3N-04273,HNSCC,-0.147793144069978,0.510135296605929,0,0,-0.764856873821951,0,-0.979580192201982,-0.979580192201982,2.08916973601338,-0.638127795822739,0.225657139999611,0.225657139999611,0,0,0.0280816708952424,0.348471699799217,0.870115555475887,0.870115555475887,0,0,-0.82549605570034,0,0,0,0.318043356654889,0,0,-0.956251246459004,-0.956251246459004,-0.430826415795028,-0.430826415795028,0,0,0.00740708675723595,-0.995235556668387,-0.217444168908772,-0.217444168908772,0,0,-0.896812311718292
C3N-04275,HNSCC,0,0,0,0,0,0,0,0,1.42100644311869,0,0,0,0,0,0,0,0,0,0,0,0,0,0,0,0,0,0,0,0,0,0,0,0,0,0,0,0,2.65113364430119,-1.01540858583344,0
C3N-04276,HNSCC,0,0.599392379104393,0.951007362770512,0,-0.0918740611754348,0.798471668689854,0,0,0,0,0,0,0.940035958042161,0,0.786035700066906,0.786035700066906,-0.712215381895554,0,0,0,0,0,0,0,0,-1.1702431627032,0,0,0,0,0,0,0,0,0,0,0,-1.14114530531962,-1.14114530531962,-1.09897289781867
C3N-04277,HNSCC,0,0,0,0,-0.860070380385863,0,0,0,0,0,0,0,0.930124016230336,0.930124016230336,0.481890499991977,0.481890499991977,0,0,-0.783328808740956,0,0,0,0,0,0,0,0,0,0,0,0,-0.918171624026742,-0.918171624026742,-0.690437836389125,-0.690437836389125,1.22171726394455,1.22171726394455,2.67561819726881,0,0.766063459873381
C3N-04278,HNSCC,-0.584791154755776,0,0,0,0,0,-0.842351785861188,-0.842351785861188,0,-0.764257947162615,0,0,0,0,0.518336739455994,0.518336739455994,0,0,0,0,0,0,1.16056099002902,0,0,-0.890635244868931,0.661223186625916,0.969153325170233,0.969153325170233,-1.21086344697636,-1.21086344697636,0,0,0.540455372503809,0,0.0132687259123738,-0.871187943570911,-1.03914073818775,-1.03914073818775,0.652363429865625
C3N-04279,HNSCC,0,0,0,0,-1.26809700578092,0.863890629219698,0,0,0,0,0,0,0.939352233310769,0.939352233310769,0,0,0,0,0,0,-1.26133995782965,-1.26133995782965,0,0,-1.29074878120996,0,0,0,0,0,0,1.72615466785201,-1.25460044261986,0,0,0,0,-1.20130054877725,-1.20130054877725,0.922798618026481
C3N-04280,HNSCC,0,0,0,0,0,0,0.19442673750186,0.19442673750186,0,0,0,0,0,0,0,1.33294408261513,0,0,0,0,0,0,0.848464735901078,0.848464735901078,0,0,0,0,0,0,0,0,0,0,0,0,0,0,0,0
C3N-04611,HNSCC,0,0,0.0578660278581679,-0.40655111057374,-0.00980216982834512,0.361977261146174,0,0,-0.526074192354542,-0.526074192354542,0.474983548371263,0.474983548371263,0,0,0.529486016484609,0.529486016484609,-0.569102249831888,-0.569102249831888,0,0,0.367487088584082,0.367487088584082,0,0,0,0,0,0,0.782592903671639,0,0,0,0,0,0,0.587772518650041,0.587772518650041,0,0,0.532050150785016
C3L-00081,LSCC,-0.697549526672418,-0.215135801985535,0.757425649552195,0,-0.728580210072399,0.643802466492858,0,0,0.904196110953196,-0.761910537622095,-0.693693272358034,0,0.551427070453812,0.551427070453812,0.418937601027147,0.418937601027147,0.297378374824998,0.297378374824998,-0.714964479957525,-0.714964479957525,0.443163574985341,0.443163574985341,0.414649771181441,-0.797620185548863,0,0.279748216815617,0,0,0,-0.756001198749158,-0.756001198749158,0,0,-0.720792150048471,-0.720792150048471,0.666987785143031,0.666987785143031,-0.781695077364032,-0.781695077364032,0
C3L-00415,LSCC,0,0,0.417265138055451,0.417265138055451,-0.698785969039172,-0.698785969039172,0,0,0.356549284988068,-0.490548283010152,0,0,0.660418530591656,0.660418530591656,0,1.0661223133614,-0.673888400216994,-0.673888400216994,0,0,0,0,0,0,0,0.371157964764093,0,0.608558237337117,0.608558237337117,0,0,-3.32192809488736,-3.32192809488736,0.632037229175044,0.632037229175044,0.668100023085845,0.668100023085845,-0.678840528389638,-0.678840528389638,0.751003471072229
C3L-00445,LSCC,0.799215232364046,0.799215232364046,0.615417836505415,0,0.732210891982155,0.732210891982155,-1.03751514989772,-1.03751514989772,2.05970439961746,0,0,0,1.08449997709974,1.08449997709974,-0.197127545528394,0.97831649857917,-3.32192809488736,-3.32192809488736,0,0,0,0,0.41925960579963,0.41925960579963,0.50644224553574,-0.205215123675805,-0.256291708228674,0.597996820510263,0.597996820510263,0,0,0,1.32155598729838,0,0,1.11703266647356,1.11703266647356,2.55883043511431,0,0.63433492012952
C3L-00568,LSCC,0,0,0,0,-0.557247018613218,-0.557247018613218,-0.470811289088887,-0.470811289088887,-0.111230355653101,-0.972571426800449,0,0,0.365766324176404,0,0,0,-1.69908746808185,0,0,0,-0.92047125901225,-0.92047125901225,0,0,0,-0.845180538468564,0,0,0,0,0,0,0,0.550661619854073,0.550661619854073,0,0,0,0,1.17745307424283
C3L-00603,LSCC,0,0,0.22118401156996,0.22118401156996,-0.987411318112919,1.22936258309163,0,0,0,-0.926956178740492,0,0,0,0,0.237090997604485,0.237090997604485,-0.993527916699162,-0.993527916699162,0.216836317726473,0.216836317726473,0,0,0,0,-1.19675907269454,-0.987411318112919,-0.339962699402232,0,0,0,0,0,0,-0.901147657394697,-0.901147657394697,0.34274258699295,0.34274258699295,-0.726503234929886,-0.726503234929886,0.297339218310241
C3L-00904,LSCC,0,0.643378059615644,0,0,0,0,0.389351228756548,0,0,-0.754471185933716,0,0,0,0,0,0,-0.831369627981584,0,-0.73832513497135,-0.73832513497135,0,0,0.734395721791106,0,0,-0.825789361631373,0,0,0,0,0,0,-0.643743151360186,-0.467563330498923,-0.467563330498923,0,0,0,0,0.209250872456528
C3L-00923,LSCC,0,0,0,0,0,0.39714650808005,-0.991494431809577,-0.991494431809577,1.38978699900632,-0.826784955318761,0,0,0,0,0,0,-0.86821950823906,-0.86821950823906,0,0,0,0,0,0,-0.786341736776341,0,0,0,0,0,0,0,0,0,0,0,0,1.63081931692927,0,0
C3L-00927,LSCC,0,0,0,0,-1.2437757430535,0.861504156331699,0,0,-0.376451248028616,-1.13597539421657,0.809261303155165,0,0,0,0,0,-1.26449932537357,0,0,0,0,0,0,0,0,0,0,0,0,-0.85802003570444,0,0,0,0,0,0,0,0,0,-1.12280707960586
C3L-00965,LSCC,-0.624623859844059,-0.624623859844059,0.699051471876739,0,-0.583373622433229,0.870546491100885,-1.69741248369155,0,0.680971913834778,-0.550378909746473,0,0,0.656173426973291,0,1.73460156721371,1.73460156721371,-0.527800439801335,-0.527800439801335,-1.24780604040994,-0.637664489325367,0.215978859082495,0.215978859082495,0,0,-0.690570130124947,0.632874453449045,0,-0.714778909944567,-0.714778909944567,0.277853332325201,0.831153890476434,0,0,-0.808631225702653,-0.808631225702653,0.928143642366602,0.928143642366602,0.204593981268976,0.204593981268976,-0.485720692364366
C3L-00993,LSCC,0.529566919678637,0.529566919678637,0.640344973280577,0,-0.383919217655321,0.754348970863179,0,0,1.74553100647439,0.540277628391504,0,0,0,0,1.32917604786563,1.32917604786563,-0.334734415872514,-0.334734415872514,0,0,0,0,0,0,-0.248609181719777,0.572202500713178,0,0.253199959693688,0.253199959693688,-0.369058928105627,-0.369058928105627,0,0,0,0,0.227682217315849,1.5617056648902,-0.312920375868183,-0.312920375868183,1.8226888216581
C3L-01000,LSCC,0,0,0.349707771524347,0.349707771524347,-0.565082740490243,1.17229505110437,0,-0.482973052118535,-0.106053371191231,-0.55867842941972,0,0,0,0,0,1.62583448921068,0.167369419729475,-0.569360699117161,0,0,0.505301196611809,0.505301196611809,0.408577393334917,0,-1.05822386283401,0.641795945432668,-0.567220875462886,0,-0.474687888589037,0,0,0.44003433323045,0.44003433323045,-0.548037996218309,-0.102400760436516,0,0.938003015544494,0,0,0
C3L-01285,LSCC,0,1.5989404983086,1.61981056381827,0,0,0.597497638962078,-0.145877018946621,-0.145877018946621,-0.142436965217653,-0.142436965217653,0.541936435065654,-0.167688542888657,0,0,2.23057492146722,2.23057492146722,0,0,0,0,0,0,2.36306079798267,0.735123211205124,0.698377123538976,1.26737661853109,0,0,0,-0.431815116146964,-0.431815116146964,0,0,0,0,0,0,1.47554246197879,0,0.84280695832906
C3L-01455,LSCC,0.514349975721434,0.514349975721434,0.484057676657485,0,0,0,0,0,1.56046480443096,0,0,0,-0.656818193210209,0,0,0,-0.730515952289499,-0.730515952289499,0,0,0,0,0,0,-0.847580228071152,0.491674766277308,0,0,0,0,0,0,0,-0.614108785089202,0.0630922613941548,0.506820649241629,0.506820649241629,-0.745654831964455,-0.745654831964455,0
C3L-01606,LSCC,0,0,0,0,-1.17677952632039,0,0,0,0,-1.3082263403952,0,0,0,0,0.861816549661996,0.861816549661996,0,0,0,0,0,0,0,0,0,0,0,0,-1.3572357008974,-1.66680296623016,-1.66680296623016,0,0,0,0,0,0,0,0,0
C3L-01663,LSCC,0,0.430806424547152,0.28468846946387,0,-0.734757979371092,-0.0499565921290883,0,0,2.64355667922133,-0.787177888977979,0,0,0,0,-0.244580270874135,0.380131744103795,-0.874007262313016,-0.874007262313016,0,0,-0.808533799517782,-0.217303355497261,0,0,0,-0.900064821755212,0,0,0,0,0,-0.430466034432754,-0.430466034432754,-0.773065661868693,0,0.352284330050832,0.352284330050832,1.59805182094734,-0.534388883491468,0
C3L-01838,LSCC,0,0,0,0,-0.686633658322485,0,0,0,1.95930994294273,-0.670904236981864,0,0,0,0,-0.64499262282847,0.987702505953276,-0.740093405313744,-0.740093405313744,0,0,0,0,0,0,-0.800828507478215,0,0,0,0,-0.846357194921466,-0.846357194921466,0,0,0,0,0.338835905434877,0.338835905434877,0,0,0.835950459198816
C3L-01884,LSCC,0,0,0,0,0,0,0,0,0,-0.960360549716138,0,0,0,0,0,0,-1.3133886231492,-1.3133886231492,0,0,-1.18537366931911,-1.18537366931911,0,0,-1.42676043320294,0,0,-1.18537366931911,-1.18537366931911,-1.19227618323765,0,0,0,0.20611702226625,0.20611702226625,0,0,1.27774297323176,-0.496229949313163,0.242604685658477
C3L-02127,LSCC,-0.355785571017175,1.1237243156589,0,0,0.448320736743894,0.448320736743894,-0.863173792264791,-0.863173792264791,0.411638802393566,0.411638802393566,0,-0.228460249962737,0.273534402596933,0.273534402596933,0,0.274933865966992,0.215816916007181,0.215816916007181,-0.160139103071464,-0.160139103071464,0,0,0,-0.200371214269903,0,-0.258325856574467,0,-0.208154059090707,-0.208154059090707,0,0,-0.70561321141617,-0.357404121862837,-0.317145933462754,-0.61566553764972,0,0,-0.286829939476861,-0.286829939476861,0
C3L-02130,LSCC,0,0,0,0,-0.747405363666343,0.662984542806164,0.346316779538975,0.346316779538975,-0.62958103600706,-0.62958103600706,0,0,-0.00712992914032824,0.426171424208411,0.352333586261504,0.352333586261504,-0.931421067342222,-0.931421067342222,0.469310592745324,0,0,0,0.408676617659476,0.408676617659476,-0.463810398702341,0,0,0,0,0.455024101776589,0.455024101776589,0,0,0,0,0.765366671796584,0.765366671796584,-0.913870765861933,-0.913870765861933,0.429073733624045
C3L-02163,LSCC,0,0,0,0,0.0407226408912679,0.643427892884364,-0.709545304673809,-0.709545304673809,0.38599561197169,-0.669675986628641,-0.628602713429111,-0.628602713429111,0.54295654019728,0,0,0,0,0,-0.671328503894007,-0.671328503894007,-0.659776524673914,-0.659776524673914,0,0,-0.746484596131667,0,-0.666373191370191,0,-0.671328503894007,0,0,0,0,0,0,0,0,-0.744797193810297,-0.744797193810297,0.152779633139237
C3L-02164,LSCC,0,0,0,0,0,0,0,0,0,0,0,0,0,0,0,0,0,0,0,0,0,0,0,0,0,0,0,0,0,0,0,0,0,0,0,0,0,2.84834450548525,0,0
C3L-02168,LSCC,0.331949037646249,0.624186450134644,0.891624663857643,0,-0.601563434016692,1.9250372134878,-0.662263136803622,-0.662263136803622,1.16258848470775,-0.617957265894403,-0.322196205226554,-0.322196205226554,0.93808580807129,0,0,0,0,0.469580344253283,0,0,0,0,0.589277194163521,0.589277194163521,0,-0.713175491491319,0,0,-0.329464700673447,0,0,0,0,0.480480634863549,0.480480634863549,1.08194925312492,1.08194925312492,0.644961003316023,0,1.5328907572432
C3L-02170,LSCC,0,0,0,0,0,0,0,0,0,0,0,0,0,0,0,0,0,0,0,0,0,0,0,0,0,0,0,0,0,0,0,0,0,0,0,0.661779870541531,0.661779870541531,0,0,0.526859055299684
C3L-02349,LSCC,0,0.36966424223933,0,0,0,0,-0.355567207996564,-0.355567207996564,-0.14891901192952,-0.433726116434187,-0.0111407121023766,-0.371614028375723,0,0,0,0,-0.438341035076219,-0.438341035076219,-0.287047916495426,-0.287047916495426,-0.297300177044606,-0.297300177044606,0.332635372408091,0.332635372408091,-0.223452508507576,-0.282494205553282,0,-0.273392011426577,0.0355916998052046,0,0,-0.225718051767535,-0.225718051767535,0,0,0.487867804693282,0.487867804693282,0.168300791071257,0,0.292249603499094
C3L-02358,LSCC,-0.302432250360956,-0.302432250360956,0.320301100185202,0,0,0.288476028802081,0,0,-0.285472463547157,-0.908055100513439,0.294853119892335,0.294853119892335,0.230803549014379,0,0,0,-0.481295846361047,-0.481295846361047,0,0,-0.405457080119325,-0.405457080119325,0.335524121107086,0.335524121107086,-0.567420694076626,0,0.360820939742466,-0.405457080119325,-0.405457080119325,-0.430113205425701,-0.430113205425701,0.97238350073965,0.844984786215104,0,-0.308098524266984,1.78443590837337,0,1.42781626227563,-0.157307558966527,0.484723280572406
C3L-02546,LSCC,0.387388558091958,0.387388558091958,0.352495738198607,0.352495738198607,0,0,-0.319005688017503,-0.319005688017503,-0.275875910270819,-0.275875910270819,0,0,0.457956328090787,0,0,0.908502393725021,0.3721791297988,0,0.374357214301432,0,0,0,0.354689999333345,0,0.308222838661002,0.769521820107039,0.260914417781394,0,0,0,0,0,0,0.985538065463426,0.985538065463426,0.814671745124921,0.814671745124921,-0.459940103804968,-0.459940103804968,1.4774004453918
C3L-02552,LSCC,0,0,0,0,0,0,0,0,0,0,0,0,0.516631224154928,0,0,0,0,0,0,0,0,0,0,0,-0.647390235944185,0,0,0,0,0,0,0,0,0,0,0.526859055299684,0.526859055299684,0,0,0.540417040054635
C3L-02619,LSCC,0.638533129367145,0.638533129367145,0,0,0,1.48462774274683,0,0,1.6657355592555,0,0,0,0.615762658541905,0,0,0,0,0,1.1162386069384,0,0,0,1.65700008192846,0.661088972991318,0,0,0.605572124055756,0,0,0,0,0,0,0,0,0.65859320036184,0.65859320036184,0,0,0.834408031049878
C3L-02625,LSCC,0.562569879605781,0.974106257553488,0,0,-1.26600475433424,0,-1.49421644658789,-1.49421644658789,0,0,0,0,0,0,0,0,-0.935403471523949,-0.935403471523949,0,0,0,0,1.56624045021102,0,-1.42468298596089,-0.863102424160205,-1.29376136168318,0.354085358183457,0.354085358183457,0,0,0,-1.12730443915745,0,0,0,0,0,0,0
C3L-02627,LSCC,0,0,0,0,-0.760169548551199,0.633311519651799,-0.752814779421955,-0.752814779421955,0.936595304722354,-0.684253985394625,0,0,0,0,0,0,0,0,0,0,0,0,0,0,0,0,0,0,0,-0.780827242244348,-0.780827242244348,0,0,0,0,0,0,-0.798610367289494,-0.798610367289494,0
C3L-02629,LSCC,0,0,0,0,0,0,0,0,0,0,0,0,0.72878927435036,0.72878927435036,0,0,0,0,0,0,0,0,0,0,0,0,-0.517983929854975,0,0,0,0,0,0,0,0,0,0,1.85581392751472,0,0
C3L-02646,LSCC,0,0,0.419344261994192,0,-0.670196685015457,0.510812522089329,-0.418156179277941,0,0,0,-0.449735706208729,-0.449735706208729,1.43539508136406,1.43539508136406,-0.558751248241025,-0.558751248241025,-0.503497273128545,-0.503497273128545,0.0312086882001083,-0.577518253801468,-0.499867812003098,-0.499867812003098,0.276724557707663,0,-1.51209563662179,0.625689164408243,0,-0.532774072538485,0.173166780504059,0.407371867763726,0.407371867763726,0.436009208185625,0.11689733543481,0.5085080876187,0.5085080876187,0,0.565506362899645,1.54339101128426,-0.577518253801468,0
C3L-02648,LSCC,0,0,0,0,-0.25504910777289,0,-0.281295086798247,-0.281295086798247,0.560942618677315,-0.337092183355296,-0.349392332451991,-0.349392332451991,0.242839587559755,0,0,0,0,0,0.282029164888379,0,0,0,0,0,0,0,0,0,0,0,0,-0.281295086798247,-0.281295086798247,-0.332189480088541,0,0,0,-0.845116258940864,-0.845116258940864,0.508906563770268
C3L-02649,LSCC,-0.430866572198233,0.937323368005738,0,0,-0.453262184332845,0,-0.56703016220385,-0.56703016220385,0.287026498319555,-0.135279130554348,0.991878142767776,0.991878142767776,0,0,-0.504458861017509,-0.504458861017509,-0.471262080041487,-0.471262080041487,0,0,-0.200031197862038,0.203429115854927,0,0,0.817564899078152,-0.475773799367631,0,0,0,-0.35409368885951,0,0,0,-0.37610509953691,-0.37610509953691,0,0.224435552096267,-0.238438211000728,-0.238438211000728,1.34962087955541
C3L-02650,LSCC,0,0,0,0,1.13161030556259,1.50521701262412,-1.57533708841465,-1.57533708841465,0,0,0,0,0.756513391278831,0.756513391278831,0.816981209115586,0.816981209115586,-0.962428341017373,-0.962428341017373,0,0,0.526955223676078,0.526955223676078,2.06370754561835,0,0,0,0,0,0,0,0,0,0,0,0,0,0,-1.1344609838627,-1.1344609838627,0
C3L-02660,LSCC,1.31777642830076,1.31777642830076,0,0,-0.675796680476472,0,-0.714680895425349,-0.714680895425349,0,0,0,0,1.02641458708232,1.02641458708232,0,0,0,0,0,0,0,0,0,0,0,-0.888832480489132,0,0.745769913132575,0.745769913132575,0.681836334048238,0.681836334048238,1.93879347602585,1.93879347602585,-0.978778761251198,-0.978778761251198,1.10735691083541,1.66601696898286,1.65439560582416,0,0.524123191924137
C3L-02665,LSCC,0,0,0.490631545038468,0.490631545038468,0,0,-0.491753825164717,0,0.2380210864657,0.2380210864657,0,-0.717087541461172,0.919019750749676,0.919019750749676,0.593643285859841,0.593643285859841,-0.683906275441827,-0.683906275441827,-0.563596487830746,-0.563596487830746,0,0,-0.624303275919503,0,0,-0.550605939578348,-0.624303275919503,0,0,0,0,-0.635025458981984,-0.635025458981984,-0.624303275919503,-0.624303275919503,0,0,-0.852015319416198,-0.852015319416198,-1.41999611235969
C3L-02669,LSCC,0.342188777639463,1.03327959214454,0.721927958476633,0,0.478271147848226,1.26163308250027,0,0,0,0,0,0,0,0,-1.42137512373845,-1.42137512373845,-0.94758524708949,0,0,0,0,0,0,0,0,-0.765492718293781,0,0,0,0,0,0,0,0,0,0,0,-1.44251251119422,-1.44251251119422,0.248130756236024
C3L-02891,LSCC,0,0,0.653474808568799,0,-1.50691739112417,0,-1.54432469568693,-1.54432469568693,1.31256517360657,-1.0132459927518,0,0,0,0,0,0,0,0,0,0,0,0,0,0,-1.80465030477957,-0.959887254239851,0,0,0,0,0,0,0,0,0,0.653474808568799,0.653474808568799,-1.1647871098005,0,0
C3L-02951,LSCC,0,0,0,0,0,0,-0.582314151852669,-0.582314151852669,1.15735398589323,-0.555499654524719,0,0,0.48400082921796,0.48400082921796,0.471552799351349,0.471552799351349,0,0,0,0,-0.544886245921238,0,0.622199296134732,0,0,0.38880146368705,0,0,0,0,0,0,0,0,0,1.09396054929017,1.09396054929017,0,0,0.584028028173795
C3L-02963,LSCC,0.374679727199775,0.374679727199775,0,0,0.658899874320737,0.658899874320737,0,0,0,0,0,0,0.493005108330331,0,0,0,0,0,0,0,0,0,0,0,-0.822039456182599,-0.525875253492342,0,0,0,0,0,0,0,0,0,0,0,0,0,0.537269260879996
C3L-02964,LSCC,0,0,0,0,-1.30118287146009,0,0,0,1.30805553849381,-1.24065450936291,0,-1.08468322631007,0,0,0,0.853151782925711,0,-0.557753504772161,0,0,-1.21851185211766,0,0,0,-1.7917045209828,0,0,-0.608516892122969,-0.608516892122969,-1.09146799196742,-1.09146799196742,0,0,0,0,0,0,0,0,0.593696111054251
C3L-02968,LSCC,-0.756734600480434,0,0.51501605215603,0,4.69765001771176,4.98631344035966,-0.889557087243095,-0.889557087243095,0.504245519512568,-0.0346177942486399,0,0,0.655393557530089,0.655393557530089,0.580855757720414,0.580855757720414,-0.980667312633601,-0.980667312633601,0,0,0,0,1.04353441428881,0,0,0.346376417271414,0,0.618373525222032,0.618373525222032,-0.749196572899827,-0.749196572899827,0.659477004141908,0.659477004141908,-0.802582622036092,-0.802582622036092,0.576655531670121,0.576655531670121,1.01465212801976,-0.865445229248942,0
C3L-02969,LSCC,0,0,0,0,-0.620884775270866,-0.620884775270866,-0.441427120919449,-0.441427120919449,0,0,0.283549870378515,0.283549870378515,0.356882446192003,0.356882446192003,0,0,0,0,0,0,0,0,0,0,0,0,0,0,0,0,0,-0.275875910270819,-0.275875910270819,0,0,0.326021523343432,0,0,0,0
C3L-03272,LSCC,0,0,0,0,0.240132651978891,0.240132651978891,-0.477998116505416,-0.477998116505416,0,0,0,0,0,0,0.3013962157727,0.3013962157727,1.29484220996469,1.47299632367545,0,0,-0.258647374295148,-0.258647374295148,0,0,0,0,0,0,0,0.0940056789282922,0.481567197803546,-0.348220018356777,-0.348220018356777,0,0,0.86991825129909,0,1.51718700534954,-0.237507613310329,0
C3L-03678,LSCC,0,0,0,0,0.44744493780241,0.44744493780241,0,0,0.247406123369449,0.247406123369449,0.623213208592106,0.623213208592106,-0.23778702752745,0,0,0,-1.35519504882345,-1.35519504882345,0,0,0,0,0,0,-1.43135375422952,0,0,-1.26473627208155,-1.26473627208155,-1.22097015491128,0,0,0,0,0,0.356083559978761,0.356083559978761,0,0,0
C3L-03961,LSCC,0,0,0,0,0,0,0,0,0,0,0,0,0,0,0,0,0,0,0.570607416457646,0,0,0,0,0,-0.457363440695637,0,0,0,0,0,0,0,0,0,0,0,0,0,0,0
C3L-03962,LSCC,0.868792918522919,0.868792918522919,0,0,-1.31568013530069,2.51035271164567,-1.45925525213462,-1.45925525213462,1.34560330002153,0,0.691329675620772,0.691329675620772,0.663592421054206,0.663592421054206,0,0.735630768413538,0,0,0,0,0,0,0.599697032007465,0.599697032007465,0,0,0.845150238577787,-0.673708968532161,-0.400814452207522,0,0,0,0,0,0,0.480062502117808,0.480062502117808,0,0,0
C3L-03963,LSCC,0,0,0,0,-0.85929420656297,0,-0.618197392925512,-0.618197392925512,1.01039800467784,-0.802035445400876,0.686917606086134,0.686917606086134,0,0,0,0,-0.734549136557103,-0.734549136557103,-0.872283139297899,-0.872283139297899,0.895309296643896,0.895309296643896,0.385276236960785,0.385276236960785,0,0,-0.734549136557103,0,0,0,0,0.411576089060341,0.411576089060341,0,0,0.85565802866926,0.85565802866926,2.34703100335593,0,0
C3L-03965,LSCC,-0.70371034948246,-0.70371034948246,0,0,0,0,-0.755073495212006,-0.755073495212006,0.201388632650437,-0.305675263470926,0,0,0,0,-0.807586256810161,0,0,0,-0.66090754259656,-0.66090754259656,0,0,0.194089798757451,0.744735615027669,0.199565487845478,0,-0.678439647798049,-0.548741622574958,-0.548741622574958,0,0,-0.269051651230081,-0.269051651230081,-0.599310885253543,-0.599310885253543,-0.641025922118835,-0.641025922118835,1.71776843730395,-0.645981004868582,0
C3L-04013,LSCC,0.617933841225132,0.617933841225132,0,0,0,1.578646967022,0,0,-0.655183759797582,-0.655183759797582,0.577520033255706,0.577520033255706,0,0,-0.678395286250572,-0.678395286250572,0,0,0.300637972905102,-0.585946902938519,0,0,0,0,0,-0.638123550673472,0,0,-0.630823062683681,-0.587156569404608,0,1.17499485116733,1.17499485116733,0,0,2.17152283962026,2.17152283962026,0.920904628390181,0,-0.602898302428148
C3L-04014,LSCC,0.987091980283946,0.987091980283946,0,0,0.959015681821295,1.19359501912683,-0.312817589546379,-0.312817589546379,0.509639941181599,0,0.750728757521793,0,0,0,0.321589064265576,0.321589064265576,0,0,-0.28451301122886,-0.28451301122886,0.359778410857162,0.359778410857162,0,0,0.226942052657072,-0.264138383335763,-0.512788462470969,0,0.562338599894596,0.492506633122651,0.492506633122651,-1.31019512084895,-1.31019512084895,-0.673901414176473,-0.351972851253502,2.19629098993354,0.5994398759999,0.672363052925877,-0.305064408932425,0
C3L-04071,LSCC,0,0,-0.574130027173336,-0.574130027173336,-0.712962200008747,-0.712962200008747,-0.965291352560263,-0.965291352560263,1.34924111351841,-0.632247375259571,0,0,0,0,0.411038065382264,0.411038065382264,0,0,0,0,0,0,0.526114554270216,0,-0.776135337769989,0,0,-0.580490736755745,-0.580490736755745,0,0,1.41112719004211,1.41112719004211,0,0,0,0,1.67248130507796,-0.768997715477226,0
C3L-04391,LSCC,0.393581693892732,0.393581693892732,1.21151612171654,0,0.780861219339562,0.780861219339562,0,0,1.26469986600877,0,0.47347324125864,0.47347324125864,0,0,0.391192872282866,0.391192872282866,0,0,0,0,0,0,0.890026497013234,0.362345662058383,0,0,0,0,0,0,0,-1.43834535326625,-1.43834535326625,0,0,0.293684962973108,0.293684962973108,0,0,0.749774251769788
C3N-00211,LSCC,0,0,0.474285668611581,0.474285668611581,-0.827659536709241,0.867647197351935,0,0,0.648818458388198,0,0,-0.905702107206683,0.292060888768642,0,0.440668321131381,0.440668321131381,0,-0.428351297450121,0.480957516574282,0.480957516574282,0,0.442923044952072,1.06063136791139,0,0,0.436152978682597,0.463127990570118,0,0.258344654421176,-0.748798775756337,0,0.913708601692168,0.913708601692168,0,0,0.445175810202822,0.445175810202822,0.339446192794678,0.339446192794678,0.454167380319726
C3N-00221,LSCC,-0.481638702995911,-0.481638702995911,0.693450440699435,0,-0.500905238425099,-0.500905238425099,-0.505975972968201,-0.505975972968201,0,-0.444129763365264,1.12072035162602,1.12072035162602,0,0,0,0,-1.31403421319171,-1.31403421319171,0,0,0,0,0.653200121937383,0,-0.448184148143817,0,0,0,0,0.151421040026717,0.634078751596935,0,0,0.295643780935206,0.295643780935206,0.553549697186118,0.553549697186118,-0.405620658861354,-0.405620658861354,0.574691445050108
C3N-00247,LSCC,0,0,0,0,0,0,0,0,0,0,0,0,0.58149944375363,0,0,0,0,0,0,0,0,0,0,0,0,0,0,0,0,0,0,0,0,0,0,0,0,2.12984952511811,0,0
C3N-00497,LSCC,0,0,0,0,-0.677590456458677,0,-0.544893961393233,-0.544893961393233,0.845630310165528,0.570843833529393,0,0.478993759420522,0,0,-0.0630408553750497,0.368825787380648,0,0,0.470708857234993,0,0,0,0,0,0,-0.653175894779541,0,0,0,0,0,0,0,0,0,0.826659336432467,0,1.84858698834904,0,0.666830676190916
C3N-00555,LSCC,0.51329158591625,0.51329158591625,0,0,-0.781363055087116,1.17105885468238,-1.03836607071809,-1.03836607071809,2.30752577540056,0,0.471457405822573,0.471457405822573,0,0,0,0,-0.743545884462266,-0.743545884462266,0,0,0,0,0.482923950123033,0.482923950123033,-0.946760103424575,0,0,0,0.552698583326035,-0.88233918054861,-0.88233918054861,-0.70026075736538,-0.70026075736538,0,0,-0.790924266892719,1.15696495056272,0.0804022682599752,0.0804022682599752,0.500042933613501
C3N-01017,LSCC,0.43650095063638,0.740759071859425,1.09038815931196,0,-0.819598258829296,1.48352216358455,-0.79406626000526,-0.79406626000526,0.390959593591256,0.390959593591256,0,0,1.03555779752312,1.03555779752312,0,0,0,0,0,0,0,0,0.38369141767786,0.38369141767786,0,-0.482566817041963,0,0,0,-3.32192809488736,-3.32192809488736,0,0,0,0,0,0,-0.719471612858201,-0.719471612858201,0.920825365535879
C3N-01020,LSCC,0.469476697412284,0.469476697412284,0,0,0,0,-0.668233588552762,-0.668233588552762,-0.591281490103995,-0.591281490103995,0,0,0.498934023286299,0.498934023286299,1.56397449246275,1.56397449246275,0,0,0,0,0.615868332880099,0.615868332880099,1.18799898771466,1.18799898771466,-1.06898863443786,-1.29911074355497,0,0,0,0,0,0,0.392229568216911,0,0,0.93040295532981,0.93040295532981,2.47790357947086,0,0
C3N-01025,LSCC,1.38928317535318,1.74034550878679,0,0,-0.748533035627593,1.07026064172559,0,0,1.13143405786496,-0.678474261496759,0,0,1.04141625195903,0,-0.67643987654731,-0.67643987654731,0.274767002013693,0,-0.654157132627894,0,-0.788466529069665,-0.788466529069665,0,0,-0.744362931776413,-0.723605751141598,0.566997032618311,-0.711225143006966,-0.711225143006966,-0.729816677993251,-0.729816677993251,0,0,0,0,0.643953004419884,0.643953004419884,-0.786350229303626,-0.786350229303626,0
C3N-01028,LSCC,-0.680134514804543,-0.0599993363766254,0.623406618332638,0.623406618332638,0.125734652294346,0.595994235956569,-0.449075630085074,-0.449075630085074,0.37518100900648,-0.603702080138779,0.331016480509981,0.331016480509981,0,0,-0.390343516529347,-0.390343516529347,-0.596573228760981,-0.596573228760981,0,0,0,0,0,0,0,-0.536975869610466,0,0,0,0.237846232236422,0.656775181876707,-0.333214474338494,0,0,0,0.335701885128637,0.335701885128637,0.792369137288039,0,0.593874184868828
C3N-01194,LSCC,0,0,0,0,0.521766818614222,0.998574445340111,0,0,0.679858159082204,-0.603286897984628,0,0,0,0,0,0.673232890094403,0,0,0.419074972846603,0,0.50381379534553,0,0,0,0,0,0,0,0,0,0,-3.32192809488736,-3.32192809488736,0,0,0.437807880756711,0.437807880756711,1.78934681108918,0,1.24669853022661
C3N-01411,LSCC,-1.08634608683449,0,0,0,-1.11679319922402,0,-1.1611060547027,-1.1611060547027,0,-1.1379046586658,0,0,0,0,-1.01337090063275,-1.01337090063275,0,0,0,0,0,-0.872277148976239,0,0,0,0,-1.10915276306279,-1.15722661243862,-1.15722661243862,-1.0300598114149,0,-1.08256149757086,-1.08256149757086,0.152512403734254,-0.677898274201346,-0.349670985002851,-0.349670985002851,0,0,0
C3N-01846,LSCC,0,1.26654813876684,0.490129399336446,0.490129399336446,0,0,0,0,3.30312949152775,-0.67088316140181,0,0,0.951519921235473,0,-0.725550653790794,-0.725550653790794,0.418191557715458,-0.201660650517528,0.674504045195342,0.674504045195342,0,0,0.895166701819138,0.447903624649183,0,0,0,0,0,0,0,0,0,0,0,0.517369665411133,1.45370602175034,0,0,0.606557668450023
C3N-01892,LSCC,0,0.506213797690182,0.830140308100381,0,0.0267090608236032,0.806752609627124,0,0,0.834371162383073,0,0,0,0,0,0,0,-1.12140188868399,0,-0.859451102231307,0,-1.14281317982661,0,0,0,0,0,0,-0.85485357890781,0,0,0,0,0,0,0,0,0,0,0,0.892930718801222
C3N-01893,LSCC,0,0,0,0,-1.00248628998623,0,-0.598595243810849,0,0,0,-0.98852365370626,-0.98852365370626,0.866497605656332,0,0,0,-0.947316171510428,0,0,0,0,0,0.545834839435534,0,0,0,0,0,0,0,0,0,0,0,0,-0.587544539016022,-0.587544539016022,-0.835721050243788,-0.835721050243788,0
C3N-02252,LSCC,0.295939060484184,0.982429151633267,0.626176195474563,0,-1.39530626167031,-1.39530626167031,-1.37671904418102,-1.37671904418102,0,0,0,0,0,0,-1.15470245439406,-1.15470245439406,0,0,0,0,0,0,0,0,0,-1.1670621940129,0,0,0,-1.20463114741232,0,0.250693939915833,0.250693939915833,0,0,0,0,0,0,0.27664129123229
C3N-02283,LSCC,0,0,0,0,0,0,0,0,-0.604358219625606,-0.604358219625606,0.497577260195611,0.497577260195611,-0.395505438438503,-0.395505438438503,1.04026048115707,1.04026048115707,-0.711875716659053,0,0.767583022509931,0,0,0,0,0,-1.43738407763187,0,-0.676305968335282,0,0,0,0,1.50935025356861,1.50935025356861,-0.458365302135271,-0.458365302135271,0,0,2.02690079251372,0,-0.556635643451181
C3N-02284,LSCC,0,0,0,0,-1.14300598977219,0,0,0,0.94203965709457,0.010559760480775,0,0,0,0,-1.12392828198263,0,-1.26484869519137,-1.26484869519137,0,0,-1.13239081708639,0,0,0.977387732299992,0,0,0,0,0,0,0,0,0,0,0,-1.24267754247984,-1.24267754247984,0,0,0
C3N-02285,LSCC,0,0,0,0,0,0.970270386121409,-1.34581593432467,0,1.56176894785018,-1.18945401269572,0,0,-0.872999161064679,-0.872999161064679,0,0,-1.81939857134894,-1.81939857134894,0,0,0,0,0,0,-1.40580281182997,-1.36557701857948,0,0,0,0,0,0,0,0,0,0,0,0.357142549521164,-1.8905728215981,0
C3N-02288,LSCC,-0.176342861746514,-0.176342861746514,0.692754268638656,0.420383710123933,-0.449554446351277,0,-0.38627970791035,-0.218216343793582,0,-0.132433322326934,0,0,0.422444714402906,0.422444714402906,-0.164837112756018,-0.164837112756018,-0.489704044041675,-0.489704044041675,-0.11363256575892,-0.11363256575892,-0.262242950647742,-0.14497298812149,0,0,-0.506627196821982,0.364703203152624,0,-0.185759667456664,-0.185759667456664,0,0,0,0,0,0,0.437899479468568,0.437899479468568,0.582944568182619,-0.134522941212351,-0.146018172376811
C3N-02289,LSCC,0,0,0,0,-0.518029314515465,0,-0.718015527228999,-0.718015527228999,0.920192853965995,-0.574502646155015,0,0,0,0,0,0,0,0,0,0,0,0,0,0,-0.958707489097018,0,0,0,0,-0.557368730872768,-0.557368730872768,0,0,0,0,0,0,-0.632862657345047,-0.632862657345047,-0.47412123803682
C3N-02300,LSCC,0,0,0,0,-1.06618797505198,0,-0.358088680510621,-0.358088680510621,0,-0.924760661629916,0,0,0,0,0,0,0,0,-1.35484224607914,-1.35484224607914,0,0,0,0,-1.60669628618365,0,0,0,0,-1.39706648216504,-1.39706648216504,0,0,0,0,0,0,0,0,0
C3N-02339,LSCC,0,0,0,0,-0.988917776541556,0.967207030108972,0,0,1.35934983609521,0,0.3966830719041,0.3966830719041,1.69898706950196,0.819928193498546,-1.18932991283563,-1.18932991283563,-1.03516167314676,0,0,0,0.47008749043989,0.47008749043989,1.07386897863308,1.07386897863308,0,0,-1.38377105913287,0,-0.803758687359532,0,0,0,0,0,0,0,0.767860236468378,0,0,-1.35108162040097
C3N-02374,LSCC,0,0,0.476812054353716,0.476812054353716,-0.305721747101878,0.331968463342941,-0.614035287524114,-0.614035287524114,0.789169109683559,0,0,0,-0.213377606299406,-0.213377606299406,1.60450530142859,1.60450530142859,0,0,0,0,0,0,0,0,-1.24623753725959,0.812423194962647,-0.405924022380798,0,0.204451987484821,0,0,-0.484295431450196,-0.484295431450196,0,0,0.648323583978478,0.303663260552253,0.432626261722817,0.119032272793976,0.731227633515803
C3N-02375,LSCC,-0.699006153793698,-0.221353612846754,0.361834488059638,0.361834488059638,1.103559791067,1.62194468195816,-0.781302052620363,-0.781302052620363,-0.201586356011837,-0.697276745076956,-0.332577310176473,-0.605148186671825,0.258271174351751,0.258271174351751,0,0.468807205158563,-0.540071400261796,-0.540071400261796,0.216831139560333,0.216831139560333,0.234828865387212,0,0.550387853202537,0.550387853202537,-0.251948124300513,0,0,0,0,-0.664582290298144,-0.664582290298144,0,0,0,0,-0.259632109299866,-0.259632109299866,0,0,0.384735013020378
C3N-02425,LSCC,0,0,0.677756569664016,0,-0.726982903782167,0,0,0,0.68187414429844,-0.809657444126858,-0.75695373847898,-0.75695373847898,0,0,0.766274385855204,0.766274385855204,0,0,-0.387047003719397,0,-0.711124275743897,-0.711124275743897,0.62809306156302,0.62809306156302,-0.850878409484789,0.692838808967185,-0.783183655010953,0,0,-0.587227176926626,0,4.28875860279756,4.28875860279756,-0.56832025947247,0,0.684617424522554,0.684617424522554,0,0,0.770325476150721
C3N-02426,LSCC,0,0,0,0,0,0.315923938834849,0,0,3.02200269301632,0,-0.348843352635079,-0.348843352635079,0,0,0,0,0,0,0,0,0,0,0.349616788701546,0,-0.997089307810526,0,0,0.732347131822385,0.732347131822385,0,0,0,0,-0.432283434215239,-0.432283434215239,0.520905095699634,0.520905095699634,1.46611565085811,0,0
C3N-02434,LSCC,0.421677521184185,0.421677521184185,-0.650795646004526,-0.650795646004526,0.282369183263571,0.282369183263571,-0.213339329365125,-0.213339329365125,0.745295566201065,-0.766861536044974,0.169972614516062,0.169972614516062,0.479406472056794,0,-0.671171914538641,0.0165249707335925,0.839066985553294,0.408247638917182,-0.677313536010925,-0.677313536010925,0,0,0.409741887735326,0.409741887735326,-0.716525672295213,-0.716525672295213,0.679470755967666,0,-0.452638076466817,-0.68346857468848,-0.68346857468848,0.804786184522124,0.804786184522124,0.441004017921413,0.441004017921413,0.591275776853474,0.591275776853474,0.873130542042497,-0.724851549446126,1.30512465900711
C3N-02435,LSCC,0,0,0.257291663354429,0,-0.433654711157784,0.520331355934006,0,0,2.10354028541646,-0.557300480960412,0,0,-0.386714094359316,-0.386714094359316,0,0,-0.353710607436631,-0.353710607436631,-0.5260349911444,-0.5260349911444,0,0,0.554529928399185,0.16253604304524,-0.418455762678223,0,-0.435177626973007,0,0,-0.173558839195238,0.241385202370569,0,0,0,0.51652091945245,0.728027440266307,0.728027440266307,0.212110285595084,-0.415422523934233,0.39600484568097
C3N-02494,LSCC,0,0,0,0,-0.313106985234938,0.374480007117896,0,0,0,-0.550621947036634,0.735253623427253,0.735253623427253,0.415815285049528,0.415815285049528,0.478825200727061,0.478825200727061,-0.722144011671658,-0.722144011671658,-0.402271739286976,0,0,-0.366790264501738,0.478825200727061,0.478825200727061,-0.944113479125814,-0.703174090346725,0,0,0,0.386029316008849,0.386029316008849,0.306432055175847,0.306432055175847,0.518544499857923,0.518544499857923,0.362877937530559,0.362877937530559,-0.74901503430435,-0.74901503430435,0.555519139958552
C3N-02523,LSCC,0,0,0,0,-1.27126245299375,0,0,0,3.89681594436418,3.33102669233337,0,0,0,0,0.514607388509277,0.514607388509277,-1.30634810515864,-1.30634810515864,0,0,0,0,0,0,0,-0.943175758393366,0,0,0,0,0,0.855751467691892,0.855751467691892,0,0,1.65989731941247,0,-0.543303263609145,0,1.74281118471962
C3N-02575,LSCC,0,0,0.45450811766334,0,-0.971725791022419,0.702427266928888,-1.0267598577429,-1.0267598577429,1.98341703980197,0,-0.951476309082838,-0.612615959289956,0.211463651131166,0.211463651131166,0,0,0,0,0,0,0,0,0,0,0.603126081347695,0,0,0,0,-0.776529751737772,-0.383664003133555,0,0,0,0,0,0,-0.401550786240948,-1.04580721588194,-0.350799483951748
C3N-02675,LSCC,0,0,0,0,-0.662068712464037,0,0,0,0.486451597935269,0.486451597935269,0,0,0,0,0,0,0,0,0,0,0.41087609498349,0.41087609498349,2.49521225718912,0,-0.586553808405684,-0.492473078642768,0,0,0,0,0,0,0,0.546884517769163,0.546884517769163,0.473503967608289,0.473503967608289,0,0,0
C3N-03051,LSCC,0,0,0,0,0,0,-0.689216883452892,-0.689216883452892,0.654301058050897,-0.603909755581537,0,0,-0.583805372223333,-0.583805372223333,0.554427512996828,0.554427512996828,-0.734692715195413,-0.734692715195413,0,0,0,0,0.99769560651782,0,0,-0.437168557724848,0,0,0,0,0,0,0,0,0,0.554427512996828,0.554427512996828,-0.445220805260405,-0.445220805260405,0.765083378576208
C3N-03072,LSCC,-0.800864651322982,-0.800864651322982,0.494899273875234,0.494899273875234,1.61792559086579,2.09802022913307,-0.83111816399267,-0.83111816399267,0.371355775714998,0.371355775714998,0,0,0.560484575670683,0.560484575670683,0.506627716729061,0.506627716729061,0,0,-0.75188575523074,-0.75188575523074,0,0,0.528537537860935,0,0,0.463966271787138,0,0,-0.243922294232302,-0.674879201943967,0,0,0,0,0,-0.00165982951080294,-0.745561522571596,0.873038091858282,0,0
C3N-03076,LSCC,0.817823083182328,0.817823083182328,0,0,-0.813108238255354,0,0,0,0.26892986066178,-0.574242688369029,0.400389905638389,0.400389905638389,-3.32192809488736,-3.32192809488736,-0.36895969044716,0.884073522924469,-0.835862058230099,-0.835862058230099,0,0,0.34080856710008,0.635323827787719,0.535371216347038,0,0,-0.776620611968807,0,0,0,0,0,-0.240917501203032,-0.240917501203032,0,0,0,0,1.51951954900975,-0.270078798750795,0
C3N-03092,LSCC,0,0,0,0,0,0,0,0,0.861710272476927,0,0,0,0.407730348803933,0.407730348803933,0,0,0,0,0,0,0,0.607318569924444,0,0,-0.203717370489391,0,0,0,-0.194305743413198,0,0,-0.400232790173823,-0.400232790173823,0,0,0,0,0,0,0
C3N-03093,LSCC,0,0,0,0,0,0,0,0,0,0,0,0,0.418223331111751,0,0,0,0,0,0,0,0,0,0,0,-0.423030750508361,0.348642252304874,0,0,0,0,0,0.618752284625586,0.237033760302361,0,0,0.348642252304874,0.348642252304874,-0.429393643406258,-0.429393643406258,-0.335900860478101
C3N-03204,LSCC,0.166163320892078,0.166163320892078,0,0,-0.878385559411119,0,-1.27902591369784,-1.27902591369784,-0.180600627075972,-0.180600627075972,0,0,0,0,0,0,-1.17395194755988,-1.17395194755988,0,0,0.164613195507175,0.164613195507175,1.2607504840123,0,0,-1.16917252969331,-1.0777523695925,-1.1501462184129,-1.1501462184129,0,0,-1.17156108765611,-1.17156108765611,-1.10785874646889,-1.10785874646889,0.178543132110234,0.178543132110234,0,0,0.183175904605051
C3N-03424,LSCC,0,0,0,0,0.104055543916394,0.799129345145156,0,0,0,0,0,0,0,0,0,0,0,0,0,0,0.737368643329935,0.737368643329935,0,0,-1.78161620487269,1.15388195100179,0,0.64737161756032,0,0,0,0,0,-0.823098716584568,-0.823098716584568,0,1.33843852573384,2.5624227229485,0,1.01006299208676
C3N-03425,LSCC,0,0,1.24397762885832,1.24397762885832,-0.74649249281078,0,-0.870234148617939,-0.870234148617939,1.13020030353539,0,0,0,0.941357714718511,0,0.411746143916768,0.411746143916768,-0.789497082566047,-0.789497082566047,0,0,0,0,0.427687191979149,0.427687191979149,0,0,0,0.584112330959221,0.584112330959221,0,0,0,0,0,0,0.551823997614088,0.551823997614088,0.943246868156932,0,1.03259825156023
C3N-03441,LSCC,0,0,0.459600206327653,0.459600206327653,0.178983987470969,0.636525648555094,0,0,0.542131948110832,0.164055927260967,0,0,0.535896620144983,0.535896620144983,0.504441695819362,0.504441695819362,0,0,-0.460011114871243,-0.460011114871243,0,0,0,0,-0.718788961721749,0,-0.513120542889913,0,0,-0.659186627915688,-0.659186627915688,0,0,0,0,0,0,0,0,0.466065190984675
C3N-03486,LSCC,0,0.724649339064736,0,0,0,0,0,0,0.718236188574452,0,0,0,0,0,0.971731547297588,0.971731547297588,0,0,0,0,0,0,0,0,0,0,-1.6356356639357,0,0,-1.2139308149801,0,0,0,0,0,0,0,-0.597482268213372,0,0
C3N-03662,LSCC,-0.0792953886559433,0.50115917784649,0.382946625658266,0.382946625658266,0.217362348140898,0.763941723169842,-1.00410452078133,-1.00410452078133,1.16891756690323,-0.751553376561602,-0.342286853373929,-0.342286853373929,0.405102753337242,0.405102753337242,0.419787602098807,0.419787602098807,0,0,-0.69203642145241,-0.69203642145241,-0.0945638766461297,-0.824561432880738,0.477861330936007,0.477861330936007,-0.937334572870845,-0.664241418115831,0,-0.655969211851852,-0.655969211851852,0.543741493220598,0.543741493220598,0.472461153782533,0.472461153782533,0.599686263304843,0.599686263304843,1.04456752796199,-0.628610934268414,0.28123884092781,0.28123884092781,1.53236290980977
C3N-03851,LSCC,0.371434580674494,0.371434580674494,0.518867645183611,0,0.589113494903088,0.589113494903088,-0.513939473835742,-0.513939473835742,-0.614717617811275,-0.614717617811275,0.879275443579531,0.879275443579531,0.892044797338539,0,-1.83560959180002,-0.656559534953865,-0.627859483528017,-0.627859483528017,-0.408607147832628,-0.408607147832628,-0.621280418560349,0.29394022669644,0,-0.621280418560349,-0.74001473206463,0.199768339008074,0,-0.418761040648787,-0.418761040648787,0,0,0,0,0,0,0,0,1.2599067818357,1.2599067818357,-0.404555715146479
C3N-03875,LSCC,0,0,0.357381868796605,0.357381868796605,0.878345678541278,1.07650278140732,-0.40126258689192,-0.40126258689192,0,0,-0.246533055091284,0,0,0,0.602730328362328,0.602730328362328,0,0,-0.21898057946268,-0.21898057946268,0.581951799308917,0.581951799308917,1.78872026093213,0,-0.265068323617858,0,0,1.13097861717909,1.13097861717909,0.323703097207889,0.323703097207889,0.245579221226082,0.245579221226082,0,0.274395146181907,0.87514436653312,0.87514436653312,1.58325270361062,-0.24192028091752,0
C3N-03877,LSCC,-0.828200564753112,-0.828200564753112,0.547274559634807,0,-0.254185905856748,0.504467306997599,-0.813329478710361,-0.813329478710361,0,0,0.147668639617644,0.147668639617644,0,0,-1.09697540160392,-1.09697540160392,-0.817040618616535,-0.817040618616535,0,0,-0.505656203466029,-0.505656203466029,0,0,-0.805920362711037,-0.527699776427883,0,0,0,-0.0508266258623281,0.579172772831025,0.622752513340452,0.622752513340452,-0.678973268233269,-0.678973268233269,0.434203120303496,0.434203120303496,0,0,0.660790516445384
C3N-03880,LSCC,-0.125989349103061,0.0863289299823878,0,0,0.947540700118655,0.947540700118655,-0.218154324048224,0,-0.196740860446579,-0.196740860446579,0,0,0.290299373017467,0,0,0,0,0,0,0,-0.187735328011403,-0.187735328011403,0.377283306829558,0,-0.151775317802048,0,0.132611916457007,-0.198993225991944,-0.198993225991944,0.34471353960949,0.34471353960949,0,0,0,0,0,0,1.55764148127688,0,0
C3N-03882,LSCC,-0.600982227840227,-0.600982227840227,0,0,0.526594369560745,0.526594369560745,-0.589629408685681,-0.589629408685681,0.394879792682798,0.138630942843168,-0.575778747868131,-0.575778747868131,-0.209959352404085,-0.209959352404085,-0.564466642226895,0.662578633982184,-0.569492006966186,-0.0623719056629944,0.554568463061193,0,-0.589629408685681,-0.589629408685681,-0.484535591499483,-0.484535591499483,-0.488262839533416,3.8702790062384,0,0,0.414102221903533,-0.628812241588062,-0.628812241588062,0,0,0,0,0.731197460467558,0.731197460467558,0.333620255335046,0,0
C3N-03886,LSCC,0,0,0,0,0,0,-0.95221785265889,-0.95221785265889,0,-0.404964101165186,0,0,-0.935215108782996,-0.935215108782996,0,0,0,0,0,0,0,0,0.142350675358105,0.142350675358105,0.139957598550403,-0.198397264615146,0,0,-0.929560574254005,0,0,0,0,-1.03092150894878,-1.03092150894878,0.161471944962237,0.161471944962237,0,0,0.142350675358105
C3N-04124,LSCC,0.0463822918048794,0.206188182794403,0,0,-0.187177444046932,-0.187177444046932,-0.282212122906193,-0.282212122906193,0.699589313903256,-0.201893202142145,0,0,0.411442591972075,0.411442591972075,0,0,0,0,-0.224057846962444,-0.224057846962444,0,0,0.212970030047977,0,-0.332037492051441,0,0,-0.200419457870901,-0.200419457870901,0,0,0,0,0,0,0.301726122489017,0.301726122489017,0.131022166507895,-0.626513452488989,0
C3N-04127,LSCC,0,0,0,0,-0.694731347020417,0,0,0,0,0,0,0,0,0,0,1.10105653163373,-0.641337109760223,-0.641337109760223,0,0,0,0,0.582397297370298,0,0,0.60684448497003,0,0,0,0,0,0,0,0,0,0,0,0,0,0.538929486721446
C3N-04155,LSCC,0,0,0,0,-0.696905047858579,0,-0.239459231729112,-0.239459231729112,0.392951213278641,0.392951213278641,-0.724163644817631,-0.724163644817631,0,0,0,0,0.160931650010362,0.160931650010362,-0.57534038048966,-0.57534038048966,0.565611317874953,0,0,0,0,0,0,-0.610927948966992,-0.610927948966992,0,0,-0.357573663272065,-0.357573663272065,-0.519962219111917,-0.519962219111917,0.740729275516077,0.740729275516077,1.13287846573773,0,0.165482137790747
C3N-04162,LSCC,0.529380640129935,0.529380640129935,0.524394486022387,0.524394486022387,1.41658431266917,1.55467566988479,-1.07263825108154,-1.07263825108154,0.698217138390398,0,-0.259543044010646,-0.259543044010646,0.238540468798624,0,0,0,1.01140877001927,1.01140877001927,-0.561112947453561,0,0,0,0,0,-0.4025351243515,0,0.943119973241902,0.412896937393222,0,0.497684631295055,0.497684631295055,1.73864731642152,1.73864731642152,0,0,-0.246721978155626,-0.841676584531761,1.54539537065895,0,0.522730907175368
C3L-00001,LUAD,-1.83009607077812,0.389157360728861,0,0,-0.98199590590488,0,0,0,0.918725233731797,0.918725233731797,0,-1.42339314934201,1.52844939410548,0,-0.789073112175623,0,0,0,-1.38696315012357,-1.38696315012357,0.822454893477926,0.822454893477926,1.35621044010735,1.35621044010735,0,-1.36016758812811,-1.29079663725766,1.71978593325897,1.71978593325897,-1.25718535660259,-1.25718535660259,0,-0.494737307730149,0,0,-1.03206078776331,1.03623672786291,2.66458085430127,2.66458085430127,0
C3L-00009,LUAD,0,0,0,0,-0.808868371066101,-0.808868371066101,0,0,1.63044685802183,-0.570286066387165,0,0,0.414412466101333,0,0.52286219458572,0.52286219458572,-0.814966885332452,-0.814966885332452,0,0,0,0,0.889649370153402,0.889649370153402,0,0,0,0,0,0,0,0,0,-0.635207959992213,-0.635207959992213,-0.543921040200719,-0.543921040200719,1.55586812818027,0,0.423928305936311
C3L-00080,LUAD,0,0,0.490747909216097,0.490747909216097,-0.661857644915363,1.16110421287094,0,-0.811561631890479,0.45274878650687,0.45274878650687,0,0,0,0,0.543384071673291,0.543384071673291,-0.76886913318366,-0.76886913318366,0.0833277318552678,-0.528151974245352,0,0,-0.606757314919525,-0.606757314919525,-0.832032813545199,1.53092155992343,0,0,0,0,0,0,0,0,0,-0.66828775877578,0.68606814962364,0,0,-0.62148317850269
C3L-00083,LUAD,0,0,0,0,0,0,0,0,0,0,0,0,0,0,0,0,0,0,0,0,0,0,0,0,0,0,0,0,0,0,0,0,0,0,0,0,0,0,0,0
C3L-00093,LUAD,0,0,0,0,0,0,0,0,0.616434620305892,0.616434620305892,0,0,1.01842896030115,1.01842896030115,0,0,-0.769895177361838,-0.769895177361838,0,0,0,0,0,0,0,-1.2072607414855,-0.521251277260406,0,0,-1.19121010013466,-1.19121010013466,0,0,-0.946585380608968,-0.946585380608968,0,0,0,0,-0.885626814443503
C3L-00094,LUAD,-0.586043005520711,0.551124897855717,0.717723602954427,0.717723602954427,-0.562120984534465,-0.562120984534465,0,0,0.859180900526794,0,0,0,0,0,-0.433495440008051,-0.433495440008051,-0.471354195460341,0,0,0,0,0,0,0,0,2.83445883050723,-0.629194752356557,0,0,0,0,0,-0.271242360208497,0.394299637339178,0.875286210242316,0.948515153827951,0.948515153827951,-0.766711223131753,-0.766711223131753,0.810448552265873
C3L-00095,LUAD,0,0,0,0,0,0,0,0,0,0,0,0,0,0,0,0,0,0,0,0,0,0,-0.662415831808664,-0.662415831808664,0,0,0,0,0,0,0,0,0,0,0,0,0,0,0,0
C3L-00140,LUAD,0.967840533300042,0.967840533300042,0,0,0,0,0,0,0,0,0,0,0,0,0,0,0,0,0,0,0,0,0,0,0,0,0,0,0,0,0,0,0,-1.13890879768745,-1.13890879768745,0,0,0,0,0
C3L-00144,LUAD,0,0,0.852688702613575,0.852688702613575,0,0.866902825843343,0,0,2.17959626444931,0,0.338140282352498,0,0.57669001706796,0,0,0,0,0,0,0,0,0.993714494399634,0,0,0,0,-0.638598831704933,0,-0.638598831704933,0,0,0,0,0,0,0.652224966959373,0.652224966959373,0,0,0.367713371417497
C3L-00263,LUAD,0,0,0,0,0,0,0,0,0,0,0,0,0,0,0,0,0,0,0,0,0,0,0,0,0,0,0,0,0,0,0,0,0,0,0,0,0,0,0,0
C3L-00279,LUAD,0,0.653525151266491,0,0,-1.10057573507769,0,0,0,0,-0.988696353175203,0,0,0,0,0,0,0,0,-0.585383892892854,-0.585383892892854,0,0,-1.10886580374514,-1.10886580374514,-1.22956920955521,0,-0.78527417773856,0,0,0,0,0,0,-1.08412014933591,-1.08412014933591,0,0,0,0,-0.988696353175203
C3L-00368,LUAD,0,0,0,0,0,0,0,0,0,0,0,0,0,0,0,0,0,0,0,0,-0.315060320199022,-0.315060320199022,0,0,0,0,0,0,0,0,0,-0.885318803391606,-0.885318803391606,0,0,0,0,0,0,0
C3L-00412,LUAD,0,0.576936407626773,0,0,-0.862619832526714,-0.862619832526714,0,0,0,0,0,0,0,0,0,0,-0.745760221679675,-0.745760221679675,0,0,0,0,0,0,0,0,0,0,0,0,0,0,0,-0.587292920012228,-0.587292920012228,0,0,0,0,0
C3L-00422,LUAD,-0.676658132925867,-0.676658132925867,0.226723195003028,0.226723195003028,-0.708514586928489,-0.708514586928489,0.193098570285342,0.193098570285342,0.9785333125816,0.9785333125816,-0.65353005617352,-0.65353005617352,0.261638536074915,0.261638536074915,0.223533472043247,0.223533472043247,-0.299387420598182,-0.516644661834931,-0.618162830627743,-0.618162830627743,0.959560483332385,0.959560483332385,-0.676658132925867,-0.676658132925867,0.180211058205399,0.349149386330979,-0.622300421175403,1.05645580238052,1.05645580238052,-0.611967906306374,-0.611967906306374,-0.6016733764824,-0.6016733764824,-0.611967906306374,-0.611967906306374,0,0,0.189880781171968,0.189880781171968,-0.564921338594554
C3L-00510,LUAD,0,0.970487738257466,-0.377829526142581,-0.377829526142581,0,0,0,0,0,0,0,0,0,0,0,0,-0.923487025711821,-0.412500381170772,-1.03599785322888,-1.03599785322888,0,0,-1.11579654203197,-1.11579654203197,-1.10805610276521,0,-1.09261906837066,0,0,0.153820993528674,0.153820993528674,0,0,-0.980126876080641,-0.980126876080641,-1.09416015889196,-1.09416015889196,0,0,-1.00570664064801
C3L-00604,LUAD,-0.540977109578162,-0.540977109578162,0,0,-0.61627318499618,-0.0921799552464168,0.147551786801035,0.147551786801035,0,0,-0.201115802459645,-0.201115802459645,0.742957276234486,0.471562314503777,-0.0660712580224606,-0.486277619900628,0.285624614888367,0.285624614888367,0,0,0.400540368366741,0.400540368366741,0,0,0,0.496355633369596,-0.568626372920688,-0.252080906199187,-0.252080906199187,-0.161061942297894,-0.161061942297894,-1.11774266555326,-0.481488490419325,0,0,0.364708651812416,0.364708651812416,0.42825980762704,0.42825980762704,0
C3L-00893,LUAD,0,0,0,0,0,0,0,0,0,0,0,0,0,0,0,0,0,0,0,0,0,0,0,0,-1.10295420372243,0,0,0.467322368514463,0.467322368514463,0,0,0,0,0,0,0,0,1.14486139831436,0,0
C3L-00913,LUAD,0,0,0,0,0,0,-0.518824262755132,-0.518824262755132,0,0,0,0,0,0,0,0,-0.799437320825058,0,0,0,0,0,0,0,-0.825572369920308,-0.754642296778337,-0.491464572364716,0,0,0,0,0,-1.48781516769293,0.28865028508029,0.763171792427552,0,0,0,0,0
C3L-00973,LUAD,0,0.606033112553859,0,0,0,0,0,0,0,0,0,0,0,0,0,0,0,0,0,0,0,0,0,0,-1.47640437537096,-1.48680043610533,0,0,0,0,0,0,0,0.0388760946477649,0.80217693204967,0,0,0,0,-1.52907602139012
C3L-01330,LUAD,0,0.681256660107315,0,0,-1.38715940405496,0,0.455020228835436,0.455020228835436,0,0,0,0,0.572029016747892,0,-1.8521965483038,-1.8521965483038,-1.09556302313736,-1.09556302313736,0,0,0,0,0,0,-1.94433435057694,0,0,1.4724537027907,1.4724537027907,0,0,0,0,-1.07851816147474,-1.07851816147474,0,0,0,0,0
C3L-01632,LUAD,-1.29222250428285,0.532854035707167,0,0,-0.467817404891793,-0.467817404891793,-0.418438252939472,-0.418438252939472,0,0,0,-0.382957316258643,-0.292182947009694,-0.292182947009694,0.0635777119754901,0.451508214818039,-0.360687158044694,0,0.657690609076961,0.657690609076961,-0.399010426056141,-0.399010426056141,0,0,0,0,0,0,0,0,0,0,0,-1.00795133020733,-1.00795133020733,0,0,0,0,0
C3L-01682,LUAD,0,0,0,0,0,0,0,0,0,0,0,0,0,0,0,0,-0.786518508007911,-0.786518508007911,0,0,0,0,0,0,-0.825572369920308,0,-1.0281920301527,0,0,0,0,0,0,0,0,0,0,-0.799437320825058,-0.799437320825058,0
C3L-01862,LUAD,0,1.49981651091161,0,0,0,0,0,0,0,0,0,0,0,0,0,0,0,0,0,0,0,0,0,0,0,0,0,0,0,0,0,0,0,-1.28406595188784,0,0,0,1.44224412563186,0,0
C3L-01889,LUAD,0,0.930841333893947,0,0,0,0,0,0,0,0,0,0,0,0,0,0,0,0,0,0,0,0,0,0,0,0,0,0,0,0,0,0,0,-1.17783250763584,-1.17783250763584,0,0,0,0,0
C3L-01924,LUAD,0.488347123265739,0.488347123265739,0,0,0,0,0,0,1.62414072169912,0,0.288584734650101,0.288584734650101,0.150553590673436,-0.551295221376833,-1.81286407156076,0,0,0,0.650840779694628,0.650840779694628,0,0.290719271003966,0,0,-0.569565912539188,0,0,0,0,0,0,0,-0.473858928754225,0.415853345916754,0.415853345916754,0,0,0.588051764616667,0.588051764616667,-0.785102089079386
C3L-02219,LUAD,0,0.617454697920618,0,0,-0.839579007326198,-0.839579007326198,0,0,3.28863623797717,0,0,0,0.540914448077613,-1.17409386902695,-3.32192809488736,-3.32192809488736,-1.24350666253236,-1.24350666253236,0,0,-1.16655752243974,-1.16655752243974,0.962966744285277,0.962966744285277,0,0,-1.80171438778722,1.18655216678889,1.18655216678889,0,0,0,0,0,0,-0.889886548145496,-0.889886548145496,-0.668586988636977,-0.668586988636977,0
C3L-02345,LUAD,-1.31043326340016,0.265604635447673,0.598793884733905,0,-1.8017559040527,-1.8017559040527,0,0,0,0,-0.411375009667711,-2.50231455309448,-3.32192809488736,-3.32192809488736,-1.05043061328907,0.405558532344494,-2.89155528962158,-2.89155528962158,0,0,0.536383127656806,0.536383127656806,0,0,0,0,0,0,0,0,0,0,0,-1.26411128432826,0.416199565371947,0.671931709705745,0.671931709705745,-2.81514834629164,-2.81514834629164,0
C3L-02348,LUAD,0,0.879412942165257,0,0,0,0,0,0,0,0,0,0,-0.0274112787037045,-0.476994393649308,0,0,-0.492333736351818,-0.492333736351818,-0.5264735617128,-0.5264735617128,-0.523347191134304,-0.523347191134304,0,0,0,0,-0.564354972480535,0,0,0,0,-0.486184799613356,-0.486184799613356,-0.36674769777847,-0.36674769777847,0,0,-0.535880438957265,-0.535880438957265,0
C3L-02350,LUAD,0,0,0,0,0,0,0,0,0,0,0,0,0,0,0,0,0,0,0,0,0,0,0,0,0.392271848028739,0,0,0,0,0.144699414020837,0.739723654312559,0,0,0,0,0.690967068820388,0.690967068820388,0,0,0
C3L-02365,LUAD,0.768002697850019,0.768002697850019,1.0575767645793,1.0575767645793,0,0,-0.325575838958813,0,1.84732226156967,-0.752145134517865,0,0,1.49084279366217,1.49084279366217,0,1.7899331248154,-0.216975814903544,0,0,0,0.383071499869462,0.383071499869462,-0.354556193911497,-0.354556193911497,-0.236202294478653,0.238655087665486,0,0,0,0,0,0,0,0,0,0.242299129758186,0.242299129758186,0.342702947526436,0.342702947526436,0.227697938656955
C3L-02508,LUAD,0,0,0,0,0,0,0,0,0,0,0,0,0,0,0,0,0,0,0,0,0,0,0,0,0,0,0,0,0,0,0,0,0,0,0,0,0,0,0,0
C3L-02549,LUAD,0,0.446771936314221,0,0,0,0,0,0,0,0,0,0,0,0,0,0,0,0,0,0,0,0,0,0,0,-0.364535590286158,0,0,0,0,0,0,0,0,0,0,0,0,0,0
C3N-00167,LUAD,0.652947996510206,0.652947996510206,0.338432777001172,0.338432777001172,0,0,0,0,0.663389119292564,0.663389119292564,0.323002517222671,0.323002517222671,-0.470004106624902,-3.32192809488736,0,0,-0.814247514272556,-0.814247514272556,0,0,0.378565238934558,0.378565238934558,0,0,-0.652459830075981,0,0,0.819668682067176,0.819668682067176,-0.0371142588830517,0.535886734038987,-0.281356879018848,0,-0.245327178574763,-0.245327178574763,0,0,0,0,-0.601984860025197
C3N-00169,LUAD,0,0.568030042290425,0,0,0,0.411226403325407,0,0,0.684039671107813,0,-0.927446741397753,-0.927446741397753,0.622492533321984,0.622492533321984,-1.29260227962361,0,0.580694168031794,0.580694168031794,0,0,0,0,-0.915050886104681,-0.915050886104681,-1.06053912690477,0.277680837432725,-0.948287882431118,0,-0.799184826666458,-0.923305812052086,-0.923305812052086,0,0,-0.635568822521217,0,0,0,0.501642563734242,0.501642563734242,-0.806956081667313
C3N-00175,LUAD,0.213068598039929,0.965016054784674,-0.33319542393206,-0.33319542393206,0,0,0,0,1.49423721041949,0,0,0,0.410454031757082,-0.25029206043144,0,0,0,0,-0.403843806283476,-0.403843806283476,-0.370373803345975,-0.370373803345975,0,0,-0.318869109523155,0,-0.893120215293382,0,0,-3.32192809488736,-3.32192809488736,0,0,0.187166934027851,0.187166934027851,-0.918764533171725,-0.224496824229199,0,0,-0.768862899579035
C3N-00180,LUAD,0,0,0,0,-1.08304881903013,-1.08304881903013,0,0,0,0,-1.12748329187735,-1.12748329187735,0,0,0,0,-1.1670910643648,-1.1670910643648,0,0,0.913908889770489,0.913908889770489,-0.163128511476992,-0.163128511476992,-1.15985354427163,-0.259578241735237,0,0,0,0,0,-1.01143246031902,-1.01143246031902,-1.05142008050738,0,0,0,0,0,0
C3N-00199,LUAD,0.860725664778723,0.860725664778723,0,0,-0.530759145729873,0,0,0,0.106842969854938,-0.192865066206425,0.71291056664831,0.71291056664831,1.47115586635303,0.203930310871697,0,0,0,0,0.485579773252911,0.485579773252911,0,0,0,0,-0.256685471703519,1.14931716088838,-0.541200213500633,0,0,0,0,-3.32192809488736,-3.32192809488736,0,-0.247216752146591,1.11979644855395,1.11979644855395,0.41899148848012,0.41899148848012,0.225338472033598
C3N-00203,LUAD,-0.366318023415963,-0.366318023415963,0,0,-0.388061214416389,-0.388061214416389,0,0,-1.38390588620188,-1.38390588620188,-1.58893102636427,-1.58893102636427,1.26585199411186,1.26585199411186,-0.474088914378636,-0.474088914378636,0,0,0,0,0,0,0,0,0,-0.403729512406708,-0.344794258125702,0,0,0,0,0,0,0,0,-0.413186479983454,-0.413186479983454,-0.790082025277728,-0.790082025277728,-1.44782491310049
C3N-00217,LUAD,0,0,0,0,-1.22543769840539,0,0,0,0,0,-0.646647450586675,-1.25469785866125,-1.23073027739215,-0.535481815493275,-1.28976451263411,0.0824665476125783,-0.582293250318866,-0.582293250318866,0,0,-1.23073027739215,-1.23073027739215,0,0,0.325616449235037,0.949014854358288,-0.533463907531448,0.534107888609172,0.534107888609172,-1.04976344851103,0,0.591662236619958,0.591662236619958,-1.15001356953133,0,-0.313938378190844,-0.313938378190844,0.342748568591901,0.342748568591901,-1.10940931988243
C3N-00223,LUAD,0,0,0,0,0,0,0,0,0,0,0,0,0,0,-0.52851537971147,0.395793138824192,0,0,0,0,0,0,0,0,-1.19545125350034,0,0,0,0,0,0,-1.24474699723281,-1.24474699723281,0,0,0,0,0.699027323574702,0.699027323574702,0
C3N-00293,LUAD,0,1.26587703179606,0,0,0,0,0,0,0,0,0,0,0,0,0,0,0,0,0,0,0,0,-0.921838100926771,0,0,0,0,0,0,0,0,0,0,0,0,0,0,0,0,0
C3N-00294,LUAD,0,0,0.659167379706158,0.659167379706158,0,0,0,0,1.50505935195412,1.50505935195412,0,0,1.53108247171187,1.53108247171187,0,0,0,0,0,0,0,0,0,0,0,0,0,0,0,-0.801237332667099,0,0,0,0,0,0,0,0,0,0
C3N-00433,LUAD,0,0.676523422791645,0,0,0,0,0,0,0,0,0,0,0.485518877790581,0.485518877790581,0,0,0,0,0,0,0,0,0,0,0,0,0,0,0,0,0,0,0,0,0,0,0,0,0,0
C3N-00546,LUAD,0.515432063448166,0.515432063448166,0,0,0,0,0,0,1.52837729669767,0,-1.31465198284932,-1.31465198284932,1.62869268623883,0,-1.39757153889973,-1.39757153889973,0.428976971071544,0.0655005518598172,0,-1.13989366434198,0,0,0,0,0,0,-0.651640905171599,0,0,0,0,0,-1.05847463639602,0.377550629494674,0.377550629494674,0.281238744770703,0.281238744770703,0.533271167393417,0.533271167393417,0
C3N-00547,LUAD,0,0,0,0,-0.481294940657746,-0.481294940657746,0,0,0.488734317819827,0.25319465047846,0,0,1.34432071770125,0,0.836768722897192,0.836768722897192,0,-0.345296978891514,0.222094526615692,0,0.426865224413626,0,0.282420741923254,0.282420741923254,0,0.37825531445375,-0.800375115402194,0.832505607597244,0.832505607597244,0,0,-0.772831783192433,-0.772831783192433,-0.258639873864575,-0.258639873864575,0.40341837094759,0,1.82715264871936,0.243401686304844,-0.448711591399166
C3N-00549,LUAD,0.588593563422137,0.588593563422137,-0.127916541397899,-0.720494401876031,-0.780358271003964,-0.780358271003964,-0.751085654670841,-0.751085654670841,0.595859155122326,0.595859155122326,-0.210731258619737,-0.675020746357146,0.594648665497892,0,0.621238926226018,0.621238926226018,-0.751085654670841,-0.751085654670841,0,0,-0.741884653272168,-0.0849613713500519,0.905068513045547,0.905068513045547,0.584958372724404,0,1.20491435481535,0.511911522831783,0.511911522831783,-2.18520575593032,-2.18520575593032,-0.764925655276426,-0.764925655276426,-0.572212101659102,0,0.537553283192414,1.66772487300288,0,0,-0.744949386505449
C3N-00550,LUAD,0,0,0,0,0,0,0,0,0,0,0.501970026882773,-0.328178237728391,2.02197041999773,0,0,0,-1.15854922438267,-1.15854922438267,0,0,0.827669685246082,0.827669685246082,0,0,-0.314516232381055,1.0215264303334,0,0.784889582613822,0.784889582613822,0.437665532342013,0.437665532342013,-0.914028112064074,-0.914028112064074,0,0,0,0.515716077871922,1.51328236917436,-0.437815495906209,0
C3N-00551,LUAD,0,0,0,0,0,0,0,0,0,0,0,0,0,0,-1.07313447707322,-1.07313447707322,-1.06654274565657,0,0,0,0,0.478185266038212,0,0,-1.76791191458178,0,0,-0.494260771011204,-0.494260771011204,0,0,0,0,0,0,0.726066784963122,0.726066784963122,2.44022509344111,0,0
C3N-00552,LUAD,0,0,0,0,0,0,0,0,0.927199033046146,0.927199033046146,0,0,0,0,0,0,0,0,0,0,0,0,0,0,-1.44339306675288,0,-1.39337225650787,0,0,0,0,-1.2344961773373,-1.2344961773373,0,0,-1.55481271290871,-1.55481271290871,0,0,0
C3N-00556,LUAD,-0.631709936381995,-0.631709936381995,0.359316638961339,0.359316638961339,0,1.04975032881599,0.4040534053602,0.4040534053602,-0.485765876488895,-0.485765876488895,0.532872060413281,0.532872060413281,0.378606389711195,0,-2.82392001588262,-0.832946484658904,0.484706758609843,0,0,0,0,0,0,0,-1.4694084609084,0,-1.32439558014678,0,0,-0.626286269396438,0,0,0,-0.778940113017561,-0.778940113017561,0.606059545120139,0.606059545120139,-0.441268187538387,-0.441268187538387,-0.485765876488895
C3N-00559,LUAD,0.90241361772245,0.90241361772245,-0.492488499496885,-0.492488499496885,-0.481021076435033,0.240366299561451,0,0,0,0,0,0,1.97726034766131,1.97726034766131,1.30430673513148,1.30430673513148,-1.24939001442848,-1.24939001442848,0,0,-0.331686998409664,-0.331686998409664,0,0,-1.1558719282124,0.677546617091637,-1.76514215239882,1.54523139020635,1.54523139020635,0,0,0,0,0,0,1.02196671035447,1.02196671035447,0.373293803202344,0.373293803202344,0.311773465452038
C3N-00560,LUAD,0,0,-0.57453955323896,-0.57453955323896,-0.491181934954207,-0.491181934954207,-0.594430247883886,-0.594430247883886,0,-0.51062848826716,0,0,0.516914623694905,0.516914623694905,0.801885876490698,0.801885876490698,-0.478272928262541,-0.478272928262541,0,0,-0.520389640617036,-0.520389640617036,0,0,0,-0.481496066206896,-0.317334697538218,-0.478272928262541,-0.478272928262541,-0.412788097801448,-0.412788097801448,0.407491710959197,0.407491710959197,0,0,0.565066397898773,0.565066397898773,-0.470227001901522,-0.470227001901522,-0.427068168394062
C3N-00572,LUAD,0,0,0,0,0,0,0,-1.61029504313108,0,0,0,-1.62090461031401,0,0,0,0,-1.78919714546428,-1.78919714546428,-1.67504052200613,-1.67504052200613,0,0,0.536040294871118,-0.635726814715177,0,0,-1.74254072179912,0,0,0,0,-1.20985018930621,-1.20985018930621,0,0,0.392027625148006,0.392027625148006,0,0,0
C3N-00574,LUAD,0,0,0,0,-0.89776688064845,-0.89776688064845,0,0,0.713749194228667,0.369601394372161,0.544049139118097,0.544049139118097,0,0,-2.44234524911747,0,-0.819126321021949,-0.819126321021949,0,0,0.471856709824563,0.471856709824563,0,0,0,0.30240613372909,-0.344681105967139,0,0,0,0,-1.98176527604492,-1.98176527604492,-0.878958348464285,-0.878958348464285,1.81289957793507,1.81289957793507,-0.864977427395951,-0.864977427395951,0.367052033462983
C3N-00578,LUAD,0,0,0,0,0.21485079842727,0.21485079842727,0.284060590614884,0.284060590614884,0,0,-0.20721447878375,0,0.671901684934854,-0.571529610346197,-0.652024972727351,0,-0.632663195593222,-0.632663195593222,-0.305044978313925,-0.305044978313925,-0.338287257007567,-0.611508831194068,0.213333733397706,0.213333733397706,-0.298088096394596,0.949730915749796,-0.702965959268382,-3.32192809488736,-3.26078343475071,-0.756824195936909,-0.756824195936909,-0.791260406103439,-0.791260406103439,-0.438248721749601,-0.632663195593222,0,0,1.70766089390046,0.246584820887329,-0.605765156529414
C3N-00579,LUAD,0.791285009399069,0.791285009399069,0,0,0.6489010001875,0.6489010001875,0,0,0.791285009399069,0.791285009399069,0.113323308065495,-0.906259964058803,-3.32192809488736,-3.32192809488736,0,0,1.03017914449727,1.03017914449727,0,0,0,0,0.646929498504254,0,-1.27957809130351,0.639030175046629,-0.570257891482901,0.558827984875049,0.558827984875049,0,0,0,0,0,0,1.92694398987066,1.92694398987066,0.817488089085206,0.817488089085206,-1.07107376734065
C3N-00580,LUAD,0,0,0,0,0,0,-0.442108842790069,-0.442108842790069,1.22452289017602,0,0.690286944816753,0.483296073261173,0.651369006080755,0.322481438586555,1.15256504259335,1.15256504259335,0,0,0,0,0,0,-0.243529603970561,-0.243529603970561,-0.786672076875388,0,-1.3280489878756,0,0,-1.49145188874274,0,0,0,-0.712502722236159,-0.712502722236159,0,0,-0.393639285086945,-0.393639285086945,-0.793317138833136
C3N-00704,LUAD,1.00244314320776,1.00244314320776,0,0,0,0,0,0,0,0,0.318357980410533,-0.790633827960127,0,0,-1.12374122747264,0.463492925484283,0,0,0.435680348490676,0,0,0.376450609607059,-1.22657175800336,-1.22657175800336,0,0,-1.22657175800336,-0.345069654547567,-0.990197539185082,-0.438528576086792,-0.438528576086792,-1.14607622461265,-1.14607622461265,-0.38192309792603,-0.38192309792603,-1.01611595339327,-1.01611595339327,0,0,0
C3N-00737,LUAD,0,0,0,0,0,1.30249489714809,-0.747840450044869,0,0,0,0.486952169548886,0.486952169548886,0.902941901620429,0,0.872062327878819,0.872062327878819,0.898552566783788,0,0,0,0,0,0,0,0,0.622931710799606,-1.38611236391169,0,0,0.397131768028647,0.397131768028647,0,0,0,0,0.867621256503524,0.867621256503524,0.458270642082554,0.458270642082554,0
C3N-00738,LUAD,0,0.68439735691042,0,0,0,0,1.14546181678129,-0.687285935266768,0.838076432801394,0,0,0,0,0,0,0,-0.995352945756667,-0.995352945756667,-0.739114717635612,-0.739114717635612,0,0,0,0,0,0,0,0,0,0,0,-3.32192809488736,-3.32192809488736,-0.974907416100329,-0.974907416100329,0,0,0,0,0
C3N-00959,LUAD,0,0,0.672648041365845,0.672648041365845,0,0,0,0,0,0,0,0,0,0,0,0,0,0,0,0,0,0,0,0,0,0,0,0,0,-3.32192809488736,-3.32192809488736,0,0,0,0,0,0,0,0,0
C3N-01016,LUAD,-0.376869187385917,0.398757930426251,0,0,-0.469696876636313,-0.469696876636313,0.19345555521429,-0.387447590945431,0.228091553459199,0,0.225090768345576,0.225090768345576,0.0519766072422165,-0.326204822420991,-0.252437324959214,0.0221342810614674,-0.417604196313964,-0.417604196313964,-0.390981207437166,0,-0.228752833707531,-0.228752833707531,0.662988191121348,0.662988191121348,-0.274574012168692,0.246052811238658,0,-0.218650661344909,0.014243492685781,0,0,-0.208577072883909,0,-0.406929239827558,0,1.02772364055033,0,-1.26828511680953,-1.26828511680953,-0.439058812494626
C3N-01021,LUAD,0.689049554601696,0.689049554601696,0,0,0,0,0,0,2.14566170588098,-1.13450527473758,0,0,0,0,1.04476290274706,1.04476290274706,0,0,0,0,0,0,0,0,0,0.663832190955312,-1.38465357467436,-1.29731133262019,-1.29731133262019,0,0,0,0,0,0.43933980273951,0,0,0.529666081206101,0.529666081206101,0
C3N-01023,LUAD,0.424613463099857,0.781335453575448,0.209357019171827,0,0,-0.498581359804026,0,0,0,0,0,0,0,0,0,0,0,0,0.235918054617763,0.235918054617763,-0.449103283030745,-0.449103283030745,0,0,-0.235108908784844,0,-0.605228374423864,0,0,0,0,0,0.476018298585762,-0.451332006822437,0,0.525089124076346,0.525089124076346,0,0,-0.498581359804026
C3N-01024,LUAD,-0.274593174681364,0.610791260074962,-0.206980512154577,-0.206980512154577,0.402634741302425,0.402634741302425,-0.831249243487571,-0.831249243487571,0.30668390666435,0.30668390666435,0,0,0,0,-0.423313697277733,0.414047549705293,-0.224725525773457,-0.224725525773457,-0.195209836550458,-0.195209836550458,0.409160619510175,0.409160619510175,-0.362456584970191,0.420553542409485,0.202909445849388,0,-0.210914568770655,-0.769819304715183,-0.769819304715183,-0.841224160241417,-0.841224160241417,-0.431814700369233,-0.431814700369233,0,-0.655997450013434,0.336733428385577,0.336733428385577,2.14039334019093,0,0
C3N-01030,LUAD,-0.594691480781449,0.570826824692083,-0.311704492518943,-0.311704492518943,0,0,0,0,0,0,0,-1.1786921702544,0.912642546300105,0.912642546300105,-0.50516865437166,0.532081865005158,-0.413949184547514,0,0,0,0,0,-0.510340728222764,-0.510340728222764,-0.616269005747797,-0.573314584111044,-1.30980864901991,-0.58130771606784,-0.58130771606784,-0.0490963765172511,0.416695083072531,0,-1.11621470986783,0.374189764371188,0.374189764371188,0,0,1.15069796716035,0,0
C3N-01071,LUAD,0,0,0,0,0,0,0,-0.558182901723624,0.771357151080526,-0.545953716446287,0,0,0,0,0.7033241147596,0.7033241147596,0,0,0.652436431224338,0,0,0,0,0,0,0.470842488244047,0,0,0,0,0,-1.0784801812913,-1.0784801812913,0,0,0.456725081425395,0.456725081425395,0,0,0
C3N-01072,LUAD,0,0,0,0,0,0,0,0,0,0,0,0,0,0,0,0,0.271948649462596,0.271948649462596,0,0,0,0,0,0,0,0,0,0.865296904882082,0.865296904882082,-1.17180685071641,0,0,0,-0.355841505910126,-0.355841505910126,0,0,0,0,0
C3N-01074,LUAD,-0.594184285567757,-0.594184285567757,0,0,-0.756773958221843,-0.756773958221843,1.12774187563077,0,-0.216204900781244,0,0.568307629865866,0,0.368012366134668,0,0.993184453872695,0.993184453872695,-0.423371981519671,-0.423371981519671,-0.252495937598245,-0.252495937598245,0,0,2.4296363737655,0.589702368944641,-0.269744103761988,-0.725426075598278,0,0,0,0,0,-3.32192809488736,-3.32192809488736,-0.796562395957034,-0.796562395957034,-0.355466301206822,-0.355466301206822,0.104242128213597,-0.77790934189384,-0.785885068338133
C3N-01405,LUAD,0,0,0.63624679933289,0,0,0.590280684829593,0.719580343670711,0,0,-0.428800103227002,0,0,0.55471369211174,0,-0.571675741364898,-0.571675741364898,-0.571675741364898,0,1.30533918348469,1.30533918348469,-0.721691832681609,0,-0.481193312984258,0,0,0,-0.70973168078937,-0.60528692555623,-0.60528692555623,-0.654875932466481,-0.654875932466481,-1.18675490789534,-0.334463498619983,-0.762105628708499,-0.762105628708499,0,0,-0.428800103227002,-0.428800103227002,-0.63183230802973
C3N-01410,LUAD,0,0,-0.708865259662932,-0.708865259662932,-0.62620312357668,0,-0.714301753799423,-0.714301753799423,0.518080904187872,0,0,0,0.497224839628799,0,0.799437023799785,0.799437023799785,0,-0.5312239221329,0,0,-0.7224808757066,0,0,0,0,1.18742433609599,0,0,0,0,0,-0.623585082455798,-0.623585082455798,-0.736178434364985,0,0,0,-0.741680687928958,-0.741680687928958,-0.791814187220421
C3N-01413,LUAD,0,0.634260126503177,0,0,0,0,0,0,0.786072543926405,0.786072543926405,0.783658808967731,0,1.14134509869812,1.14134509869812,0,0,0,0,0,0,0,0,0,0,-0.68425849908034,1.18725450933303,0,0,0,0,0,0,0,-1.10971009410674,-1.10971009410674,0.675016511432757,0.675016511432757,0,0,0
C3N-01414,LUAD,-1.3322183382041,1.07768557793756,1.14129495503163,0,-1.23581786083072,-1.23581786083072,0,0,0,0,-1.0459788918861,0,0.186143279785827,0.830451502806584,2.81212097577223,2.81212097577223,0,0,0,0,0.59537873223755,0.59537873223755,1.14339004977589,1.14339004977589,0,0,-1.31109211189142,0,0,0,0,0,0,0,0,2.47645782420518,2.47645782420518,-0.874916663971314,-0.874916663971314,-1.60912973712314
C3N-01415,LUAD,0,0.313094271266418,0.219050310319714,-0.271571033569838,-0.659628480964757,0.0444125002375124,0,0,1.99365740195828,1.99365740195828,0.334997836596102,0,0.915063022704104,0.915063022704104,-2.04926239103549,-0.504571215275777,-0.305410789139919,-0.710565473694913,0,0,0,0,0,0,-0.629662172247514,-0.328259560576587,-1.01856578907129,-0.311100983022881,-0.311100983022881,0,0,0,0,-0.339772909357783,-0.339772909357783,0.237227736433704,0.237227736433704,0,0,-0.542273252727616
C3N-01416,LUAD,0.321159590887574,1.40169811605759,0,0,0.35471459749626,0.35471459749626,-0.745518203227592,-0.745518203227592,0.398692505528184,0.398692505528184,0,0,1.0299283014984,0,0.385040737485684,0.385040737485684,0,0,-0.735930528826546,-0.735930528826546,0,0,-0.70276457278539,-0.70276457278539,-0.854470768137583,0,-0.94343506829201,0,0,0,0,-0.593387338208496,-0.593387338208496,0,0,0,0,0,0,0
C3N-01488,LUAD,-0.585638757068365,0.786433624220973,0,0,0,0,0,0,0,0,-0.608243248709478,-1.35115689405066,0,0,0,0,-0.581896483500869,-0.581896483500869,0,0,0,0,-1.39128887564653,-1.39128887564653,0,0,0,0,-0.530235708474798,-0.585638757068365,-0.585638757068365,-0.497720947410205,-0.497720947410205,-0.681599691715743,-0.681599691715743,0.375198200363864,0.375198200363864,1.06707455522155,1.06707455522155,-0.574433196694399
C3N-01489,LUAD,0,0,0,0,0,0,-0.735011071546697,-0.735011071546697,0.91214936760881,0,0,-0.945301333379595,0,0,-0.861210172435812,-0.861210172435812,0,-0.789041417503046,0,0,-0.773423552957879,-0.773423552957879,0,0,-1.13744433700628,0,0,-0.945301333379595,-0.945301333379595,0,0,0,0,-0.343761379058331,0.451229146334624,0,0,0,0,-0.971396154041644
C3N-01799,LUAD,0,0.784608241117579,0,0,0,0,0,0,0.345224843718268,0.345224843718268,0,0,0,0,-0.592118193062053,-0.592118193062053,-0.572009157724809,-0.572009157724809,0,0,0,0,-0.418687413070655,-0.418687413070655,0,0,-0.955604402520609,0,0,0,0,0,0,0,0,-0.602257622488699,0,0,0,0
C3N-01823,LUAD,-0.333438096975872,-0.333438096975872,0.326687280359717,0.326687280359717,0,0,-0.496012843157212,0,0,0,0,0,0.591672947428957,0,0,0,-0.631687333706041,-0.631687333706041,0.392637587966145,0,0.366934892468198,0.366934892468198,1.00376520437882,1.00376520437882,0,0.951032861537895,-0.381863704230283,0,0,0,0,0.434142566602149,0.434142566602149,0,0,0.988790710030657,0.988790710030657,0,0,0
C3N-01842,LUAD,0,0.832002337651248,0,0,0.4896821114285,0.4896821114285,-1.1815628561517,-1.1815628561517,1.1995837178236,-1.22351929793686,0,0,0,0,-0.977323436655488,0,0,0,-0.514115050454726,-0.514115050454726,0,0,0,0,0,0.850510170164749,0,0,0,-1.1111366945817,0,0,0,-1.31833416016846,-1.31833416016846,1.11285710037521,1.11285710037521,0.993659825928121,-0.763812438597664,1.26345633212036
C3N-02000,LUAD,0,0.902183499656365,0,0,-0.881389038129759,-0.881389038129759,0,0,0.6660504098126,0.6660504098126,0.539766332953007,-1.05452272158162,0,0,-0.78413183224592,1.10869339081864,-1.06104129198763,0,-1.11410930415113,-1.11410930415113,0.916651711090392,0.916651711090392,0,0,-0.947345941190474,0.592782379995803,-2.11122023289409,0.785774642442642,0.785774642442642,0,0,0,-1.34487046874941,-1.56815784154794,-1.56815784154794,-3.32192809488736,0.514208459952386,2.318306886035,0,-1.66867763730471
C3N-02002,LUAD,1.01683549012717,1.01683549012717,0,0,0,-0.442245151907826,1.09254857569838,1.09254857569838,1.45437469195801,1.45437469195801,0,0,0.789787430754317,0.789787430754317,-1.57267774941304,0.109534217777502,0.334335912700039,0.334335912700039,0,0,0.718528286040168,0.718528286040168,-0.352853092184193,-0.352853092184193,-1.21141496998927,0,-0.325066413344201,-0.921243052038685,-0.921243052038685,0.661008862271041,1.17761414684035,-0.725078656714006,-0.725078656714006,0,0,0,0,-0.586357797809473,-0.586357797809473,-0.638217308232041
C3N-02003,LUAD,0,0,-1.01533290237251,-1.01533290237251,0,0,0,0,0,0,0.670134017434071,0.670134017434071,0,0,0.372964711318793,0.372964711318793,-0.995278430517555,-0.995278430517555,0,0,0.404594624196489,0.404594624196489,0,0,0,0,-1.31651701434646,0,0,0,0,0,0,0,0,-0.955865802379832,0.76006145998086,0,0,0
C3N-02067,LUAD,0,0.805685961965921,0,0,-0.395674270176311,0,0.449564759548624,0,1.18148887350459,1.18148887350459,0.138391551270759,-0.318810544360179,0.889570871148963,0.889570871148963,0.577511000597864,1.30273695353622,-0.45101731561647,-0.45101731561647,0,0,0,0,0,0,-0.908390566841909,0,-0.369774300027249,0.568412003368435,0.568412003368435,0,0,-0.965073922935502,-0.965073922935502,-0.321332974371431,-0.321332974371431,-0.780803027754625,0.378701929929379,0.302137643499788,0.302137643499788,-0.507720138882302
C3N-02087,LUAD,0,0.273003991202621,0,0,0,0,0,0,0.39003978157812,0.39003978157812,0,0,1.14030812610632,0.580464750244312,0,0,0,0,0,0,0,0,0,0,-0.545496902729812,0.310302267622063,0,0,0,-0.401953741252083,-0.401953741252083,0,0,0,0,-0.39565733999423,0,0.405696436671368,0.405696436671368,0
C3N-02089,LUAD,0,0,0,0,0,0,-0.633116869093665,-0.633116869093665,0.651187956316929,-0.556792518277843,0,0,0.249294953971141,-0.444032276287491,0,1.23434928436266,-0.402032965620832,-0.402032965620832,0,0,0.758387445418104,0.758387445418104,0.685957331653712,0.685957331653712,-2.20772445437747,-0.716625019779643,-0.732951324036324,-0.704471081607054,-0.704471081607054,0,0,-3.32192809488736,-3.32192809488736,-0.69239369548682,0,-0.56429249649856,-0.56429249649856,-0.757705839957653,-0.757705839957653,0
C3N-02145,LUAD,0,0,0.385588123973926,0.385588123973926,-0.820535014508401,-0.820535014508401,0,0,-0.727976106772433,-0.727976106772433,0,0,0.621752514987832,0.621752514987832,-2.13760717532085,0,-0.928621371822749,-0.928621371822749,-0.932327357317879,-0.932327357317879,0.699576574393172,0.699576574393172,-0.711285841453177,-0.711285841453177,0,0.298666807110805,-0.768595250587747,-0.601215627155844,-0.601215627155844,0,0,0.909868998752325,0.45157939419446,-0.91386648101744,-0.91386648101744,0,0,0,0,0
C3N-02149,LUAD,-0.714835348013364,0.112485135047307,0,0,-0.774031700960603,-0.774031700960603,0,0,1.30821041173106,-0.500554905123864,-0.562702678567063,-0.562702678567063,1.00392597860844,1.00392597860844,-0.768567661872581,0.0499864154197364,0,-0.785010792944578,0,0,0,0,0.437918152261181,0.437918152261181,0,0,-0.785010792944578,-0.736133267868686,-0.736133267868686,0,0,0,0,-0.75769001574088,0,0,0.866602122828292,-0.752276179548585,-0.752276179548585,0
C3N-02155,LUAD,0,1.22837672106992,0.605250872538416,0,0,0.48874937740246,0,0,0,0,0,0.541127524747413,2.20355183438132,0,0,0.487151081014749,-0.682785753226014,-0.682785753226014,0,-0.505977472323437,-0.63858339833107,0,0,0,-0.694547878673331,1.42851472312861,0,-0.613339489851959,-0.613339489851959,-0.627077984860328,-0.627077984860328,-0.629374922310965,-0.629374922310965,0,0,0.930744526223637,0.930744526223637,-0.484151606146039,0.992273125081962,-0.550176584805031
C3N-02158,LUAD,0.837769303829208,0.837769303829208,0,0,-1.81549086113621,-1.81549086113621,0,0,0,0,-1.66673402889499,-1.66673402889499,0,0,0,0,-1.96652269104223,-1.96652269104223,-1.79167319938551,-1.79167319938551,0,0,0.782119687706125,0.782119687706125,-1.95336501310302,0,-1.18854533481769,0.929357187234562,0.929357187234562,0,0,-3.32192809488736,-1.1248128177211,-2.13375281438496,-2.13375281438496,5.61204020015059,5.61204020015059,-0.657177259835694,-0.657177259835694,-1.87666252265617
C3N-02379,LUAD,0,0.374563991742765,0.388079698931952,0.388079698931952,-0.346274338432922,-0.346274338432922,0,0,0.792306007315884,0.792306007315884,0.59129863267645,0,1.3845816105378,1.3845816105378,0,0,-0.4664362797196,-0.4664362797196,-1.13244605236066,-1.13244605236066,-0.614843779835471,-0.614843779835471,0,0,-1.13702864945895,0,0,0,0,-0.502546048957713,-0.502546048957713,-3.32192809488736,-3.32192809488736,-0.282667373438204,-0.282667373438204,-0.124351574214646,0.719557953089582,0.312850238912786,0.312850238912786,0
C3N-02380,LUAD,0.774772700347325,0.774772700347325,0,0,-0.723958467485087,0,0,0,1.23820581674674,0,0,0,0.950304094701144,0.385943968396773,0,0,-2.32355228905505,-2.32355228905505,0,0,0,0,-2.32355228905505,0,0,0,0,0,0,0.0962217134398785,0.950304094701144,-3.32192809488736,-3.32192809488736,0,0,0,0,2.31256254419485,0,0
C3N-02421,LUAD,0,1.37837992974251,0,0,0,0,0,0,0.645157268122913,0.645157268122913,0,0,1.19926362436865,0.346740607964474,0.235440973587589,0.235440973587589,0,0,0,0,0,0,-1.10204829214847,0,0,0,0,0,0,0.641370488154136,0.641370488154136,0,0,0,0,-1.15881346551097,0,2.40229825512736,0,-0.985751951538196
C3N-02422,LUAD,0,0,0,0,0,0,0,0.991795420022543,1.47000897427369,1.47000897427369,-1.39271860677478,-1.39271860677478,1.14330716132294,1.14330716132294,0,0,-0.405767919694591,0,0.535411624957674,0.535411624957674,0,0,-1.70273286969324,-1.70273286969324,-1.77359336305303,0,1.79720041980205,1.88772609697041,1.88772609697041,0,0,0,0,0,0,0,0,0.306236873749656,0.306236873749656,0
C3N-02423,LUAD,0.161757860368884,0.571309722729467,0.448035592862599,0.448035592862599,0,0,0.510476484614951,0.510476484614951,0.326210398431168,0.326210398431168,0,0,0.507907645542646,0.507907645542646,0.543620423481311,0.543620423481311,0.453303166857062,0.453303166857062,-0.611268858373423,-0.611268858373423,-0.589343479876931,0.0193077432586776,-0.624548784622029,-0.624548784622029,-0.422549201215664,0.448035592862599,-0.724955743194188,0.356595959151062,0.356595959151062,-0.438586615874851,-0.438586615874851,0,0,0,0,0,0,0,0,-0.697025804048013
C3N-02424,LUAD,0,0,0,0,0,0,0,0,1.74852164806373,0,0,0,0.507119450408872,0.507119450408872,0.700211213023699,0.700211213023699,0,0,0,0,0,0,0,0,0,0,0,0,0,0,0,0,0,-0.74880226218439,-0.74880226218439,0,0,0,0,0
C3N-02433,LUAD,0.62713747564408,0.62713747564408,0,0,-0.383091212279675,0,0,0,0.369318622198655,0.369318622198655,0,0,0.905465278014188,0,-0.974528071956135,-0.264609224739305,-1.42049383827047,-1.42049383827047,-0.303410651541265,-0.303410651541265,0,0,0,0,0,0,-0.917483424396799,0.713282643015797,0.713282643015797,0,0,-1.24780941300874,-1.24780941300874,0,0,0,0,0.324292928667417,0.324292928667417,0.296037284116957
C3N-02529,LUAD,0.988595492837558,0.988595492837558,0,0,0,0.373587766864805,0,0,0.870070084489252,-0.329647617807612,-0.290016822827429,-0.988312563530164,1.21435393815746,1.21435393815746,1.16536872521697,1.16536872521697,0.686770294952814,0.686770294952814,0,0,-0.555124011222005,-0.555124011222005,0,0,-0.923861855254524,0,-0.883584414659936,0.301963428039773,-0.0785367100933603,0,0,-1.21774548482133,0,-0.623426748238616,-0.623426748238616,0,0,0,0,-0.662432450007076
C3N-02572,LUAD,0.337099398960453,0.337099398960453,0,0,-1.22521676364376,-1.22521676364376,0.317532716145643,0.317532716145643,1.14768800530277,1.14768800530277,0,0,1.29526125280079,0.633243755295069,0,0,-1.39563849911202,-0.452218668523698,-1.35568842540378,-1.35568842540378,0,0,-1.44244486369215,-1.44244486369215,-3.32192809488736,0.646229659055803,-0.473218736033143,0.703905587408015,0.703905587408015,0,0,-3.32192809488736,-3.32192809488736,0,0,-1.32770010489519,0,1.66814674245971,1.66814674245971,-0.752349781334097
C3N-02582,LUAD,0,0.371184573794699,0.290254230565673,0,-1.67206908219387,0,0,0,0,0,0,0,1.1761807432176,0,-0.621515264837282,0.466288703851794,-0.821667125600285,-0.821667125600285,0,-0.586211684078335,0.619404979565198,0.619404979565198,0,0,-1.84464178207765,0.808401414689122,-1.65081921875179,0,0,0,0,-1.79019862841217,-1.79019862841217,-1.3077519814784,-1.3077519814784,0,0.463895579246327,-0.698240737464728,-0.698240737464728,-1.62983453646417
C3N-02586,LUAD,0,0,0,0,0,0,0,0,2.69621591946176,0,0,0,0.2959701539661,0,0,0,0,0,-0.0489326981826711,-0.459202757807846,0,0,0,0,0,0,0,0,0,0,0,0,0,0,0,0,0,0,0,0.797426649795527
C3N-02587,LUAD,0,0,0,0,0,0,0,0.776714538044653,0.887987585756532,0.887987585756532,0,0,0,0,0,0,0,0,0,0,0.85779309295956,0.85779309295956,0,0,0,0.804428312550134,0,0.859307906287643,0.859307906287643,0,0,0,0,0,0,0,0,0,0,0
C3N-02588,LUAD,0,0.973114449486032,0,0,-0.741360133077681,-0.741360133077681,-0.912201468977618,-0.0440963198023079,-0.621911402919326,-0.621911402919326,0,0,0.726263020554576,0,0.402202155281559,0.402202155281559,-0.445542460570313,-0.445542460570313,-0.580746100999006,-0.580746100999006,-0.659291874962458,0.342991629276762,-0.766221809706087,-0.766221809706087,-0.522853882146542,-0.567225447245884,-1.01858676476392,0.842285915541661,0.842285915541661,-0.711970132602027,-0.711970132602027,0.874477213443291,0.573691145363233,-0.68304807603669,0,-0.558266101880586,0,0.774272751420467,0,-0.576228251016924
C3N-02729,LUAD,0.6405016769378,0.6405016769378,0,0,-0.714012960445776,-0.714012960445776,0,0,0,0,-0.758202030552984,-0.758202030552984,0.630514466349028,0.630514466349028,0.650468300827941,0.650468300827941,0,0,-0.751845578163212,-0.751845578163212,0.53675868134953,0,0.744856560284769,-0.240912576494599,0.658994875303507,0.441051408301848,-0.895277648759528,0.624798174384857,0.624798174384857,-0.46434751114616,0.281860685016191,-1.10216227380162,-1.10216227380162,0.34625787046951,0.34625787046951,-0.335001675290396,-0.335001675290396,1.95501458887442,1.95501458887442,0
01OV017,OV,0,0,0,0,-0.975916124807763,-0.975916124807763,0.802964397542648,0,0,0,0,0,0,0,-0.938529041712614,0,0,0,0,0,0,0,0,0,-1.14602544721906,0,0,0,0,-0.94299861645113,-0.94299861645113,0,0,-0.917730801336196,-0.917730801336196,0,0,-0.16385447987353,-0.16385447987353,-0.398394219403678
01OV023,OV,0.717012655295746,0.717012655295746,-0.521676644949024,-0.521676644949024,-0.401401859152586,-0.401401859152586,0.255268683409217,0.255268683409217,0.189408445248102,0.189408445248102,1.61283270823736,1.61283270823736,-0.597696667145739,-0.597696667145739,0,0,-0.449713357486667,-0.449713357486667,0,0,-0.538389102735169,-0.538389102735169,0.521679058764092,0,-0.557312420064949,0,0,-0.65177011872162,-0.65177011872162,0,0,-0.527931997980223,-0.527931997980223,-0.777069660886594,-0.777069660886594,-0.228887482790244,-0.228887482790244,-0.727123717707764,-0.727123717707764,-0.612727858241859
01OV026,OV,0.740840889549349,0.740840889549349,0,0.579933704921073,0,0,-0.874036480049495,-0.874036480049495,0,0,0.642574774132231,0.642574774132231,0,0,1.52820755401062,1.52820755401062,1.19388509142713,0,0,0,0.573797799039071,0.573797799039071,0,0,0,0.608393512722412,0,-1.34940715985046,-1.34940715985046,-1.18318194199739,-1.18318194199739,0,0,1.11050900159404,1.11050900159404,2.48911597917963,2.48911597917963,0.524221490738718,0.524221490738718,0.465238481022019
01OV030,OV,-0.488769465500646,0.474839579746921,0.673072645394105,0.673072645394105,0,0,-0.983769885228401,-0.983769885228401,0.900529478484692,0.0281682067413942,-0.437569688696572,-0.437569688696572,1.68890538203781,1.99939059559012,0.450381693042033,0.450381693042033,-1.02743746881757,-1.02743746881757,0,0,0,0,0.860091746086731,0,0.459705900741761,0,-0.509901438244018,0,0,-0.512548240387986,-0.512548240387986,-0.462459097233776,-0.462459097233776,0,0,1.50291159042417,1.50291159042417,-0.963531461464828,0,-1.06562350363555
01OV039,OV,0,0,0,0,0,0,0,0,0,0,0,0,0,0,0,0,0,0,0.0454345026388066,-0.334834868533382,0,0,0,0,0,-0.581161402141681,-0.592811792241799,-0.493043382457545,-0.654785395618032,0.118286609173749,0.118286609173749,0,0,-0.540488715796452,-0.540488715796452,0,0,-0.632524017058392,-0.632524017058392,-0.600975024576054
01OV041,OV,-0.267110549375872,-0.267110549375872,0,0,1.75757854475224,1.75757854475224,0.350170208694762,0.350170208694762,0.362196944281608,-0.231536269089886,1.97669823184983,1.97669823184983,-0.909795874969135,0,-1.30602050963268,2.0111598571206,0.332915909864853,0.332915909864853,0,0,0,0.234631024633266,-0.262901453936674,-0.262901453936674,0.336373722197595,0.306869922892386,0.25593682350928,-1.10632680479546,-1.10632680479546,-1.16980927790961,-1.16980927790961,-1.08852581796105,-1.08852581796105,0.20061157653052,0.20061157653052,0.329454597524213,0.329454597524213,-0.500216860201652,-0.500216860201652,-1.08262432980021
01OV047,OV,0,0.6963612848081,1.19804908942231,1.19804908942231,0.758653852040822,0.758653852040822,0.497082650824194,0.497082650824194,0,-0.934600676292998,0,0,0.629735706059699,0.629735706059699,0.605695371323321,0.605695371323321,0,0,0.654951522611501,0,0,0,0,0,0.502234250952146,0,0,-0.155840422123505,-0.155840422123505,0,0,0,0,-0.158748313964184,0.312717354604795,1.92253204079068,1.92253204079068,0.944951927920676,0.944951927920676,-0.997431466735683
02OV005,OV,0,0,0,0,0.66322167482007,0.66322167482007,0,0,0.55504443131537,0.55504443131537,0,0,0.657116086919943,0.657116086919943,1.32189767388128,1.32189767388128,-1.24190175115716,-0.216214973071971,0.447073397599523,0,-0.297973742291358,-0.297973742291358,1.73686618544591,0,-1.203662451859,0,-0.503595733635614,-1.37975514127917,-1.37975514127917,-1.42776945065774,-1.42776945065774,0,0,-1.54431651156266,-1.54431651156266,0.439013938677377,0.439013938677377,-0.247846891283617,-0.247846891283617,-1.50697162998554
02OV006,OV,0.347847460901596,0.347847460901596,0,0,0.1869312380684,0.662461837952897,0,0,-0.636965971702693,-0.636965971702693,0,0,0.426670888660858,0.426670888660858,0.70514621477843,1.30891823705209,-0.588145972839969,-0.588145972839969,0.152813146158372,-0.200146439288978,0,0,1.35775712447841,1.35775712447841,-0.262375392629011,1.02861884922821,0.327978155782638,-0.0510345049584721,-0.244506294568461,-0.191326953030827,-0.191326953030827,0.393952535205347,0.393952535205347,0.145963469988573,0.145963469988573,2.06065831435186,2.06065831435186,-0.549539378301961,0,0
02OV008,OV,0,0.614947483133959,0,0,0,0,0,-0.468300575657759,0.616326996325765,0.467988605512333,-0.640729954029153,-0.640729954029153,0,0,1.79474793926206,1.79474793926206,-0.627412752084617,-0.627412752084617,0,0,-0.635015439136673,0.0440356559539527,1.3510389701113,0,-0.646455252619836,-0.475526634876147,0,0.449488098799208,0.449488098799208,-0.17638941757186,-0.17638941757186,0,-0.508246307980459,0.429484896861936,0.429484896861936,0.532897965253061,0.532897965253061,0,0,-0.3969067561193
02OV015,OV,0,0,0,0,-0.517985255251527,0,-0.511618648584228,-0.511618648584228,0.211073961188789,-0.526497270450485,0,0,0,0,-0.367068547140833,0,-0.539315510431585,-0.539315510431585,0,0,0,0,0,0,0,0,-0.262295230164956,-0.501040492593006,-0.501040492593006,-0.556501522751669,-0.556501522751669,-0.513739200668211,-0.513739200668211,-0.539315510431585,-0.539315510431585,0,0,0,0,-0.520110765187618
02OV022,OV,0,0,0,0,0,0,0,0,0,0,0,0,0,0,0,0,-1.14058394302084,-1.14058394302084,0,0,0,0,0.667304852070865,0,-1.28004564423688,0,0,0,0,-1.33398443209693,-1.33398443209693,0,0,0,0,0,0,0,0,0
02OV023,OV,0,0,0,0,0,0,0,0,0,0,0,0,0,0,0,0,0,0,0,0,0,0,0,0,-1.16027111675874,0,0,0,0,0,0,0,0,-0.969239084531937,0,0,0,0,0,0
02OV029,OV,0,0,0,0,1.55170878353248,1.55170878353248,-0.938691733764937,-0.938691733764937,0,0,0,0,0,0,-0.981737815512595,-0.981737815512595,-1.01060414362442,-1.01060414362442,0,0,0,0.796263605421699,0,0,-0.902399018606647,0,0.54472804981077,0,0,-1.00140447821499,-1.00140447821499,-0.954310231448599,-0.954310231448599,-1.02245299282859,-1.02245299282859,0,0,-0.962134235914828,-0.962134235914828,-1.04886831936178
02OV032,OV,0,0,0,0,0,0,0,0,-1.04958549121899,-1.04958549121899,0,0,0,0,-1.1469966766184,-1.1469966766184,0,0,0,0,0,0,0.709178256817084,0,0,-1.19233549165714,0,-1.0609884963898,-1.0609884963898,-0.209506990053725,-0.209506990053725,-1.34129747410601,-1.34129747410601,-0.228396411815769,-0.228396411815769,0,0,-1.20198723303679,-1.20198723303679,-1.26318825915529
02OV036,OV,-0.183800943228538,0.111733568404214,0.349686647494049,0.349686647494049,-0.362364683916147,0.0498674978960965,0,0.409333525889974,0,0,0,0,0.799751134521817,0.799751134521817,-0.440927268296367,-0.14919539829657,0,-0.501585042271579,0.287220142882003,0,-0.432888754112898,-0.432888754112898,3.95692927013142,3.95692927013142,-0.402178621000205,-0.758484133750477,0,0,0,-0.201817100321703,0,-0.375605961470092,-0.375605961470092,-0.573896405387363,-0.573896405387363,0.209697542194268,0.209697542194268,-1.14016116672447,-0.227642330047906,-1.52029693073606
02OV041,OV,0,0,0,0,0,0,0,0,0,0,0,0,0,0,0,0,0,0,0,0,0,0,0,0,0,0,0,-1.12194619407873,-1.12194619407873,-1.16126394634262,-1.16126394634262,0,0,-0.159305986487653,-0.159305986487653,0,0,0.19689984087555,0.19689984087555,-1.16126394634262
02OV044,OV,-0.955967792605422,-0.763970175595604,0,0,0,0.122150132451377,-1.04059985617234,-1.04059985617234,-0.983563924989206,-0.983563924989206,0,0,0,0,0,0,0,0,0,0,0,0,0,0,-1.02523506318448,0,0,-1.10536726625709,-1.10536726625709,-1.06443773967859,-1.06443773967859,0,0,-1.07147050550809,-1.07147050550809,0,0,-1.19548871816492,-0.433981259488725,-1.08274363304371
02OV046,OV,0,0,0,0,0,0,0,0,0,0,0,0,0,0,-0.448,0,-0.32,-0.715,0,0,0,0,0.149,0,-0.715,0,0,0,0,-0.65,0,0,0,-0.131,-0.131,0,0,-0.66,0,-0.828
04OV001,OV,0,0,0,0,0,0,0,0,0,0,-1.06006513191204,-1.06006513191204,0,0,0,0,0,0,0,0,0,0,-1.10613195050627,-1.10613195050627,0,0,-1.09722295025665,-1.10256545286531,-1.10256545286531,-1.09366609111943,-1.09366609111943,0,0,0,0,0,0,0,0,0
04OV004,OV,-1.00111530092847,-1.00111530092847,0,0,0,0,0,0,0,0,0,0,0,0,0,0,0,0,0,0,-1.05716102829585,-1.05716102829585,0,0,-1.06173803315865,0,0,-0.989093391434666,-0.989093391434666,-1.02374751537914,-1.02374751537914,0,0,0,0,0,0,-1.07243724641009,-1.07243724641009,0
04OV005,OV,0,0,1.3380828343817,0,0,0.833180555635007,-1.25237056824401,-1.25237056824401,0,-1.34393770029949,0,0,0.837935218080011,0.837935218080011,-3.32192809488736,1.38115472021059,-0.422466381493826,-1.36579764700764,0.787550464120638,0,0,0,1.90654812175197,0,-1.12051788224161,0.792393557342801,0,-0.59323249342723,-1.67984091869632,0,0,-0.797324762241099,-0.797324762241099,0,0,0.823643876587283,0.823643876587283,-1.04602759141273,-1.04602759141273,-0.878214172616704
04OV008,OV,-0.156355964821077,0.0166771502058964,0.191675425392983,0.191675425392983,0.651209068165818,0.651209068165818,0.149299340168032,0.149299340168032,0.842390333977933,0.842390333977933,0.227896631765895,-0.513874055401356,0.759319125413104,0.759319125413104,0,0,-0.541848908391036,-0.541848908391036,0,0,-0.584254758645233,-0.584254758645233,0.692310812180283,0,-0.562984208429979,0,-0.679893546835648,0,0,-0.636234745863347,-0.636234745863347,-0.600298166747258,-0.600298166747258,0,0,0,0,0.772371974913616,0,-0.687228421244275
04OV011,OV,0,0.611470452445393,0,0,0,0,-0.660416201962631,-0.660416201962631,0,0,0,0.535745419688986,0,0,0,0,-0.606107978134251,-0.606107978134251,0.409900860152987,0,-0.635414266297633,-0.635414266297633,0.528476518390767,0,0,-0.648454425410247,-1.31929132048977,-1.31359959212626,-1.31359959212626,0.599032265455767,0.599032265455767,0,0,0,0,-0.626726030307531,-0.0274581018435526,-0.219417750577662,-0.219417750577662,-0.628897700948873
04OV012,OV,0,0,0,0,0,0,0,0,0,0,0,0,0,0,0,0,-0.822261664174639,0,0,0,0,0,0,0,0,0,0,-0.529732341795118,-0.529732341795118,-0.888604501350032,-0.888604501350032,1.15858303487421,0,0,0,0.752238232325296,0,0,0,-0.51877457454531
04OV013,OV,0,0,0,0,0,0,0.327163794695077,0.327163794695077,0.300766686397619,0.0766612348065758,0,0,0.448688033524303,0.448688033524303,0,1.02210503871631,-0.555308338717725,0,0,0,0,0,0,0,-0.754819512914185,0,0,0,0,0,0,-0.715169689009695,-0.715169689009695,-0.783580471562167,-0.783580471562167,0,0.445072892194171,0.214329482830991,0.214329482830991,-0.961463438244722
04OV017,OV,0.553738848988138,1.51263323439763,-0.668645698667899,-0.668645698667899,0.963980239684773,0.963980239684773,0.2535631535845,0.2535631535845,0.354141373417825,0.354141373417825,0,0,0,0,1.13343773967576,1.13343773967576,0.667338212725595,-0.265981969858082,-0.198237138484303,-0.198237138484303,-0.677551645546481,0,-1.97123067345216,-1.97123067345216,1.16274340263678,-0.229601941214596,-1.64037591962466,-0.699025146950046,-1.47906156655164,0,0,-1.57800946225578,-1.57800946225578,0.921313481343488,0.921313481343488,2.29935552807931,2.29935552807931,-0.642071046955864,-0.642071046955864,0
04OV018,OV,0,0,0,0,0.486142873550749,0.486142873550749,0.351525025947199,0,0,0,0,0,-0.179166539965426,0,0,0,0,0,-0.204776381019635,0,0,0,0,0,-0.656129480085186,-0.693913252788156,0.389975857193042,0,0,-0.758693796976232,0,-0.695915598553283,-0.695915598553283,0.800418711471415,0.800418711471415,0,1.03415509302178,0.432479140684483,0.432479140684483,-0.78750812250494
04OV021,OV,0,0.538094453479982,1.05014737638308,0.548553519331604,0,0,-1.18304444540689,-1.18304444540689,0,-1.22503510720592,0,0.58176014313696,0,0,0,0,0.378395568465669,-1.00293454153016,0.382839887070415,0,0.517056489919051,0.517056489919051,0,0,0,0,-0.609952749035658,-0.770455262674758,-0.770455262674758,-0.313310532925922,-0.313310532925922,-0.340271074629701,0,-0.545828842744777,-0.545828842744777,1.89895914292008,1.89895914292008,-0.658526756791244,-0.658526756791244,-1.43495128953894
04OV023,OV,0,0,0,0,0,0,0,0,0,0,0.436873687192479,0,0,0,0,0,0,0,0,0,0,0,0,0,-0.618855593590584,0,0,0,0,-0.820233035826458,-0.820233035826458,0,0,-0.136064317987465,-0.136064317987465,0,0,-0.79013884650372,0,-0.804445759191154
04OV024,OV,0,0.803182657009745,0,0,0,0,-0.968392352622497,-0.968392352622497,0,0,0,0,0,0,0,0,-0.916681733667036,-0.916681733667036,0,0,-0.984396081467561,-0.984396081467561,0,0,-0.971056561272416,0,0,-0.976388665419907,-0.976388665419907,-1.01519543794972,-1.01519543794972,0,0,-1.00312366735435,-1.00312366735435,0,0,-1.04211450293753,0,-1.0340252066109
04OV027,OV,0,0,0.432845334465328,0,0,0.207553498629554,0,0,0,0,0,0,0,0,0,0,0,0,0,0,0,0,0.0552483116624428,0.0552483116624428,-0.991677873403819,-0.249765163707421,0,0,0,-1.21140748530824,0,-0.660331673235069,-0.660331673235069,0,-0.422467918909957,0,0,-1.19020774972388,-1.19020774972388,0
04OV028,OV,0.564012640970185,0.564012640970185,0.442361505388877,0.442361505388877,0,0.552821203933411,-0.28180398071092,0,0.534581941284861,-0.547506603463742,0,0.352708356508847,0.570994764057169,0,-1.43072651289388,-1.43072651289388,0,-0.69017024392801,0,0,0,-0.541935646877721,0.533176168918899,0,-0.893910898930666,-0.657238966833595,-0.674627858844747,-0.696019685172028,-0.696019685172028,0,-0.609456868577702,0,0,-0.715601910123592,-0.715601910123592,0,0,-1.46193816779852,0.208792882380743,-0.733338175816932
04OV031,OV,0,0,0,0,-0.902228912517901,-0.902228912517901,0,0,0,0,0,0,0,0,1.50990426505113,1.50990426505113,0,0,0,0,0,0,0,0,0,0,-1.26949608944579,-1.34438258663798,-1.34438258663798,-1.41494712406492,-1.41494712406492,0,0,0,0,-1.09947575802855,0,0,0,0
04OV033,OV,0,0,0,0,0,0,0,0,0,0,0,0,0,0,0,0,0,0,0,0,0,0,0,0,-1.135815728428,0,0,-0.336837421857785,-1.21279994416957,-1.01982266638043,-1.01982266638043,0,0,0,0,0,0,0,0,-1.17948600350861
04OV036,OV,0,0,0,0,0.518448391383761,0.518448391383761,0,0,0.520060778288897,0,-0.615365090163443,-0.615365090163443,0,0,0.989983001270925,0.989983001270925,0.182397022905248,0.182397022905248,0,0,0.184169994020317,0.184169994020317,0,0,-0.780159928794188,1.34339466080491,0,-0.935590299803943,-0.935590299803943,-1.05943908510514,-1.05943908510514,-0.82572221000388,0,0,0,0,0,0.795569843975079,0,0
04OV037,OV,0,0,0,0,0,0.55561444475193,0,0,0,0,0.508233931819858,0.508233931819858,0,0,0,0,0.430654927701702,0,0,0,0,0,0.769206710013863,0,0,0,0,0,-0.142625519122121,0,0,0.150968429898175,0.150968429898175,-0.174586507978215,-0.174586507978215,0.712039191507669,0.712039191507669,-1.05623751305806,0,-0.148420244961322
04OV039,OV,0,0,0,0,0,0,0,0,0,0,0,0,0,0,1.34675108984316,1.34675108984316,0,0,0,0,-1.13710995276705,-1.13710995276705,0,0,0,0,-1.17461186304306,0,0,0,-1.11312369769724,-1.14368937946437,-1.14368937946437,-0.173231696082462,-0.173231696082462,0,0,0,0,0
04OV040,OV,0.514664928036293,0.514664928036293,0,0,0.177485147918397,0.450125065750944,0,0,-0.515823818554052,-0.515823818554052,0.235611066021807,0.235611066021807,0,0,0.300745534314531,0.300745534314531,-1.10509888894521,-1.10509888894521,-0.450266878758984,0,-0.989464973488075,-0.989464973488075,0.726700377857777,0.726700377857777,0,-0.570667763719466,0.560627709324171,0,-1.07380103308967,-0.511521044847562,-0.511521044847562,-0.21105679265835,-0.21105679265835,-0.487211471160018,-0.487211471160018,0.861875752061874,0.186362089802953,-0.264043086359746,-0.264043086359746,0.195227525710807
04OV044,OV,0,0.326,-0.42,-0.42,0,0,0,0,0,-0.114,0.281,0.281,-0.222,0,0.814,0.814,0,0,-0.518,-0.518,-0.302,-0.302,-0.1,-0.1,-0.503,-0.505,0.273,0,0,-0.305,0.254,-0.499,-0.499,-0.623,-0.623,0.246,0.246,0,0,-0.538
04OV045,OV,-0.552,-0.552,0,0,0,0.137,-0.546,-0.546,0,0,0,0,0,0,-0.59,0.0089999999999999,0,0,-0.599,-0.599,0,0,-0.58,-0.58,0,0,0,-0.618,-0.618,-0.631,0,-0.57,-0.57,-0.161,0,0,0,0,0,0
04OV048,OV,0,0.67257523958352,0,0,0,1.55905907387721,0,0,2.05246955551863,0,0,0,0.406685009581578,0.406685009581578,-1.16284979879322,0.274630001903025,0,-1.64313217234118,0,0,0,0,0.960668817064963,0.462660540760945,0,0,0,-0.258521374980434,-0.258521374980434,-0.371543073878447,-0.371543073878447,0,0,-0.52567184357478,0,1.366524204359,1.366524204359,0.306763545971523,0.306763545971523,-0.410389056123918
04OV049,OV,0.869274903571167,0.869274903571167,-0.333165374899514,-0.333165374899514,1.13715026202959,1.13715026202959,0,0,0.277319575329234,0,0.285366974563726,0,-0.262833754041887,-0.262833754041887,1.40879080514929,1.40879080514929,0,0,0.27933354316494,0.27933354316494,0,0,1.19904031628596,0,-1.00234456488049,0,-0.63208687326,0,0,-2.60044123049319,-0.848914230475849,-1.85504212458772,-1.85504212458772,0,0,1.34394848777861,1.34394848777861,0.85418451189789,0,0
04OV050,OV,0,0,-0.461003983434556,0,0,0,0,-0.395411493965483,0,0,0,-0.330990614941936,0,0,0,0,0,0,0,0,0,0,0,0,0,-0.557393546053646,0,-0.156577793025691,-1.27326350582228,-1.40563517374948,-1.40563517374948,0,0,-0.199054549911924,-0.199054549911924,0,0,-0.553903907565959,0,-1.32267495317363
04OV051,OV,0.233410349100661,0.233410349100661,0,0,0,0,0,0,0,0,0.40766153372306,0.40766153372306,0,0,0,0,0,0,0,0,0,0,-1.90309953491679,-1.90309953491679,-1.4514233968641,0,0,0,0,-1.75416452975268,0,-1.69323092781293,-1.69323092781293,0,0,0,0,0,0,0
04OV053,OV,0,1.04134526363593,1.26091935852849,0.167567287894654,0,0.602256124532474,0,-0.291491368528381,0.177104116070065,0.177104116070065,1.17219478359935,0,0,-0.36299405365389,-0.598070843099304,-0.598070843099304,0,0,0,0,-0.487873084752721,-0.487873084752721,0.95203956069175,0.95203956069175,-0.342662679050022,-0.251849448568935,-1.3271802661504,0,0,0,0,-0.608115828424359,-0.608115828424359,-0.957361220842769,-0.957361220842769,1.01350176558138,1.01350176558138,-0.733624602265447,-0.733624602265447,-1.62314240412922
04OV054,OV,0,0,0,0,-0.64675158586848,-0.64675158586848,-0.140967722618611,-0.140967722618611,3.05857301633166,0,0,0,-0.69299999814123,-0.69299999814123,-0.878561218624595,-0.878561218624595,-0.667964060460139,-0.509708622831641,-0.238844369977473,-0.238844369977473,-0.665465253240728,-0.665465253240728,0.480593293615268,0.480593293615268,0,0.523919279043982,-0.726938942132741,0,0,0.279973457986174,0.279973457986174,-0.238844369977473,-0.70178334508678,-0.730720070595313,-0.730720070595313,0.23698245409729,0.23698245409729,0.24264769704413,0.24264769704413,-0.681723007787067
04OV055,OV,0,0,0,0,0,0,0,0,0,0,0.138427685037431,0.138427685037431,0,0,-1.12784508557338,-0.869056014255688,0,0,0,0,0,0,0,0,0,0,0,0,0,0,0,0,0,-0.196154311730115,-0.196154311730115,0.287952595359462,0.287952595359462,0,0,-1.24455062035094
04OV057,OV,0,0,0,0,0.233689342055729,0.233689342055729,-0.813271783543694,-0.813271783543694,0.941502355725132,0.941502355725132,-0.67097818763967,-0.67097818763967,0,0,0,2.54134792288391,0,0,0,0,0,0,-0.456405713641041,-0.456405713641041,-0.711052716769882,0,0,-0.976241670730455,-0.976241670730455,-0.999939523416882,-0.999939523416882,0,0,-0.988980210891613,-0.988980210891613,0,0,-0.697644821473998,0,-0.985335452907726
04OV058,OV,0,0,0,0,0,0,0,0,0,0,0,0,-1.01787713453346,-0.0761152711454094,-1.13947912254321,-0.0336851527335246,0,0,-0.370775601279766,-0.370775601279766,0,0,0,0,0,0,0,-1.17728483510098,-1.17728483510098,-0.956989619482656,-0.207161139079562,-1.05789401828339,-1.05789401828339,0.70310725852212,0.70310725852212,0,0,0,0,-1.23877145204156
04OV063,OV,-0.206558320733899,-0.206558320733899,0.160808940666906,0.160808940666906,-0.290758165645025,-0.290758165645025,0.238279415065552,0.238279415065552,-0.454902126607014,-0.79703029843544,0.20426194997714,0.20426194997714,-0.262050408281907,-0.262050408281907,0.238279415065552,0.238279415065552,-0.922614379860154,-0.922614379860154,0,0,-0.318193065641583,-0.318193065641583,0.174009847657334,0,0.286368932192033,0.138299615951461,-0.914217279648448,0,0,-1.00942819150334,0,-0.49991656792738,-0.748604139393373,0,0,0.191127536687288,0.191127536687288,-0.837867829279313,-0.837867829279313,-1.00598259500946
13OV003,OV,0,0,0,0,0,0,0,0,0,0,-2.31308401863291,-2.31308401863291,0,0,0,0,0,0,0,0,0,0,0,0,0,-2.77317282031311,-0.331624735388396,0,0,0,0,0,0,-0.514393157638119,-0.514393157638119,0,0,0,0,-2.64560928373526
14OV011,OV,0.471446579101618,0.471446579101618,0.669949284635059,0,0.0842586702509574,0.477026971428041,0.249408663128507,0.249408663128507,0,0,0,-0.354969742975828,0.437752020126554,0.437752020126554,0,1.1648512277779,0.219172110228896,-0.229356115424668,0,0,0.517649306512715,0,0,0,0.875583974033605,-0.295047263946755,-0.484892797792657,-1.62530415441901,-1.62530415441901,0,0,0,0,0,0,1.26632579740818,1.26632579740818,-0.172395117564169,-1.52055243603559,-0.519896738605929
15OV001,OV,0,0,0,0,0,0,0,0,0,0,0,0,0,0,0.797188730037124,0.797188730037124,0,0,0,0,0,0,0,0,0,0,0,0,0,0,0,0,0,0,0,0,0,0,0,0
17OV001,OV,-0.181999596238549,-0.181999596238549,0.505935817916569,0,1.14609212591529,1.29001961354299,0,0,0,0,0.684139576988875,0.684139576988875,1.53454864441537,1.53454864441537,0,0,0.273235559165771,0.273235559165771,0.388849165315801,0,-0.186908493404544,0.398832318421531,1.41560476491871,0.594411043452225,0,0,-0.19346382252128,0.214319902906339,0.214319902906339,-0.170570649711242,-0.170570649711242,0.195003494599125,0,0.400256801264764,0.400256801264764,0,0,-0.239681451528981,-0.239681451528981,-0.263012425590469
17OV002,OV,0,0,0,0,0,0,0,0,0,0,0,0,0,0,0,0,0,0,0,0,0,0,0,0,0,0,0,0,0,0,0,-0.29113160335917,0,0,0,0,0,0,0,0
17OV010,OV,0,0,0,0,0,0,0,0,0,0,0,0,0,0,0,0,0,0,0.821063110148012,0.821063110148012,0,0,0.880037973762546,0.880037973762546,-0.912896967070999,0,0,0,0,0,0,0,0,0,0,0,0,0,0,0
17OV011,OV,0,1.24187093329827,0.715518455681434,0.715518455681434,-0.685612928927326,-0.685612928927326,0.0697663110958272,-0.418137085910558,0,-0.578954238720157,0,0,0.692911196928889,0.692911196928889,-0.887654776887683,-0.887654776887683,0.477308063114243,0,1.16219682474761,1.16219682474761,-0.78063684568786,-0.78063684568786,1.93752286835393,0.285709627278102,-0.722419444299035,0.811631035922379,-0.894997431571888,0,0,-0.268319933340352,-0.268319933340352,0,0,0,0,0.346104011205444,0.346104011205444,-0.566386585235263,-0.566386585235263,-0.669097378084265
17OV014,OV,0,0,0,0,0,0,-0.963349257560768,-0.963349257560768,1.05375226450117,-0.991349815501889,-0.457463873754488,-0.457463873754488,-0.314210151329069,-0.314210151329069,0.421791244991672,0.421791244991672,0,0,0,0,0,0,0,0,0,0,0,0,0,-1.12140223310442,-1.12140223310442,0,0,-1.11399338579145,-1.11399338579145,0,0,-1.10414996712647,-1.10414996712647,-1.14376593473924
17OV015,OV,0.292572713648892,0.292572713648892,0.960240326964665,0.960240326964665,0,0,0,0,-0.785108788963828,-0.785108788963828,0.832402872513247,0,0,0,0,0,-0.378268057197367,-0.378268057197367,0.483933696514779,0.483933696514779,0,0,0.876239487741091,0.876239487741091,0,-0.766089630254637,-0.986360527456893,-1.1597020775732,-1.1597020775732,-0.425729858182603,-0.425729858182603,0,0,0,0,0.826637933503663,0.826637933503663,-3.32192809488736,0,-1.29004376789251
17OV017,OV,0.516190338175768,0.516190338175768,1.00913345890797,0.53460165412716,0.640555265741712,0.640555265741712,0,0,0.665926123814439,0,0,0,1.20155490931773,1.20155490931773,-0.25388188657098,0.592013612222209,-0.827032153393052,-0.827032153393052,-0.177970910962255,-0.177970910962255,0,0,0,0,0,0.418484181842242,0,0.195895709534456,0.599313266293417,-0.265016480080007,-0.265016480080007,1.14429561541205,1.14429561541205,-0.342238032336672,-0.342238032336672,1.03931797454669,0.452020519856541,-0.193065675635249,-0.193065675635249,-1.0366018248353
17OV018,OV,0.165720498548691,0.348292507496192,0,0.666539354562291,0,0,-0.569053143367531,-0.569053143367531,-0.660118286570938,-0.660118286570938,0.654485160286109,0.181951095284303,0,0,-0.82910942468789,-0.82910942468789,-0.628863906063305,-0.628863906063305,0.35823180410794,0,0,0,0,0,-1.60880156021043,0,-0.72924095288715,0,-0.667517486067476,-1.66483080363028,0,-0.612441148254496,-0.612441148254496,-0.780681925009301,-0.780681925009301,0,0.407629427823772,-0.480466695632708,0,-0.898272181929514
17OV025,OV,0,0.24,0,0,0,0.12,-0.411,-0.411,0.388,0,0.438,0.438,0,0,0,0,0.312,0.312,0,0,0,0,0,0,0,0,0,-0.519,-0.519,-0.144,-0.144,0.63,0,-0.14,-0.14,0,0,-0.201,-0.201,-0.17
17OV027,OV,0,0,0,0,0,0,0,0,0,0,0,0,-0.313681982701156,0,0,0,0,0,0,0,-1.09262863568444,-1.09262863568444,0,0,0,0,0,0,-1.13827374159,-1.33956910533674,0,-0.25719380348018,0,0,0,0,0.228574914647809,-2.79823216474751,0,-1.38152739781176
17OV028,OV,0.256535053395762,0.256535053395762,-0.21682463394715,-0.21682463394715,-0.525653890852373,0.445451810485909,-1.44430897139651,-1.44430897139651,-0.455799101693892,-0.455799101693892,0,0,0,0,-0.478032442288931,-0.190125058290122,0,0,0,0,0,0,1.12377139785033,0,0,-1.10175294553625,0,-0.574245778475216,-0.574245778475216,0,0,0.73067033620926,0,0,0,1.37142058567651,1.37142058567651,-0.629146889241732,-0.629146889241732,-0.533260440786632
17OV029,OV,0,0,-0.916681733667036,-0.916681733667036,0,0,0,0,0.1417022528367,0.1417022528367,-1.0138528590903,-1.0138528590903,0,0,1.32552997977739,1.32552997977739,-0.862799416677523,-0.862799416677523,0,0,0,0,1.03746458131656,-1.02191312459186,-0.977722461622129,0,0,-1.0125105988503,-1.0125105988503,-1.04751389329907,-1.04751389329907,0,0,0,0,0,0,0,0,0
17OV030,OV,0,0,0,0,0,0,0,0,0.647588721966639,0.647588721966639,0.584416412577824,0,0,0,3.27592232146227,3.27592232146227,0,0,0,0,0,0,-0.685469870322862,-0.685469870322862,0,0,-0.798977454885812,-0.708599997692765,-0.708599997692765,-0.645414023709762,0,0.588559451850207,0,0,0,0.545587832019669,0.545587832019669,-0.724120142626601,-0.724120142626601,0
17OV033,OV,0,0.160556231546424,0,0,1.14161483335933,1.14161483335933,-1.14755315511839,-1.14755315511839,0.140681529277858,0.140681529277858,0,0,0,0,-1.16674724779565,-0.0266976833353402,-1.0498575816331,-1.0498575816331,0,0,0,0,0,0,0,-1.09840324961133,0,-0.176159954377836,-1.18120611097622,0,0,0.981317634359379,0,0,0,-1.04519066242577,-1.04519066242577,0,0,0
17OV036,OV,0,0,0,0,0.879902357277706,0.879902357277706,-1.0340935885077,-1.0340935885077,0,0,-1.00183960824501,-1.00183960824501,-1.13074457202351,-1.13074457202351,0.881420568092867,0.881420568092867,0,0,0,0,0,0,0,0,0,0,0,-1.45426208467311,-1.45426208467311,-1.43985619115496,-1.43985619115496,0,0,-0.233992926465237,-0.233992926465237,0,0,0,0,-1.48339013204512
17OV039,OV,0.427800278355528,0.427800278355528,-0.332763367311012,-0.332763367311012,-2.09336004211982,-2.09336004211982,-0.339385121282183,-0.717658053989998,0,0,0,0,0,0,0.549936126224841,0.549936126224841,0,0,-0.356033043334492,-0.356033043334492,0,0,0.341318310081103,0.341318310081103,0.907697607103725,0,-0.975001746708836,-0.894027025292065,-0.894027025292065,0.353512730766651,0.353512730766651,0,0,-0.998138649876896,-0.998138649876896,-1.25266516410415,-1.25266516410415,-0.306486034857271,-0.306486034857271,0.585696611443376
17OV040,OV,0,0,0,0,0,0.427255912002476,0,0,0,0,0,0,0,0,0,0,0,0,0,0,0,0,0,0,-0.796272186258054,-1.10277759975469,-1.02560891774801,0,0,-0.915990773435583,0,0,0,-0.939756546650873,-0.939756546650873,0,0,0,0,-1.28309732015907
18OV001,OV,0,0,0.557918198543135,0.557918198543135,0,0,0,0,-0.673262569710501,-0.673262569710501,-0.618158159408479,-0.618158159408479,0,0,0,0,-0.692511869474668,-0.692511869474668,0.490464065569932,0.490464065569932,0,0,0,0,0,0,-0.720259464205642,0.498092708401477,0.498092708401477,-0.737194385461467,-0.737194385461467,-0.721467961169121,-0.721467961169121,-0.719051141807301,-0.719051141807301,0.477378625692393,0.477378625692393,0,0,-0.737194385461467
20OV005,OV,-0.521337707414697,0,0,0,0.601212629050642,0.601212629050642,-0.569759910207252,-0.569759910207252,0.776659702753605,0,-0.537432224983628,-0.537432224983628,0,0,1.45915216662176,1.97489997942127,-0.666525227234244,-0.666525227234244,0,0,0,0,2.53237185318858,2.53237185318858,0,-0.663775471380962,0,-0.1701156915395,-1.43309866294336,-0.599559758213961,-0.599559758213961,0,0,-0.8044995083492,-0.8044995083492,0.558360150014345,0.558360150014345,0,0,-0.662401128905258
26OV002,OV,0,0,-0.557924417305782,-0.557924417305782,0,0,-0.505152767975288,-0.505152767975288,0,0,-0.505152767975288,-0.505152767975288,1.07314071482219,1.07314071482219,1.01071694243774,2.84807964473193,0.470496391974217,0.470496391974217,0,0,0,0,0,0,0,0.985281244386735,0.338571698117954,-0.642968182596349,-0.642968182596349,-0.64178169554784,-0.64178169554784,1.46364162837312,1.46364162837312,-0.422452547685881,-0.422452547685881,0.948141587857401,0.948141587857401,-0.503983269943706,-0.503983269943706,-0.626371260948331
26OV008,OV,0.143417045358403,0.143417045358403,0.699784073147722,0.699784073147722,0,-0.264473615245444,0.122554259401852,0.122554259401852,-0.410928433651155,-0.410928433651155,-0.367932766103514,-0.367932766103514,0.644310999279183,0.644310999279183,-0.347134145662481,-0.347134145662481,-0.487693164668362,-0.331266005010771,0.710853682073786,0.129513125427871,-0.429428899045259,-0.429428899045259,1.04919056993936,0.166549790232985,-0.378966101199837,-0.165870504862133,-0.510129339982058,0,0,-0.517623475722913,-0.517623475722913,0.216117791732186,0.216117791732186,0,0,0.194243456336053,0.674292580933648,-1.68239541252611,-1.2100794736766,-1.29644078953634
26OV009,OV,0,0.304273707021129,0,0,0.401054019030815,0.401054019030815,-1.12167662853818,-1.12167662853818,-0.0758139786819596,-0.451818937360849,-0.00548183114440436,-0.00548183114440436,0.907339608328205,0.907339608328205,-0.386359351613692,-0.386359351613692,0,-0.370608842685943,0.225429303465094,0.225429303465094,-0.158639223040943,0,0.254628245341541,0.254628245341541,0,-0.465405064498218,-0.51080149922368,0,-0.491487248400262,-0.517625722413408,-0.517625722413408,-0.406638291482481,-0.406638291482481,0,0,0,0.421428251978566,0.620969687431292,0.620969687431292,-0.565505913409061
26OV011,OV,0.198389422870848,0.198389422870848,0,0,-0.967670137580068,-0.698609583518164,0,0,0.221221927648174,0.221221927648174,0.258433689979575,0.258433689979575,0,0,0,0,0.0701969833549764,-0.251468673603838,0,0,-0.562320671508082,-0.562320671508082,0,0,-0.902996824251435,-0.953151385076299,0,0,0,-1.08705338403019,-1.08705338403019,0,0,-1.14383187092833,-1.14383187092833,0,0,-1.07433717435597,-1.07433717435597,0
26OV013,OV,-0.34319851481258,-0.34319851481258,0.527689892148661,0,0.418737544519397,0.418737544519397,-0.332785030219555,-0.332785030219555,0.427478896571039,0.427478896571039,0.40889813508525,0.40889813508525,0,0,0,0,-0.67274757641251,-0.67274757641251,0,0,0,0.278242225195533,-0.335098256866932,-0.335098256866932,-0.233779145304126,-0.720803696387192,0,-0.742517587982258,-0.742517587982258,0,0,-0.373339761047373,-0.373339761047373,0,-1.10975644354348,0.547230832513875,0.547230832513875,-0.402404275121302,-0.402404275121302,-0.447911036658647
C3L-00017,PDA,0,1.02866758809248,0,0,0,0,0,0,0,0,-0.696765570364949,-0.696765570364949,0.667674682690275,0.667674682690275,0,0,0.215514280142879,0.215514280142879,0,0,0,0,-0.741939629272873,0,0,0,0.292448252550391,0,0,-0.788083887598166,-0.788083887598166,0,0,0,0,0,0,-0.31413570346674,-0.31413570346674,-0.717729292118556
C3L-00102,PDA,0,0,0,0,0,0,0,0,0,0,0,0,0.488179917456285,0.488179917456285,0,0,0,0,0,0,0,0,0,0,0,0,0,0,0,0,0,0,0,0,0,0,0,0,0,0.466824704781778
C3L-00277,PDA,0,0,0,0,0,0,0,0,0.278801633323738,0.278801633323738,0,0,0.817051541466706,0.817051541466706,-1.1967757736952,-0.0549379925439968,0,0,0,0,0,0,-0.0464137864627788,-1.03195532189106,0.661555563549643,0.718569047684895,0,0,0,0,0,0.986597680510373,0.986597680510373,0,0,0,0,0,0,0
C3L-00589,PDA,0,0.712476886447838,0,0,-0.8009112663376,0,-0.342592316727089,-0.342592316727089,0,0,0.326628094742543,0,0.453205001789959,0.453205001789959,0.346534227775453,0.346534227775453,0.712476886447838,0.712476886447838,0,0,0,0,0,0,0.472114818222791,0,0.311589686560908,0.472114818222791,0.472114818222791,0,0,0,0,0,0,0,0,0,0,0
C3L-00598,PDA,0,0,0,0,0,0,0,0,0,0,0,-1.19523029789367,-0.581246524275425,-0.581246524275425,0,0,-1.40778115068067,-1.40778115068067,0,0,0,0,-0.116801889426213,-1.38111475508959,0,0,0,0,0,0,0,0,0,0,0,0,0,0,0,0
C3L-00599,PDA,0,1.03540203134273,0,0,0,0,0,0,-0.596584134464985,-0.596584134464985,0,0,0,0,0,0,-0.590532388342013,0,0,0,0,0,0,0,0.866029342089376,0,0,0,0,0,0,-0.590532388342013,-0.590532388342013,0,0,0,0,2.0976505089804,0,0
C3L-00622,PDA,0,0,0,0,-1.06850934180832,0,0,0,0,0,-1.00054308466215,-1.00054308466215,0,0,0.172520617926599,0.726407690406822,-0.666031571480407,-0.666031571480407,0,0,0,0,-0.653923476147705,-0.653923476147705,0,0,0,0,0,0,0,-1.38177154252036,-1.38177154252036,0,0,-0.900027141665056,0,0,0,0
C3L-00625,PDA,-1.02936990268765,-1.02936990268765,0,0,0,0,0,0,0,0,0,0,0,0,-1.20240645037638,-0.0955794021303213,0,-1.30512977108252,0,0,0,0,0,0,0,0.6823923561279,0,0,0,-1.03469466406289,-1.03469466406289,0,0,0,0,-1.25602822335748,0.865794515538775,0,0,0
C3L-00819,PDA,0,0.490858670906593,0,0,-1.42619291522474,0.574778448288721,0,0,0,0,0,0,0,0,0,0,0,0,0,0,0,0,0,0,0,0,0,0,0,0,0,0,0,0,0,0,0,-1.07263550156121,-1.07263550156121,0
C3L-00928,PDA,0,0,0,0,-0.961527984990749,0,0,-1.32537490105865,0,0,0,0,0,0,0,0,-0.689684720198727,0,0,0,0,0,0,0,0,0,0,0,0,0,0,0.589010511280246,0.589010511280246,0,0,0,0,1.77488943807064,0,-0.863483664073969
C3L-01031,PDA,-0.360947327539551,0.119095775327805,0,0,0,0,0,0,0.460996188293953,0.460996188293953,0,-0.310771957471856,0.407852116043221,0.407852116043221,0,0,-0.441663904672546,-0.441663904672546,0,0,0.15523682902418,0.15523682902418,0.605576833733999,0.245113968884867,0.556454610882882,0,-0.428363420579098,0,0,0,0,0.703926389753737,0.703926389753737,0,0.312505006811514,-0.450001642634041,0.466417677257992,-0.185780765272208,-0.185780765272208,-0.167134552546154
C3L-01037,PDA,0,0,0,0,0,0,0,0,0,0,-0.777332346876302,-0.777332346876302,0,0,0.198034897224345,0.712337110477337,0,0,0,0,0,0,0,0,-0.90750939583743,0.799621534454985,0,0,0,0,0,-1.31994608578844,-1.31994608578844,0,0,0,0,0,0,0
C3L-01051,PDA,-0.490217644266194,0.020258464630912,0,0,-0.678264860656093,-0.678264860656093,0,0,0,0,0,0,0,0,0,0,0,0,0,0,-0.722259755735064,-0.722259755735064,0,0,0,-0.678264860656093,0,0.43121979707741,0.43121979707741,-0.654275664073436,-0.654275664073436,-0.737165530547911,-0.737165530547911,-0.692811614728354,0,0.41171157851703,0.41171157851703,-0.392484046286777,-0.392484046286777,0
C3L-01124,PDA,0,0,0,0,-0.221302919003519,-0.221302919003519,-0.231982829491829,-0.231982829491829,0,0,0,0,0,0,0,0,0,0,0,0,0,0,0,0,0,-0.175835604847011,0,0,0,0,0,-0.190937341952792,-0.190937341952792,0,0,0,0,0.785079964862805,0,0
C3L-01328,PDA,0,0.93923118660389,0,0,0,0,0,0,0.71841261718369,0.71841261718369,-0.762224925038956,-0.762224925038956,0,0,0.50495289951839,0.50495289951839,-0.801999854628796,-0.801999854628796,-0.501381299943155,0,0,0,0,0,-0.873795697906072,0.572294381036334,0,0,0,0,0,0,0,0,0,-0.385450179288888,-0.385450179288888,0,0,-0.405641759770871
C3L-01453,PDA,0,0,0,0,-1.30747972121377,0,0,0,0,0,-1.49930381033023,-1.49930381033023,0,0,0.952635205463749,0.952635205463749,-1.20722613344123,-1.20722613344123,0,0,0,0,0,0,0,-1.42352456196783,0,0,0,0,0,0,-0.917896311025627,0,0.7890125718673,0.475725340617376,0.475725340617376,2.44696882093413,0,-0.545767062653881
C3L-01598,PDA,0,0,0,0,0,0,0,0,0,0,0,0,0,0,0,0,-1.28064745291816,-1.28064745291816,0,0,0,0,0,0,0,0,0,0,0,0,0,0,0,-1.21399927506694,0,0,0,0,0,0
C3L-01637,PDA,0,0,0,0,0,0,0,0,0,0,-1.4580743711545,-1.4580743711545,-3.32192809488736,-3.32192809488736,0,0,-1.4281064789377,-1.4281064789377,0,0,0,0,0,0,0,0,-1.45053166530428,0,0,0,0,-1.58367567101358,-1.58367567101358,0,0,0,0,-1.51968261398386,-1.51968261398386,0
C3L-01662,PDA,0.815676880442588,0.815676880442588,0.344149813036045,0.344149813036045,0,0,0,0,0,0,0.344149813036045,0.344149813036045,-0.03635791124794,-0.667144017196516,0,0,0,0,0.741208914642611,0,0,0,0,0,0.549711615460417,0.332948708474735,0,0,0.637509055140909,0,0,-0.400933890592667,-0.400933890592667,0,0,0.750638508968108,0.750638508968108,0,0,0
C3L-01687,PDA,0,0,0,0,-0.488765389719931,-0.488765389719931,0,0,0,0,-1.21970258136885,-1.21970258136885,0,0,0,0,-1.38798927746038,0,0,0,0,0,0,0,0,-0.607359246546574,0,0,0,0,0,1.17904013876442,1.17904013876442,-1.63403047535004,-0.785417478732761,0,0,-0.699146215673088,-0.699146215673088,-1.38062992845616
C3L-01689,PDA,0,0,0,0,-1.19050795273437,0,0,0,0,0,0,0,0,0,0,0,-0.485646343806901,0,0,0,0,0,0,0,0,-0.368064831486727,0,0,0,0,0,-0.384456884280107,-0.384456884280107,0,0,0,0,0.951341191112463,-1.56230688316831,-0.895270176187796
C3L-01703,PDA,-1.09672945341846,0,0,0,-1.0132459927518,0,0,0,0,0,-1.53175619520499,-1.53175619520499,0,0,0,0,0,0,-0.693939080902515,-0.693939080902515,0,0,0,0,0,0,0,0,0,-1.67590030275476,-1.67590030275476,-1.51928764191476,-1.51928764191476,0,0,0,0,-1.68968976498121,-1.68968976498121,-1.27794032626453
C3L-01971,PDA,0,0,0,0,0.450187894262887,0.450187894262887,0,0,0.467390430855534,0.467390430855534,-0.626522109554746,-0.626522109554746,0.558729432980334,0.558729432980334,0.246925119681727,0.665023061179405,0,0,0,0,0.518283911689841,0.518283911689841,0.511077548765561,0.511077548765561,-0.866233831823145,0.542154891898744,-0.638839544829505,0.425399198374721,0.425399198374721,0,0,-0.461870525754328,-0.461870525754328,0,0,-0.542447311303951,0.375041627931823,1.02658746123279,-0.991364988573346,-0.757837925225984
C3L-02109,PDA,0,0.732681484588298,-1.20710914720524,0,0,0,0,0,0,0,0,0,0,0,-1.00718241534205,0.356210484343735,0,0,0,0,0,0,0,0,0.642197346988722,0,0,0,0,0,0,-1.13572598291405,-1.13572598291405,0,0,-1.2338274147644,0,0,0,0
C3L-02115,PDA,0,0,0,0,0,0,0,0,0,0,0,0,0.214066498980057,0.214066498980057,0,0,0,0,0,0,0,0,0,0,0,0,0,0,0,0,0,0,0,0,0,0,0,0,0,0
C3L-02116,PDA,-1.56057551506653,0.183059574093461,0,0,0,0,0,0,0,0,-0.609410609838902,-0.609410609838902,0,0,0,0,0,0,0,0,0,0,0,0,0,-0.970734685675612,0.57436713816158,0,0,0,0,0,0,-1.05525859843036,-1.05525859843036,0,0,-1.46818319529937,-1.46818319529937,0
C3L-02118,PDA,0,0,0,0,0.440421940473748,0.440421940473748,0,0,-0.607093628732383,0,0,0,0.535566229870261,0.535566229870261,-0.693796579466328,1.0655349879872,0,0,0,0,0.523125196884759,0.523125196884759,0.596707678259442,-0.693796579466328,-0.772609055582092,0.456581362781538,0,0,0,-0.816589300913507,0,0,0,0,0,0.679501940116821,0.679501940116821,0,0,0
C3L-02463,PDA,0,0,0,0,0,0,0,0,0,0,0,-1.07990319570158,0,0,0,0,-1.5407762612121,-1.5407762612121,0,0,0,0,0,0,0,0,0,0,0,-1.26521440909471,-1.26521440909471,-1.29254727573457,-1.29254727573457,0,0,0,0,2.65808209237162,0,0
C3L-02604,PDA,0,0,0,0,0,0,0,0,0,0,0,0,0,0,0,0,0,0,0,0,0,0,-0.459,0,0,0,0,0,0,-0.202,-0.202,-0.56,-0.56,-0.124,-0.124,0,0,0.636,0,-0.465
C3L-02606,PDA,0,0,0,0,-0.41584644432607,0,-0.505535835949712,-0.505535835949712,1.314486964593,0,0,0,0,0,0.459010302210756,0.459010302210756,-0.869100384175983,-0.869100384175983,0,0,0,0,0,0,0,0,-0.599879737475783,0,0,0,0,0,0,-0.672710249016737,0,0.404936985026018,0.404936985026018,0,0,0
C3L-02610,PDA,0,0,0.540812331034099,0,0,0,-1.40546515769819,-1.40546515769819,0,0,0,0,0.403816952135697,-1.20091732928826,0,0,-1.45581308480707,-1.45581308480707,0,0,0,0,0,0,0,0,0,0,0,0,0,0,0,0,0,0,0,-0.752415284348701,-0.752415284348701,-0.539517166594326
C3L-02613,PDA,0,0,0,0,0,0,0,0,0,0,0,0,0,0,0,0,0,0,0,0,0,0,-1.12297024852306,-1.12297024852306,-1.17349696048927,0,-0.255887946618548,0,0,-1.13048154478124,0,0,0,-0.327766988536438,-0.327766988536438,0,0,0,0,0
C3L-02701,PDA,0,0,0.489089291452591,0.489089291452591,-1.20591306817393,-1.20591306817393,0,0,0,0,0,0,0,0,0.817866572934413,0.817866572934413,0,0,0,0,0,0,0,0,-1.45035389437026,0,0,0,0,0.590935629889069,0.590935629889069,0,0,0,0,0,0,0,0,0
C3L-02809,PDA,0,0,0.377076591966342,0.377076591966342,-0.348953574117953,0,0,0,0.499558612843223,0.499558612843223,0,0,0.501351771244726,0,1.04650730200215,1.04650730200215,-0.635052375076879,-0.635052375076879,0,0,-0.605082630808194,0,0.506725343785551,-0.488954411390342,0.4067587171878,0.428837863443086,0,0,0,0,0,-0.520055689548594,-0.520055689548594,0,0,0.403063788139924,0.403063788139924,1.89509489905847,0,0
C3L-02890,PDA,0,0,0,0,0,0,0,0,0,0,0,0,0,0,0,0,0,0,0,0,0,0,0.496109953847816,0.496109953847816,-0.692009502224407,0,0,0,0,0,0,-0.823774091313702,-0.823774091313702,0,0,0,0,-0.541653740063642,-0.541653740063642,0
C3L-02897,PDA,1.01273077916348,1.01273077916348,0,0,0,0,-1.64615690230168,-1.64615690230168,0,0,0,0,0,0,0,0,-1.04144001364082,-1.04144001364082,0,0,0,0,-1.13851078683247,-1.13851078683247,0,-1.54201105248095,0,0,0,0,0,-1.4716858973174,-1.4716858973174,0,0,0,0,0,0,0
C3L-02899,PDA,0,0,0,0,0,0,0,0,0,0,0,0,0,0,0,0,0,0,0,0,0,0,0,0,0,0.466384716466258,0,0,0,0,0,-0.905195645818757,-0.905195645818757,0,0,0,0,-2.28108845110117,0,0
C3L-03123,PDA,0,0,0,0,0,0,0,0,0,0,0,0,0,0,0,0,0,0,0,0,0,0,0.86648005780496,0,0,0,0,0,0,-0.640448768016476,-0.640448768016476,-2.4895488145542,-2.4895488145542,0,0,0,0,1.75617623387977,-0.713486177237631,0
C3L-03356,PDA,0,0,0,0,0,0,-0.20532722252745,-0.20532722252745,0,0,0,0,0,0,0.196299049411843,0.196299049411843,-0.139580235067797,0,0,0,0,0,-0.179965625648923,0,-0.193902836032914,0,-0.201516959428863,0,0,0,0,-0.242271302986178,-0.242271302986178,0,0,0,0,0,0,0
C3L-03388,PDA,1.2172910638667,1.2172910638667,0,0,0,0,-1.89241773670442,-1.89241773670442,0,0,0,0,0,0,0,0,0,0,0,0,0,0,0,0,-2.37131291961406,-0.98512339641145,0,0,-1.63540373786593,0,0,0,0,-0.897586480740196,0,0,0,-1.49885127425046,-1.49885127425046,-2.04453923423125
C3L-03628,PDA,0,0,0,0,0,0,0,0,0,0,0,0,0,0,0,0,-0.710988206412753,-0.710988206412753,0,0,0,0,0,0,0.440317727914951,0,0,0,0,0,0,0,0,0,0,-0.63273606792449,0.463442848573705,0,0,0
C3L-03630,PDA,0,0,0,0,0,0,0,0,0,0,0,0,0,0,0,0,0,0,0,0,0,0,0,0,0,0,0,0,0,0,0,-1.38537624946669,-1.38537624946669,0,0,0,0,0,0,0
C3L-03635,PDA,0,0,0.254441112029696,0.254441112029696,-0.302116150796429,-0.302116150796429,0,0,0,0,0,0,1.09084845423568,0,0,0,-0.451990148629144,-0.451990148629144,0,0,0,0,0.622100127125502,0,0.263012338870669,0.328540970520932,0,0,0,-0.588172794900623,-0.588172794900623,-0.364739195650855,-0.364739195650855,0,0,0.288564782244947,0.288564782244947,-0.519017661254065,-0.519017661254065,0
C3L-03639,PDA,0.559427909392669,0.559427909392669,0,0,0,0,0.648711959886466,0,0,0,0.416867924261269,0,1.11991775659888,0,0,0,0,0,0.773242184557089,0,0,0,0.241309084898392,0.241309084898392,0.62218048670524,0.739101107283911,0,0,0,0,0,1.23151106804523,0,0,0,0.6715364022942,0.6715364022942,0,0,0.504651121834414
C3L-03743,PDA,0,0,0,0,-0.481993879619871,0.34151835979889,0,0,0,0,0,0,0,0,0.0418069472039276,0.431276785702388,-0.715331002938994,-0.715331002938994,-0.511198158810883,0,0.502200912551776,0.502200912551776,0.935074424041438,0.491828621165618,0.327603616538908,-0.806716979334579,0,-1.33109339682393,-1.33109339682393,0,0,0,0,0.296684144712268,0.823973412105139,0.347060295792832,0.347060295792832,1.66592293572618,-0.961150456360125,-0.816609517220566
C3L-04027,PDA,0,0,0,0,0,0,0,0,0,0,0,0,0,0,0,0,0,0,0,0,0,0,0.395128679955293,0,0,0,-0.358321949779946,0,0,0,0,0,0,-0.319341317218762,-0.319341317218762,0,0,0,0,0
C3L-04072,PDA,0,0,0,0,0.323384051436331,0.323384051436331,-0.752757312737364,-0.752757312737364,0.535064769615916,0.535064769615916,-0.859873524711811,-0.298595707552568,0.536990614674512,0.536990614674512,-0.635405524386172,-0.635405524386172,-0.898030220631772,-0.898030220631772,0.519613265870989,0.519613265870989,0,0,2.12882180184878,0.451049684601696,0,0,0,0.515737870449406,0.515737870449406,0,0,-1.16364926289795,-1.16364926289795,-0.24876150865793,-0.24876150865793,-0.898030220631772,0.482591147151195,-0.574570090134788,-0.574570090134788,0.433156548221813
C3L-04080,PDA,0,0,0,0,0,0,0,0,0,0,0,0,0,0,0,0.688498849472546,0,0,0,0,0,0,0,0,0,0,0,0,0,-1.55390972715665,-1.55390972715665,-1.95594364441104,-1.95594364441104,-1.04971959835247,-1.04971959835247,0,0,0.341583051106357,-1.66931019101178,0
C3L-04475,PDA,0,0,0,0,-1.03437916810929,0,0,0,0,0,0,-1.11620654434033,0,0,-0.831740737186212,0,-1.21120699561568,-1.21120699561568,0,0,-1.03437916810929,0,0,-0.994940876803189,0,0,0,0,0,-1.01849069064846,-1.01849069064846,-0.582439534970724,-0.582439534970724,0,0,0,0,-1.67139619012605,-1.67139619012605,0
C3L-04479,PDA,0,0,0,0,0,0,0,0,0,0,0,-0.636176039981166,0,0,0,0,-0.736978663280788,-0.736978663280788,0,0,0,0,0,0,0,0.344923648134901,0,0,0,0,0,-0.81393416972167,-0.81393416972167,0,0,-0.784693337255736,0.407367131429221,0,0,0
C3L-04848,PDA,0,0.7073554946322,0,0,0,0,0,0,0.978985056385748,0,0,0,0.59881629712122,0.59881629712122,0.367398447274709,0.367398447274709,0,0,0,0,0,0,0.364222379638764,-0.453003029816313,-0.641552093664948,0,-0.448170968822637,0.505625860936359,0.505625860936359,0,0,-0.769710705373483,-0.769710705373483,0.357855828062009,0.357855828062009,0.439163027696404,0.439163027696404,-0.870872414830315,-0.870872414830315,0.423766753209293
C3L-04853,PDA,0.532177217467801,0.532177217467801,0,0,-0.722557336978103,-0.722557336978103,0,0,0,0,0,0,0.616864683530422,0.616864683530422,0,0,-0.451815115232725,-0.451815115232725,0,0,0,0,0,0,0,-0.568261276183797,0,0.619828754782419,0.619828754782419,0,0,0,0,0,0,0,0,0.437547413609823,0.437547413609823,0
C3N-00198,PDA,0,0.442106642564822,0,0,-0.432793041704508,0,0,0,0,0,0,0,0,0,-0.393640273808082,-0.393640273808082,-0.404242798583071,-0.404242798583071,0,0,0,0,0.55077412999647,0,0.679299118757133,0,0,0,0,0,0,-0.513483761690456,-0.513483761690456,0,0,0,0,0,0,0
C3N-00249,PDA,0,0.774258377840803,0,0,0,0,-1.35211801042386,-1.35211801042386,0,0,0,0,0,0,-1.30001243065511,-1.30001243065511,0,0,0,0,0,0,0,0,-1.47127412817596,0,0,0,0,0,0,0,0,-1.38606849701884,-1.38606849701884,0,0,-1.58792861712607,-1.58792861712607,-1.60998905139636
C3N-00302,PDA,0.238466616917821,0.238466616917821,0,0,0,0,0,0,0.253616795442981,0.253616795442981,0,0,0,0,0,0,0,0,0,0,0.257929763961558,0,0,0,0,0,-0.769033419243941,-1.05687472018959,-1.05687472018959,-1.13592022727729,-1.13592022727729,0,0,0,0,0,0,-1.04914474913758,-1.04914474913758,-1.15212639503726
C3N-00436,PDA,0,0,0,0,0,0,0,0,0,0,0,0,0,0,0,0,-1.19273007470153,-1.19273007470153,-0.885337165547998,-0.885337165547998,0,0,0,0,0,0,0,0,0,0,0,0,0,0,0,0,0,0,0,0
C3N-00511,PDA,0,0,0,0,0,0,-1.85226571267448,0,0,0,-1.52230748319248,-1.52230748319248,0,0,0,0,0,0,0,0,0,0,0,0,0,0,-1.25074457764599,0,0,0,0,0,0,0,0,0,0,0.950667571170596,0,-1.58464424971995
C3N-00514,PDA,0,0,0,0,0,0,0,0,0,0,0,0,0,0,0.080795476404766,0.443386094184321,0,0,0,0,0,0,0,0,-0.463200353690379,0,0,0,0,-0.537691905637944,-0.537691905637944,-0.590723238804829,-0.590723238804829,0,0,0,0,0,0,0
C3N-00516,PDA,0,0.58051059970891,0,0,0,0,0,0,-0.213445955540204,-0.213445955540204,-0.352438441969116,-0.352438441969116,0.277745830449215,0,0.431309146711017,0.431309146711017,-0.213445955540204,-0.213445955540204,0,0,0,0,0,0,0,-0.397550320815065,0,0,0,-0.254452581219259,-0.254452581219259,-0.274182203044859,-0.274182203044859,0,0,0,0,1.39062927997432,0,0
C3N-00518,PDA,-0.473345061890026,0.181400715960201,0,0,0,0,0,0,0,0,0,0,0,0,0,0,0,0,0,0,0,0,0,0,0,0,0,0,0,0,0,0,0,0,0,0,0,0,0,0
C3N-00709,PDA,-0.185496530579998,0.243161218777888,0,0,0,0,-0.674469738360117,-0.674469738360117,0,0,0,0,0,0,0,0,0,0,0,0,0,0,0,0,0,0,-0.570662571823088,0,0,0,0,0,0,0,0,0.460301150288037,0.460301150288037,1.28841004621586,-0.750756296209511,-0.618207328431201
C3N-01012,PDA,0,0,0,0,-0.606401828312609,-0.606401828312609,0,0,0,0,-0.796982934711002,-0.796982934711002,0,0,0,0,-0.764778813312994,-0.764778813312994,0,0,0,0,0,0,0,0,0,0,0,0,0,0,0,0,0,0,0,2.33683727759442,-0.477387721399247,0
C3N-01165,PDA,0,0,0,0,0,0,0,0,0,0,0,0,0,0,0,0,0,0,0,0,0,0,0,0,0,0,0,0,0,0,0,0,0,0,0,0,0,-1.09250524914357,-1.09250524914357,0
C3N-01167,PDA,0,0,0.209480589694022,0.209480589694022,-0.531731439010799,0,0.150542002917896,-0.369289828622732,0,0,0,0,0.648985134623332,0,-0.84608179240212,0.210875532263608,4.16356408877321,4.16356408877321,0.194110897556808,0,0,0,0,0,0.612723575576024,-0.304628871059853,0,-2.86067309433339,-2.22509069963305,-0.528411963488064,-0.528411963488064,0,0,0.212270093199767,0.212270093199767,0.340359197393031,0.340359197393031,1.23852999067722,0.163230245749277,-0.348672332686942
C3N-01168,PDA,-0.582224117400681,0.759670985023389,-0.640209417596431,0,-0.707042771934381,-0.707042771934381,0,0,0,0,0.456061134481229,0.456061134481229,0,0,0.466824704781778,0.466824704781778,-0.769537960239936,-0.769537960239936,0,0,0.473968399316495,0.473968399316495,0,0,0,0,-0.646775621747445,0,0,0,0,0,0,0,0,0,0,0,0,-0.640209417596431
C3N-01375,PDA,0,0,0,0,0,0,0,0,0,0,0,0,0,0,0,0,0,0,0,0,0,0,0,0,0.454295112839852,-1.82345444843917,0,0,0,0,0,0.738343393301342,0.738343393301342,0,0,0,0,2.17504402186266,-1.79660997857771,0
C3N-01380,PDA,0,0,0,0,0,0,0,0,0,0,0,0,0,0,0,0,-0.713486177237631,0,0,0,0.445852859182725,0.445852859182725,0,0,0.424196172373559,0,0,0,0,0,0,0,0,0,0,0,0,0,0,0
C3N-01381,PDA,-1.63832698694362,0,0,0,-1.56035409634696,0.769635106092639,-1.63832698694362,-1.63832698694362,-1.0578270102338,-1.0578270102338,0,-1.40151231421761,0,0,0.948717968500783,0.948717968500783,-1.28262944707742,0,0,0,0,0,0,0,0,0,0,0,0,0,0,0,0,0,0,0,0,0,0,-1.6544066617797
C3N-01383,PDA,0,0,0,0,0,0,0,0,0,0,0,-0.7624550492703,0,0,-0.825590020607593,-0.0498253763210834,0,0,-0.604769561000688,0,0,0,0,0,0,0,0,0,0,0,0,0.531278601950945,0.531278601950945,0,0,0,0,0,0,0
C3N-01388,PDA,-0.858617926137456,0.74288893468733,0,0,0,0,0,0,0,0,0,0,0,0,0,0,0,0,0,0,0,0,0.829350381316299,0,0,0,0,0,0,0,0,-0.972179785320233,-0.972179785320233,0,0,0,0,3.22904012229416,0,0
C3N-01714,PDA,0,0,0,0,0,0,0,0,0,0,0,0,0,0,0,0,0,0,0.44222902418152,0.44222902418152,0,0,0.538108340302665,0,0,0,0,0.493692824243091,0.493692824243091,0,0,0,0,0,0,0,0,0,0,0
C3N-01716,PDA,0,0,0,0,0,0,0,0,0,0,0,0,0,0,-1.5965292294027,0,-1.61850865343566,0,-1.50448094582971,0,0,0,0,0,-1.8731070943517,0,0,0,0,0,0,-1.68624150596451,-1.68624150596451,-1.71725523242093,-1.71725523242093,0,0,0,0,0
C3N-02010,PDA,0,0,0,0,0,0,0,0,0,0,-0.496336434395271,-0.496336434395271,-1.87520873649218,-3.10073850749418,0.368524368076047,0.368524368076047,-0.496336434395271,-0.496336434395271,0,0,0.426230854327284,0.426230854327284,0,0,0,0.324126633969699,-0.521850818623259,0.26948915412984,0.26948915412984,-0.489563804044079,-0.489563804044079,-0.508220013281151,-0.508220013281151,0,0,0.431694273195783,0.431694273195783,-0.325870658284008,-0.564795607971022,0
C3N-02573,PDA,0,0,0,0,0,0,0,0,0,0,-1.58559597223596,-1.58559597223596,0,0,0.235428644991933,0.868371583866832,-1.57394980986922,-1.57394980986922,0,0,0,0,0,0,0.70601038755491,0,-0.909172735728288,0,0,0,0,-1.71973592175765,-1.71973592175765,0,0,0,0,1.95205889236264,0,0
C3N-02579,PDA,0.93592316140482,0.93592316140482,0,0,0,0,0,0,0.288383663049418,0.288383663049418,0,0,-0.160812784530056,-1.21287969564926,0,0,0,0,0,0,0,0,-1.16846947020746,0,0,0,0,0,0,0,0,0,0,0,0,0,0,1.07254788120353,-1.54195690023574,0
C3N-02585,PDA,0,0,0,0,0,0,0,0,0,0,-1.38298249802608,-1.38298249802608,0,0,0,0,-1.35421672533414,0,0,0,0,0,0,0,0,0,0,0,0,0,0,0,-1.11946169764865,0,0,0,0,1.98701619368601,0,-1.11446926978904
C3N-02589,PDA,0,0.633120984175683,0,0,-1.16073114435606,-1.16073114435606,0,0,0,0,0,0,0,0,0,0,0,0,0,0,0,0,-0.579006762321807,-0.579006762321807,0,0,0,0,0,-0.677879812127381,-0.677879812127381,0,-0.549235235781515,0,0,0,0,2.21234434561014,-0.555148800737882,0
C3N-02592,PDA,0,0.376259627965547,0,0,-0.244603341335131,0,0,0,-0.178066430190192,-0.178066430190192,-0.00644487113755261,-0.188220836659296,0.340843833633951,0,0,0,-0.169626663477524,-0.169626663477524,0,0,0,0,0.386536895538989,-0.183139978331334,0,0,0,0,0.396790926149025,0,0,0,0,0,0,0,0,0,0,0
C3N-02768,PDA,0,0,0,0,0,0,-0.648976654499709,-0.648976654499709,0,0,0,-0.518487105090208,0.874815361676305,0.500229770521595,0,0,-0.738426497829726,-0.738426497829726,0.489246432709804,0.489246432709804,0,0,0,0,0,0.52857582457665,0,0.44484937285375,0.44484937285375,0.309248658388483,0.90156977076185,-0.645335960795912,-0.645335960795912,0,0,0.4826344705745,0.4826344705745,1.91986641533205,-0.864451605050274,0
C3N-02940,PDA,0,0,0,0,0,0,0,0,0,0,0,0,0,0,0,0,0,0,0,0,0,0,0,0,0,0,0,0,0,0,0,0,0,-0.507792797157577,-0.507792797157577,0,0,-0.453580173105536,-0.453580173105536,0
C3N-02944,PDA,0,0,0,0,0,0,0,0,0,0,0,0,0,0,0,0,0,0,0,0,0,0,0,0,0,0,0,0,0,0,0,0.511783210807991,0,0,0,0,0,1.26743382030506,0,0
C3N-02971,PDA,0,0.579435435778068,0,0,0,0,-0.578388850924191,-0.578388850924191,0,0,0,0,0.493477712262322,0,0,0,0,0,-0.525915642271854,-0.525915642271854,0,-0.461232621587235,0,0,0,0,0,0,0,0,0,0,0,0,0,0,0,-0.461232621587235,-0.461232621587235,0
C3N-03000,PDA,0,0,0,0,0,0,-0.866548428337195,-0.866548428337195,0,0,0,0,0.598636495156006,0,0,0,0,0,0,0,0,0,1.16496736780748,0,0,0.383179420661605,0,0,0,0.363570532240964,0.363570532240964,0.763144331246479,0.763144331246479,0,0.998891253543565,0,1.20750033662848,0.0944822834225197,-0.825000857303325,0
C3N-03006,PDA,-0.461871797490975,0.358854849499399,0,0,-0.632993416662012,-0.632993416662012,0,0,0,0,0.427439266497045,0,0.675849647335889,0,0,0,0,0,0,0,0,0,0,0,0.503168135258469,0,0,0,0.433854996628202,0,0,0,0,0,0,0,0,2.06716357505329,-0.513598981853189,0
C3N-03007,PDA,0,0,0,0,-0.48509971181161,0,0,0,0,0,0,0,0.597044338298418,0.597044338298418,0,0,0,0,0,0,0,0,0,0,0,0,0,0,0,0,0,-0.596388297343277,-0.596388297343277,0,0,0,0,0,0,0
C3N-03039,PDA,0,0.857586958078182,0,0,0,0,0,0,-0.366063387693508,-0.366063387693508,-1.35006606879463,-1.35006606879463,0,0,0,0,-1.38336143950226,-1.38336143950226,0,0,0,0,0,0,-0.664919915853081,-1.35951729055629,0,0,0,-1.30352680479527,0,-1.53341855791491,-1.53341855791491,0,0,0,0,0,0,0
C3N-03061,PDA,-0.628557508753268,0.203364129964043,0,0,-0.866243049402305,-0.866243049402305,0,0,0,0,0,0,0.704033072485551,0.704033072485551,0,0,-0.799983391784245,-0.799983391784245,0,0,0.453154492535829,0.453154492535829,0.697638676280292,0.697638676280292,0.585817299285292,-0.771356643670714,0.485372137297449,0.916555477188679,0.916555477188679,0.431383642058634,0.431383642058634,0.878633729729365,0.878633729729365,0.652322131906566,0.652322131906566,0.665370471421098,0.665370471421098,2.4334699884668,-0.577166899304955,-0.722404078101619
C3N-03086,PDA,0,1.29992281719867,0,0,0,0,0,0,0,0,0,0,0,0,0,0,0,0,0,0,0,0,0,0,0,0,0,0,0,0,0,0,0,0,0,0,0,0,0,0
C3N-03173,PDA,0,0,0,0,0,0,0,0,0,0,-0.30411873603669,-0.30411873603669,0,0,0,0,0,0,0,0,0,0,0,0,0,0,0,0,0,0,0,-0.461729591829283,-0.461729591829283,0,0,0,0,1.37014577430941,-0.30411873603669,-0.344262947711251
C3N-03190,PDA,0,0.416444395649059,0,0,0,0,0,0,-1.10780861849534,-1.10780861849534,0,0,0,0,0,0,-1.13501474925692,-1.13501474925692,0,0,0,0,0,0,0,0,0,-1.24845916611874,0,0,0,0,0,0,0,0,0,-0.56752934872525,-0.56752934872525,0
C3N-03426,PDA,0,0.768086933023727,0,0,-1.11935792728532,0,0,0,0,0,0,0,0.855024011882042,0.855024011882042,0,0,-1.33947850777674,-1.33947850777674,0,0,0,0,0,0,0,0,0,0,0,-1.44669991682468,-1.44669991682468,0,0,0,0,0,0,0,0,0
C3N-03430,PDA,0,0,0,0,0,0,0,0,0,0,0.393867441733825,0.393867441733825,0,0,0.349015799953552,0.349015799953552,0,0,0.411594860545152,0.411594860545152,0.416008127513324,0,0.464075499323389,0.464075499323389,0,0,0,0.437964679649664,0.437964679649664,-0.432677442713087,-0.432677442713087,0.722265484684016,0.312566304640397,0,0,0.409385454329508,0.409385454329508,-0.635623862576613,-0.635623862576613,0
C3N-03439,PDA,0,0,0,0,0,0,0,0,0,0,-0.940828055732815,-0.940828055732815,0.807597317505473,0.807597317505473,0,0,0,0,0,0,0,0,0,0,0,0,0,0,0,0,0,-1.68308646191048,-1.68308646191048,0.658231079373377,0.658231079373377,0,0,2.06936694795947,0,-0.948584763351823
C3N-03665,PDA,0,0.835726828080369,0,0,-1.19639619493995,0,0,0,0,0,0,0,0,0,0,0,0,0,0,0,0,0,0,0,0,0,0,0,0,0,0,0.544171499942573,0.544171499942573,0,0,0,0,0,0,-1.474078957172
C3N-03666,PDA,0.759427951371022,1.02568767949176,0,0,-0.587487691831167,-0.587487691831167,0,0,-0.374007280823665,-0.374007280823665,0,0,0.44956739771948,0,0.534883985629669,0.534883985629669,-0.537278078341739,-0.537278078341739,-0.488292084143459,-0.488292084143459,0,0,0,0,0.548104307538907,0,0,0.598181540405468,0.598181540405468,-0.474510999130271,-0.474510999130271,-0.684243442026997,-0.684243442026997,0.519375988593765,0.519375988593765,0.878988258169073,0.878988258169073,-0.309613417777035,-0.309613417777035,0
C3N-03754,PDA,0,0,0,0,0.177463669813668,0.657929440280663,-0.816732028434396,-0.816732028434396,0.45439069657946,0.45439069657946,0,0,0,0,0,0,-0.779028731704688,-0.779028731704688,0.314692051992692,0.314692051992692,0,0,0.639029765191024,0,-0.939859580771117,-0.510188241979019,-0.419401381549247,0.497494772505061,0.497494772505061,-0.442677277899771,-0.442677277899771,-3.32192809488736,-3.32192809488736,-0.0572110918720212,0.371053747762941,0.407879230342312,0.407879230342312,-0.75585158508634,-0.75585158508634,-0.692461784877209
C3N-03780,PDA,0,0,0,0,0,0,0,0,0,0,0,0,0,0,-0.852455183485488,-0.852455183485488,0,0,0,0,0,0,-1.07269285399552,0,0,0,0,0,0,0,0,-1.76970325174888,-1.76970325174888,0,0,0,0,-0.823329011020011,-0.823329011020011,0
C3N-03839,PDA,0,0,0,0,-1.14467253401386,0,0,0,0,0,-1.31202841234426,-1.31202841234426,0,0,-1.30576368754596,0.165345613384021,0,0,0,0,0,0,0,0,-1.5617048319086,0,0,0,0,0,0,-1.75426201763499,-1.75426201763499,0,0,0,0,0,0,-1.39562819283202
C3N-03840,PDA,0,0.771006522655303,0,0,-1.60287597785237,0,0,0,0,0,0,0,0,0,-0.736772228814401,0,-1.48539865316272,-1.48539865316272,0,0,0,0,0.468593074559608,0.468593074559608,0,0,0,0,0,0,0,-1.07758726660888,-1.07758726660888,0,0,0,0,2.84404715938139,0,0
C3N-03853,PDA,0,0,0,0,0,0,0,0,-0.761827981571395,-0.761827981571395,0,0,0,0,-1.17941289360114,0,-1.37524206656824,-1.37524206656824,-0.823182153076313,-0.823182153076313,-1.19865523770611,0,0,0,0,0,0,0,0,0,0,0,0,0,0,0,0,0,0,0
C3N-03884,PDA,0,0,0,0,-1.10662345014388,0,0,0,0,0,0,0,0,0,0,0,-0.669429392558839,0,0,0,0,0,0,0,0,-1.05565372770317,0,0,0,0,0,-1.12397305822863,-1.12397305822863,0,0,0,0,1.98007092884539,-0.911596174615467,0.690962923690151
C3N-04119,PDA,0,0,0,0,0,0,0,0,0,0,-1.42762030997917,-1.42762030997917,0,0,0,0,-1.21642975208677,-1.21642975208677,0,0,0,0,0,0,0,0.614779486039365,-0.935971066347077,0,0,0,0,0,0,0,0,0,0,-1.22545306924117,-1.22545306924117,0
C3N-04126,PDA,0,0,0,0,0,0,0,0,0,0,0,-1.18759907802974,0,0,0,0,-1.1667399890178,-1.1667399890178,0,0,0,0,0.565457272939409,0,-1.38804285990323,0,0,0,0,0,0,0.850079528643494,0.850079528643494,0.785246394867163,0.785246394867163,0,0,1.99239752612588,-0.971143319550773,0
C3N-04282,PDA,0,0,0,0,0.394382846903618,0.394382846903618,0.257421207798326,0.257421207798326,-0.328712766371528,-0.328712766371528,-0.829939171165851,-0.829939171165851,0.559416066137153,0,-1.40590414744942,-0.475246806636935,-0.846408887229179,-0.846408887229179,0.53606823341529,0.53606823341529,-0.805455947366636,-0.221833623982578,0,0,-0.947843449151393,0.459967389099427,0.813279228336039,0,0,-0.295535946415354,0.454834842123157,-0.947843449151393,-0.947843449151393,-0.871340392265386,-0.871340392265386,0,0,1.05503965854614,-0.905018221679686,-0.838159089051765
C3N-04283,PDA,0,0,0,0,0,0,0,0,0,0,-1.39038257921774,-1.39038257921774,0,0,0,0,0,0,-0.892805841524646,-0.892805841524646,0,0,-1.12272632579171,-1.12272632579171,0,0,-0.522089374986742,0,0,0,0,1.0147890183394,1.0147890183394,0,0,0,0,2.00992717930397,0,0
C3L-00006,UCEC,0,0,0,0,0,0,0,0,0,0,0,0,0,0,0,0,0,0,0,0,0,0,0,0,0,0,0,0,0,0,0,0,0,0,0,1.01526388638419,1.01526388638419,0,0,0
C3L-00032,UCEC,0,0,0,0,0,0,0,0,0,0,0,0,0,0,0,0,0,0,0,0,0,0,0,0,0,0,0,0,0,0,0,0,0,0,0,0,0,0,0,0
C3L-00090,UCEC,0,0,0,0,0,0,0,0,0,0,0,0,0,0,0.837505616721778,0.837505616721778,0,0,0.906097998728591,0.906097998728591,0,0,0,0,0,0,0,0,0,0,0,0,0,0,0,0,0,0,0,0
C3L-00098,UCEC,0,0.514734651106847,0.584859763909799,0,0.624629315042275,0.624629315042275,-0.0453775845559696,-0.715286846491246,-0.646831328988993,-0.646831328988993,0,0,0.547378178808307,0,0.537349998940899,0.537349998940899,-0.659476407737832,-0.659476407737832,-0.69765939169355,-0.69765939169355,-0.760528480530969,-0.760528480530969,-0.752409778701669,-0.752409778701669,0.478144587570857,0,-0.716893371100789,-0.770294191907411,-0.770294191907411,0,0,0.643198342149437,0.643198342149437,0.610982647670367,0.610982647670367,0.6184293874215,0.6184293874215,0.627107844449396,0.627107844449396,0.671582549284224
C3L-00136,UCEC,0,0,1.16626055970083,1.16626055970083,0,0,0,0,0,0,0,0,1.33688194350901,1.33688194350901,0,0,0,0,1.28196031533507,1.28196031533507,0,0,0,0,0,0,0,0,0,0,0,0,0,0,0,0,0,0,0,0
C3L-00137,UCEC,0,0,0,0,0,0,0,0,0,0,0,0,0,0,0,0,0,0,0,0,0,0,0,0,0,0,0,0,0,0,0,0,0,0,0,0,0,0,0,0
C3L-00139,UCEC,0.890627121751246,0.890627121751246,0.123999938434114,0.123999938434114,0.575420484756175,0.575420484756175,-0.703218725934301,-0.703218725934301,0,0,0.25571398916184,0,0,0,0,0.306552689423659,-0.690157757282769,-0.690157757282769,0,0,-0.433089188990409,-0.433089188990409,0,0,0.225557999503325,0.258030098899848,-0.249661769749847,-0.871628338649354,-0.871628338649354,-0.155923117792175,-0.155923117792175,0.612549533314983,0.389237914809673,0.581052951445413,0.581052951445413,1.27625494573422,1.27625494573422,0,0,-0.287714981338324
C3L-00143,UCEC,0,2.16966766821717,0,0,0,0,0,0,0,0,0,0,0,0,0,0,0,0,0,0,0,0,0,0,0,0,0,0,0,0,0,0,0,0,0,0,0,0,0,0
C3L-00145,UCEC,0,0.289825659506877,0,0,0,0,0,0,0,0,0,0,0,0,0,0,0,0,0,0,0,0,0,0,0,0,0,0,0,0,0,0,0,0,0,0,0,0,0,0
C3L-00156,UCEC,0,0,0,0,0,0,0,0,0,0,0,0,0,0,0,0,0,0,0,0,0,0,0,0,0,0,0,0,0,0,0,0,0,0,0,0,0,0,0,0
C3L-00161,UCEC,0,0,0,0,0,0,0,0,0,0,0,0,0,0,0.220946584086285,0.220946584086285,0,0,0,0,0,0,0,0,0,0,0,0,0,0,0,0,0,0,0,0,0,1.86223805456569,0,0
C3L-00358,UCEC,0.602751856638773,0.602751856638773,0,0,0,0.466121732495012,-0.614187042475504,-0.614187042475504,0,-0.334787926300592,0.792844242429089,0.792844242429089,0,0,0.20532483331966,1.00825957362054,0,0,0,0,0,0,-0.189322693557306,-0.343574023959334,0.214546314866888,-0.185068934549322,-0.721848624633087,-0.612625484134048,-0.612625484134048,0,0,-0.710627301342279,-0.710627301342279,-0.146949467602703,-0.146949467602703,1.94139845616906,1.94139845616906,-0.13992229895281,-0.13992229895281,0
C3L-00361,UCEC,0,0,0,0,0,0,0,0,0,0,0,0,0,0,0,0,0,0,0,0,0,0,0,0,0,0,0,0,0,0,0,0,0,0,0,0,0,0,0,0
C3L-00362,UCEC,0,0.632,0.401,0.401,-0.529,-0.529,0,0,0,0,0,0,0.461,0.461,0.409,0.409,0,0,0.463,0.463,0,0,0.892,0.449,0,0,0.429,0.488,0.488,0,0,0.453,0.453,0,0,0.465,0.465,-0.644,-0.644,0.383
C3L-00413,UCEC,0,0,1.32560829160846,1.32560829160846,0,0,0,0,0,0,0,0,1.47161119472059,0.580647402116141,0,0,0,0,0.642410804006834,0,0,0,0,0,0,0,0,0,0,0,0,0,0,0,0,0,0,0,0,0
C3L-00449,UCEC,0,0,0,0,0,0,0,0,0,0,0,0,0,0,0,0,0,0,1.41598897256745,1.41598897256745,0,0,0,0,0,0,0,0,0,0,0,0,0,0,0,0,0,0,0,0
C3L-00563,UCEC,0,2.66019063154388,0,0,0,0,0,0,0,0,0,0,0,0,0,0,0,0,0,0,0,0,0,0,0,1.53152779437464,0,0,0,0,0,0,0,0,0,0,0,1.58420202705695,0,0
C3L-00586,UCEC,0,0,0,0,0,0,0,0,0,0,0,0,0,0,0,0,0,0,0,0,0,0,0,0,0,0,0,0,0,0,0,0,0,0,0,0,0,0,0,0
C3L-00601,UCEC,0,0,0,0,0,0,0,0,0,0,0,0,0,0,0,0,0,0,0,0,0,0,0,0,0,0,0,0,0,0,0,0,0,0,0,0,0,0.937993067773102,0,0
C3L-00605,UCEC,0,0,0,0,0,0,0,0,0,0,0,0,0,0,0,0,0,0,0.946886869612227,0.946886869612227,0,0,0,0,0,0,0,0,0,0,0,0,0,0,0,0,0,0,0,0
C3L-00767,UCEC,0,0,0,0,0,0,0,0,0,0,0,0,0,0,0,0,0,0,0.983739872041498,0.983739872041498,0,0,0,0,0,0,0,0,0,0,0,0,0,0,0,0,0,0,0,0
C3L-00770,UCEC,0,0,0,0,0,0,0,0,0,0,0,0,0,0,0,0,0,0,0,0,0,0,0,0,0,0,0,0,0,0,0,0,0,0,0,0,0,0,0,0
C3L-00771,UCEC,0,0,0,0,0,0,0,0,0,0,0,0,0,0,0,0,0,0,1.42132163463682,1.42132163463682,0,0,0,0,0,0,0,0,0,0,0,0,0,0,0,0,0,0,0,0
C3L-00780,UCEC,0,0,0,0,0,0,0,0,0,0,0,0,1.29717583250983,0,0,0,0,0,1.37110858633203,1.37110858633203,0,0,0,0,0,0,0,0,0,0,0,0,0,0,0,0,0,0,0,0
C3L-00781,UCEC,0,0,0,0,0,0,0,0,0,0,0,0,0,0,0,0,0,0,0,0,0,0,0,0,0,0,0,0,0,0,0,0,0,0,0,0,0,0,0,0
C3L-00905,UCEC,0.704703864931466,0.704703864931466,1.29070993020167,1.29070993020167,0.625305999116502,0.625305999116502,0,0,-0.198185538617122,-0.198185538617122,1.48692458372747,1.48692458372747,0,0,2.97205855423637,2.97205855423637,-0.20942130876013,-0.20942130876013,0.766460976610888,0.766460976610888,-0.170205269659096,-0.170205269659096,0.682795708299145,0,-1.15910084938246,0,-0.206610001721551,0,0,-0.170205269659096,-0.170205269659096,0,0,-0.234794785269186,-0.234794785269186,0.786945766380301,0.786945766380301,-1.04682209303659,-0.243281611528985,-0.168810300484505
C3L-00918,UCEC,0,0,0,0,0,0,0,0,0,0,0,0,0,0,0,0,0,0,0.845913961161356,0.845913961161356,0,0,0,0,0,0,0,0,0,0,0,0,0,0,0,0,0,0,0,0
C3L-00921,UCEC,0,0,0,0,0,0,0,0,0,0,0,0,1.51789562448112,1.51789562448112,0.864704649538803,0.864704649538803,0,0,0.787844198581603,0.787844198581603,0,0,0,0,0,0,0,0,0,0,0,0.403796522230152,0.403796522230152,0,0,0.786191361997776,0.786191361997776,0,0,0
C3L-00932,UCEC,0,0,0,0,0,0,0,0,0,0,0,0,0,0,0,0,0,0,0,0,0,0,0,0,0,0,0,0,0,0,0,0,0,0,0,0,0,0,0,0
C3L-00942,UCEC,0,0,0,0,0,0,0,0,0,0,0,0,0,0,0,0,0,0,0,0,0,0,0,0,0,0,0,0,0,0,0,0,0,0,0,0,0,0,0,0
C3L-00946,UCEC,0,1.05766316197709,0,0,0,0,0,0,0,0,0,0,0,0,0,0,0,0,0,0,0,0,0,0,0,0,0,0,0,0,0,0,0,0,0,0,0,0,0,0
C3L-00947,UCEC,0,0,0,0,0,0,0,0,0,0,0,0,0,0,0,0,0,0,0,0,0,0,0,0,0,0,0,0,0,0,0,0,0,0,0,0,0,0,0,0
C3L-00949,UCEC,0,0,0,0,0,0,0,0,0,0,0,0,0,0,1.34820658657107,1.34820658657107,0,0,0,0,0,0,0,0,0,0,0,0,0,0,0,0,0,0,0,0,0,0,0,0
C3L-00961,UCEC,0,0,0,0,0,0,0,0,0,0,0,0,0,0,0,0,0,0,0.770683939018023,0.770683939018023,0,0,0,0,0,0,0,0,0,0,0,0,0,0,0,0,0,0,0,0
C3L-00963,UCEC,0,0,0,0,-1.71461997323717,-1.71461997323717,0,0,0,0,0,0,-1.60731549379222,-1.60731549379222,0,0,-1.4461535181947,0,0,0,0,0,0,0,-0.35897421068116,0,0,0,0,0,0,0,0,0,0,0,0,0,0,-1.3879589219607
C3L-01246,UCEC,0,0,0,0,0.405351523755029,0.405351523755029,-0.731026886989795,-0.731026886989795,0,0,0.285829819090194,0,0,0,0.891418717205531,0.891418717205531,-0.909465025810482,-0.909465025810482,-0.672381535113023,0,0,0,0.377910512475572,0.377910512475572,-0.813655016891792,0,0,-0.51029084548758,-0.51029084548758,0,0,-0.332650207527958,-0.332650207527958,-0.900122770384562,-0.900122770384562,0,0,0.769465330689397,0.769465330689397,0.464166019138543
C3L-01248,UCEC,0,0,0,0,0,-0.287479471015419,-0.403293130488633,-0.403293130488633,0,0,0,0,0,0,0,0,0,0,0,0,0,0,0,0,-0.293271589823553,0,0,0,0,0,0,0,0,0,0,0,0,1.3439893303774,0,0
C3L-01249,UCEC,0,0,0,0,0,0,0,0,0,0,0,0,0,0,0,0,0,0,0,0,0,0,0,0,-0.369651734311921,0,0,0,0,0,0,0,0,0,0,0,0,0,0,0
C3L-01252,UCEC,0,0,0,0,0,0,0,0,0,0,0,0,0,0,0,0,0,0,0,0,0,0,0,0,0,0,0,0,0,0,0,0,0,0,0,0,0,1.71039921522304,0,0
C3L-01256,UCEC,0,0,0,0,0,0,0,0,0,0,0,0,0,0,0,0,0,0,0.634731287832516,0.634731287832516,0,0,0,0,0,0,0,0,0,0,0,0,0,0,0,0,0,0,0,0
C3L-01257,UCEC,0,0,0,0,0,0,0,0,0,0,0,0,0,0,0,0,0,0,0,0,0,0,0,0,0,0,0,0,0,0,0,0,0,0,0,0,0,0,0,0
C3L-01275,UCEC,0,0,0,0,0,0,0,0,0,0,0,0,0,0,0,0,0,0,0,0,0,0,0,0,0,0,0,0,0,0,0,0,0,0,0,0,0,1.94124147470751,0,0
C3L-01282,UCEC,0,2.1765608717116,0,0,0,0,0,0,0,0,0,0,0,0,0,0,0,0,1.48031252973033,1.48031252973033,0,0,0,0,0,0,0,0,0,0,0,0,0,0,0,0,0,0,0,0
C3L-01304,UCEC,0,0,0,0,0,0,0,0,0,0,0,0,0,0,0,0,0,0,0,0,0,0,0,0,0,0,0,0,0,0,0,0,0,0,0,0,0,0,0,0
C3L-01307,UCEC,0,0,0,0,0,0,-0.686412007664121,-0.686412007664121,0,-1.40547901840459,0,0,0,0,0,0,0,-1.52235972578507,0,0,0,0,0,0,-1.95500812506893,0,-2.2488060144131,0,0,0,0,0,0,0,0,0,0,0,0,-2.14753280730266
C3L-01311,UCEC,0,0,0,0,0,0,0,0,0,0,0,0,0,0,0,0,0,0,0,0,0,0,0,0,0,0,0,0,0,0,0,0,0,0,0,0,0,-0.446944677857688,-0.446944677857688,0
C3L-01312,UCEC,0,0,0,0,0,0,0,0,0,0,0,0,0,0,0,0,0,0,0.8803985796509,0.8803985796509,0,0,0,0,0,0,0,0,0,0,0,0,0,0,0,0,0,0,0,0
C3L-01744,UCEC,0,0,0,0,0,0,0,0,0,0,0,0,0,0,0,0,0,0,0,0,0,0,0,0,0,0,0,0,0,0,0,0,0,0,0,0,0,0,0,0
C3L-01925,UCEC,0.595510611290577,0.595510611290577,0,0,0.426379451768632,0.426379451768632,-0.22556760629775,-0.22556760629775,1.16405398355293,-0.17660500725496,0.39105991233802,-0.22837989832292,-0.177997407478533,-0.177997407478533,0.651871139334302,0.651871139334302,0,0,-0.17660500725496,-0.17660500725496,0.698130687550244,0.698130687550244,0.621290660268197,0.621290660268197,-0.197531015476482,0.600427696582632,-0.207326079240599,-0.210128162415289,-0.210128162415289,0.585667032001607,0.585667032001607,0,0.591820742640238,-0.253762352246407,-0.253762352246407,0.654312492310336,0.654312492310336,-0.235417573327434,-0.235417573327434,-0.155764161729495
C3N-00151,UCEC,0,0,0,0,0,0,0,0,0,0,0,0,0,0,0,0,0,0,0,0,0,0,0,0,0,0,0,0,0,0,0,0,0,0,0,0,0,0,0,0
C3N-00200,UCEC,0,0,0,0,0,0,0,0,0,0,0,0,0,0,0,0,0,0,0,0,0,0,0,0,0,0,0,0,0,0,0,0,0,0,0,0,0,2.03060613524096,0,0
C3N-00321,UCEC,0,0,0,0,0,0,0,0,0,0,0,0,0,0,0,0,0,0,0,0,0,0,0,0,0.380055077024767,0,0,0,0,0,0,0,0,0,0,0,0,0,0,0
C3N-00322,UCEC,0,0,0,0,0,0,0,0,0,0,0,0,0,0,0,0,0,0,0.903358324843176,0.903358324843176,0,0,0,0,0,0,0,0,0,0,0,0,0,0,0,0,0,0,0,0
C3N-00323,UCEC,0,0,0,0,0,0,0.381708643235751,0.381708643235751,0.91787175475059,0.91787175475059,0,0,0,0,0.497862522928838,0.497862522928838,0.984731657860523,0,0,0,0,0,0.871446459200228,0.871446459200228,0,0,0,0,0,0,0,0,0,0,0,0,0,0,0,0
C3N-00326,UCEC,0,0,0,0,0,0,0,0,0,0,0,0,0,0,0,0,0,0,0,0,0,0,0,0,0,0,0,0,0,0,0,0,0,0,0,0,0,0,0,0
C3N-00328,UCEC,0,0.607921938365611,0,0,0,0,0,0,0,0,0,0,0.287897680044738,0,0,0,0,0,0,0,0,0,0,0,0,0,0,0,0,0,0,0,0,0,0,0,0,0,0,0
C3N-00333,UCEC,0,0,0,0,0,0,0,0,0,0,0,0,1.02023514510452,1.02023514510452,1.45047289277694,1.45047289277694,0,0,0,0,0,0,0,0,0,0,0,1.14232164659379,1.14232164659379,0,0,0,0,0,0,0,0,0,0,0
C3N-00335,UCEC,0,0,0,0,0,0,0,0,0,0,0,0,0,0,0,0,0,0,1.08814392194238,1.08814392194238,0,0,0,0,0,0,0,0,0,0,0,0,0,0,0,0,0,0,0,0
C3N-00337,UCEC,-0.886218163155676,1.17055525493471,0.451081330301138,0,0.631419763977938,0.631419763977938,-0.882804909199594,-0.882804909199594,1.20674541549629,-0.70639249885564,0.664436175875612,0.664436175875612,0.620337213449588,0.620337213449588,0.558669261338528,0.558669261338528,-0.760336406573732,-0.760336406573732,1.72281445301411,1.72281445301411,-0.734778865217642,-0.734778865217642,0,0,-0.952184127481118,-0.626453143201523,-0.760336406573732,-0.611415639285892,-0.611415639285892,-0.693897511910235,-0.693897511910235,-0.669125618788721,-0.669125618788721,0.590590580521974,0.590590580521974,-0.728437718415763,-0.728437718415763,-0.687677475513147,-0.687677475513147,-0.629473249842627
C3N-00339,UCEC,0,0,0,0,0,0,0,0,-1.46434172767881,-1.46434172767881,0,0,0,0,0,0,-1.34253989628624,-1.34253989628624,0,0,0,0,0,0,-1.54454260566067,0,0,0,0,-1.29513166890374,-1.29513166890374,0,0,0,-1.18982698909809,-0.884911848397396,-0.884911848397396,0,0,-1.2278041220621
C3N-00340,UCEC,0,0,0.53408843072323,0.53408843072323,-0.751513535931002,0.248347331986044,-1.83065262435006,-0.277445586441884,0,0,0,0,0.65036436692381,0,-0.80236578190949,-0.80236578190949,-0.673649960931749,-0.673649960931749,-0.666689535130054,0,-0.75631161349877,-0.75631161349877,0,0,0.504088906098764,0,0,0,0,-0.809717325537291,-0.809717325537291,0,0,-0.451150194316534,-0.689965796677972,0.686890512605872,0.686890512605872,-1.0523668997785,-1.0523668997785,-0.73717479716952
C3N-00377,UCEC,0,0,0,0,0,0,0,0,0,0,0,0,0,0,0,0,0,0,0,0,0,0,0,0,0,0,0,0,0,0,0,0,0,0,0,0,0,2.02380736237231,0,0
C3N-00379,UCEC,0,0,0,0,0,0,0,0,0,0,0,0,0,0,0,0,0,0,0.883583647107342,0.883583647107342,0,0,0,0,0,0,0,0,0,0,0,0,0,0,0,0,0,0,0,0
C3N-00386,UCEC,0,0,0,0,0,0,0,0,0,0,0,0,0,0,0,0,0,0,1.46124031900263,1.46124031900263,0,0,1.4217286210335,1.4217286210335,0,0,0,0,0,0,0,0,0,0,0,0,0,0,0,0
C3N-00388,UCEC,0,0,0,0,0,0,0,0,0,0,0,0,0,0,0,0,0,0,0,0,0,0,0,0,0,0,0,0,0,0,0,0,0,0,0,0,0,0,0,0
C3N-00389,UCEC,0,0,0,0,0,0,0,0,0,0,0,0,0,0,0,0,0,0,0,0,0,0,0,0,0,0,0,0,0,0,0,0,0,0,0,0,0,0,0,0
C3N-00729,UCEC,0.885593892575875,0.885593892575875,0,0,0,0,0,0,0,0,0,0,0,0,0,0,0,0,0,0,0,0,0,0,0,0,0,0,0,0,0,0,0,0,0,0,0,0,0,0
C3N-00734,UCEC,0,0,0,0,0,0,0,0,0,0,0,0,0,0,0,0,0,0,0,0,0,0,0,0,0,0,0,0,0,0,0,0,0,0,0,0,0,2.24009138765387,0,0
C3N-00743,UCEC,0,0,0,0,0,0,0,0,0,0,0,0,0,0,0,0,0,0,0,0,0,0,0,0,0,0,0,0,0,0,0,0,0,0,0,0,0,-0.321359949321918,-0.321359949321918,0
C3N-00836,UCEC,0,0,0,0,0.341643798175465,0.341643798175465,0,0,0,0,0,0,0,0,0,0,0.463605136449687,0.463605136449687,0,0,0,0,0,0,-0.87379119638119,0,-0.591137309988418,0,0,0,0,0,0,0,0,0,0,0,0,0
C3N-00848,UCEC,0,0,0,0,0.405805272360728,0.405805272360728,0,0,0,0,0,0,1.34690745785193,0,0,0,0,0,2.09161587621711,2.09161587621711,0,0,1.21075567656007,1.21075567656007,0,0,0,0,0,0,0,0,0,0,0,0,0,0,0,0
C3N-00850,UCEC,0,0,0,0,0,0,0,0,0,0,0,0,0,0,0.458785848417602,0.458785848417602,0,0,0,0,0,0,0,0,0,0,0,0,0,0,0,0,0,0,0,0,0,1.55011620079879,0,0
C3N-00858,UCEC,0,0,0,0,0,0,0,0,0,0,0,0,0.942536162092163,0.942536162092163,1.78688937701563,1.78688937701563,0,0,0,0,0.872285862481587,0.872285862481587,0.920344050263612,0.920344050263612,0,0,0,0,0,0,0,0,0,0,0,0.24340076950699,0.24340076950699,-0.170177233714942,-0.170177233714942,0
C3N-00880,UCEC,0,0,0,0,0,0,0,0,0,0,0,0,0,0,1.59107949233545,1.59107949233545,0,0,0,0,0,0,0,0,0,0,0,0,0,0,0,0,0,0,0,0,0,0,0,0
C3N-01211,UCEC,0,0,0,0,0,0,0,0,0,0,0,0,0,0,0,0,0,0,0,0,0,0,0,0,0,0,0,0,0,0,0,0,0,0,0,0,0,-0.162032336161491,-0.162032336161491,0
C3N-01212,UCEC,0,0,0,0,0,0,0,0,0,0,0,0,0,0,0,0,0,0,0.836427027199811,0.836427027199811,0,0,0,0,0,0,0,0,0,0,0,0,0,0,0,0,0,1.0750373781789,0.286044729856536,0
C3N-01219,UCEC,0,0,0,0,0,0,0,0,0,0,0,0,0,0,0,0,0,0,0,0,0,0,0,0,0,0,0,0,0,0,0,0,0,0,0,0.740950483700751,0.740950483700751,0,0,0
C3N-01267,UCEC,0,0,0,0,0,0,0,0,1.30025480124642,1.30025480124642,0,0,1.28432736205755,1.28432736205755,0,0,0,0,1.2934408193967,1.2934408193967,0,0,0,0,0,0,0,0,0,0,0,0,0,0,0,0,0,0,0,0
C3N-01346,UCEC,0,0,0,0,-1.15473239524021,-1.15473239524021,0,0,0,0,0,0,-1.24772606658323,0,0,0,-1.24179697041837,-1.24179697041837,0,0,0,0,0,0,0,0,0,0,0,0,0,0,0,0,0,0,0,-1.49949277569651,0,-1.16900665508232
C3N-01349,UCEC,0.302810804511869,0.302810804511869,0.315343500948636,0.315343500948636,0,0,0,0,0,0,0,0,0,0,0,0,-1.61223907723509,-3.32192809488736,-1.38053975770335,0,-3.32192809488736,0.851831929629151,0,0,-0.745919294171539,-0.579839901960566,-0.9097794190361,-3.32192809488736,-3.32192809488736,0,0,0.754559329824833,0.754559329824833,-3.32192809488736,-3.32192809488736,0.756664833849242,0.756664833849242,0,0,-0.367956983854803
C3N-01510,UCEC,0,0,0.171330324435062,0.171330324435062,0,0,0,0,0,0,0,0,0,0,0,0,0,0,0,0,0,0,0,0,0,0,0,0,0,0,0,0,0,0,0,0,0,0,0,0
C3N-01520,UCEC,0,0,0,0,0,0,0,0,0,0,0,0,0.950800162963016,0.950800162963016,0,0,0,0,0,0,0,0,0,0,0,0,0,0,0,0,0,0,0,0,0,0,0,0,0,0
C3N-01521,UCEC,0.76530337211507,0.76530337211507,0,0,0.615408815898943,0.615408815898943,0,0,-0.573064125848276,-0.573064125848276,0.0971866179251873,-0.63164262366957,0,0,0.544332462529522,0.544332462529522,-0.449559573434924,-0.596405167176668,0,0,0,0,0,0,-0.641972359559385,0,-0.330480123544679,0,0,-0.499437014920112,-0.499437014920112,0,0,-0.470872707216946,-0.470872707216946,0.714426101344689,0.714426101344689,0.700177685540652,0.700177685540652,-0.575975278089471
C3N-01537,UCEC,1.03276720213975,1.03276720213975,0,0,0.519153066925691,0.519153066925691,0,0,0,0,-0.658299465503157,-0.658299465503157,0,0,0,0,0,0,0,0,-0.843998839833084,-0.843998839833084,0,0,0,0,0,0,0,0,0,0,0,-0.908299030126108,-0.908299030126108,0.488907223034358,0.488907223034358,0,0,-3.32192809488736
C3N-01802,UCEC,-0.724988539902908,-0.724988539902908,0,0,0.821081820869671,0.821081820869671,-1.84467337801436,-1.84467337801436,0,0,0,0,0,0,0,0,-2.97167332564769,-2.97167332564769,0,0,0.871782443787715,0.871782443787715,0,0,-0.565648723986211,0.793940888947949,-1.43211458360685,0,0,0,0,1.33415028752526,1.33415028752526,0,0,0.967459914802571,0.967459914802571,-0.123935057794434,-2.85374736460462,-1.62511766980306
C3N-01825,UCEC,0,0,0,0,0,0,0,0,0,0,0,0,0.807948969232456,0.807948969232456,0,0,0,0,0,0,0,0,0.547183117380747,0.547183117380747,0,0,0,0,0,-0.573920384376931,-0.573920384376931,-3.32192809488736,-3.32192809488736,0.441131649724029,0.441131649724029,0.494819331047347,0.494819331047347,0,0,0
