"","Arm","Coefficients","T_val","P_val","Event","-signedlog(P.adj)","cnv_status","TumorType"
"1","Arm1p",1.7629981375814,0.256572977585089,0.798220420134825,"ALL",0.0532950336030414,-1,"ACC"
"2","Arm1q",-9.30802346104321,-1.20432859370679,0.232300515739564,"ALL",-0.401377210996206,-1,"ACC"
"3","Arm2p",-9.35297932815314,-2.00113861978337,0.0490449916747126,"ALL",-0.688969154491083,-1,"ACC"
"4","Arm2q",-17.4849995184293,-2.11228068668797,0.0380370305375508,"ALL",-0.688969154491083,-1,"ACC"
"5","Arm3p",8.19583774445619,1.38498177681633,0.17021934430329,"ALL",0.467176109755017,1,"ACC"
"6","Arm3q",13.5524572852294,2.55427291869881,0.0126976631126966,"ALL",0.982462347183649,1,"ACC"
"7","Arm4p",-1.88453877778898,-0.414016832699028,0.680059340058273,"ALL",-0.0731832734879802,1,"ACC"
"8","Arm4q",1.4264385846974,0.295440184515143,0.768485031004794,"ALL",0.0532950336030414,1,"ACC"
"9","Arm5p",2.44368897338268,0.63627017518351,0.526563508835814,"ALL",0.159521319021379,1,"ACC"
"10","Arm5q",0.0583834302360581,0.0149463239747657,0.988115226787894,"ALL",0.00519240820564208,1,"ACC"
"11","Arm6p",-3.31016165001221,-0.614817665518127,0.540561116063092,"ALL",-0.159521319021379,1,"ACC"
"12","Arm6q",0.353521428183978,0.0635642419495475,0.949488595331081,"ALL",0.00792243787488339,-1,"ACC"
"13","Arm7p",3.6396888535664,0.75384668133888,0.45333333163114,"ALL",0.180929427952043,1,"ACC"
"14","Arm7q",6.36515321919041,1.35825096489395,0.178510704833303,"ALL",0.467176109755017,1,"ACC"
"15","Arm8p",4.87962584218827,1.3441544137933,0.183004898366143,"ALL",0.467176109755017,1,"ACC"
"16","Arm8q",5.67624877186593,1.54881659751774,0.125692206381025,"ALL",0.467176109755017,1,"ACC"
"17","Arm9p",-0.243528303617091,-0.0528750511327946,0.957973943779438,"ALL",-0.00792243787488339,1,"ACC"
"18","Arm9q",-5.50010435947264,-1.2430263386407,0.217782231223087,"ALL",-0.410921536369211,1,"ACC"
"19","Arm10p",-9.8406797739353,-2.0264694113784,0.0463208325021973,"ALL",-0.688969154491083,1,"ACC"
"20","Arm10q",-8.02653284876011,-1.45215145039465,0.150686418996827,"ALL",-0.467176109755017,1,"ACC"
"21","Arm11p",4.73950934067372,0.732263503403124,0.466320720390669,"ALL",0.180929427952043,-1,"ACC"
"22","Arm11q",1.69224971102003,0.266439899228383,0.790641463067517,"ALL",0.0532950336030414,-1,"ACC"
"23","Arm12p",8.57932659619686,1.95046123445902,0.0549085119109281,"ALL",0.688969154491083,1,"ACC"
"24","Arm12q",4.55065638183179,1.11892121662307,0.266792726487739,"ALL",0.358982166622701,1,"ACC"
"25","Arm13q",-0.898988886862526,-0.19476137712181,0.846113483889257,"ALL",-0.0395711237592696,-1,"ACC"
"26","Arm14q",-14.6717876760953,-3.60381035990341,0.000565507047625989,"ALL",-2.11189937631404,1,"ACC"
"27","Arm15q",-7.98192814120568,-1.44581868585978,0.152450126452985,"ALL",-0.467176109755017,-1,"ACC"
"28","Arm16p",4.68256583327967,0.982249306741656,0.329177627590671,"ALL",0.284759180336883,1,"ACC"
"29","Arm16q",10.3021340972537,2.45945355961753,0.0162512062761547,"ALL",0.954481790833065,1,"ACC"
"30","Arm17p",12.2504252324016,1.9633996906424,0.0533574544350949,"ALL",0.688969154491083,-1,"ACC"
"31","Arm17q",12.4094098377528,1.83127994712434,0.0710838751099714,"ALL",0.649388400412699,-1,"ACC"
"32","Arm18p",-4.23199381376595,-0.694546584535509,0.489514439662998,"ALL",-0.174571890883308,-1,"ACC"
"33","Arm18q",-8.92013994989675,-1.39849297131078,0.166142071001227,"ALL",-0.467176109755017,-1,"ACC"
"34","Arm19p",-16.1101462791345,-3.32483108521521,0.00137857400631021,"ALL",-1.84984604920856,1,"ACC"
"35","Arm19q",-9.27117262604175,-1.84588500342412,0.0689085903240038,"ALL",-0.649388400412699,1,"ACC"
"36","Arm20p",12.4364747091678,3.64452770652201,0.000494783113127682,"ALL",2.11189937631404,1,"ACC"
"37","Arm20q",14.3042510434396,3.72386635571554,0.000380423588462295,"ALL",2.11189937631404,1,"ACC"
"38","Arm21q",-6.37163632821769,-1.46357474568605,0.147545154871239,"ALL",-0.467176109755017,1,"ACC"
"39","Arm22q",-1.92453578481677,-0.36097427086545,0.71914716679034,"ALL",-0.0618772865114833,-1,"ACC"
"40","ArmXp",7.0101319169134,0.856995398665565,0.394214316135757,"ALL",0.222847515537772,1,"ACC"
"41","ArmXq",14.7701879452482,1.6011106819248,0.113613138477667,"ALL",0.477915621893246,1,"ACC"
"42","Arm1p",-13.3650888823447,-0.722596766011596,0.470350972314846,"ALL",-0.205807182792046,1,"BLCA"
"43","Arm1q",-27.8219088493017,-1.89715930762991,0.0585287041571675,"ALL",-0.609249003981236,1,"BLCA"
"44","Arm2p",14.9466376654816,0.865290707198935,0.38739920171271,"ALL",0.22043169617686,1,"BLCA"
"45","Arm2q",13.4993695389213,0.743446692287961,0.457648818249432,"ALL",0.205807182792046,-1,"BLCA"
"46","Arm3p",-14.0768315050322,-1.00688620772702,0.31459968066595,"ALL",-0.22043169617686,1,"BLCA"
"47","Arm3q",10.7956286624208,0.699678936083479,0.484535542757661,"ALL",0.205807182792046,1,"BLCA"
"48","Arm4p",-29.8253100604997,-1.95996923856625,0.0506950201290794,"ALL",-0.609249003981236,-1,"BLCA"
"49","Arm4q",-32.0321986969908,-1.80033553646927,0.0725628157730261,"ALL",-0.567894701423928,-1,"BLCA"
"50","Arm5p",13.4502022481906,1.4554034279578,0.146343916696386,"ALL",0.397932728180425,1,"BLCA"
"51","Arm5q",10.6613479379207,0.929039996920417,0.353430052792133,"ALL",0.22043169617686,-1,"BLCA"
"52","Arm6p",29.0521129815688,1.88634399150174,0.0599745695044408,"ALL",0.609249003981236,-1,"BLCA"
"53","Arm6q",9.74145571495475,0.604747927630207,0.545690246417464,"ALL",0.168783891817612,-1,"BLCA"
"54","Arm7p",14.4023152878763,0.920028702897994,0.358113645783135,"ALL",0.22043169617686,1,"BLCA"
"55","Arm7q",7.21389959309785,0.43835782377472,0.661364152501065,"ALL",0.123077992618478,1,"BLCA"
"56","Arm8p",-20.9622022584416,-2.4450632210885,0.0149142709876582,"ALL",-0.991765363842129,-1,"BLCA"
"57","Arm8q",-17.0952752263646,-1.60227781750139,0.109885522337755,"ALL",-0.460832144546827,1,"BLCA"
"58","Arm9p",45.3372573037429,4.48238539237194,9.65833866316355e-06,"ALL",3.87943496842405,-1,"BLCA"
"59","Arm9q",58.1157088148071,5.1493923488599,4.11345151726369e-07,"ALL",5.07403975603521,-1,"BLCA"
"60","Arm10p",-8.1809218927818,-0.697472309702522,0.485913470567754,"ALL",-0.205807182792046,1,"BLCA"
"61","Arm10q",7.81186909374959,0.529681860312253,0.596627122506603,"ALL",0.142992067938765,-1,"BLCA"
"62","Arm11p",75.3216979261533,5.36138393711207,1.40084421261766e-07,"ALL",5.24082630304263,-1,"BLCA"
"63","Arm11q",20.3382309981222,1.32478338321327,0.186001227581407,"ALL",0.321820315427564,-1,"BLCA"
"64","Arm12p",21.0332378386304,1.5658720039215,0.118171305766354,"ALL",0.460832144546827,1,"BLCA"
"65","Arm12q",-0.592596607879678,-0.042681673235004,0.965976639333849,"ALL",-0.0150333762046696,1,"BLCA"
"66","Arm13q",11.1038424006369,0.868177112637385,0.385819252427408,"ALL",0.22043169617686,1,"BLCA"
"67","Arm14q",13.2601565072526,0.848958754234008,0.396413294759908,"ALL",0.22043169617686,-1,"BLCA"
"68","Arm15q",-46.8876753309041,-2.85599756023676,0.00451441034499077,"ALL",-1.33467510213818,-1,"BLCA"
"69","Arm16p",-1.11688504574154,-0.0924509900852658,0.926386129023434,"ALL",-0.0224840909598412,-1,"BLCA"
"70","Arm16q",2.79589322663559,0.235821342573336,0.813692303680621,"ALL",0.0678205420718049,-1,"BLCA"
"71","Arm17p",3.1030995279173,0.265438156967173,0.790809032060289,"ALL",0.0678205420718049,-1,"BLCA"
"72","Arm17q",-20.0105999962844,-1.19673228730843,0.232121498768682,"ALL",-0.292132782502247,1,"BLCA"
"73","Arm18p",9.70242590666951,1.01573437430635,0.310371412589171,"ALL",0.22043169617686,1,"BLCA"
"74","Arm18q",-5.46799814451127,-0.447228300554256,0.654952906818349,"ALL",-0.123077992618478,-1,"BLCA"
"75","Arm19p",-17.7773029884095,-1.18555622530889,0.236503167547952,"ALL",-0.292132782502247,-1,"BLCA"
"76","Arm19q",-26.2891403331403,-1.59068861200672,0.112471632202926,"ALL",-0.460832144546827,1,"BLCA"
"77","Arm20p",11.21796705146,0.94938244094154,0.343000812193937,"ALL",0.22043169617686,1,"BLCA"
"78","Arm20q",10.1756653674886,0.767249436413476,0.443386986727679,"ALL",0.205807182792046,1,"BLCA"
"79","Arm21q",-32.287176718558,-2.77704760517435,0.00574416144450949,"ALL",-1.32695950999724,1,"BLCA"
"80","Arm22q",-26.2902417823543,-2.12222579054152,0.0344342963767842,"ALL",-0.695322970165197,-1,"BLCA"
"81","ArmXp",5.45995410352245,0.25999866456319,0.794998914591965,"ALL",0.0678205420718049,-1,"BLCA"
"82","ArmXq",29.5422399710029,1.27595562275252,0.202713473371518,"ALL",0.310782449579534,-1,"BLCA"
"83","Arm1p",24.0070774907715,2.57692421356464,0.0106536060478863,"ALL",0.472103574435584,1,"BRCA.neg"
"84","Arm1q",-14.5175089916683,-1.8840338450448,0.0609420698103189,"ALL",-0.447396982965877,1,"BRCA.neg"
"85","Arm2p",10.259522906685,0.828555105098785,0.408296895317036,"ALL",0.133348958376632,1,"BRCA.neg"
"86","Arm2q",8.26934766684071,0.600832066714589,0.548599772828537,"ALL",0.110358517749086,1,"BRCA.neg"
"87","Arm3p",12.6129956000634,1.34161195112709,0.181170806948246,"ALL",0.305219183623743,-1,"BRCA.neg"
"88","Arm3q",5.85716917258448,0.603924359035879,0.546545762386861,"ALL",0.110358517749086,1,"BRCA.neg"
"89","Arm4p",-2.30027855593918,-0.263246276200791,0.792618872193588,"ALL",-0.061471767512096,-1,"BRCA.neg"
"90","Arm4q",2.62772602591269,0.279464707805418,0.780163268693088,"ALL",0.061471767512096,-1,"BRCA.neg"
"91","Arm5p",-12.6759888642763,-1.97459434864968,0.0496246799288758,"ALL",-0.447396982965877,-1,"BRCA.neg"
"92","Arm5q",2.82343915874617,0.373584397282047,0.709090414089909,"ALL",0.061471767512096,-1,"BRCA.neg"
"93","Arm6p",1.74353478085149,0.21715060458472,0.828301803883667,"ALL",0.0600921431360915,1,"BRCA.neg"
"94","Arm6q",18.314457641895,1.90039395225976,0.0587512124494681,"ALL",0.447396982965877,1,"BRCA.neg"
"95","Arm7p",1.17311551597011,0.131143415137356,0.895787406962891,"ALL",0.0370711817964648,1,"BRCA.neg"
"96","Arm7q",-2.32645343463599,-0.247835865930557,0.804503563989901,"ALL",-0.061471767512096,1,"BRCA.neg"
"97","Arm8p",-1.25802067784019,-0.274815283499846,0.783728331393076,"ALL",-0.061471767512096,-1,"BRCA.neg"
"98","Arm8q",0.127524173576619,0.0248062510652974,0.980233060621853,"ALL",0.00867065399283713,1,"BRCA.neg"
"99","Arm9p",-5.90429294293887,-0.788430131152265,0.431334269328722,"ALL",-0.133348958376632,-1,"BRCA.neg"
"100","Arm9q",-2.57197182153076,-0.277467899902631,0.781693805764598,"ALL",-0.061471767512096,-1,"BRCA.neg"
"101","Arm10p",7.1043177278809,1.07665992256281,0.282867529303041,"ALL",0.190905551240703,1,"BRCA.neg"
"102","Arm10q",12.8029454441643,1.42844936092344,0.154648170522376,"ALL",0.305219183623743,-1,"BRCA.neg"
"103","Arm11p",16.00297373768,1.65038049066073,0.100359936192883,"ALL",0.330644531739897,-1,"BRCA.neg"
"104","Arm11q",17.7359654581092,1.63990831281014,0.102521303883681,"ALL",0.330644531739897,-1,"BRCA.neg"
"105","Arm12p",3.80106547284658,0.610223774442963,0.542373371150206,"ALL",0.110358517749086,1,"BRCA.neg"
"106","Arm12q",9.38498163111028,1.20082130743501,0.231173227902077,"ALL",0.227398588781249,-1,"BRCA.neg"
"107","Arm13q",-5.80547999054803,-0.7814816239294,0.435399427244424,"ALL",-0.133348958376632,-1,"BRCA.neg"
"108","Arm14q",-9.81882371225529,-1.08533950170403,0.279015667394364,"ALL",-0.190905551240703,-1,"BRCA.neg"
"109","Arm15q",-3.55037288467638,-0.402312119378711,0.687863533866584,"ALL",-0.061471767512096,-1,"BRCA.neg"
"110","Arm16p",-6.08215554590311,-0.76251178735248,0.446610231522056,"ALL",-0.133348958376632,1,"BRCA.neg"
"111","Arm16q",3.98274836250752,0.478424462795625,0.632845827469431,"ALL",0.0630394769786177,-1,"BRCA.neg"
"112","Arm17p",6.30915192863939,0.759263755026853,0.448546212198029,"ALL",0.133348958376632,-1,"BRCA.neg"
"113","Arm17q",7.61058467436102,0.875574304726508,0.382261865187227,"ALL",0.133348958376632,-1,"BRCA.neg"
"114","Arm18p",8.60942944450345,1.34671509930618,0.17952361901925,"ALL",0.305219183623743,-1,"BRCA.neg"
"115","Arm18q",10.5026297752828,1.42921274069848,0.154428947996023,"ALL",0.305219183623743,-1,"BRCA.neg"
"116","Arm19p",11.0233689680164,1.4466632725471,0.149482219172126,"ALL",0.305219183623743,1,"BRCA.neg"
"117","Arm19q",10.9021374980135,1.35127955451528,0.178059832185345,"ALL",0.305219183623743,1,"BRCA.neg"
"118","Arm20p",19.4436761621146,2.25054191614613,0.0254508546991281,"ALL",0.458635026459478,1,"BRCA.neg"
"119","Arm20q",19.5775169780792,2.05834116549264,0.040791936693585,"ALL",0.447396982965877,1,"BRCA.neg"
"120","Arm21q",-5.92059788378864,-0.721396327507365,0.471468099941507,"ALL",-0.128737178033631,1,"BRCA.neg"
"121","Arm22q",-9.25570800652982,-1.00675460208916,0.315211325472383,"ALL",-0.1673679310317,-1,"BRCA.neg"
"122","ArmXp",-3.38294734208277,-0.284767033866205,0.776103256032594,"ALL",-0.061471767512096,-1,"BRCA.neg"
"123","ArmXq",38.1314790938327,2.41823172302195,0.0164491160465116,"ALL",0.472103574435584,-1,"BRCA.neg"
"124","Arm1p",-6.04792721785412,-0.373945896813984,0.708564847348277,"ALL",-0.0809045849076652,-1,"BRCA.pos"
"125","Arm1q",6.12718507639027,0.528348263446096,0.597435514290794,"ALL",0.129828803391616,1,"BRCA.pos"
"126","Arm2p",71.6705743267947,2.34060235991633,0.0195499866859651,"ALL",0.94116771732805,-1,"BRCA.pos"
"127","Arm2q",50.4473726238454,1.64767862009642,0.0998953167683335,"ALL",0.591790997563516,-1,"BRCA.pos"
"128","Arm3p",-35.3352344893987,-1.47251954558553,0.141358052470071,"ALL",-0.515649191091261,-1,"BRCA.pos"
"129","Arm3q",-14.7680776529922,-0.574826402872984,0.5656048912518,"ALL",-0.129828803391616,1,"BRCA.pos"
"130","Arm4p",-7.00349932768643,-0.324089256036294,0.745973294952246,"ALL",-0.0797592814525771,-1,"BRCA.pos"
"131","Arm4q",-13.365827998018,-0.58132281926796,0.561221675880693,"ALL",-0.129828803391616,-1,"BRCA.pos"
"132","Arm5p",-28.885217069851,-1.48083017777115,0.139129767596232,"ALL",-0.515649191091261,1,"BRCA.pos"
"133","Arm5q",-52.0480908437664,-2.66144934089961,0.00797011718786378,"ALL",-1.08781142755736,1,"BRCA.pos"
"134","Arm6p",15.6278563689329,0.905373335248172,0.365598519259725,"ALL",0.255575479345272,-1,"BRCA.pos"
"135","Arm6q",-4.42009891422176,-0.27941717568676,0.780012362345392,"ALL",-0.0797592814525771,-1,"BRCA.pos"
"136","Arm7p",-35.5845085469097,-1.71566013984495,0.0866942908931574,"ALL",-0.595353680273942,1,"BRCA.pos"
"137","Arm7q",-12.6707020085323,-0.590570485834255,0.555010714229165,"ALL",-0.129828803391616,1,"BRCA.pos"
"138","Arm8p",-13.6718960276463,-1.68098679926332,0.0932393237930987,"ALL",-0.593708287144107,-1,"BRCA.pos"
"139","Arm8q",-18.3498982611245,-2.19359489950246,0.0286130964763466,"ALL",-0.930651284083089,1,"BRCA.pos"
"140","Arm9p",15.6219132125453,0.96818623878922,0.333306553846659,"ALL",0.262312298623439,-1,"BRCA.pos"
"141","Arm9q",31.8378210490916,1.7373012482447,0.0828012184896779,"ALL",0.595353680273942,-1,"BRCA.pos"
"142","Arm10p",3.27282457360017,0.150382620401196,0.88050876835038,"ALL",0.055266314850339,-1,"BRCA.pos"
"143","Arm10q",11.6705035670504,0.512470432362318,0.608493522893917,"ALL",0.129828803391616,-1,"BRCA.pos"
"144","Arm11p",4.84487559850024,0.26430364565219,0.791628586916622,"ALL",0.0797592814525771,-1,"BRCA.pos"
"145","Arm11q",-3.24183818221609,-0.222583121260952,0.823928941540809,"ALL",-0.0733863763424581,-1,"BRCA.pos"
"146","Arm12p",-31.3711940598643,-1.82467140845956,0.0685032345384408,"ALL",-0.595353680273942,1,"BRCA.pos"
"147","Arm12q",-46.7138237938864,-2.20970621294035,0.0274685993025515,"ALL",-0.930651284083089,1,"BRCA.pos"
"148","Arm13q",-15.879745656828,-1.023156529614,0.30660927765967,"ALL",-0.28084209300111,-1,"BRCA.pos"
"149","Arm14q",-46.0149487394919,-2.49339011605481,0.0128971562196384,"ALL",-1.02768639640861,-1,"BRCA.pos"
"150","Arm15q",-33.8919850921396,-1.54628691414584,0.122515355671312,"ALL",-0.529474539505976,-1,"BRCA.pos"
"151","Arm16p",-37.3271244940567,-2.79851320344247,0.0052839318425723,"ALL",-1.08781142755736,1,"BRCA.pos"
"152","Arm16q",-21.6551350163298,-1.78167200481814,0.0752631520766781,"ALL",-0.595353680273942,-1,"BRCA.pos"
"153","Arm17p",-31.7109751210432,-2.47087067946695,0.0137303306921689,"ALL",-1.02768639640861,-1,"BRCA.pos"
"154","Arm17q",-49.2756487166263,-3.2848905749785,0.0010742489898771,"ALL",-1.35611118929389,1,"BRCA.pos"
"155","Arm18p",-18.5211586020482,-1.19696411259199,0.23175094980868,"ALL",-0.364617301368683,-1,"BRCA.pos"
"156","Arm18q",-21.9270714232916,-1.40961378461898,0.159125492538049,"ALL",-0.486506378017171,-1,"BRCA.pos"
"157","Arm19p",45.0156243376987,2.21239010058854,0.0272818416769967,"ALL",0.930651284083089,1,"BRCA.pos"
"158","Arm19q",26.1648856493096,1.24795937354037,0.212489168388481,"ALL",0.382098641176118,1,"BRCA.pos"
"159","Arm20p",13.1336647601029,0.931211287321011,0.352085289691106,"ALL",0.255575479345272,1,"BRCA.pos"
"160","Arm20q",7.74918892852704,0.503206191635958,0.614987455208306,"ALL",0.129828803391616,1,"BRCA.pos"
"161","Arm21q",-13.0278190316951,-0.627182237994013,0.530757014303968,"ALL",-0.129828803391616,-1,"BRCA.pos"
"162","Arm22q",-37.409386241415,-2.69170811498981,0.00728916685331284,"ALL",-1.08781142755736,-1,"BRCA.pos"
"163","ArmXp",38.663059089691,1.08676622790496,0.277537475960287,"ALL",0.305622344978413,1,"BRCA.pos"
"164","ArmXq",-13.2049814697333,-0.307750916786087,0.758369111240721,"ALL",-0.0797592814525771,-1,"BRCA.pos"
"165","Arm1p",43.5633976855504,2.19093956752274,0.0286728848116297,"ALL",1.04368810557943,1,"BRCA"
"166","Arm1q",-20.2486097947289,-1.32559659142984,0.18525843002392,"ALL",-0.461860844808344,1,"BRCA"
"167","Arm2p",135.530660258946,4.13321758234291,3.85886824373822e-05,"ALL",3.10178618856521,-1,"BRCA"
"168","Arm2q",103.872612009209,2.90357850258446,0.00376558922219221,"ALL",1.65648124102475,-1,"BRCA"
"169","Arm3p",-18.1408018438242,-0.671039491174437,0.502341288617859,"ALL",-0.230285312313976,-1,"BRCA"
"170","Arm3q",16.3797409373094,0.584596620756082,0.558943147095467,"ALL",0.20805023147943,1,"BRCA"
"171","Arm4p",-53.4997780694622,-2.26369725929526,0.0237938492361518,"ALL",-1.05214412297988,-1,"BRCA"
"172","Arm4q",-52.0395482433107,-1.99866842590467,0.0458987855503628,"ALL",-1.00416854967086,-1,"BRCA"
"173","Arm5p",-52.3191597132828,-2.57366791374598,0.0101973666243661,"ALL",-1.31327373924082,1,"BRCA"
"174","Arm5q",-60.227232281306,-2.929976412415,0.00346238953894583,"ALL",-1.65648124102475,-1,"BRCA"
"175","Arm6p",43.8346200629008,2.1188371667171,0.0343358804035521,"ALL",1.02000560526886,-1,"BRCA"
"176","Arm6q",38.2171167118796,1.88359986219615,0.0598921604803187,"ALL",0.910876159342135,-1,"BRCA"
"177","Arm7p",-25.1885184907342,-1.04194716426053,0.297673308638851,"ALL",-0.328449596579332,1,"BRCA"
"178","Arm7q",5.56564074454003,0.220202900540291,0.825755459188234,"ALL",0.0724246810519339,1,"BRCA"
"179","Arm8p",-24.1330515611954,-2.32539546417924,0.0202384778402532,"ALL",-1.08103829768354,-1,"BRCA"
"180","Arm8q",-23.9301765955364,-2.19734767203966,0.0282109870735775,"ALL",-1.04368810557943,1,"BRCA"
"181","Arm9p",15.8024127269696,0.837432492824018,0.402537921108899,"ALL",0.268823969187699,-1,"BRCA"
"182","Arm9q",18.7885021155218,0.829249710209806,0.407149464499877,"ALL",0.268823969187699,-1,"BRCA"
"183","Arm10p",33.4197183954205,1.54363270287149,0.122975248674031,"ALL",0.619617728574639,1,"BRCA"
"184","Arm10q",24.5465196883434,0.92009132549369,0.357733978971646,"ALL",0.280813981526823,-1,"BRCA"
"185","Arm11p",13.2896535585299,0.602159771077986,0.547196327996684,"ALL",0.20805023147943,-1,"BRCA"
"186","Arm11q",15.2861246423012,0.785859497116642,0.432125102818416,"ALL",0.256756625715104,-1,"BRCA"
"187","Arm12p",-20.1122639651501,-1.07321138834198,0.283420077941976,"ALL",-0.328449596579332,1,"BRCA"
"188","Arm12q",-46.7201648699685,-2.03340494361874,0.0422598720518898,"ALL",-1.00416854967086,1,"BRCA"
"189","Arm13q",-23.5716413686862,-1.24297606812433,0.214151002176385,"ALL",-0.418223868164357,-1,"BRCA"
"190","Arm14q",-86.3227807979957,-3.82162077010024,0.000140274680268102,"ALL",-2.80640624679445,-1,"BRCA"
"191","Arm15q",-48.2847649074484,-2.01010366353932,0.0446727208020605,"ALL",-1.00416854967086,-1,"BRCA"
"192","Arm16p",-65.5547523915039,-3.80091428585881,0.0001523596224547,"ALL",-2.80640624679445,1,"BRCA"
"193","Arm16q",6.59137375155189,0.413268328221245,0.679493461555831,"ALL",0.146095468228515,-1,"BRCA"
"194","Arm17p",-35.5623918513237,-2.08544175458391,0.0372675223565088,"ALL",-1.02000560526886,-1,"BRCA"
"195","Arm17q",-77.1898531866625,-4.30344271089414,1.83687235678716e-05,"ALL",-3.1231371648019,-1,"BRCA"
"196","Arm18p",-13.2383599258608,-0.734220067183514,0.462976695139118,"ALL",-0.24591196171698,-1,"BRCA"
"197","Arm18q",-20.7064361045997,-1.06347749820599,0.287807215056605,"ALL",-0.328449596579332,-1,"BRCA"
"198","Arm19p",65.0285850099489,3.01353050278601,0.00264351818717162,"ALL",1.6640038449572,1,"BRCA"
"199","Arm19q",57.2046911180385,2.55783534352573,0.0106705035217533,"ALL",1.31327373924082,1,"BRCA"
"200","Arm20p",15.7905741678691,0.886362725156263,0.375622761816206,"ALL",0.27486223960949,1,"BRCA"
"201","Arm20q",1.87019026619429,0.0978536312548413,0.922066984728519,"ALL",0.035237527925479,1,"BRCA"
"202","Arm21q",-9.84454338798344,-0.415693324459712,0.677718405672573,"ALL",-0.146095468228515,1,"BRCA"
"203","Arm22q",-16.7091230642307,-0.93216633715928,0.351462434329753,"ALL",-0.280813981526823,-1,"BRCA"
"204","ArmXp",28.0764487580752,0.721530234963624,0.470742163074918,"ALL",0.24591196171698,-1,"BRCA"
"205","ArmXq",101.346783673545,2.10089610738007,0.0358853349711027,"ALL",1.02000560526886,-1,"BRCA"
"206","Arm1p",12.3346791274869,0.875028934510813,0.382287309176675,"ALL",0.186751447868763,1,"CESC"
"207","Arm1q",11.520485964568,1.00915384386546,0.313747949069206,"ALL",0.186751447868763,1,"CESC"
"208","Arm2p",-19.0149179032805,-1.31630101185501,0.189119662736058,"ALL",-0.286570717627167,1,"CESC"
"209","Arm2q",-27.2135462565972,-1.69998495686222,0.0902133796402113,"ALL",-0.384764242442538,-1,"CESC"
"210","Arm3p",-1.60349611546815,-0.24772090864538,0.804526872374909,"ALL",-0.0614591851485022,-1,"CESC"
"211","Arm3q",1.96813486766499,0.292381967375795,0.770205116121679,"ALL",0.0614591851485022,1,"CESC"
"212","Arm4p",-8.55601538728723,-0.829100178971792,0.40773434625772,"ALL",-0.186751447868763,-1,"CESC"
"213","Arm4q",36.608776702365,2.91345228547811,0.0038546513054889,"ALL",0.944399408444181,-1,"CESC"
"214","Arm5p",16.0281728540764,2.17123618062647,0.0307297210268556,"ALL",0.528068093510008,1,"CESC"
"215","Arm5q",12.6552057796908,1.39372264393115,0.164475879347904,"ALL",0.305123363151546,1,"CESC"
"216","Arm6p",-4.08294826084887,-0.353026073902332,0.724327138079406,"ALL",-0.0713494305848103,1,"CESC"
"217","Arm6q",-19.9288891413465,-1.90431860892304,0.0578650320361691,"ALL",-0.402951195763698,-1,"CESC"
"218","Arm7p",15.4281095802145,0.948728444642554,0.343554147445943,"ALL",0.186751447868763,1,"CESC"
"219","Arm7q",24.4189463402125,1.61728776128166,0.106910898253754,"ALL",0.384764242442538,-1,"CESC"
"220","Arm8p",10.1519000805463,1.08317418554568,0.279637123707385,"ALL",0.186751447868763,-1,"CESC"
"221","Arm8q",1.11151910553146,0.102130602032833,0.918724082406737,"ALL",0.0260910339733941,1,"CESC"
"222","Arm9p",27.331652000049,2.49801071834114,0.0130469846437789,"ALL",0.748827246776576,1,"CESC"
"223","Arm9q",20.4187194479959,1.67164569771231,0.0956803186451307,"ALL",0.384764242442538,1,"CESC"
"224","Arm10p",-7.3221996578688,-0.629734450948146,0.529367599069914,"ALL",-0.114075542103334,-1,"CESC"
"225","Arm10q",-10.8823983072246,-0.898392638365187,0.369726720300625,"ALL",-0.186751447868763,-1,"CESC"
"226","Arm11p",-0.163345605393925,-0.0131416915030338,0.989523847915057,"ALL",-0.00457373466313397,-1,"CESC"
"227","Arm11q",-4.13360311555015,-0.367606527903766,0.713436646216251,"ALL",-0.0713494305848103,-1,"CESC"
"228","Arm12p",1.51707521681637,0.149221706757095,0.881483129731521,"ALL",0.0330667453386026,1,"CESC"
"229","Arm12q",28.5702467554917,2.10507500125569,0.0361508117900886,"ALL",0.528068093510008,1,"CESC"
"230","Arm13q",-10.2785696851408,-0.812534783875277,0.417155968024598,"ALL",-0.186751447868763,-1,"CESC"
"231","Arm14q",-17.1505143504744,-1.66043588701291,0.0979150983110148,"ALL",-0.384764242442538,1,"CESC"
"232","Arm15q",-5.77540942119669,-0.424918192624919,0.671213599186917,"ALL",-0.078869336183745,1,"CESC"
"233","Arm16p",-13.3089921573196,-1.03038530166244,0.303693705897328,"ALL",-0.186751447868763,1,"CESC"
"234","Arm16q",-16.4400232941644,-1.45900848574529,0.14565254712741,"ALL",-0.305123363151546,-1,"CESC"
"235","Arm17p",9.50983002864234,0.85659711434836,0.392379750539945,"ALL",0.186751447868763,-1,"CESC"
"236","Arm17q",4.5009571494964,0.273289685678288,0.784826416283819,"ALL",0.0614591851485022,1,"CESC"
"237","Arm18p",-5.77938140821814,-0.533023303759192,0.594428505290094,"ALL",-0.104478209657174,-1,"CESC"
"238","Arm18q",13.2828572577457,1.09033534490473,0.276476857672156,"ALL",0.186751447868763,-1,"CESC"
"239","Arm19p",13.2914071865241,0.923172308007117,0.356690186950964,"ALL",0.186751447868763,-1,"CESC"
"240","Arm19q",37.8114510128902,2.79465784876308,0.00554430011168507,"ALL",0.944399408444181,1,"CESC"
"241","Arm20p",-8.59828944673866,-0.793088246179542,0.428379282970229,"ALL",-0.186751447868763,1,"CESC"
"242","Arm20q",-14.8123255990834,-1.37846350159809,0.169130065011923,"ALL",-0.305123363151546,1,"CESC"
"243","Arm21q",8.68354864903927,0.579536183559337,0.562680488591089,"ALL",0.114075542103334,-1,"CESC"
"244","Arm22q",-22.0236803331592,-1.60032530086908,0.110622784511279,"ALL",-0.384764242442538,-1,"CESC"
"245","ArmXp",10.9151926113053,0.586272004067767,0.558151942300123,"ALL",0.114075542103334,-1,"CESC"
"246","ArmXq",-10.13498989691,-0.460400410738088,0.645576264233688,"ALL",-0.0824185672062194,-1,"CESC"
"247","Arm1p",4.69368716568504,1.39674770233129,0.17181293762804,"ALL",0.119834708016058,1,"CHOL"
"248","Arm1q",-2.98701908013611,-1.28293451959886,0.208452719992697,"ALL",-0.119834708016058,1,"CHOL"
"249","Arm2p",-1.11840823692287,-0.136159206160143,0.892522669392934,"ALL",-0.0262951886963956,1,"CHOL"
"250","Arm2q",-11.1792859524066,-1.90714139541128,0.0652385350110388,"ALL",-0.119834708016058,1,"CHOL"
"251","Arm3p",-1.12573483623987,-0.31923140254711,0.751563130914353,"ALL",-0.0262951886963956,-1,"CHOL"
"252","Arm3q",5.89574086566234,1.44839231403771,0.15694305677138,"ALL",0.119834708016058,1,"CHOL"
"253","Arm4p",2.69019060725632,0.522693715830832,0.604679243803746,"ALL",0.0262951886963956,-1,"CHOL"
"254","Arm4q",2.92074612988083,0.809417293224172,0.424073145971228,"ALL",0.0262951886963956,-1,"CHOL"
"255","Arm5p",3.98013111311118,1.75771862316854,0.0880693842130953,"ALL",0.119834708016058,1,"CHOL"
"256","Arm5q",-2.25082805720696,-0.451826939778482,0.654349486979694,"ALL",-0.0262951886963956,1,"CHOL"
"257","Arm6p",3.79275735168275,1.62328493857202,0.114044245267672,"ALL",0.119834708016058,1,"CHOL"
"258","Arm6q",2.24307370192993,1.24416873292484,0.222202429307559,"ALL",0.119834708016058,-1,"CHOL"
"259","Arm7p",8.73512014702138,1.46492455010148,0.152404598616234,"ALL",0.119834708016058,1,"CHOL"
"260","Arm7q",3.96846175257471,0.535426165565017,0.595945466425087,"ALL",0.0262951886963956,1,"CHOL"
"261","Arm8p",0.675131515586725,0.145218668884932,0.885421589375729,"ALL",0.0262951886963956,-1,"CHOL"
"262","Arm8q",1.05969945726438,0.257702015806743,0.798237172097769,"ALL",0.0262951886963956,1,"CHOL"
"263","Arm9p",-0.0133177329131109,-0.00353588718281808,0.997200065175334,"ALL",-0.00121770178349971,-1,"CHOL"
"264","Arm9q",1.7293328213035,0.4734960145956,0.638976839407123,"ALL",0.0262951886963956,-1,"CHOL"
"265","Arm10p",-5.20166733199073,-1.19497072326275,0.240616157770313,"ALL",-0.119834708016058,-1,"CHOL"
"266","Arm10q",3.50239130425826,0.52367317602675,0.604005257723211,"ALL",0.0262951886963956,-1,"CHOL"
"267","Arm11p",-0.809104495040106,-0.354729642011557,0.725049159015812,"ALL",-0.0262951886963956,-1,"CHOL"
"268","Arm11q",-0.596376765414068,-0.238078801993692,0.813292101155173,"ALL",-0.0262951886963956,-1,"CHOL"
"269","Arm12p",2.84056466765153,0.33913006830791,0.736660445329612,"ALL",0.0262951886963956,1,"CHOL"
"270","Arm12q",4.05891909082806,0.612806382650096,0.544204758236162,"ALL",0.0262951886963956,1,"CHOL"
"271","Arm13q",-0.458856105005312,-0.131495881720597,0.896181479408322,"ALL",-0.0262951886963956,-1,"CHOL"
"272","Arm14q",-1.45693759887178,-0.414191747819691,0.681413621575489,"ALL",-0.0262951886963956,-1,"CHOL"
"273","Arm15q",2.84047474354887,0.396840970160283,0.694039617464099,"ALL",0.0262951886963956,1,"CHOL"
"274","Arm16p",-1.56510575695072,-0.2938047535859,0.77074711107924,"ALL",-0.0262951886963956,1,"CHOL"
"275","Arm16q",5.68178176827316,1.44336122298734,0.158345273396175,"ALL",0.119834708016058,-1,"CHOL"
"276","Arm17p",-4.85575948799424,-1.11528386711935,0.272785045044118,"ALL",-0.0975236217454979,-1,"CHOL"
"277","Arm17q",-8.59857042300172,-1.23804025120963,0.224436970242735,"ALL",-0.119834708016058,1,"CHOL"
"278","Arm18p",-1.21439400328737,-0.164874083531626,0.870048917949379,"ALL",-0.0262951886963956,1,"CHOL"
"279","Arm18q",-1.85684445598022,-0.478438215480075,0.635492989632205,"ALL",-0.0262951886963956,-1,"CHOL"
"280","Arm19p",2.50246553993941,0.36398272282308,0.71819269245287,"ALL",0.0262951886963956,1,"CHOL"
"281","Arm19q",-0.775344288402825,-0.10337338902,0.918292306755883,"ALL",-0.0262951886963956,1,"CHOL"
"282","Arm20p",-6.54985629504983,-1.57326421279179,0.125197513087409,"ALL",-0.119834708016058,1,"CHOL"
"283","Arm20q",-3.29532898908098,-0.539858261534605,0.592919455549986,"ALL",-0.0262951886963956,1,"CHOL"
"284","Arm21q",-1.5000726341218,-0.406023854628926,0.687345970563095,"ALL",-0.0262951886963956,-1,"CHOL"
"285","Arm22q",-6.89172004211879,-1.35301481265266,0.185248257673683,"ALL",-0.119834708016058,-1,"CHOL"
"286","ArmXp",2.82327449899964,0.216004647288908,0.83031377571242,"ALL",0.0262951886963956,-1,"CHOL"
"287","ArmXq",2.82327449899964,0.216004647288908,0.83031377571242,"ALL",0.0262951886963956,-1,"CHOL"
"288","Arm1p",20.5015943414659,1.65542075836487,0.101104781175293,"ALL",0.428801949007561,-1,"COAD.MSI"
"289","Arm1q",-15.5369255023248,-1.43915739616755,0.153358589858223,"ALL",-0.377599295812368,1,"COAD.MSI"
"290","Arm2p",26.0097040109866,2.03978975908309,0.0441186112779902,"ALL",0.520745559972767,1,"COAD.MSI"
"291","Arm2q",14.3557456216609,0.972514119041606,0.333238904735165,"ALL",0.241183663199763,1,"COAD.MSI"
"292","Arm3p",-12.4109505259781,-0.891057778446282,0.37512599091845,"ALL",-0.241183663199763,-1,"COAD.MSI"
"293","Arm3q",-15.8327765059153,-1.0862838137217,0.280073550055384,"ALL",-0.241183663199763,1,"COAD.MSI"
"294","Arm4p",-10.3784854784035,-0.932563822470344,0.353384738125967,"ALL",-0.241183663199763,-1,"COAD.MSI"
"295","Arm4q",-6.84825638179035,-0.625463617458994,0.533150890978947,"ALL",-0.204434048312359,-1,"COAD.MSI"
"296","Arm5p",4.35981847846406,0.438881706725597,0.661733441717069,"ALL",0.140938117412167,1,"COAD.MSI"
"297","Arm5q",-13.1853576778326,-0.957284130564269,0.340828455463767,"ALL",-0.241183663199763,-1,"COAD.MSI"
"298","Arm6p",-5.12579973377152,-0.427490231939216,0.669979666767518,"ALL",-0.140938117412167,1,"COAD.MSI"
"299","Arm6q",-11.7864694310001,-0.767222674071596,0.444831951907177,"ALL",-0.23038186241061,1,"COAD.MSI"
"300","Arm7p",-16.7885481848489,-2.38373277242779,0.0191054815709393,"ALL",-0.805028158668762,1,"COAD.MSI"
"301","Arm7q",-7.41541646390967,-0.887143962945368,0.377218544368172,"ALL",-0.241183663199763,1,"COAD.MSI"
"302","Arm8p",-4.50163961600347,-0.998473651020661,0.320559854791227,"ALL",-0.241183663199763,1,"COAD.MSI"
"303","Arm8q",-8.90809899412926,-1.68400347077159,0.0954299476324139,"ALL",-0.428801949007561,1,"COAD.MSI"
"304","Arm9p",7.47780340112892,0.862800187723034,0.390397667125964,"ALL",0.241183663199763,1,"COAD.MSI"
"305","Arm9q",8.69999745108573,0.96908381731427,0.334938586070292,"ALL",0.241183663199763,1,"COAD.MSI"
"306","Arm10p",-1.17139550596436,-0.0947929208507322,0.924676889408403,"ALL",-0.0340099966243019,-1,"COAD.MSI"
"307","Arm10q",-10.6788233936155,-0.707403835922654,0.481029332225219,"ALL",-0.223558523551155,-1,"COAD.MSI"
"308","Arm11p",-9.67094973865698,-0.661259138734093,0.510030078004275,"ALL",-0.211099271820461,-1,"COAD.MSI"
"309","Arm11q",-27.3179420098398,-1.60562858845921,0.111640186071938,"ALL",-0.428801949007561,-1,"COAD.MSI"
"310","Arm12p",15.9876821252155,1.85558630279651,0.0665806689495318,"ALL",0.428801949007561,1,"COAD.MSI"
"311","Arm12q",15.106322981575,1.64707686816092,0.102811932566835,"ALL",0.428801949007561,1,"COAD.MSI"
"312","Arm13q",-4.56118514961422,-0.710104108678602,0.479360980037363,"ALL",-0.223558523551155,1,"COAD.MSI"
"313","Arm14q",7.8927213739537,0.815975127253978,0.416534405763996,"ALL",0.241183663199763,-1,"COAD.MSI"
"314","Arm15q",-7.55179606782546,-0.810062713471711,0.419907599709696,"ALL",-0.241183663199763,-1,"COAD.MSI"
"315","Arm16p",-33.267966156318,-2.48627571050767,0.0146361940538011,"ALL",-0.823847975667372,1,"COAD.MSI"
"316","Arm16q",-34.9090027962172,-2.96458173533287,0.00382293488898103,"ALL",-1.10584923762861,1,"COAD.MSI"
"317","Arm17p",10.2669382277752,1.67568087923692,0.0970549388115033,"ALL",0.428801949007561,-1,"COAD.MSI"
"318","Arm17q",-9.7219313433722,-1.33537259601901,0.184912129423925,"ALL",-0.324370726031179,1,"COAD.MSI"
"319","Arm18p",16.0724740052576,2.79191885908503,0.00632313256915593,"ALL",1.06340511078589,-1,"COAD.MSI"
"320","Arm18q",27.9635986914476,4.35445113100675,3.33761269827713e-05,"ALL",2.86378020421444,-1,"COAD.MSI"
"321","Arm19p",12.1305756920195,0.930343070240593,0.354527099807277,"ALL",0.241183663199763,1,"COAD.MSI"
"322","Arm19q",7.80904666327164,0.848961000055558,0.398015032294038,"ALL",0.241183663199763,1,"COAD.MSI"
"323","Arm20p",0.761801729956478,0.157151308085784,0.875455649343104,"ALL",0.0470419850264991,1,"COAD.MSI"
"324","Arm20q",-7.46563657831885,-1.2767862530599,0.204757494756489,"ALL",-0.306425257416238,1,"COAD.MSI"
"325","Arm21q",-10.2416170014126,-1.55901121726452,0.122284416513469,"ALL",-0.428801949007561,-1,"COAD.MSI"
"326","Arm22q",-16.5351867261234,-1.53849975940903,0.127216144657696,"ALL",-0.428801949007561,-1,"COAD.MSI"
"327","ArmXp",2.20881902107826,0.158315570381999,0.874540690080467,"ALL",0.0470419850264991,-1,"COAD.MSI"
"328","ArmXq",10.2432506116636,0.470980076752056,0.63872343321973,"ALL",0.140938117412167,1,"COAD.MSI"
"329","Arm1p",-4.90140483325702,-0.455317426181971,0.649448532897352,"ALL",-0.0312873284357944,-1,"COAD.MSS"
"330","Arm1q",-11.4102822785904,-1.27851373638771,0.202771047855766,"ALL",-0.218944848394795,1,"COAD.MSS"
"331","Arm2p",-14.3272511241949,-0.81122302609646,0.418345870494016,"ALL",-0.0667106525366135,1,"COAD.MSS"
"332","Arm2q",-25.6550979300358,-1.45854119220021,0.146494155354974,"ALL",-0.218944848394795,1,"COAD.MSS"
"333","Arm3p",-1.88499100607515,-0.122602707415849,0.902563201400393,"ALL",-0.0184914882496151,-1,"COAD.MSS"
"334","Arm3q",-7.8805122970279,-0.49552954705158,0.620851621617952,"ALL",-0.0312873284357944,1,"COAD.MSS"
"335","Arm4p",-2.2429900356543,-0.208564275922582,0.835032346441041,"ALL",-0.023873938136253,-1,"COAD.MSS"
"336","Arm4q",-0.325289182239794,-0.0276156014501288,0.978000385526876,"ALL",-0.00966097401386906,-1,"COAD.MSS"
"337","Arm5p",5.79115692792123,0.446827276021158,0.655555425920021,"ALL",0.0312873284357944,1,"COAD.MSS"
"338","Arm5q",-4.58527866684406,-0.343533133112053,0.731612158909085,"ALL",-0.0312873284357944,-1,"COAD.MSS"
"339","Arm6p",-13.9224938359567,-1.07686182705504,0.283032756743666,"ALL",-0.14099344933296,1,"COAD.MSS"
"340","Arm6q",-0.480367725022422,-0.0413768403480966,0.967042915695614,"ALL",-0.00966097401386906,1,"COAD.MSS"
"341","Arm7p",10.8873610927906,1.34503572015984,0.180364157232593,"ALL",0.218944848394795,1,"COAD.MSS"
"342","Arm7q",9.87620683224602,1.05065385932021,0.294874605560669,"ALL",0.14099344933296,1,"COAD.MSS"
"343","Arm8p",11.567707279121,2.04369806482346,0.0424909264255423,"ALL",0.360979934535075,-1,"COAD.MSS"
"344","Arm8q",0.728997731982391,0.111222122195386,0.911568400704085,"ALL",0.0184914882496151,1,"COAD.MSS"
"345","Arm9p",-5.46851034935203,-0.57223972716905,0.567898173359604,"ALL",-0.0312873284357944,1,"COAD.MSS"
"346","Arm9q",-2.70086243622607,-0.261102180369055,0.794322490186011,"ALL",-0.0312873284357944,1,"COAD.MSS"
"347","Arm10p",14.8545115246745,0.948409237864736,0.344236502993234,"ALL",0.129112823017925,-1,"COAD.MSS"
"348","Arm10q",6.23252228086695,0.367073655139909,0.714010116685964,"ALL",0.0312873284357944,-1,"COAD.MSS"
"349","Arm11p",-44.9960905833723,-3.06623975024333,0.00251389173778962,"ALL",-0.986869572672162,1,"COAD.MSS"
"350","Arm11q",-7.73726360675545,-0.563242646270812,0.573994756432193,"ALL",-0.0312873284357944,-1,"COAD.MSS"
"351","Arm12p",17.3654654500879,1.56551408850939,0.119279270906774,"ALL",0.218944848394795,1,"COAD.MSS"
"352","Arm12q",16.0522351308361,1.26867239335413,0.20625255185971,"ALL",0.218944848394795,1,"COAD.MSS"
"353","Arm13q",-2.24708493564975,-0.393171332820808,0.694674240027213,"ALL",-0.0312873284357944,1,"COAD.MSS"
"354","Arm14q",-3.49460915835421,-0.399698029191886,0.689869153230149,"ALL",-0.0312873284357944,-1,"COAD.MSS"
"355","Arm15q",-2.83704628186737,-0.276779787760213,0.78227771661706,"ALL",-0.0312873284357944,-1,"COAD.MSS"
"356","Arm16p",21.576370186903,1.72149874582244,0.0869376321278779,"ALL",0.218944848394795,1,"COAD.MSS"
"357","Arm16q",17.5046026935703,1.30322802140899,0.194218789678502,"ALL",0.218944848394795,1,"COAD.MSS"
"358","Arm17p",-9.03795865793361,-1.35873374756489,0.175989730802984,"ALL",-0.218944848394795,-1,"COAD.MSS"
"359","Arm17q",-13.3241629041431,-1.32194890297431,0.187920435651503,"ALL",-0.218944848394795,1,"COAD.MSS"
"360","Arm18p",7.38391391943552,1.00286551655165,0.317318358538446,"ALL",0.14099344933296,-1,"COAD.MSS"
"361","Arm18q",8.09243460136023,1.01850694123159,0.309851171733534,"ALL",0.14099344933296,-1,"COAD.MSS"
"362","Arm19p",33.9491671622575,2.78757995852152,0.00590078334074959,"ALL",0.917336470016873,1,"COAD.MSS"
"363","Arm19q",26.12392373253,2.12807639388321,0.0347386228683796,"ALL",0.360979934535075,1,"COAD.MSS"
"364","Arm20p",1.34097978491439,0.274656613635106,0.783905897767145,"ALL",0.0312873284357944,1,"COAD.MSS"
"365","Arm20q",-4.74914205342238,-0.741711615017293,0.459262033055135,"ALL",-0.0473748940031673,1,"COAD.MSS"
"366","Arm21q",-16.1649706085433,-1.59486494868571,0.112557194763694,"ALL",-0.218944848394795,-1,"COAD.MSS"
"367","Arm22q",-3.08364848932715,-0.304379149880488,0.761202773172731,"ALL",-0.0312873284357944,-1,"COAD.MSS"
"368","ArmXp",-3.01655439090978,-0.184074645931034,0.854169242905468,"ALL",-0.023873938136253,-1,"COAD.MSS"
"369","ArmXq",-4.57650774878661,-0.275291843066141,0.783418664169999,"ALL",-0.0312873284357944,1,"COAD.MSS"
"370","Arm1p",14.2002268559675,1.10578758183635,0.271146625323525,"ALL",0.255041935345155,-1,"COADREAD.MSI"
"371","Arm1q",-20.3975359339093,-1.92018869195291,0.0573325491030694,"ALL",-0.583057401041102,1,"COADREAD.MSI"
"372","Arm2p",16.7805058183219,1.26832434163241,0.207266138538921,"ALL",0.301136708280507,1,"COADREAD.MSI"
"373","Arm2q",-2.57014141375041,-0.175418268386487,0.861062186240579,"ALL",-0.054241617108257,1,"COADREAD.MSI"
"374","Arm3p",-12.1724264912409,-0.905240874536515,0.367246986988559,"ALL",-0.217912894976166,-1,"COADREAD.MSI"
"375","Arm3q",-17.4107289479825,-1.31143285070632,0.192346731372997,"ALL",-0.301136708280507,1,"COADREAD.MSI"
"376","Arm4p",-13.1672140921503,-1.31324910134133,0.19173617624314,"ALL",-0.301136708280507,-1,"COADREAD.MSI"
"377","Arm4q",-9.36759329455395,-0.90157346269926,0.369184328152244,"ALL",-0.217912894976166,-1,"COADREAD.MSI"
"378","Arm5p",6.26874915687625,0.569931541496177,0.56984559825037,"ALL",0.149972885225224,1,"COADREAD.MSI"
"379","Arm5q",-3.53989374800229,-0.307681215546138,0.758886329802129,"ALL",-0.0633419143137179,-1,"COADREAD.MSI"
"380","Arm6p",-2.53755717878401,-0.20553377167566,0.837521686556354,"ALL",-0.0552846889503384,1,"COADREAD.MSI"
"381","Arm6q",-3.799088918643,-0.248573166801593,0.804138212918675,"ALL",-0.0616690394705849,1,"COADREAD.MSI"
"382","Arm7p",-17.8628260871365,-2.51376373503316,0.0133411689438349,"ALL",-0.86408225078363,1,"COADREAD.MSI"
"383","Arm7q",-9.19339488085334,-1.21480816239668,0.226949462154844,"ALL",-0.286559490533432,1,"COADREAD.MSI"
"384","Arm8p",-4.94999380910285,-1.10981146510967,0.269415833713095,"ALL",-0.255041935345155,1,"COADREAD.MSI"
"385","Arm8q",-9.16766804239542,-1.6077929194187,0.110646690736692,"ALL",-0.343277713867289,1,"COADREAD.MSI"
"386","Arm9p",6.61618828301048,0.787496461644399,0.432625556087756,"ALL",0.199974032251626,1,"COADREAD.MSI"
"387","Arm9q",7.20915176443488,0.735968726015229,0.463261371798238,"ALL",0.198511309137739,1,"COADREAD.MSI"
"388","Arm10p",-4.95641540417334,-0.366620150350036,0.714581953638515,"ALL",-0.0702144966108096,-1,"COADREAD.MSI"
"389","Arm10q",-9.95844837951378,-0.612052449302296,0.541721865121041,"ALL",-0.158589756550583,-1,"COADREAD.MSI"
"390","Arm11p",-10.5137749624282,-0.764222499547405,0.44631358780167,"ALL",-0.199974032251626,1,"COADREAD.MSI"
"391","Arm11q",-22.289347669926,-1.41753785299383,0.159053165812611,"ALL",-0.301136708280507,-1,"COADREAD.MSI"
"392","Arm12p",17.6152178498301,1.9827646763953,0.049798797687886,"ALL",0.593087272729758,1,"COADREAD.MSI"
"393","Arm12q",21.0262331945841,2.21274196822361,0.0289078523276091,"ALL",0.625170320107339,1,"COADREAD.MSI"
"394","Arm13q",-7.08888297894189,-1.2939810605858,0.198287328449636,"ALL",-0.301136708280507,1,"COADREAD.MSI"
"395","Arm14q",3.56861495444488,0.351018293909661,0.726222484646658,"ALL",0.0702144966108096,-1,"COADREAD.MSI"
"396","Arm15q",-6.85352717270175,-0.708374288729221,0.480158803415239,"ALL",-0.197192941320511,-1,"COADREAD.MSI"
"397","Arm16p",-25.232710746271,-2.10579199376082,0.037417394728353,"ALL",-0.593087272729758,1,"COADREAD.MSI"
"398","Arm16q",-32.289017687879,-2.81591622116482,0.00573285778667646,"ALL",-0.929874970451922,1,"COADREAD.MSI"
"399","Arm17p",6.32754041921705,0.984514209095744,0.326947639341661,"ALL",0.217912894976166,-1,"COADREAD.MSI"
"400","Arm17q",-11.5198166827954,-1.46469315854752,0.145757021391634,"ALL",-0.301136708280507,1,"COADREAD.MSI"
"401","Arm18p",16.7413142406891,2.65794900871704,0.00899113604188779,"ALL",0.910522829119605,-1,"COADREAD.MSI"
"402","Arm18q",29.9283570352821,4.1368203553408,6.76506633125935e-05,"ALL",2.55694408408222,-1,"COADREAD.MSI"
"403","Arm19p",12.4248907872419,0.936199620862327,0.351149442252437,"ALL",0.217912894976166,1,"COADREAD.MSI"
"404","Arm19q",9.04380634065192,0.914950833537625,0.362148685306004,"ALL",0.217912894976166,1,"COADREAD.MSI"
"405","Arm20p",0.432111207682191,0.0856715554382051,0.931877797488895,"ALL",0.0306410354527851,1,"COADREAD.MSI"
"406","Arm20q",-4.20943339809537,-0.782266202245174,0.435679981213313,"ALL",-0.199974032251626,1,"COADREAD.MSI"
"407","Arm21q",-9.53955726272298,-1.31634733677846,0.190698001170561,"ALL",-0.301136708280507,-1,"COADREAD.MSI"
"408","Arm22q",-20.699276539055,-2.00543113843748,0.0472857490087125,"ALL",-0.593087272729758,-1,"COADREAD.MSI"
"409","ArmXp",4.03418061436881,0.279194495934417,0.78060144279185,"ALL",0.0629885176913456,-1,"COADREAD.MSI"
"410","ArmXq",18.6604294154838,0.872955201085474,0.384522535125681,"ALL",0.217267694333544,1,"COADREAD.MSI"
"411","Arm1p",-7.65034636845032,-0.565382361664326,0.572322795872759,"ALL",-0.0439076980381487,-1,"COADREAD.MSS"
"412","Arm1q",-14.5015531007726,-1.23465682556603,0.218122104030209,"ALL",-0.178873357798995,1,"COADREAD.MSS"
"413","Arm2p",-8.44600348498995,-0.414794284153599,0.678649651899924,"ALL",-0.0439076980381487,1,"COADREAD.MSS"
"414","Arm2q",-16.9197181206004,-0.809334724076406,0.419095328118646,"ALL",-0.0659333193979248,1,"COADREAD.MSS"
"415","Arm3p",0.524540390150887,0.0298173716887521,0.976236589235863,"ALL",0.0104449190668755,-1,"COADREAD.MSS"
"416","Arm3q",-21.856794188051,-1.22140106222838,0.223089364083845,"ALL",-0.178873357798995,1,"COADREAD.MSS"
"417","Arm4p",-16.5182666670837,-1.26381973466674,0.207476623697593,"ALL",-0.178873357798995,-1,"COADREAD.MSS"
"418","Arm4q",-16.7668869004439,-1.21323757199398,0.226188656582739,"ALL",-0.178873357798995,-1,"COADREAD.MSS"
"419","Arm5p",7.61945619881359,0.489436382889479,0.62496366189181,"ALL",0.0439076980381487,1,"COADREAD.MSS"
"420","Arm5q",-14.4878266320336,-0.915454458975179,0.360838797050822,"ALL",-0.0851754220656595,-1,"COADREAD.MSS"
"421","Arm6p",2.90154697435688,0.206413753153467,0.836636408059338,"ALL",0.0383823824055034,1,"COADREAD.MSS"
"422","Arm6q",2.92267090146937,0.274099760705035,0.784235207971909,"ALL",0.0383823824055034,1,"COADREAD.MSS"
"423","Arm7p",17.3917892238943,1.76113834827667,0.0794423800563184,"ALL",0.178873357798995,1,"COADREAD.MSS"
"424","Arm7q",12.2606528411262,1.09732854288217,0.27355783552848,"ALL",0.154286967129607,1,"COADREAD.MSS"
"425","Arm8p",10.1600092419332,1.49804028946827,0.135389402446101,"ALL",0.178873357798995,-1,"COADREAD.MSS"
"426","Arm8q",4.34947644151395,0.53714402670584,0.591647789039458,"ALL",0.0439076980381487,1,"COADREAD.MSS"
"427","Arm9p",0.944194615160608,0.0881535381941875,0.929825500303249,"ALL",0.020874682146912,1,"COADREAD.MSS"
"428","Arm9q",1.66436481400841,0.137404643179969,0.89082200214576,"ALL",0.028489815302992,1,"COADREAD.MSS"
"429","Arm10p",19.4654306005473,1.13045937543486,0.259370414138806,"ALL",0.154286967129607,-1,"COADREAD.MSS"
"430","Arm10q",7.49864489183928,0.394135670249305,0.6938182082469,"ALL",0.0439076980381487,-1,"COADREAD.MSS"
"431","Arm11p",-22.9708859038794,-1.47261089303949,0.142118859824598,"ALL",-0.178873357798995,-1,"COADREAD.MSS"
"432","Arm11q",6.5363815846627,0.459533138526264,0.646252307038793,"ALL",0.0439076980381487,-1,"COADREAD.MSS"
"433","Arm12p",7.74527863400548,0.719183352943405,0.472702355937851,"ALL",0.055051057280287,1,"COADREAD.MSS"
"434","Arm12q",9.77235960911248,0.828585629915768,0.408132440327883,"ALL",0.0659333193979248,1,"COADREAD.MSS"
"435","Arm13q",-1.83893992931117,-0.263558261018577,0.792338300410841,"ALL",-0.0383823824055034,1,"COADREAD.MSS"
"436","Arm14q",2.35719863353284,0.221218722669036,0.825103432112035,"ALL",0.0383823824055034,-1,"COADREAD.MSS"
"437","Arm15q",-7.25858691602186,-0.581354703874843,0.561527298874648,"ALL",-0.0439076980381487,-1,"COADREAD.MSS"
"438","Arm16p",14.2756576343795,0.935988849183689,0.350185804927446,"ALL",0.0851754220656595,1,"COADREAD.MSS"
"439","Arm16q",9.09905065044181,0.586834887981247,0.557846273698805,"ALL",0.0439076980381487,1,"COADREAD.MSS"
"440","Arm17p",-11.7010215659754,-1.40305084451097,0.161847379576418,"ALL",-0.178873357798995,-1,"COADREAD.MSS"
"441","Arm17q",-26.104064550691,-2.09567837224383,0.0371207145116821,"ALL",-0.178873357798995,-1,"COADREAD.MSS"
"442","Arm18p",10.538533045073,1.22093207736148,0.223266583672618,"ALL",0.178873357798995,-1,"COADREAD.MSS"
"443","Arm18q",15.2202484260943,1.62830064646912,0.104725718271917,"ALL",0.178873357798995,-1,"COADREAD.MSS"
"444","Arm19p",29.0757167845258,2.34430212486742,0.0198493399130344,"ALL",0.178873357798995,1,"COADREAD.MSS"
"445","Arm19q",15.1983737221478,1.27544636515206,0.203339943835167,"ALL",0.178873357798995,1,"COADREAD.MSS"
"446","Arm20p",-2.63972688890871,-0.480057279279382,0.631608099526171,"ALL",-0.0439076980381487,1,"COADREAD.MSS"
"447","Arm20q",-5.2803581021008,-0.746836474750952,0.455866875836983,"ALL",-0.055051057280287,1,"COADREAD.MSS"
"448","Arm21q",-20.5167310341053,-1.73392034580998,0.0841699408957798,"ALL",-0.178873357798995,-1,"COADREAD.MSS"
"449","Arm22q",4.71887945832032,0.378425037002131,0.705437306986249,"ALL",0.0439076980381487,-1,"COADREAD.MSS"
"450","ArmXp",-4.04334592484639,-0.191317681232122,0.84843261970087,"ALL",-0.0383823824055034,-1,"COADREAD.MSS"
"451","ArmXq",4.86009570841591,0.228881180157416,0.81914914072715,"ALL",0.0383823824055034,1,"COADREAD.MSS"
"452","Arm1p",-6.81284589553184,-0.380065576048334,0.704114810881686,"ALL",-0.0737914597397512,-1,"COADREAD"
"453","Arm1q",-32.1061017439659,-2.08443946590229,0.0378055955569586,"ALL",-0.58781130970864,1,"COADREAD"
"454","Arm2p",8.82301755370026,0.358376856736993,0.72026569054028,"ALL",0.0737914597397512,1,"COADREAD"
"455","Arm2q",-16.7873340861566,-0.650923826563892,0.515499686879862,"ALL",-0.0737914597397512,1,"COADREAD"
"456","Arm3p",-9.41041773115241,-0.423886714017381,0.671894756777762,"ALL",-0.0737914597397512,-1,"COADREAD"
"457","Arm3q",-35.9717015074008,-1.60611169235077,0.109102441841733,"ALL",-0.303624181998133,1,"COADREAD"
"458","Arm4p",-31.8780594869905,-1.93209043153865,0.0541114974544893,"ALL",-0.49902463074758,-1,"COADREAD"
"459","Arm4q",-31.5238493987576,-1.81725930358661,0.0699861995408896,"ALL",-0.445293719602536,-1,"COADREAD"
"460","Arm5p",16.8717004522425,0.879293200830041,0.37981301574033,"ALL",0.0795145179260904,1,"COADREAD"
"461","Arm5q",-17.8025671290601,-0.904300667752937,0.36642440356557,"ALL",-0.0795145179260904,-1,"COADREAD"
"462","Arm6p",4.81164190771449,0.263145091102527,0.792585224215646,"ALL",0.0596959591028425,1,"COADREAD"
"463","Arm6q",8.32540306148415,0.562944750651969,0.573813456045339,"ALL",0.0737914597397512,1,"COADREAD"
"464","Arm7p",4.50334669995596,0.363465886680499,0.716464468490554,"ALL",0.0737914597397512,1,"COADREAD"
"465","Arm7q",3.34419852050389,0.245686781502724,0.806060929233038,"ALL",0.0596959591028425,1,"COADREAD"
"466","Arm8p",6.71544529708603,0.831562550072747,0.406192238823872,"ALL",0.0795145179260904,-1,"COADREAD"
"467","Arm8q",-4.22082342590207,-0.423073783864075,0.672487220604834,"ALL",-0.0737914597397512,1,"COADREAD"
"468","Arm9p",6.38675315467401,0.469277985551408,0.639147356111599,"ALL",0.0737914597397512,1,"COADREAD"
"469","Arm9q",6.92198613106683,0.446780259947224,0.655295118570826,"ALL",0.0737914597397512,1,"COADREAD"
"470","Arm10p",9.58209751414233,0.441868446338229,0.658842546989548,"ALL",0.0737914597397512,-1,"COADREAD"
"471","Arm10q",-9.17773725808379,-0.379677923316312,0.704402336140463,"ALL",-0.0737914597397512,-1,"COADREAD"
"472","Arm11p",-29.1909712612873,-1.43288641896166,0.152734666903125,"ALL",-0.293525375659299,1,"COADREAD"
"473","Arm11q",4.16091320614114,0.216062923612712,0.829057764850603,"ALL",0.0596959591028425,-1,"COADREAD"
"474","Arm12p",20.5342876375239,1.48974649014835,0.137142814766427,"ALL",0.293525375659299,1,"COADREAD"
"475","Arm12q",22.210066842061,1.47101417750988,0.142137213366248,"ALL",0.293525375659299,1,"COADREAD"
"476","Arm13q",-8.39765908008897,-0.947502019976183,0.344001429545504,"ALL",-0.0795145179260904,1,"COADREAD"
"477","Arm14q",6.41296631882606,0.461649508392886,0.644603978962992,"ALL",0.0737914597397512,-1,"COADREAD"
"478","Arm15q",-15.5416518870474,-0.981403767452537,0.327034943949955,"ALL",-0.0795145179260904,-1,"COADREAD"
"479","Arm16p",4.72257973982781,0.242661236882945,0.808402296577076,"ALL",0.0596959591028425,1,"COADREAD"
"480","Arm16q",-11.4355506938769,-0.599089601482571,0.54947976207837,"ALL",-0.0737914597397512,1,"COADREAD"
"481","Arm17p",-4.34816920186909,-0.414763403354776,0.678555489099146,"ALL",-0.0737914597397512,-1,"COADREAD"
"482","Arm17q",-38.8322483204023,-2.63501032471897,0.00876713056669197,"ALL",-0.921479923557874,1,"COADREAD"
"483","Arm18p",28.6655508652882,2.676909178944,0.00776119460824079,"ALL",0.921479923557874,-1,"COADREAD"
"484","Arm18q",45.1761117379786,3.86308276894267,0.000132167992070797,"ALL",2.26608985114216,-1,"COADREAD"
"485","Arm19p",39.9701528715276,2.39610848971635,0.0170661039964271,"ALL",0.757141746825211,1,"COADREAD"
"486","Arm19q",21.5191333482894,1.40352205965685,0.161299908091225,"ALL",0.293525375659299,1,"COADREAD"
"487","Arm20p",0.563688377723978,0.0787493941430859,0.937274527807497,"ALL",0.0174093201883476,1,"COADREAD"
"488","Arm20q",-9.55207453087804,-1.08079536289992,0.280492105012975,"ALL",-0.0854235372435181,1,"COADREAD"
"489","Arm21q",-29.9473477176048,-2.16946992973253,0.0306830852431717,"ALL",-0.599287120999133,-1,"COADREAD"
"490","Arm22q",-8.72338039456957,-0.543060431618808,0.58741518777643,"ALL",-0.0737914597397512,-1,"COADREAD"
"491","ArmXp",-0.146748800730396,-0.0056592924920564,0.995487612001142,"ALL",-0.00196414002935992,-1,"COADREAD"
"492","ArmXq",23.861965617058,0.846853532671643,0.397624171064168,"ALL",0.0795145179260904,1,"COADREAD"
"493","Arm1p",0.888419380533187,0.058655404003639,0.95326887232688,"ALL",0.0100034470022707,-1,"COAD"
"494","Arm1q",-24.1146512120968,-1.91597287102266,0.0563977685280251,"ALL",-0.50575220576617,1,"COAD"
"495","Arm2p",14.8064790591793,0.67807007317707,0.498293283979145,"ALL",0.0921350419123829,1,"COAD"
"496","Arm2q",-10.3752619697106,-0.452456061897918,0.651294607134997,"ALL",-0.0358366590456862,1,"COAD"
"497","Arm3p",-13.3490419636324,-0.655133177402607,0.512925687626284,"ALL",-0.0921350419123829,-1,"COAD"
"498","Arm3q",-19.3187508566242,-0.913211229231507,0.361925607996159,"ALL",-0.108629078999919,1,"COAD"
"499","Arm4p",-14.8426408082565,-1.01010326031557,0.31332733926501,"ALL",-0.108629078999919,-1,"COAD"
"500","Arm4q",-12.5600410038691,-0.80021620915203,0.42427128600458,"ALL",-0.108629078999919,-1,"COAD"
"501","Arm5p",12.8934680849979,0.791100516619277,0.429562172838864,"ALL",0.108629078999919,1,"COAD"
"502","Arm5q",-14.1111070626684,-0.778680775359076,0.436832457981691,"ALL",-0.108629078999919,-1,"COAD"
"503","Arm6p",-18.7561968702549,-1.08834732648307,0.27738781819512,"ALL",-0.108629078999919,1,"COAD"
"504","Arm6q",-0.541402679297578,-0.0327236394002195,0.973918539079658,"ALL",-0.0100034470022707,1,"COAD"
"505","Arm7p",-1.84993497516803,-0.172862491992211,0.862885755266843,"ALL",-0.0100034470022707,1,"COAD"
"506","Arm7q",2.55995748170729,0.207577343500444,0.835711521551599,"ALL",0.0100034470022707,1,"COAD"
"507","Arm8p",9.76066619136728,1.37746065772889,0.169481818669314,"ALL",0.237274273662557,-1,"COAD"
"508","Arm8q",-6.67910437290104,-0.797671265806662,0.425744542375006,"ALL",-0.108629078999919,1,"COAD"
"509","Arm9p",-1.68031386398345,-0.132985646428389,0.894301288082923,"ALL",-0.0100034470022707,1,"COAD"
"510","Arm9q",2.946487793006,0.217034578823135,0.828341164047418,"ALL",0.0100034470022707,1,"COAD"
"511","Arm10p",11.9372865858793,0.611355636592952,0.5414655518017,"ALL",0.0914676413161289,-1,"COAD"
"512","Arm10q",-4.73949438590975,-0.219582763877395,0.8263578406547,"ALL",-0.0100034470022707,-1,"COAD"
"513","Arm11p",-58.3171153267414,-2.90516730181793,0.00396666054303021,"ALL",-1.09765228397826,-1,"COAD"
"514","Arm11q",-20.4644287566116,-1.04819024742819,0.295464670337292,"ALL",-0.108629078999919,-1,"COAD"
"515","Arm12p",28.5056854305701,2.04433506182302,0.0418658364007072,"ALL",0.543507621645613,1,"COAD"
"516","Arm12q",23.0260849724878,1.47599641212295,0.14108069100083,"ALL",0.249867711892089,1,"COAD"
"517","Arm13q",-6.57041403021332,-0.832989598564657,0.405568235596138,"ALL",-0.108629078999919,1,"COAD"
"518","Arm14q",1.23234033383721,0.103308095473942,0.917793203853168,"ALL",0.0100034470022707,-1,"COAD"
"519","Arm15q",-11.9273940711519,-0.874816611018604,0.382431573368359,"ALL",-0.108629078999919,-1,"COAD"
"520","Arm16p",12.6724447317218,0.728771068613355,0.466757400934348,"ALL",0.0983361721158731,1,"COAD"
"521","Arm16q",-5.73385502732544,-0.33248813051042,0.739772175429934,"ALL",-0.0100034470022707,1,"COAD"
"522","Arm17p",-0.438316670323841,-0.049606729418382,0.960471533991029,"ALL",-0.0100034470022707,-1,"COAD"
"523","Arm17q",-22.7088000419634,-1.82881470074071,0.068502504035855,"ALL",-0.50575220576617,1,"COAD"
"524","Arm18p",25.8341304932835,2.77797206408191,0.00584366234739855,"ALL",1.09765228397826,-1,"COAD"
"525","Arm18q",36.4555149791546,3.58202350859995,0.000402606331395635,"ALL",1.78233554294977,-1,"COAD"
"526","Arm19p",42.4982703672542,2.52289897472218,0.012199349113522,"ALL",0.902939474748774,1,"COAD"
"527","Arm19q",28.5130443527516,1.84645767948814,0.0658924482890677,"ALL",0.50575220576617,1,"COAD"
"528","Arm20p",3.87791561196459,0.593649474221126,0.553231032777395,"ALL",0.0914676413161289,1,"COAD"
"529","Arm20q",-11.9422303230602,-1.44027805127991,0.150918026184081,"ALL",-0.249867711892089,1,"COAD"
"530","Arm21q",-26.9537309522561,-2.28210836613814,0.0232413689281853,"ALL",-0.719924442983706,-1,"COAD"
"531","Arm22q",-15.6502511897212,-1.12099332023972,0.263261603038061,"ALL",-0.108629078999919,-1,"COAD"
"532","ArmXp",-0.611284406708099,-0.0285683018819182,0.97722946463909,"ALL",-0.0100034470022707,-1,"COAD"
"533","ArmXq",6.47241679721049,0.273872300733149,0.7843868685341,"ALL",0.0100034470022707,1,"COAD"
"534","Arm1p",-16.5534054458063,-1.24300303238978,0.220304427547794,"ALL",-0.209783432064813,-1,"DLBC"
"535","Arm1q",-11.1599451099282,-1.37287312246565,0.176595026986098,"ALL",-0.209783432064813,1,"DLBC"
"536","Arm2p",-1.64436314385821,-0.217158819032871,0.829066176637872,"ALL",-0.0188528829656656,1,"DLBC"
"537","Arm2q",-14.0968693756375,-1.20920831857064,0.232897771437897,"ALL",-0.209783432064813,1,"DLBC"
"538","Arm3p",16.8422737313368,3.13138836572479,0.00305479943080646,"ALL",0.902233442270758,1,"DLBC"
"539","Arm3q",14.0497154089384,2.82763678741235,0.0069752590048342,"ALL",0.844685800506586,1,"DLBC"
"540","Arm4p",-22.6706122528283,-1.06199324295732,0.293905121590116,"ALL",-0.209783432064813,-1,"DLBC"
"541","Arm4q",5.93912727903019,0.856684548024439,0.396158476578266,"ALL",0.180471167840863,-1,"DLBC"
"542","Arm5p",-0.433572541638281,-0.0535655859903154,0.957518375224297,"ALL",-0.0188528829656656,1,"DLBC"
"543","Arm5q",-3.46145509448766,-0.402476255271837,0.689239130248832,"ALL",-0.0299171547472156,1,"DLBC"
"544","Arm6p",11.1599967942797,1.32688003362959,0.191242269423868,"ALL",0.209783432064813,1,"DLBC"
"545","Arm6q",9.40651179521331,2.09421847984118,0.0419035166550395,"ALL",0.390346524466125,-1,"DLBC"
"546","Arm7p",4.5981137424234,0.966293950508147,0.33906178914465,"ALL",0.199359974751021,1,"DLBC"
"547","Arm7q",4.15090985006358,0.7093689237077,0.481755021381825,"ALL",0.119363241204229,1,"DLBC"
"548","Arm8p",3.10068217323741,0.675613627400497,0.50274328843146,"ALL",0.117233625916147,-1,"DLBC"
"549","Arm8q",0.953783185812196,0.124856159357245,0.901193530874361,"ALL",0.0188528829656656,1,"DLBC"
"550","Arm9p",5.75163605658678,0.994191924796266,0.325445550444054,"ALL",0.199359974751021,1,"DLBC"
"551","Arm9q",6.78322101852331,1.13965015558879,0.260462112322742,"ALL",0.209783432064813,1,"DLBC"
"552","Arm10p",0.812635325982946,0.102233824401208,0.91902529216469,"ALL",0.0188528829656656,1,"DLBC"
"553","Arm10q",-2.65226390252867,-0.379955444237393,0.705765918429801,"ALL",-0.0299171547472156,1,"DLBC"
"554","Arm11p",-7.57298221236276,-0.852463823187267,0.398471125883343,"ALL",-0.180471167840863,1,"DLBC"
"555","Arm11q",-8.14104714954005,-1.48978992265408,0.143255606477837,"ALL",-0.209783432064813,1,"DLBC"
"556","Arm12p",-11.6075139004658,-2.01740862522583,0.0496408973026257,"ALL",-0.390346524466125,1,"DLBC"
"557","Arm12q",-11.8466255746264,-1.84186195507617,0.0720913981129612,"ALL",-0.374430735148456,1,"DLBC"
"558","Arm13q",4.07176078116673,0.470314521364823,0.640401887431333,"ALL",0.0431615379510017,1,"DLBC"
"559","Arm14q",8.28950925786494,0.845282870770296,0.402425029082507,"ALL",0.180471167840863,1,"DLBC"
"560","Arm15q",-3.20662389029383,-0.513759647747007,0.60993366579173,"ALL",-0.0490915693610863,-1,"DLBC"
"561","Arm16p",-6.29092273458205,-1.04648016010772,0.300928074908422,"ALL",-0.209783432064813,1,"DLBC"
"562","Arm16q",0.905804504564074,0.191961670400965,0.84863585064136,"ALL",0.0188528829656656,1,"DLBC"
"563","Arm17p",-0.811542707844781,-0.14485361233577,0.88547329706494,"ALL",-0.0188528829656656,-1,"DLBC"
"564","Arm17q",-8.08713191440899,-1.08661691317494,0.282992554770633,"ALL",-0.209783432064813,-1,"DLBC"
"565","Arm18p",6.44619027588773,2.32031379779852,0.0249159347614242,"ALL",0.467860212930211,1,"DLBC"
"566","Arm18q",5.59153542731509,1.8747573862448,0.0673253814172654,"ALL",0.374430735148456,1,"DLBC"
"567","Arm19p",-16.6727738610423,-1.60791565695362,0.114848290008879,"ALL",-0.230181596960028,1,"DLBC"
"568","Arm19q",-15.0673558367716,-1.31379133920216,0.195575097830974,"ALL",-0.209783432064813,1,"DLBC"
"569","Arm20p",-11.2007252888925,-1.10953235839277,0.273094870508118,"ALL",-0.209783432064813,1,"DLBC"
"570","Arm20q",-13.8306981164932,-1.07998360379339,0.285903961761398,"ALL",-0.209783432064813,1,"DLBC"
"571","Arm21q",-1.19101645593434,-0.202294725526125,0.840598140613056,"ALL",-0.0188528829656656,1,"DLBC"
"572","Arm22q",0.492465795305425,0.0567113987224444,0.955026161027368,"ALL",0.0188528829656656,-1,"DLBC"
"573","ArmXp",-2.94247557949656,-0.300444125354381,0.765222093466325,"ALL",-0.0188528829656656,1,"DLBC"
"574","ArmXq",0.613922609170844,0.0600144276252606,0.952409884624157,"ALL",0.0188528829656656,1,"DLBC"
"575","Arm1p",-0.554361013120965,-0.0781978474311452,0.937854465418965,"ALL",-0.00794636472824702,-1,"ESCA.AD"
"576","Arm1q",-7.9670892137609,-1.18905311899245,0.237729931545802,"ALL",-0.181250146858772,1,"ESCA.AD"
"577","Arm2p",-6.92464671495747,-0.633139627939956,0.528342277492635,"ALL",-0.0956645434925553,1,"ESCA.AD"
"578","Arm2q",-9.07384030688971,-0.882081423598995,0.380220455836523,"ALL",-0.141977843813176,1,"ESCA.AD"
"579","Arm3p",0.626039485404004,0.0963563319393252,0.923464395401213,"ALL",0.00794636472824702,-1,"ESCA.AD"
"580","Arm3q",-3.08285148751325,-0.445057268917297,0.657409693250169,"ALL",-0.0434523082240962,1,"ESCA.AD"
"581","Arm4p",1.19352855983804,0.236820414966581,0.813365916711816,"ALL",0.0155091897264966,-1,"ESCA.AD"
"582","Arm4q",4.13774663645763,0.738356977352476,0.462331342962582,"ALL",0.119379070862297,-1,"ESCA.AD"
"583","Arm5p",8.19474658888963,2.68378133318665,0.00874854043293135,"ALL",0.445280539949145,1,"ESCA.AD"
"584","Arm5q",1.29908112908293,0.26423205502773,0.792240719535893,"ALL",0.0155091897264966,-1,"ESCA.AD"
"585","Arm6p",-0.122213699863619,-0.0281887616860396,0.977577679119704,"ALL",-0.00794636472824702,1,"ESCA.AD"
"586","Arm6q",0.146614238177545,0.0347653336692343,0.972348375468888,"ALL",0.00794636472824702,1,"ESCA.AD"
"587","Arm7p",-0.0946147604114906,-0.0227925202109916,0.981869196159425,"ALL",-0.00794636472824702,1,"ESCA.AD"
"588","Arm7q",1.15293391822927,0.290369226844684,0.772241025051164,"ALL",0.0155091897264966,1,"ESCA.AD"
"589","Arm8p",-4.45246762514052,-1.18068226459201,0.241022316097832,"ALL",-0.181250146858772,1,"ESCA.AD"
"590","Arm8q",-3.72604886459971,-0.869623176355167,0.386955461149024,"ALL",-0.141977843813176,1,"ESCA.AD"
"591","Arm9p",12.137920788794,2.26350307295587,0.0261520433635356,"ALL",0.375619958840417,-1,"ESCA.AD"
"592","Arm9q",7.47240281444291,1.19519553355537,0.235334675363106,"ALL",0.181250146858772,-1,"ESCA.AD"
"593","Arm10p",-10.0701516792784,-1.49969892392429,0.137397627037147,"ALL",-0.245205409180153,1,"ESCA.AD"
"594","Arm10q",-12.6246654500756,-1.35528098888898,0.178918646868387,"ALL",-0.213741784310921,1,"ESCA.AD"
"595","Arm11p",2.02977064122835,0.354539601860485,0.723812618446203,"ALL",0.0189516870881598,-1,"ESCA.AD"
"596","Arm11q",-0.2149140200348,-0.0314922418307261,0.974950808871687,"ALL",-0.00794636472824702,-1,"ESCA.AD"
"597","Arm12p",-5.15581776188414,-0.977057338853039,0.331313376626662,"ALL",-0.145730773555273,-1,"ESCA.AD"
"598","Arm12q",-6.8179537980899,-0.985619312800884,0.327117257539864,"ALL",-0.145730773555273,-1,"ESCA.AD"
"599","Arm13q",-3.44560579712888,-0.736905302095085,0.463209098219397,"ALL",-0.119379070862297,1,"ESCA.AD"
"600","Arm14q",13.2373201850956,1.95957997366216,0.0533220228366306,"ALL",0.359279531065711,-1,"ESCA.AD"
"601","Arm15q",-11.3540280291077,-1.69879837688368,0.0930147911102236,"ALL",-0.263762168216074,-1,"ESCA.AD"
"602","Arm16p",-8.59841499186465,-1.4947655947941,0.138679010460063,"ALL",-0.245205409180153,-1,"ESCA.AD"
"603","Arm16q",-1.31588511885633,-0.223463142302427,0.823711250790358,"ALL",-0.0155091897264966,-1,"ESCA.AD"
"604","Arm17p",1.66761135848315,0.438631679272678,0.662041310638349,"ALL",0.0434523082240962,-1,"ESCA.AD"
"605","Arm17q",2.49827378945742,0.583682774789476,0.560979444022113,"ALL",0.0854272269337498,1,"ESCA.AD"
"606","Arm18p",6.55921129677955,1.81679095999471,0.0727737336893601,"ALL",0.303392736495801,-1,"ESCA.AD"
"607","Arm18q",3.83350433865406,0.883176202984523,0.379632135649515,"ALL",0.141977843813176,-1,"ESCA.AD"
"608","Arm19p",11.2371017566621,1.56561645033456,0.12115398378867,"ALL",0.245205409180153,-1,"ESCA.AD"
"609","Arm19q",7.67570988412746,1.40401266425971,0.163958327769972,"ALL",0.2138753481913,-1,"ESCA.AD"
"610","Arm20p",8.69144994037219,2.09868961173667,0.0388115053873871,"ALL",0.375619958840417,1,"ESCA.AD"
"611","Arm20q",2.73982086018978,0.650193343140876,0.517320847832653,"ALL",0.0956645434925553,1,"ESCA.AD"
"612","Arm21q",-12.9597727655619,-2.07424088178282,0.0410824349034923,"ALL",-0.375619958840417,-1,"ESCA.AD"
"613","Arm22q",7.42093752062121,1.12694753691316,0.262936057678965,"ALL",0.171485978866669,-1,"ESCA.AD"
"614","ArmXp",-4.48777514593598,-1.01785666113918,0.311634527812736,"ALL",-0.145730773555273,-1,"ESCA.AD"
"615","ArmXq",-3.48939230416866,-0.766729001205494,0.445366969898414,"ALL",-0.119379070862297,-1,"ESCA.AD"
"616","Arm1p",15.2423720614052,1.3291480705669,0.185481367438937,"ALL",0.118915854261181,-1,"ESCA"
"617","Arm1q",-3.31005950616159,-0.329750485615118,0.741971926867178,"ALL",-0.000942802118166035,1,"ESCA"
"618","Arm2p",-29.4004857341192,-2.09777901134132,0.0373209014806952,"ALL",-0.275752837709356,1,"ESCA"
"619","Arm2q",-25.448663915672,-1.87297314208938,0.0626933853402791,"ALL",-0.192054412944308,1,"ESCA"
"620","Arm3p",11.8154013620182,1.60804276423972,0.10957841201946,"ALL",0.189409801167221,-1,"ESCA"
"621","Arm3q",-5.86656287373971,-0.932160082807914,0.35250242214135,"ALL",-0.0699345728541813,1,"ESCA"
"622","Arm4p",13.2295626687965,1.7169478114102,0.0877087930502753,"ALL",0.189409801167221,-1,"ESCA"
"623","Arm4q",17.9543046595911,2.08177180262119,0.0387779244596282,"ALL",0.275752837709356,-1,"ESCA"
"624","Arm5p",6.22269251231318,1.24725172309778,0.213925573268713,"ALL",0.0983461239715948,1,"ESCA"
"625","Arm5q",4.50924312848147,0.602688184594675,0.547474687418327,"ALL",0.00801720040305236,-1,"ESCA"
"626","Arm6p",0.894668858279216,0.10611408610133,0.915610001089945,"ALL",0.000942802118166035,1,"ESCA"
"627","Arm6q",6.84162972903597,0.810507191027836,0.418719028447402,"ALL",0.0550734750071434,-1,"ESCA"
"628","Arm7p",-3.40210817575177,-0.488418929102737,0.62584762367644,"ALL",-0.000942802118166035,1,"ESCA"
"629","Arm7q",-1.62463941472314,-0.224847758366464,0.822352759592805,"ALL",-0.000942802118166035,1,"ESCA"
"630","Arm8p",-0.819840709576476,-0.133323542195303,0.894086445565277,"ALL",-0.000942802118166035,1,"ESCA"
"631","Arm8q",0.0925773888616463,0.0139583482191865,0.98887867005558,"ALL",0.000942802118166035,1,"ESCA"
"632","Arm9p",9.92231748780448,1.45764220065551,0.146681644361445,"ALL",0.175082882784318,-1,"ESCA"
"633","Arm9q",8.40063385374682,1.12283603088968,0.263002568702984,"ALL",0.0825711392149062,-1,"ESCA"
"634","Arm10p",-6.63076373675495,-0.755072034058455,0.451192594626426,"ALL",-0.0550734750071434,-1,"ESCA"
"635","Arm10q",-3.63301887332866,-0.328893489007443,0.742618536249149,"ALL",-0.000942802118166035,-1,"ESCA"
"636","Arm11p",-0.113003672616614,-0.012740106878509,0.989849249910275,"ALL",-0.000942802118166035,-1,"ESCA"
"637","Arm11q",0.914927766660057,0.1242622101555,0.901246324142758,"ALL",0.000942802118166035,-1,"ESCA"
"638","Arm12p",5.52270507544065,0.773325517904775,0.440344133596421,"ALL",0.0550734750071434,1,"ESCA"
"639","Arm12q",4.59082326289734,0.444995450210916,0.656857692668533,"ALL",0.000942802118166035,1,"ESCA"
"640","Arm13q",-8.35883649861644,-1.07830535507985,0.282340409158744,"ALL",-0.0825711392149062,-1,"ESCA"
"641","Arm14q",0.344442780054636,0.0407335477840444,0.967553462111597,"ALL",0.000942802118166035,1,"ESCA"
"642","Arm15q",-12.5474832969882,-1.08919583649271,0.277523618507729,"ALL",-0.0825711392149062,-1,"ESCA"
"643","Arm16p",-0.0249550094347806,-0.00272162686897461,0.997831472557415,"ALL",-0.000942802118166035,-1,"ESCA"
"644","Arm16q",2.24866409885075,0.24352666509614,0.807874750229623,"ALL",0.000942802118166035,-1,"ESCA"
"645","Arm17p",1.94124742499564,0.269992880323167,0.787475022215115,"ALL",0.000942802118166035,-1,"ESCA"
"646","Arm17q",5.07843442237993,0.597814882360853,0.5507148392536,"ALL",0.00801720040305236,1,"ESCA"
"647","Arm18p",2.22986948211231,0.352252298096552,0.725061137767052,"ALL",0.000942802118166035,-1,"ESCA"
"648","Arm18q",-0.26565577637866,-0.0355725677497208,0.97166260010867,"ALL",-0.000942802118166035,-1,"ESCA"
"649","Arm19p",9.21345728749282,0.793099679121737,0.42876390655729,"ALL",0.0550734750071434,-1,"ESCA"
"650","Arm19q",9.5424736303526,0.931264587596261,0.352964064474266,"ALL",0.0699345728541813,-1,"ESCA"
"651","Arm20p",16.2918431883166,2.4005791107965,0.0173882116369057,"ALL",0.275752837709356,1,"ESCA"
"652","Arm20q",10.9421830243012,1.51556599443898,0.131383242403064,"ALL",0.175082882784318,1,"ESCA"
"653","Arm21q",-2.94180025746276,-0.349054871002163,0.72745609753315,"ALL",-0.000942802118166035,-1,"ESCA"
"654","Arm22q",-14.9365520658338,-1.60437947558571,0.110383556355981,"ALL",-0.189409801167221,-1,"ESCA"
"655","ArmXp",-7.85862066154698,-1.00030494707346,0.318505775779306,"ALL",-0.0699345728541813,-1,"ESCA"
"656","ArmXq",-3.27798762268426,-0.382359542121738,0.70264577293224,"ALL",-0.000942802118166035,-1,"ESCA"
"657","Arm1p",16.1175101949727,1.79302871388881,0.0762545683203589,"ALL",0.241246419894539,1,"ESCA.SC"
"658","Arm1q",2.24941848320207,0.299976431973147,0.764871869564122,"ALL",0.0421513012843774,1,"ESCA.SC"
"659","Arm2p",-18.5907355969522,-2.00470735822427,0.0479337986668493,"ALL",-0.241246419894539,1,"ESCA.SC"
"660","Arm2q",-16.320462672105,-1.79647975815741,0.0757002716043542,"ALL",-0.241246419894539,1,"ESCA.SC"
"661","Arm3p",6.50782308121338,1.37104211232027,0.173697123938461,"ALL",0.206476241450615,-1,"ESCA.SC"
"662","Arm3q",-3.10277871433086,-0.78427111005186,0.434895731388424,"ALL",-0.065628134622296,1,"ESCA.SC"
"663","Arm4p",9.78152787888557,1.70383763836695,0.0917870125412057,"ALL",0.241246419894539,-1,"ESCA.SC"
"664","Arm4q",14.1315373311177,2.16796586285725,0.0327420791377959,"ALL",0.241246419894539,-1,"ESCA.SC"
"665","Arm5p",-1.22356914834302,-0.297145148994264,0.767025573352577,"ALL",-0.0421513012843774,1,"ESCA.SC"
"666","Arm5q",2.44716765935652,0.440378599869065,0.66069588604176,"ALL",0.0443357954067218,-1,"ESCA.SC"
"667","Arm6p",1.26692177846909,0.129328804142744,0.89737980856354,"ALL",0.0421513012843774,-1,"ESCA.SC"
"668","Arm6q",15.8926590208689,1.52987228201475,0.129479611718176,"ALL",0.229257264343907,-1,"ESCA.SC"
"669","Arm7p",-3.5671071826113,-0.588922578672288,0.557356479871455,"ALL",-0.065628134622296,1,"ESCA.SC"
"670","Arm7q",-3.61621355186674,-0.544892523964153,0.587145910032819,"ALL",-0.065628134622296,1,"ESCA.SC"
"671","Arm8p",2.74588330195155,0.57689416209274,0.56541990074284,"ALL",0.065628134622296,1,"ESCA.SC"
"672","Arm8q",1.72166261615086,0.345616854408428,0.730419714667477,"ALL",0.0421513012843774,1,"ESCA.SC"
"673","Arm9p",0.520787763488694,0.11650747280125,0.907504315041555,"ALL",0.0421513012843774,-1,"ESCA.SC"
"674","Arm9q",2.66647958991251,0.554648696209344,0.580480892571968,"ALL",0.065628134622296,-1,"ESCA.SC"
"675","Arm10p",1.29316675145858,0.208913304995606,0.834977784045792,"ALL",0.0421513012843774,-1,"ESCA.SC"
"676","Arm10q",3.5016292184583,0.459504161899467,0.646956131150921,"ALL",0.0443357954067218,-1,"ESCA.SC"
"677","Arm11p",-4.31910216467872,-0.651429710911964,0.516393095804497,"ALL",-0.065628134622296,-1,"ESCA.SC"
"678","Arm11q",-0.540752004923641,-0.116956665989689,0.907149336399034,"ALL",-0.0421513012843774,-1,"ESCA.SC"
"679","Arm12p",8.99843479067616,1.6717874488292,0.0979642828129163,"ALL",0.241246419894539,1,"ESCA.SC"
"680","Arm12q",10.463936203901,1.344982728713,0.181937049694031,"ALL",0.206476241450615,1,"ESCA.SC"
"681","Arm13q",-8.98657699265101,-1.28230849266852,0.202956151387235,"ALL",-0.193757276725882,-1,"ESCA.SC"
"682","Arm14q",-6.2952559693275,-1.09758516794732,0.275250088778734,"ALL",-0.151082305617445,1,"ESCA.SC"
"683","Arm15q",3.48390725729339,0.366664590318031,0.714711169760073,"ALL",0.0421513012843774,-1,"ESCA.SC"
"684","Arm16p",11.8769858082952,1.60286607161072,0.112392177192773,"ALL",0.239570046087593,1,"ESCA.SC"
"685","Arm16q",8.16505583826366,1.0580389034341,0.292807879212587,"ALL",0.151082305617445,1,"ESCA.SC"
"686","Arm17p",-1.41488291402329,-0.190412561889099,0.84940539002259,"ALL",-0.0421513012843774,-1,"ESCA.SC"
"687","Arm17q",-1.41360459376026,-0.150788960963059,0.880472321355332,"ALL",-0.0421513012843774,1,"ESCA.SC"
"688","Arm18p",-6.15018596269047,-1.09366832424042,0.276955794304073,"ALL",-0.151082305617445,1,"ESCA.SC"
"689","Arm18q",-6.06849090932039,-0.953672688734844,0.342748372145078,"ALL",-0.107513247562688,-1,"ESCA.SC"
"690","Arm19p",-6.15075491578711,-0.675347701248554,0.501148800544568,"ALL",-0.065628134622296,-1,"ESCA.SC"
"691","Arm19q",-6.94763665294053,-0.715862177401474,0.475889507659855,"ALL",-0.065628134622296,-1,"ESCA.SC"
"692","Arm20p",6.56781756329079,1.2050090296766,0.231290324505909,"ALL",0.169186713509902,1,"ESCA.SC"
"693","Arm20q",10.2120612500875,1.47196476802025,0.144443039599352,"ALL",0.227519524316559,1,"ESCA.SC"
"694","Arm21q",3.31764770168775,0.563636764663269,0.574372672363464,"ALL",0.065628134622296,-1,"ESCA.SC"
"695","Arm22q",-25.2406324023619,-3.29160135856633,0.00141380543872577,"ALL",-1.23682649527734,1,"ESCA.SC"
"696","ArmXp",-3.79741103328622,-0.547875994315311,0.58510390506504,"ALL",-0.065628134622296,-1,"ESCA.SC"
"697","ArmXq",1.54822652517827,0.16218961195653,0.871512228948483,"ALL",0.0421513012843774,1,"ESCA.SC"
"698","Arm1p",6.77803726715677,0.450064638099105,0.653350161606522,"ALL",0.0905840802987915,1,"GBM"
"699","Arm1q",7.0677321795836,0.535906610886693,0.59286153048625,"ALL",0.0913841271786189,1,"GBM"
"700","Arm2p",28.254490698169,1.0945123126648,0.27558342321997,"ALL",0.179792243744308,1,"GBM"
"701","Arm2q",42.4128456995525,1.45729516919147,0.147242810319894,"ALL",0.179792243744308,1,"GBM"
"702","Arm3p",-14.6391344464686,-1.12383869539904,0.262977769373691,"ALL",-0.179792243744308,1,"GBM"
"703","Arm3q",-14.7173427700091,-1.06598681009458,0.288238715023778,"ALL",-0.179792243744308,1,"GBM"
"704","Arm4p",-9.67514439111044,-0.898543657644512,0.370416859485301,"ALL",-0.160948078773995,-1,"GBM"
"705","Arm4q",-10.7709897348247,-0.960241486632251,0.338565884389755,"ALL",-0.179792243744308,-1,"GBM"
"706","Arm5p",18.7150145362688,1.21884968892382,0.22492219839974,"ALL",0.179792243744308,1,"GBM"
"707","Arm5q",29.5244814891685,1.71881505595871,0.0878273101897166,"ALL",0.288684601096321,-1,"GBM"
"708","Arm6p",-22.7203319337213,-1.94401484288238,0.0538708164461417,"ALL",-0.354832590014134,-1,"GBM"
"709","Arm6q",-12.1029514055177,-1.35772511768421,0.176704586360525,"ALL",-0.179792243744308,-1,"GBM"
"710","Arm7p",3.71295186894476,0.728526012035734,0.46749140008889,"ALL",0.107113153751691,1,"GBM"
"711","Arm7q",-0.783141431277586,-0.143873609255088,0.885804254217546,"ALL",-0.0309429885838442,1,"GBM"
"712","Arm8p",1.76558478718045,0.159571560460967,0.873445332319245,"ALL",0.0309429885838442,-1,"GBM"
"713","Arm8q",6.05987654204204,0.620204490272176,0.53611721027982,"ALL",0.0953734821648324,1,"GBM"
"714","Arm9p",0.565311570480514,0.0903876419108942,0.928106548392049,"ALL",0.0216782976970316,-1,"GBM"
"715","Arm9q",-9.09639107185734,-1.1656436015115,0.245712773107192,"ALL",-0.179792243744308,-1,"GBM"
"716","Arm10p",-8.84903824535286,-1.03380312585068,0.302985644279751,"ALL",-0.179792243744308,-1,"GBM"
"717","Arm10q",-11.7371686440867,-1.30158701494988,0.195165274440496,"ALL",-0.179792243744308,-1,"GBM"
"718","Arm11p",8.17104502956388,0.572543556789295,0.567859190514798,"ALL",0.0953734821648324,-1,"GBM"
"719","Arm11q",-49.0539900110474,-2.59678704391196,0.0104002684543018,"ALL",-0.728579102991137,-1,"GBM"
"720","Arm12p",9.26861335517554,0.974310564000492,0.331559187982696,"ALL",0.179792243744308,1,"GBM"
"721","Arm12q",12.364087555068,1.09136768150593,0.276959443550858,"ALL",0.179792243744308,1,"GBM"
"722","Arm13q",-7.70271353034298,-0.971865555951529,0.33277000433425,"ALL",-0.179792243744308,-1,"GBM"
"723","Arm14q",-5.48658605824828,-0.713871836550447,0.476478159150789,"ALL",-0.107113153751691,-1,"GBM"
"724","Arm15q",3.1744336566031,0.27658690640345,0.7824994967844,"ALL",0.0500345771183036,-1,"GBM"
"725","Arm16p",-8.89790309676962,-0.592852868860221,0.55422260594968,"ALL",-0.0953734821648324,-1,"GBM"
"726","Arm16q",-21.2101897938013,-1.84360142113517,0.0673258079686863,"ALL",-0.337185819634776,-1,"GBM"
"727","Arm17p",-0.567862771046762,-0.039869407023889,0.968253241600462,"ALL",-0.0140110403714831,-1,"GBM"
"728","Arm17q",-3.97289536523059,-0.230897991139315,0.817726398415156,"ALL",-0.0428098491708225,1,"GBM"
"729","Arm18p",10.1613075419267,0.996941578476918,0.320488679558237,"ALL",0.179792243744308,-1,"GBM"
"730","Arm18q",8.07589486592004,0.794452528400256,0.42825777740863,"ALL",0.117238720550021,-1,"GBM"
"731","Arm19p",-4.45747922789436,-0.479168775124011,0.632555655066186,"ALL",-0.0912673789068113,1,"GBM"
"732","Arm19q",-3.0548406707105,-0.3356072332629,0.73766240010129,"ALL",-0.0634265403314287,1,"GBM"
"733","Arm20p",-3.55318913325193,-0.374351027680686,0.708701599703903,"ALL",-0.0682316472565106,1,"GBM"
"734","Arm20q",-5.52536151622341,-0.58186195292838,0.561582278821276,"ALL",-0.0953734821648324,1,"GBM"
"735","Arm21q",28.8221254644625,2.6169527644479,0.00983243809528101,"ALL",0.728579102991137,1,"GBM"
"736","Arm22q",3.60288229695167,0.486282244453796,0.627516692307213,"ALL",0.0912673789068113,-1,"GBM"
"737","ArmXp",29.7553456283973,2.38862127748912,0.0182262377726508,"ALL",0.728579102991137,-1,"GBM"
"738","ArmXq",33.8499159122332,2.48645556384646,0.0140610546351463,"ALL",0.728579102991137,-1,"GBM"
"739","Arm1p",-20.1500436648474,-1.06675739051865,0.286838287830837,"ALL",-0.160027943172461,-1,"HNSC.HPVneg"
"740","Arm1q",6.33155796535726,0.396297789616055,0.692133951411156,"ALL",0.0751033034097597,1,"HNSC.HPVneg"
"741","Arm2p",38.7080634289728,1.98780639429208,0.0476348479589009,"ALL",0.709291359907314,1,"HNSC.HPVneg"
"742","Arm2q",-36.8546793125882,-1.73817607672881,0.0830851222862191,"ALL",-0.509085565033006,1,"HNSC.HPVneg"
"743","Arm3p",16.1827893024818,1.99961424825412,0.0463372289633554,"ALL",0.709291359907314,-1,"HNSC.HPVneg"
"744","Arm3q",13.3259163567146,1.49942233090908,0.134692037004437,"ALL",0.371817574602479,1,"HNSC.HPVneg"
"745","Arm4p",6.7942800889401,0.605318819803305,0.545370993618493,"ALL",0.097682139011787,-1,"HNSC.HPVneg"
"746","Arm4q",-12.0221140105651,-0.838019300185762,0.402608583608838,"ALL",-0.124185828429482,-1,"HNSC.HPVneg"
"747","Arm5p",-2.76590256101567,-0.323044901314558,0.746859818814062,"ALL",-0.0751033034097597,1,"HNSC.HPVneg"
"748","Arm5q",17.4069325057206,2.04296958764568,0.0418261560552142,"ALL",0.709291359907314,-1,"HNSC.HPVneg"
"749","Arm6p",-5.20206820004175,-0.361385020102515,0.718036106681077,"ALL",-0.0751033034097597,1,"HNSC.HPVneg"
"750","Arm6q",-5.33725511769547,-0.317775114390298,0.750850603018921,"ALL",-0.0751033034097597,-1,"HNSC.HPVneg"
"751","Arm7p",-7.24832460114408,-0.746537335796878,0.45585877424912,"ALL",-0.124185828429482,1,"HNSC.HPVneg"
"752","Arm7q",0.395738987520715,0.0331728759158834,0.973556193463331,"ALL",0.0116389760322716,1,"HNSC.HPVneg"
"753","Arm8p",5.10485618755975,0.67215254925449,0.501943076569516,"ALL",0.117925439165715,-1,"HNSC.HPVneg"
"754","Arm8q",3.73225474974869,0.399982023977345,0.689420928899962,"ALL",0.0751033034097597,1,"HNSC.HPVneg"
"755","Arm9p",36.332974515831,5.17760921581459,3.85501880504334e-07,"ALL",4.80118964237017,-1,"HNSC.HPVneg"
"756","Arm9q",27.2751941160105,2.96087483902951,0.0032832591097977,"ALL",1.20995215232873,1,"HNSC.HPVneg"
"757","Arm10p",-9.37299368832461,-0.843855111224394,0.399343691131447,"ALL",-0.124185828429482,-1,"HNSC.HPVneg"
"758","Arm10q",5.18440927000714,0.306873890034141,0.759127219562065,"ALL",0.0751033034097597,-1,"HNSC.HPVneg"
"759","Arm11p",-7.94561531857436,-0.794409868809615,0.427510996990839,"ALL",-0.124185828429482,-1,"HNSC.HPVneg"
"760","Arm11q",-18.7951201738476,-2.01325686896401,0.0448753221925157,"ALL",-0.709291359907314,-1,"HNSC.HPVneg"
"761","Arm12p",8.60975041755538,0.847498501635349,0.397313503565541,"ALL",0.124185828429482,1,"HNSC.HPVneg"
"762","Arm12q",40.1935621034745,2.76425725081261,0.00601622378469498,"ALL",1.20995215232873,1,"HNSC.HPVneg"
"763","Arm13q",-29.8478055406619,-2.62183511788079,0.00913894811707134,"ALL",-1.20447118187326,-1,"HNSC.HPVneg"
"764","Arm14q",1.0778776862336,0.0979567735142043,0.922024339526544,"ALL",0.0245337489314425,1,"HNSC.HPVneg"
"765","Arm15q",7.28724899139183,0.496378332251033,0.619948260268647,"ALL",0.0751033034097597,-1,"HNSC.HPVneg"
"766","Arm16p",-24.0513194099855,-1.456506151849,0.146175586312126,"ALL",-0.368469334485027,1,"HNSC.HPVneg"
"767","Arm16q",-39.7122081719338,-2.76738813622873,0.0059600231223805,"ALL",-1.20995215232873,1,"HNSC.HPVneg"
"768","Arm17p",11.0642810861906,0.903662518506923,0.366814184645941,"ALL",0.124185828429482,-1,"HNSC.HPVneg"
"769","Arm17q",-10.9270866289833,-0.537988738790918,0.590936803250958,"ALL",-0.0780731027123719,1,"HNSC.HPVneg"
"770","Arm18p",-18.9774122218049,-2.66026809169696,0.00817786336060739,"ALL",-1.20447118187326,1,"HNSC.HPVneg"
"771","Arm18q",10.183058315975,1.17830173617913,0.239500349035049,"ALL",0.212029975267505,-1,"HNSC.HPVneg"
"772","Arm19p",6.73769875321344,0.398027885155222,0.690859434649192,"ALL",0.0751033034097597,-1,"HNSC.HPVneg"
"773","Arm19q",22.1932764938302,1.41524474677053,0.157912013116229,"ALL",0.364892232228641,-1,"HNSC.HPVneg"
"774","Arm20p",-1.25132029384945,-0.121786439969686,0.903140100159421,"ALL",-0.0245337489314425,1,"HNSC.HPVneg"
"775","Arm20q",-17.4094170988144,-1.66589042160545,0.0966562547209685,"ALL",-0.481167426432429,1,"HNSC.HPVneg"
"776","Arm21q",3.18730905247543,0.255756612548598,0.798293436297443,"ALL",0.064837181453432,-1,"HNSC.HPVneg"
"777","Arm22q",8.70369957967948,0.712837891568717,0.476435005021491,"ALL",0.124185828429482,1,"HNSC.HPVneg"
"778","ArmXp",11.6820041496187,0.802129960078743,0.423038069133907,"ALL",0.124185828429482,-1,"HNSC.HPVneg"
"779","ArmXq",13.564099184514,0.725301888336793,0.468765743713273,"ALL",0.124185828429482,1,"HNSC.HPVneg"
"780","Arm1p",-2.93704412653326,-0.279560857259725,0.780162465119408,"ALL",-0.074814688030059,1,"HNSC.HPVother"
"781","Arm1q",-12.8553743813196,-1.40629332756524,0.161506228640252,"ALL",-0.559238109024879,1,"HNSC.HPVother"
"782","Arm2p",-32.2957022478392,-3.12618339050478,0.00209118228305077,"ALL",-2.02106676190445,1,"HNSC.HPVother"
"783","Arm2q",-34.2385311675607,-3.25318215669362,0.00138262882748951,"ALL",-2.09160857571476,-1,"HNSC.HPVother"
"784","Arm3p",16.3241938661382,3.85087879397539,0.000167771691098259,"ALL",2.94064871152762,-1,"HNSC.HPVother"
"785","Arm3q",8.9191790933972,1.91929491509724,0.0566623922938753,"ALL",0.912674837689757,1,"HNSC.HPVother"
"786","Arm4p",0.948893088756909,0.112483987585837,0.910575572670653,"ALL",0.0299601389727974,-1,"HNSC.HPVother"
"787","Arm4q",10.3389310473469,1.10057485383562,0.272675111924494,"ALL",0.382934407367515,-1,"HNSC.HPVother"
"788","Arm5p",1.93625264045997,0.329667725158633,0.742066663405409,"ALL",0.0849749455606221,1,"HNSC.HPVother"
"789","Arm5q",12.1445443802829,2.03044810177485,0.0439070177507212,"ALL",0.975131124670748,-1,"HNSC.HPVother"
"790","Arm6p",-16.0460444982849,-1.77194588865701,0.0782380826025114,"ALL",-0.794827940382398,1,"HNSC.HPVother"
"791","Arm6q",-16.2292099466483,-1.74183483308257,0.0833896569392388,"ALL",-0.788323250838997,-1,"HNSC.HPVother"
"792","Arm7p",-19.3428347820662,-2.36687153773317,0.019091631510086,"ALL",-1.28246435893174,1,"HNSC.HPVother"
"793","Arm7q",-17.1984949889753,-2.22489678237515,0.0274360513872907,"ALL",-1.15301451832228,1,"HNSC.HPVother"
"794","Arm8p",12.8398896075828,2.59668241566572,0.0102575956733247,"ALL",1.48741586636327,-1,"HNSC.HPVother"
"795","Arm8q",0.0741225164812463,0.0120262294800926,0.990419129667144,"ALL",0.00418097996708281,1,"HNSC.HPVother"
"796","Arm9p",29.8758100146621,5.56325908886778,1.04140500660196e-07,"ALL",5.36959648204509,-1,"HNSC.HPVother"
"797","Arm9q",18.3486485752374,2.59445897498536,0.0103215193057643,"ALL",1.48741586636327,1,"HNSC.HPVother"
"798","Arm10p",12.9693521250734,1.67848293965939,0.0951343802449114,"ALL",0.75130133079943,-1,"HNSC.HPVother"
"799","Arm10q",1.77662094504766,0.184761267190032,0.853641822304242,"ALL",0.0470050660658276,-1,"HNSC.HPVother"
"800","Arm11p",-7.62049386993046,-1.15255207129598,0.250751317727007,"ALL",-0.402946267285191,-1,"HNSC.HPVother"
"801","Arm11q",-16.9522206314748,-3.20371328018969,0.00162679541307258,"ALL",-2.07897319107868,-1,"HNSC.HPVother"
"802","Arm12p",3.51092310803886,0.516199027064387,0.606402330785475,"ALL",0.135934198428527,1,"HNSC.HPVother"
"803","Arm12q",21.6240691419588,2.61099597101981,0.00985452718523733,"ALL",1.48741586636327,1,"HNSC.HPVother"
"804","Arm13q",-5.46849351680672,-0.708687830223276,0.479512258580295,"ALL",-0.211566407349533,-1,"HNSC.HPVother"
"805","Arm14q",-15.1391869582268,-2.38769938695396,0.0180779098691112,"ALL",-1.28246435893174,1,"HNSC.HPVother"
"806","Arm15q",-10.9825603371661,-1.2417617233612,0.216076124144614,"ALL",-0.450549370840029,-1,"HNSC.HPVother"
"807","Arm16p",-14.3925508297376,-1.47183313881437,0.142959232952067,"ALL",-0.593731770001575,-1,"HNSC.HPVother"
"808","Arm16q",-34.0322689301024,-4.73324632084001,4.70723732773204e-06,"ALL",-4.0154800439888,-1,"HNSC.HPVother"
"809","Arm17p",-3.15584847521223,-0.33660204229018,0.736842062670587,"ALL",-0.0849749455606221,-1,"HNSC.HPVother"
"810","Arm17q",-13.8826052140112,-0.966824512624566,0.335038223647396,"ALL",-0.324519783777712,1,"HNSC.HPVother"
"811","Arm18p",4.78378995058763,0.811823771312635,0.418055343268418,"ALL",0.257344058485225,1,"HNSC.HPVother"
"812","Arm18q",24.4609569940348,4.0775913444879,7.04572019899681e-05,"ALL",3.23826075521507,-1,"HNSC.HPVother"
"813","Arm19p",32.6442394684137,2.83298747338146,0.00518327989734636,"ALL",1.67261148188605,1,"HNSC.HPVother"
"814","Arm19q",42.9152080288961,4.49441183304404,1.30351782321982e-05,"ALL",3.87415916088133,1,"HNSC.HPVother"
"815","Arm20p",3.15084411980355,0.479814641472414,0.631990793760111,"ALL",0.130573435690408,1,"HNSC.HPVother"
"816","Arm20q",3.76337627888507,0.62374879144127,0.533648745234508,"ALL",0.178474590548989,1,"HNSC.HPVother"
"817","Arm21q",43.6145798521577,4.51715704157414,1.18489546316586e-05,"ALL",3.87415916088133,-1,"HNSC.HPVother"
"818","Arm22q",-19.2112711408329,-1.9384584393206,0.0542636906981734,"ALL",-0.912674837689757,1,"HNSC.HPVother"
"819","ArmXp",9.15521309190803,0.885430304921208,0.377205385726649,"ALL",0.287759513047397,-1,"HNSC.HPVother"
"820","ArmXq",-12.2969511938793,-1.04029581234891,0.299715293777578,"ALL",-0.357665270069419,1,"HNSC.HPVother"
"821","Arm1p",8.49896368944689,1.94562943477179,0.0611217809491588,"ALL",0.497413540348766,-1,"HNSC.HPVpos"
"822","Arm1q",4.98410006610153,1.27172144591544,0.213242884044615,"ALL",0.187496016290619,1,"HNSC.HPVpos"
"823","Arm2p",10.9984446568095,2.46052330376425,0.0198500864452068,"ALL",0.788423745202563,-1,"HNSC.HPVpos"
"824","Arm2q",6.06979866238002,1.60315078849613,0.119379479458741,"ALL",0.310286462414415,-1,"HNSC.HPVpos"
"825","Arm3p",1.13169925374337,0.579912503647165,0.566303912672501,"ALL",0.0336971729919135,1,"HNSC.HPVpos"
"826","Arm3q",-0.626054304181367,-0.310151565990113,0.758590114155408,"ALL",-0.0336971729919135,1,"HNSC.HPVpos"
"827","Arm4p",-0.994452629666748,-0.277038906715686,0.783650241728845,"ALL",-0.0336971729919135,-1,"HNSC.HPVpos"
"828","Arm4q",-2.35608586515812,-0.582525735297096,0.564565623156556,"ALL",-0.0336971729919135,-1,"HNSC.HPVpos"
"829","Arm5p",-1.62935388043206,-0.424449789061961,0.674266359908932,"ALL",-0.0336971729919135,1,"HNSC.HPVpos"
"830","Arm5q",1.95855635912328,0.404430812319979,0.688764981744022,"ALL",0.0336971729919135,1,"HNSC.HPVpos"
"831","Arm6p",-3.0118808763439,-0.552391635198594,0.584772524549754,"ALL",-0.0336971729919135,-1,"HNSC.HPVpos"
"832","Arm6q",-8.70366427874814,-1.95175509027003,0.0603576566926145,"ALL",-0.497413540348766,-1,"HNSC.HPVpos"
"833","Arm7p",-3.83635425946424,-0.295807722475297,0.769414850069796,"ALL",-0.0336971729919135,-1,"HNSC.HPVpos"
"834","Arm7q",-2.01599401428881,-0.302647731184188,0.764246920992687,"ALL",-0.0336971729919135,-1,"HNSC.HPVpos"
"835","Arm8p",4.87152195850911,1.93348551824255,0.06266154122952,"ALL",0.497413540348766,1,"HNSC.HPVpos"
"836","Arm8q",2.66819594662577,1.08735630717126,0.285538674692379,"ALL",0.13567118649632,1,"HNSC.HPVpos"
"837","Arm9p",10.3024095395352,2.78715774337235,0.00913527672807386,"ALL",0.903615690355687,1,"HNSC.HPVpos"
"838","Arm9q",4.69158131799251,0.879924349633199,0.385894857901866,"ALL",0.0336971729919135,1,"HNSC.HPVpos"
"839","Arm10p",8.53033033161675,1.88014126780004,0.0698304936785919,"ALL",0.497413540348766,-1,"HNSC.HPVpos"
"840","Arm10q",5.37583596011677,1.20474837356442,0.237718820099195,"ALL",0.187243836334834,-1,"HNSC.HPVpos"
"841","Arm11p",-0.242534415103381,-0.0706178465199279,0.944170565098878,"ALL",-0.0168174516596869,-1,"HNSC.HPVpos"
"842","Arm11q",0.730099284007021,0.29071395084243,0.773270438499239,"ALL",0.0336971729919135,-1,"HNSC.HPVpos"
"843","Arm12p",0.526189087000163,0.256421034427815,0.799376056869446,"ALL",0.0336971729919135,1,"HNSC.HPVpos"
"844","Arm12q",2.81697761593549,1.24783996177058,0.221742103311959,"ALL",0.187496016290619,1,"HNSC.HPVpos"
"845","Arm13q",1.34386135712583,0.371537699490306,0.712848342133872,"ALL",0.0336971729919135,-1,"HNSC.HPVpos"
"846","Arm14q",9.18378361033,2.83036010609247,0.0082182234940782,"ALL",0.903615690355687,-1,"HNSC.HPVpos"
"847","Arm15q",1.1032164137676,0.169588399673782,0.866472259777033,"ALL",0.0292450766193366,-1,"HNSC.HPVpos"
"848","Arm16p",11.67118878288,2.88492110363091,0.00718345998437468,"ALL",0.903615690355687,-1,"HNSC.HPVpos"
"849","Arm16q",-1.06984950312019,-0.276064216937614,0.784391635050421,"ALL",-0.0336971729919135,-1,"HNSC.HPVpos"
"850","Arm17p",-0.765151628705099,-0.203488953754456,0.840126882736733,"ALL",-0.0310729856769952,-1,"HNSC.HPVpos"
"851","Arm17q",0.538629031850606,0.0805613212526036,0.936325871608323,"ALL",0.0168174516596869,-1,"HNSC.HPVpos"
"852","Arm18p",1.96833510022392,0.41783734659082,0.679041681299409,"ALL",0.0336971729919135,1,"HNSC.HPVpos"
"853","Arm18q",1.5689272077567,0.333709149185353,0.740920456624046,"ALL",0.0336971729919135,1,"HNSC.HPVpos"
"854","Arm19p",7.12755901167354,1.25472727749404,0.219265193328399,"ALL",0.187496016290619,1,"HNSC.HPVpos"
"855","Arm19q",13.4689443486321,2.58531803434283,0.0148333192208173,"ALL",0.818037791537347,1,"HNSC.HPVpos"
"856","Arm20p",1.63559360086016,0.452982672921337,0.65382050008467,"ALL",0.0336971729919135,1,"HNSC.HPVpos"
"857","Arm20q",1.88810243288932,0.374985153416989,0.710309533544423,"ALL",0.0336971729919135,1,"HNSC.HPVpos"
"858","Arm21q",0.345639311196005,0.0480225407426709,0.962016560801971,"ALL",0.0168174516596869,1,"HNSC.HPVpos"
"859","Arm22q",-8.59072060152659,-1.48710851217813,0.147421960233109,"ALL",-0.260046646830752,-1,"HNSC.HPVpos"
"860","ArmXp",1.73198651394637,0.301608021427301,0.765031763688744,"ALL",0.0336971729919135,1,"HNSC.HPVpos"
"861","ArmXq",1.68670027040505,0.239305063452595,0.812496448020059,"ALL",0.0336971729919135,-1,"HNSC.HPVpos"
"862","Arm1p",-22.1435904942955,-1.04572540216226,0.296184174983512,"ALL",-0.347018056835889,1,"HNSC"
"863","Arm1q",-13.7726381866452,-0.76677655758759,0.443569862393918,"ALL",-0.217375366926434,1,"HNSC"
"864","Arm2p",-27.4392534290621,-1.30770784472984,0.191562746935661,"ALL",-0.50284509592227,1,"HNSC"
"865","Arm2q",-88.7580440737811,-4.00148056696471,7.22985637487362e-05,"ALL",-3.37318451341623,1,"HNSC"
"866","Arm3p",40.3995383910086,4.63018180108442,4.64384018450609e-06,"ALL",4.19746013270889,-1,"HNSC"
"867","Arm3q",28.0017362056697,2.91582475757585,0.00370393685236773,"ALL",1.89773381544921,1,"HNSC"
"868","Arm4p",8.06293683209367,0.56776778170226,0.570443006258473,"ALL",0.147917947582983,-1,"HNSC"
"869","Arm4q",3.24647076205576,0.187403188685428,0.851419200932653,"ALL",0.0252744273258853,-1,"HNSC"
"870","Arm5p",0.0754714963272569,0.00717805414088414,0.994275602981606,"ALL",0.00125240377976339,1,"HNSC"
"871","Arm5q",31.5779951376795,3.00227885910072,0.00281133422134253,"ALL",1.93830366414153,-1,"HNSC"
"872","Arm6p",-24.1884266679565,-1.41190157881487,0.15858997355079,"ALL",-0.567151658310482,1,"HNSC"
"873","Arm6q",-28.3854300238274,-1.49949146413239,0.13436614396226,"ALL",-0.58114558404803,-1,"HNSC"
"874","Arm7p",-29.0456888167424,-2.32462803105791,0.0204843563029829,"ALL",-1.27991380463042,1,"HNSC"
"875","Arm7q",-20.4388002653179,-1.42144798652589,0.155798950853206,"ALL",-0.567151658310482,1,"HNSC"
"876","Arm8p",20.6962498494224,2.26953790689381,0.0236531492998554,"ALL",1.24377609157235,-1,"HNSC"
"877","Arm8q",0.0404490125893444,0.0036108396157995,0.997120387786196,"ALL",0.00125240377976339,1,"HNSC"
"878","Arm9p",66.5042187463424,7.45928926176203,3.78180500446275e-13,"ALL",10.8095170110687,-1,"HNSC"
"879","Arm9q",48.526733811866,4.16827080132387,3.60687168646118e-05,"ALL",3.53475994881604,1,"HNSC"
"880","Arm10p",3.78582740767124,0.276243825212907,0.7824729252177,"ALL",0.0500493248347902,-1,"HNSC"
"881","Arm10q",0.765620893082776,0.0401666994705588,0.967975975826501,"ALL",0.00125240377976339,-1,"HNSC"
"882","Arm11p",-17.4562636298611,-1.44086380224226,0.150238020738482,"ALL",-0.567151658310482,-1,"HNSC"
"883","Arm11q",-43.4908547455856,-4.12821373714474,4.27176590243707e-05,"ALL",-3.53475994881604,-1,"HNSC"
"884","Arm12p",11.0696063121972,0.897423020454965,0.369917505568591,"ALL",0.278978724947741,1,"HNSC"
"885","Arm12q",63.953678877189,3.85419510839333,0.000130965370985283,"ALL",3.17314965276997,1,"HNSC"
"886","Arm13q",-35.3097727320599,-2.54258362682874,0.0112987045070463,"ALL",-1.5047459803636,-1,"HNSC"
"887","Arm14q",-24.7621877574503,-1.99067395773532,0.0470510173413062,"ALL",-0.969919630164634,1,"HNSC"
"888","Arm15q",-15.2559240142145,-0.893373797300297,0.372079220129065,"ALL",-0.278978724947741,-1,"HNSC"
"889","Arm16p",-47.9046929169649,-2.53807065420314,0.0114435671396217,"ALL",-1.5047459803636,1,"HNSC"
"890","Arm16q",-87.5274243897615,-5.83326781171867,9.67362466534527e-09,"ALL",-6.70265690610182,-1,"HNSC"
"891","Arm17p",7.53128973391893,0.483351938769715,0.629053716445332,"ALL",0.120007327818877,-1,"HNSC"
"892","Arm17q",-29.0191982265698,-1.15397575013187,0.249051649432703,"ALL",-0.405900068904226,1,"HNSC"
"893","Arm18p",-16.3499736099141,-1.75603666430486,0.0796835456851444,"ALL",-0.76460109355098,1,"HNSC"
"894","Arm18q",37.9116309125333,3.56524351176489,0.000397790806994083,"ALL",2.74180391042658,-1,"HNSC"
"895","Arm19p",51.9742671440246,2.54809619988531,0.0111239727195839,"ALL",1.5047459803636,-1,"HNSC"
"896","Arm19q",77.3656408165824,4.20471215337846,3.08863872933081e-05,"ALL",3.53475994881604,-1,"HNSC"
"897","Arm20p",3.8695210540425,0.314933551640905,0.752941168359391,"ALL",0.0545231440394626,1,"HNSC"
"898","Arm20q",-8.16595611501543,-0.67965629769871,0.497031081508174,"ALL",-0.18219428921537,1,"HNSC"
"899","Arm21q",46.8193923170369,2.93956914201363,0.00343603453615164,"ALL",1.89773381544921,-1,"HNSC"
"900","Arm22q",-8.9515905855599,-0.564668075517705,0.572548307999368,"ALL",-0.147917947582983,1,"HNSC"
"901","ArmXp",27.4579899891837,1.53323988889122,0.125838050473917,"ALL",0.588434157515431,-1,"HNSC"
"902","ArmXq",-0.720470085786602,-0.0323159850891747,0.974232729347202,"ALL",-0.00125240377976339,1,"HNSC"
"903","Arm1p",-10.4176796084964,-0.518378135521383,0.604474100256515,"ALL",-0.126045778559549,1,"HNSC.TCGAdef.HPVneg"
"904","Arm1q",11.3005860036346,0.649148326619229,0.516605970204094,"ALL",0.165418416284379,1,"HNSC.TCGAdef.HPVneg"
"905","Arm2p",21.6203937509852,1.05392371771294,0.292538529466203,"ALL",0.263455750154097,1,"HNSC.TCGAdef.HPVneg"
"906","Arm2q",-40.2175940902727,-1.60153812491268,0.110027936502696,"ALL",-0.459656527441884,1,"HNSC.TCGAdef.HPVneg"
"907","Arm3p",15.9552655681775,1.80134087886693,0.0723837566067444,"ALL",0.481817534140231,-1,"HNSC.TCGAdef.HPVneg"
"908","Arm3q",14.3116322848451,1.49104676950176,0.136718161018739,"ALL",0.442512536815338,1,"HNSC.TCGAdef.HPVneg"
"909","Arm4p",4.90504699279556,0.398323184103552,0.690599313514217,"ALL",0.104292501741524,-1,"HNSC.TCGAdef.HPVneg"
"910","Arm4q",-7.33351769322118,-0.468900915382212,0.639389684129545,"ALL",-0.125518562516509,-1,"HNSC.TCGAdef.HPVneg"
"911","Arm5p",6.63679714234675,0.734586688366769,0.46301116801628,"ALL",0.165418416284379,1,"HNSC.TCGAdef.HPVneg"
"912","Arm5q",23.5114569646943,2.57250211377348,0.0104476095529873,"ALL",1.14273557022054,-1,"HNSC.TCGAdef.HPVneg"
"913","Arm6p",-10.6657417466478,-0.698172712491524,0.485464967690477,"ALL",-0.165418416284379,1,"HNSC.TCGAdef.HPVneg"
"914","Arm6q",-3.57699787235613,-0.204034006908566,0.838428160307457,"ALL",-0.0428258777740289,1,"HNSC.TCGAdef.HPVneg"
"915","Arm7p",-9.18490809211748,-0.8865820710975,0.375823679434375,"ALL",-0.19244324487478,1,"HNSC.TCGAdef.HPVneg"
"916","Arm7q",2.28537467086453,0.190462883492822,0.849040694373629,"ALL",0.0428258777740289,1,"HNSC.TCGAdef.HPVneg"
"917","Arm8p",12.1776700370032,1.51259278835385,0.131153531232585,"ALL",0.442512536815338,-1,"HNSC.TCGAdef.HPVneg"
"918","Arm8q",16.68514377382,1.64952849241276,0.099805303305335,"ALL",0.467243770535009,1,"HNSC.TCGAdef.HPVneg"
"919","Arm9p",45.3379216970517,6.09242671059518,2.56428495710719e-09,"ALL",6.97824985861804,-1,"HNSC.TCGAdef.HPVneg"
"920","Arm9q",40.5248463252732,4.18407895838739,3.50492475508172e-05,"ALL",3.14356744012333,1,"HNSC.TCGAdef.HPVneg"
"921","Arm10p",8.30146958783384,0.699799869500117,0.484449151713625,"ALL",0.165418416284379,-1,"HNSC.TCGAdef.HPVneg"
"922","Arm10q",24.4345565798838,1.32700389364589,0.185245924608398,"ALL",0.349916402336745,-1,"HNSC.TCGAdef.HPVneg"
"923","Arm11p",-14.9966908741388,-1.4754033553249,0.14087164600674,"ALL",-0.442512536815338,-1,"HNSC.TCGAdef.HPVneg"
"924","Arm11q",-25.1674721233022,-2.56957203921342,0.0105349341040535,"ALL",-1.14273557022054,-1,"HNSC.TCGAdef.HPVneg"
"925","Arm12p",13.2014214738484,1.15656822969058,0.248122244037559,"ALL",0.277017392691112,1,"HNSC.TCGAdef.HPVneg"
"926","Arm12q",49.9770070955261,3.15749101490057,0.00170898334784417,"ALL",1.63159956697879,1,"HNSC.TCGAdef.HPVneg"
"927","Arm13q",-33.563560087596,-2.68312968998973,0.0075888287228033,"ALL",-1.14273557022054,-1,"HNSC.TCGAdef.HPVneg"
"928","Arm14q",-0.602261681449384,-0.0506633296584351,0.959618470277965,"ALL",-0.0151981919814952,1,"HNSC.TCGAdef.HPVneg"
"929","Arm15q",-16.2541097233398,-1.1203404357921,0.263224541400997,"ALL",-0.277017392691112,-1,"HNSC.TCGAdef.HPVneg"
"930","Arm16p",-21.7964756038591,-1.19946288652594,0.231040708940402,"ALL",-0.278800139874426,1,"HNSC.TCGAdef.HPVneg"
"931","Arm16q",-28.3416980435487,-1.74486551143266,0.0817575330984003,"ALL",-0.477395885257907,1,"HNSC.TCGAdef.HPVneg"
"932","Arm17p",6.86170143192889,0.495705432745584,0.620367848507322,"ALL",0.126045778559549,-1,"HNSC.TCGAdef.HPVneg"
"933","Arm17q",-14.2834867495698,-0.652363576782269,0.514532227059734,"ALL",-0.165418416284379,1,"HNSC.TCGAdef.HPVneg"
"934","Arm18p",-19.0055113173723,-2.42794697790725,0.0156140494088553,"ALL",-1.03879863398897,1,"HNSC.TCGAdef.HPVneg"
"935","Arm18q",15.7302730472966,1.70274150950964,0.0893743596492303,"ALL",0.477395885257907,-1,"HNSC.TCGAdef.HPVneg"
"936","Arm19p",9.75144120962503,0.535425351787223,0.592646061568163,"ALL",0.126045778559549,-1,"HNSC.TCGAdef.HPVneg"
"937","Arm19q",37.5814788678078,2.35996325899154,0.0187444206099213,"ALL",1.01743410935048,-1,"HNSC.TCGAdef.HPVneg"
"938","Arm20p",-1.87505217780462,-0.174070445796043,0.861896014581251,"ALL",-0.0428258777740289,1,"HNSC.TCGAdef.HPVneg"
"939","Arm20q",-7.22899696993281,-0.65929214768523,0.510078306604328,"ALL",-0.165418416284379,1,"HNSC.TCGAdef.HPVneg"
"940","Arm21q",11.7413469641649,0.841029512185083,0.400821629134915,"ALL",0.182205003063936,-1,"HNSC.TCGAdef.HPVneg"
"941","Arm22q",-0.58679560473907,-0.0431410248121891,0.965610118480557,"ALL",-0.0151981919814952,1,"HNSC.TCGAdef.HPVneg"
"942","ArmXp",14.9275731131666,0.990326118180461,0.322598826278555,"ALL",0.240281196349299,-1,"HNSC.TCGAdef.HPVneg"
"943","ArmXq",20.9553193147742,1.1030413030156,0.27065624067841,"ALL",0.277017392691112,1,"HNSC.TCGAdef.HPVneg"
"944","Arm1p",4.21293530700296,0.488730089713716,0.6261474331815,"ALL",0.0817381779224397,1,"HNSC.TCGAdef.HPVpos"
"945","Arm1q",-4.16495086828933,-0.589872060107942,0.556662270691855,"ALL",-0.104022354371315,1,"HNSC.TCGAdef.HPVpos"
"946","Arm2p",-9.18509165849423,-1.00807496800666,0.315952609272345,"ALL",-0.209813491709011,-1,"HNSC.TCGAdef.HPVpos"
"947","Arm2q",-10.6504714034551,-1.44254547469646,0.152403348496679,"ALL",-0.412917361245482,-1,"HNSC.TCGAdef.HPVpos"
"948","Arm3p",9.61614564745151,3.0413925139109,0.00303616542496447,"ALL",1.68304196333374,1,"HNSC.TCGAdef.HPVpos"
"949","Arm3q",2.44749901974723,0.693350277456769,0.489763897699975,"ALL",0.104022354371315,1,"HNSC.TCGAdef.HPVpos"
"950","Arm4p",2.69789037363761,0.405385548269966,0.686096152819342,"ALL",0.078078309517487,-1,"HNSC.TCGAdef.HPVpos"
"951","Arm4q",4.20310619744567,0.5965556991353,0.552208251807661,"ALL",0.104022354371315,-1,"HNSC.TCGAdef.HPVpos"
"952","Arm5p",-6.39541486430038,-1.24352666365191,0.216701993477631,"ALL",-0.330106837747827,1,"HNSC.TCGAdef.HPVpos"
"953","Arm5q",3.59547820139354,0.697782396917821,0.48699992300033,"ALL",0.104022354371315,1,"HNSC.TCGAdef.HPVpos"
"954","Arm6p",-10.1801766446124,-1.41524861951838,0.160231428083794,"ALL",-0.412917361245482,-1,"HNSC.TCGAdef.HPVpos"
"955","Arm6q",-10.4838925187926,-1.42088610152198,0.15858993469117,"ALL",-0.412917361245482,-1,"HNSC.TCGAdef.HPVpos"
"956","Arm7p",-20.6281168241003,-2.27844507026657,0.0249167259942894,"ALL",-0.944967676370737,1,"HNSC.TCGAdef.HPVpos"
"957","Arm7q",-21.8778476446073,-2.42792168671366,0.0170488904774878,"ALL",-1.05861000941781,-1,"HNSC.TCGAdef.HPVpos"
"958","Arm8p",5.57764558424903,1.34196357179666,0.182773202748288,"ALL",0.380576126305511,1,"HNSC.TCGAdef.HPVpos"
"959","Arm8q",-4.45573121579636,-0.944020708110148,0.347528892374225,"ALL",-0.188647907904137,1,"HNSC.TCGAdef.HPVpos"
"960","Arm9p",24.105342015659,4.06299350821961,9.90484713468826e-05,"ALL",2.86848962070726,-1,"HNSC.TCGAdef.HPVpos"
"961","Arm9q",2.5697634567241,0.368662542486628,0.713191039552073,"ALL",0.078078309517487,1,"HNSC.TCGAdef.HPVpos"
"962","Arm10p",5.90182767529734,0.869068205083842,0.386977430913915,"ALL",0.161258342225627,-1,"HNSC.TCGAdef.HPVpos"
"963","Arm10q",4.47344635622318,0.624305485855604,0.533907838412165,"ALL",0.104022354371315,-1,"HNSC.TCGAdef.HPVpos"
"964","Arm11p",0.504341716340816,0.0736886468651691,0.941411455572889,"ALL",0.0154966558895875,-1,"HNSC.TCGAdef.HPVpos"
"965","Arm11q",-8.04108336885166,-1.85259272814501,0.0670131215326679,"ALL",-0.64023754108548,-1,"HNSC.TCGAdef.HPVpos"
"966","Arm12p",1.56078140009425,0.333999134876971,0.739108723641617,"ALL",0.0748103157954553,1,"HNSC.TCGAdef.HPVpos"
"967","Arm12q",12.3235439981946,2.10447517484227,0.0379494200783106,"ALL",0.849403684800245,1,"HNSC.TCGAdef.HPVpos"
"968","Arm13q",2.61911389874568,0.446282104662854,0.656398501318498,"ALL",0.078078309517487,-1,"HNSC.TCGAdef.HPVpos"
"969","Arm14q",-5.95909642860746,-1.18606523776368,0.238523767574208,"ALL",-0.310714478368792,-1,"HNSC.TCGAdef.HPVpos"
"970","Arm15q",-2.28347565225623,-0.254756262538447,0.799456298534751,"ALL",-0.0526231388821933,-1,"HNSC.TCGAdef.HPVpos"
"971","Arm16p",-3.63121698020852,-0.488396813351677,0.626382562565664,"ALL",-0.0817381779224397,-1,"HNSC.TCGAdef.HPVpos"
"972","Arm16q",-23.0878219055497,-4.54447669302887,1.60382135935673e-05,"ALL",-3.18206015025868,-1,"HNSC.TCGAdef.HPVpos"
"973","Arm17p",0.0629243791447815,0.00931771547256997,0.992584982135319,"ALL",0.00323229998808192,-1,"HNSC.TCGAdef.HPVpos"
"974","Arm17q",-4.58860576088822,-0.38675553895246,0.699793164507647,"ALL",-0.078078309517487,-1,"HNSC.TCGAdef.HPVpos"
"975","Arm18p",-0.722893022646804,-0.140345239366142,0.888681271079675,"ALL",-0.0295347227799463,1,"HNSC.TCGAdef.HPVpos"
"976","Arm18q",17.5103068728846,3.05782463559923,0.00288863081711453,"ALL",1.68304196333374,1,"HNSC.TCGAdef.HPVpos"
"977","Arm19p",26.9029840703208,2.95993956749643,0.00387604690510219,"ALL",1.64392515936786,1,"HNSC.TCGAdef.HPVpos"
"978","Arm19q",37.635150753792,4.09186057288329,8.91132301915765e-05,"ALL",2.86848962070726,1,"HNSC.TCGAdef.HPVpos"
"979","Arm20p",9.65590692859951,1.75496981532299,0.0824547863013129,"ALL",0.584943625128492,1,"HNSC.TCGAdef.HPVpos"
"980","Arm20q",2.87376195899705,0.605098428130432,0.546541316831527,"ALL",0.104022354371315,1,"HNSC.TCGAdef.HPVpos"
"981","Arm21q",23.6638286646519,3.07594114224719,0.00273369266521132,"ALL",1.68304196333374,-1,"HNSC.TCGAdef.HPVpos"
"982","Arm22q",-12.6647421937814,-1.64328931587914,0.103594509045119,"ALL",-0.51800744241612,1,"HNSC.TCGAdef.HPVpos"
"983","ArmXp",1.74788700365864,0.165480429601174,0.868913835207271,"ALL",0.0295347227799463,1,"HNSC.TCGAdef.HPVpos"
"984","ArmXq",-24.344332999255,-2.21047021748768,0.0294478246815259,"ALL",-0.918162924418689,1,"HNSC.TCGAdef.HPVpos"
"985","Arm1p",3.93636911111515,0.688931858533925,0.493395622342887,"ALL",0.0111504034054933,-1,"KICH"
"986","Arm1q",5.20949555674402,0.958637436334335,0.341406044176432,"ALL",0.0111504034054933,-1,"KICH"
"987","Arm2p",3.68926026738594,0.80243212757192,0.425319769144564,"ALL",0.0111504034054933,-1,"KICH"
"988","Arm2q",3.40958472735847,0.754325353712431,0.453464288866001,"ALL",0.0111504034054933,-1,"KICH"
"989","Arm3p",-14.1542604019487,-2.48056949293388,0.0158006768383343,"ALL",-0.652381380251808,-1,"KICH"
"990","Arm3q",-9.7846317696164,-1.56296351142958,0.123070886931898,"ALL",-0.0111504034054933,-1,"KICH"
"991","Arm4p",-1.45903694138464,-0.222032496969476,0.825006775981848,"ALL",-0.00231691474357148,1,"KICH"
"992","Arm4q",0.311639365357683,0.0482257801474638,0.961688864863755,"ALL",0.00231691474357148,1,"KICH"
"993","Arm5p",6.39520179895705,1.13393038423055,0.261120220824828,"ALL",0.0111504034054933,-1,"KICH"
"994","Arm5q",6.39520179895705,1.13393038423055,0.261120220824828,"ALL",0.0111504034054933,-1,"KICH"
"995","Arm6p",0.407891241591472,0.0802765754143387,0.936271757525452,"ALL",0.00231691474357148,-1,"KICH"
"996","Arm6q",0.0823389814918796,0.0161562494460035,0.987160795986524,"ALL",0.00231691474357148,-1,"KICH"
"997","Arm7p",-2.74409452323669,-0.458792304292701,0.647962261170268,"ALL",-0.00231691474357148,1,"KICH"
"998","Arm7q",-1.03814585608832,-0.196905976756164,0.844534980310899,"ALL",-0.00231691474357148,1,"KICH"
"999","Arm8p",4.56472631512421,0.98733006330746,0.327257737384734,"ALL",0.0111504034054933,1,"KICH"
"1000","Arm8q",4.10389101292258,0.904003863022462,0.369437254455667,"ALL",0.0111504034054933,1,"KICH"
"1001","Arm9p",3.67756970063693,0.608436860705386,0.545085283411876,"ALL",0.00231691474357148,-1,"KICH"
"1002","Arm9q",4.56715946499931,0.790167217125225,0.432394375281562,"ALL",0.0111504034054933,-1,"KICH"
"1003","Arm10p",1.70718035898351,0.406107516655033,0.686039742861551,"ALL",0.00231691474357148,-1,"KICH"
"1004","Arm10q",1.76202674306013,0.379365956254993,0.705691852438302,"ALL",0.00231691474357148,-1,"KICH"
"1005","Arm11p",12.9687239180474,2.46855662625193,0.0162913103749704,"ALL",0.652381380251808,1,"KICH"
"1006","Arm11q",14.0020419100628,2.83551787110762,0.00614338452190836,"ALL",0.652381380251808,1,"KICH"
"1007","Arm12p",-1.87912575376042,-0.263719281971602,0.792856941947076,"ALL",-0.00231691474357148,1,"KICH"
"1008","Arm12q",4.55954967640718,0.583009870803661,0.561967836094798,"ALL",0.00231691474357148,1,"KICH"
"1009","Arm13q",-1.82512774748257,-0.394374560293289,0.694636395015576,"ALL",-0.00231691474357148,-1,"KICH"
"1010","Arm14q",-0.451354833752351,-0.0629664125678694,0.949992603745216,"ALL",-0.00231691474357148,1,"KICH"
"1011","Arm15q",3.75577574611736,0.541203434353977,0.590276078705374,"ALL",0.00231691474357148,1,"KICH"
"1012","Arm16p",-0.0398293972164998,-0.00687695496638862,0.994534757386589,"ALL",-0.00231691474357148,1,"KICH"
"1013","Arm16q",0.336057859321117,0.0619433093919624,0.950804079843044,"ALL",0.00231691474357148,1,"KICH"
"1014","Arm17p",4.36692485489055,0.79906812795877,0.427253261711302,"ALL",0.0111504034054933,-1,"KICH"
"1015","Arm17q",4.11648230692752,0.754777527881208,0.453194830375537,"ALL",0.0111504034054933,-1,"KICH"
"1016","Arm18p",-5.18323265940117,-1.01225207659965,0.315289523121661,"ALL",-0.0111504034054933,1,"KICH"
"1017","Arm18q",-6.05923223271439,-1.19974705775172,0.234730100603227,"ALL",-0.0111504034054933,1,"KICH"
"1018","Arm19p",-10.2690541955114,-1.09905387630883,0.275926928337626,"ALL",-0.0111504034054933,1,"KICH"
"1019","Arm19q",-3.42012657944313,-0.426393864792842,0.671274324473477,"ALL",-0.00231691474357148,1,"KICH"
"1020","Arm20p",0.974011282166416,0.152990796892975,0.878894496719449,"ALL",0.00231691474357148,1,"KICH"
"1021","Arm20q",1.12834985364031,0.176467226376345,0.860492952192629,"ALL",0.00231691474357148,1,"KICH"
"1022","Arm21q",2.91587643493602,0.6796560621267,0.499212021022345,"ALL",0.0111504034054933,-1,"KICH"
"1023","Arm22q",0.0352628562218396,0.00669505813466686,0.994679311920815,"ALL",0.00231691474357148,1,"KICH"
"1024","ArmXp",5.71954149783429,0.714006052300968,0.477860502391017,"ALL",0.0111504034054933,-1,"KICH"
"1025","ArmXq",6.55967416206306,0.797780361592237,0.427994804065393,"ALL",0.0111504034054933,-1,"KICH"
"1026","Arm1p",125.155127150055,5.52364602683214,4.3781323094621e-08,"ALL",6.59102530125653,-1,"KIPAN"
"1027","Arm1q",121.957469631011,5.82426120672969,8.0509251327971e-09,"ALL",7.18034035954859,-1,"KIPAN"
"1028","Arm2p",105.306787357981,4.93895296083187,9.40563055060616e-07,"ALL",5.50252221290561,1,"KIPAN"
"1029","Arm2q",92.3534976009813,4.44161454677249,1.00706818280702e-05,"ALL",4.56024852719999,1,"KIPAN"
"1030","Arm3p",-151.387381680852,-10.6781791548275,4.17095079346262e-25,"ALL",-22.7669810769669,-1,"KIPAN"
"1031","Arm3q",-108.290290764868,-5.76396755896975,1.13784371620919e-08,"ALL",-7.10928477822082,1,"KIPAN"
"1032","Arm4p",-32.9036572673819,-1.2503123426362,0.211519355593595,"ALL",-0.580379968454782,-1,"KIPAN"
"1033","Arm4q",-23.0364147134538,-0.847119289232812,0.397160005496663,"ALL",-0.33231867959631,-1,"KIPAN"
"1034","Arm5p",139.771288879806,7.28320865037581,7.26303999551271e-13,"ALL",11.0032189622947,1,"KIPAN"
"1035","Arm5q",155.279528831008,7.96202515702741,5.23456049090277e-15,"ALL",12.9693659160409,1,"KIPAN"
"1036","Arm6p",2.52527312626161,0.138389819574811,0.889964147543807,"ALL",0.0506274886781371,-1,"KIPAN"
"1037","Arm6q",-5.11040266726709,-0.266234969730635,0.790120903226375,"ALL",-0.0915825830816678,-1,"KIPAN"
"1038","Arm7p",-65.5784789349835,-4.18194062455733,3.18100441333891e-05,"ALL",-4.11510079300877,1,"KIPAN"
"1039","Arm7q",-62.0280989732965,-3.96818665932828,7.8347293717737e-05,"ALL",-3.74846464877554,1,"KIPAN"
"1040","Arm8p",-33.5399912431958,-1.82419734930337,0.0684627820488277,"ALL",-1.00309105829293,-1,"KIPAN"
"1041","Arm8q",19.2108284951449,0.894870384716567,0.371102187474524,"ALL",0.349201546002529,1,"KIPAN"
"1042","Arm9p",-91.8472406234515,-3.82596075553627,0.000139510131561124,"ALL",-3.5213639959689,-1,"KIPAN"
"1043","Arm9q",-92.9835435020293,-3.78241580068337,0.000165861198505186,"ALL",-3.46850133969519,-1,"KIPAN"
"1044","Arm10p",64.5846279882495,2.88333462472611,0.00403121957003014,"ALL",2.12420237041593,-1,"KIPAN"
"1045","Arm10q",49.0729956591526,2.18580197226334,0.0290941995299565,"ALL",1.32134973902246,-1,"KIPAN"
"1046","Arm11p",108.487701186801,3.26231799075811,0.00114778852328971,"ALL",2.64957356008179,1,"KIPAN"
"1047","Arm11q",89.8837287938379,2.82310819277036,0.00486384916419551,"ALL",2.08044728669045,1,"KIPAN"
"1048","Arm12p",42.9123492582547,1.82389645779679,0.0685083113115392,"ALL",1.00309105829293,1,"KIPAN"
"1049","Arm12q",42.3123049196733,1.71369067956966,0.0869393264087331,"ALL",0.925121126972617,1,"KIPAN"
"1050","Arm13q",-9.09815207211231,-0.406474402912226,0.684493342705684,"ALL",-0.120048638749049,-1,"KIPAN"
"1051","Arm14q",-128.857552737738,-6.68278680369331,4.16709393414982e-11,"ALL",-9.36944284422459,-1,"KIPAN"
"1052","Arm15q",-9.74867440985502,-0.319499329949872,0.749424076681165,"ALL",-0.103553108784366,-1,"KIPAN"
"1053","Arm16p",-110.391398131063,-5.45269792940842,6.45471139952243e-08,"ALL",-6.48523125059284,1,"KIPAN"
"1054","Arm16q",-101.399835274202,-5.19235830464341,2.58283173125836e-07,"ALL",-5.97512003000915,1,"KIPAN"
"1055","Arm17p",-74.1085836858999,-5.06498895873977,4.98078010181076e-07,"ALL",-5.73131146010066,1,"KIPAN"
"1056","Arm17q",-78.4710897357598,-5.43304971699317,7.18170235928234e-08,"ALL",-6.48523125059284,1,"KIPAN"
"1057","Arm18p",-40.86963738909,-1.81263678199803,0.0702300670242052,"ALL",-1.00309105829293,-1,"KIPAN"
"1058","Arm18q",-31.3358335453934,-1.40249888819608,0.161120603517747,"ALL",-0.685215041628362,-1,"KIPAN"
"1059","Arm19p",203.876702715373,4.92728561635495,9.96867145079982e-07,"ALL",5.50252221290561,1,"KIPAN"
"1060","Arm19q",208.772889329182,4.89216324689039,1.18666895204788e-06,"ALL",5.45901459930572,1,"KIPAN"
"1061","Arm20p",-17.0701418707166,-0.728624625964003,0.466426046342026,"ALL",-0.274735849580532,1,"KIPAN"
"1062","Arm20q",-8.58625780406202,-0.357291010554662,0.720960015964029,"ALL",-0.109088560236869,1,"KIPAN"
"1063","Arm21q",43.5978194388044,2.11376557379491,0.0348174137539645,"ALL",1.26039298277237,-1,"KIPAN"
"1064","Arm22q",102.771304120291,4.37631729533293,1.35248418733226e-05,"ALL",4.46020392971358,-1,"KIPAN"
"1065","ArmXp",111.074232023155,2.82721867512918,0.00480241380805577,"ALL",2.08044728669045,-1,"KIPAN"
"1066","ArmXq",59.6705004955037,1.51781334641479,0.129422249227042,"ALL",0.766568893966435,-1,"KIPAN"
"1067","Arm1p",141.096049026008,6.14666249979032,1.62313787882746e-09,"ALL",7.17686073037296,-1,"KIRC"
"1068","Arm1q",110.534790547501,5.15058031937622,3.74746269709734e-07,"ALL",5.29060007950174,1,"KIRC"
"1069","Arm2p",30.2307866539755,1.14458523653984,0.252930820711717,"ALL",0.306433684788925,1,"KIRC"
"1070","Arm2q",33.3783762129957,1.30926803310153,0.191047328237094,"ALL",0.336524096122728,1,"KIRC"
"1071","Arm3p",-51.053820655261,-4.49115105281298,8.81285109160219e-06,"ALL",-4.04415970258231,-1,"KIRC"
"1072","Arm3q",-12.8923569838491,-0.885866548912231,0.3761169976677,"ALL",-0.230009834688368,-1,"KIRC"
"1073","Arm4p",-14.0498832669682,-0.554002588122391,0.579825743881624,"ALL",-0.115280343278162,-1,"KIRC"
"1074","Arm4q",0.571715448353327,0.0189762510706713,0.984867651185672,"ALL",0.00345138694577546,-1,"KIRC"
"1075","Arm5p",24.5058142827103,1.61016213697376,0.107996103948053,"ALL",0.499936090734349,1,"KIRC"
"1076","Arm5q",18.5494772322572,1.17723956713562,0.239662227505593,"ALL",0.308646547457715,1,"KIRC"
"1077","Arm6p",-20.824300033492,-0.980132974482425,0.327496386904641,"ALL",-0.2522208719802,-1,"KIRC"
"1078","Arm6q",-30.0848249866724,-1.91013039223178,0.056690536540026,"ALL",-0.613518295722553,-1,"KIRC"
"1079","Arm7p",4.81081941809737,0.236627315963456,0.813043224870102,"ALL",0.00886371390975636,1,"KIRC"
"1080","Arm7q",4.51934575863406,0.227240058580993,0.820330335793228,"ALL",0.00886371390975636,1,"KIRC"
"1081","Arm8p",-2.41791165029462,-0.176070768813465,0.860309918963,"ALL",-0.00886371390975636,-1,"KIRC"
"1082","Arm8q",21.474921572527,1.22959867237006,0.219428026894631,"ALL",0.308646547457715,-1,"KIRC"
"1083","Arm9p",-28.5363524598894,-1.71793347683264,0.0864303556445648,"ALL",-0.499936090734349,-1,"KIRC"
"1084","Arm9q",-30.6601253002861,-1.88963106896545,0.0593878834514175,"ALL",-0.613518295722553,-1,"KIRC"
"1085","Arm10p",26.8020509440607,1.02281468061758,0.306892062346741,"ALL",0.261958323591974,-1,"KIRC"
"1086","Arm10q",35.3494558209285,1.61714423397891,0.106480361699124,"ALL",0.499936090734349,-1,"KIRC"
"1087","Arm11p",-3.49135851713688,-0.0851081192012933,0.932209639267636,"ALL",-0.00345138694577546,1,"KIRC"
"1088","Arm11q",4.65610387195926,0.123983614482099,0.901378274238721,"ALL",0.00345138694577546,1,"KIRC"
"1089","Arm12p",62.7489502877463,2.52900646519621,0.0117462060234595,"ALL",1.0954697797496,1,"KIRC"
"1090","Arm12q",69.8904351583268,2.71224064373549,0.00691418578391504,"ALL",1.24644510277653,1,"KIRC"
"1091","Arm13q",-8.58759931686806,-0.389545491373915,0.697039194884377,"ALL",-0.0491089222060156,-1,"KIRC"
"1092","Arm14q",-70.4136516562213,-5.9188465446869,6.0403148604749e-09,"ALL",-6.90718656148159,-1,"KIRC"
"1093","Arm15q",-21.2868070855573,-0.674218124826315,0.500485483749002,"ALL",-0.164945912426612,-1,"KIRC"
"1094","Arm16p",-20.7699903730323,-0.832556416885224,0.405494022700785,"ALL",-0.228853949379501,1,"KIRC"
"1095","Arm16q",-0.237541531677815,-0.00992589995487098,0.992084382677967,"ALL",-0.00345138694577546,1,"KIRC"
"1096","Arm17p",38.5907424617426,1.52278867368919,0.128446301834775,"ALL",0.454585797555077,-1,"KIRC"
"1097","Arm17q",48.3941652844122,1.63462630973915,0.102759330628721,"ALL",0.499936090734349,1,"KIRC"
"1098","Arm18p",-49.1322782432501,-2.44986388674179,0.0146342614760614,"ALL",-1.06694337281882,-1,"KIRC"
"1099","Arm18q",-45.7774152767769,-2.27845808711618,0.0231219335373706,"ALL",-0.926281981773748,-1,"KIRC"
"1100","Arm19p",-35.7471370113928,-0.864432889412299,0.387766308964524,"ALL",-0.230009834688368,1,"KIRC"
"1101","Arm19q",-45.1024215769182,-0.952139959854118,0.341487891136511,"ALL",-0.251780843366173,1,"KIRC"
"1102","Arm20p",4.52468994637924,0.180657906282085,0.85670959575042,"ALL",0.00886371390975636,1,"KIRC"
"1103","Arm20q",35.3153035243365,1.11431420144371,0.265681909873688,"ALL",0.305276839543524,1,"KIRC"
"1104","Arm21q",-1.17413487108359,-0.0600008113877822,0.952179058525678,"ALL",-0.00345138694577546,-1,"KIRC"
"1105","Arm22q",-36.2870583179547,-1.31939816186101,0.187642306730919,"ALL",-0.336524096122728,-1,"KIRC"
"1106","ArmXp",35.9071935485206,0.811267352141944,0.417599713268347,"ALL",0.228853949379501,-1,"KIRC"
"1107","ArmXq",54.2686245754471,1.18829484527563,0.23528364276085,"ALL",0.308646547457715,-1,"KIRC"
"1108","Arm1p",-24.6852119408574,-1.5048713315929,0.133476345622921,"ALL",-0.517084340553092,-1,"KIRP"
"1109","Arm1q",-22.9008353913603,-1.4657407258975,0.143833039389788,"ALL",-0.508111086443985,-1,"KIRP"
"1110","Arm2p",33.5621859839912,1.66769610052281,0.0964860968530694,"ALL",0.606871387670104,1,"KIRP"
"1111","Arm2q",33.8668432170273,1.73351682351848,0.0840968613150092,"ALL",0.613932812315728,1,"KIRP"
"1112","Arm3p",-21.9996681179529,-2.08046640091581,0.0383854606723307,"ALL",-0.844442071401038,1,"KIRP"
"1113","Arm3q",-18.9687975253989,-1.56343325860217,0.119072193649421,"ALL",-0.541854710014974,1,"KIRP"
"1114","Arm4p",-20.9639286464323,-1.21036977002394,0.227150552765759,"ALL",-0.366603657183289,-1,"KIRP"
"1115","Arm4q",-14.4490803984271,-0.83685982525087,0.403379972397616,"ALL",-0.243899809258647,-1,"KIRP"
"1116","Arm5p",-12.0624162169924,-0.739303807454191,0.46033747738859,"ALL",-0.211697784397081,1,"KIRP"
"1117","Arm5q",-10.1800695648649,-0.604191571306671,0.54620204189409,"ALL",-0.181341740971243,1,"KIRP"
"1118","Arm6p",11.6627471335326,1.16424983964294,0.245306798806147,"ALL",0.366603657183289,-1,"KIRP"
"1119","Arm6q",1.17764861043122,0.0885521340177663,0.929500702948146,"ALL",0.0288587109558656,-1,"KIRP"
"1120","Arm7p",-5.05698198950323,-0.624149143536185,0.53303422799872,"ALL",-0.181341740971243,1,"KIRP"
"1121","Arm7q",-5.1651655893181,-0.634467273035322,0.526290285030287,"ALL",-0.181341740971243,1,"KIRP"
"1122","Arm8p",-1.16682015342489,-0.0807349112763081,0.935710039226193,"ALL",-0.0288587109558656,1,"KIRP"
"1123","Arm8q",-16.9488929553536,-1.08756646178439,0.277715198715291,"ALL",-0.358589842910409,1,"KIRP"
"1124","Arm9p",-16.9760645271013,-1.01737323856731,0.309847951783985,"ALL",-0.327431277800265,-1,"KIRP"
"1125","Arm9q",-19.9735145139845,-1.164785467789,0.245090223557146,"ALL",-0.366603657183289,-1,"KIRP"
"1126","Arm10p",3.85099197985071,0.201602357551388,0.840372948263892,"ALL",0.030945803395362,-1,"KIRP"
"1127","Arm10q",-5.25376727954676,-0.270556110018856,0.7869303670829,"ALL",-0.047582339299146,-1,"KIRP"
"1128","Arm11p",2.88646758598547,0.140155434559805,0.888637234783021,"ALL",0.0288587109558656,-1,"KIRP"
"1129","Arm11q",-22.4448642294626,-1.12356875583537,0.262151589173884,"ALL",-0.366603657183289,-1,"KIRP"
"1130","Arm12p",30.7360227143047,2.65814531191183,0.00830575805148122,"ALL",1.31293490742808,1,"KIRP"
"1131","Arm12q",30.6813770611516,2.57944144965987,0.0104026373793119,"ALL",1.27316267038947,1,"KIRP"
"1132","Arm13q",-25.2422136622329,-1.92358967624766,0.0554125906419678,"ALL",-0.722788934616271,1,"KIRP"
"1133","Arm14q",-47.114429528571,-3.62385151840731,0.000344210712619062,"ALL",-2.2069595453759,-1,"KIRP"
"1134","Arm15q",-60.0651974019976,-3.54098334666627,0.000466217748856151,"ALL",-2.2069595453759,-1,"KIRP"
"1135","Arm16p",-34.7437755685719,-3.26522121858859,0.00122876500965438,"ALL",-1.99671731173417,1,"KIRP"
"1136","Arm16q",-25.2929994425287,-2.53633197163809,0.0117417307964038,"ALL",-1.27172653366794,1,"KIRP"
"1137","Arm17p",-11.7731332180528,-1.23041967633133,0.219565351787232,"ALL",-0.366603657183289,1,"KIRP"
"1138","Arm17q",-18.7345887923558,-1.72973192627695,0.0847723674143893,"ALL",-0.613932812315728,1,"KIRP"
"1139","Arm18p",-33.3928329018186,-2.67566395249571,0.00789422908109282,"ALL",-1.31293490742808,-1,"KIRP"
"1140","Arm18q",-26.9556377901048,-2.10867879531656,0.0358541265588957,"ALL",-0.844442071401038,-1,"KIRP"
"1141","Arm19p",31.299044189699,0.98880964839238,0.323603933236281,"ALL",0.324360383028257,-1,"KIRP"
"1142","Arm19q",-36.4044600041657,-1.12456087562816,0.261731452123468,"ALL",-0.366603657183289,-1,"KIRP"
"1143","Arm20p",-41.7262264800612,-3.46819508723729,0.000605782313177974,"ALL",-2.2069595453759,1,"KIRP"
"1144","Arm20q",-45.83129859344,-3.87988533539733,0.000130150454130759,"ALL",-2.27277045545938,1,"KIRP"
"1145","Arm21q",-22.0589297245528,-1.70660233204146,0.088996840726046,"ALL",-0.613932812315728,-1,"KIRP"
"1146","Arm22q",9.97917167078887,0.732639245616918,0.46438699900986,"ALL",0.211697784397081,-1,"KIRP"
"1147","ArmXp",13.5892964721479,0.507235643814348,0.612385917309382,"ALL",0.144258992712659,1,"KIRP"
"1148","ArmXq",2.5165097147846,0.0906480403573457,0.927836610734827,"ALL",0.0288587109558656,1,"KIRP"
"1149","Arm1p",39.7043685390064,1.15230047210788,0.250884803481337,"ALL",0.277752164188385,1,"LAML"
"1150","Arm1q",21.6367359118666,0.504046760410981,0.61490912692907,"ALL",0.113065146350941,1,"LAML"
"1151","Arm2p",-35.1827692159585,-0.650955857760809,0.515991581872674,"ALL",-0.113065146350941,1,"LAML"
"1152","Arm3p",12.9728125248121,0.372591973265158,0.709936166900959,"ALL",0.113065146350941,-1,"LAML"
"1153","Arm3q",12.9728125248121,0.372591973265158,0.709936166900959,"ALL",0.113065146350941,-1,"LAML"
"1154","Arm4p",-32.3661283831557,-1.12140367886435,0.263765408942666,"ALL",-0.277752164188385,1,"LAML"
"1155","Arm4q",-32.3661283831557,-1.12140367886435,0.263765408942666,"ALL",-0.277752164188385,1,"LAML"
"1156","Arm5p",-62.0541741538413,-1.53431987753794,0.126889690701741,"ALL",-0.358182749766031,-1,"LAML"
"1157","Arm5q",-41.3323049603431,-2.06918042872617,0.0401076145964796,"ALL",-0.440374966202734,-1,"LAML"
"1158","Arm7p",6.01530838531021,0.454165931650626,0.65031357539733,"ALL",0.113065146350941,-1,"LAML"
"1159","Arm7q",4.67902123866773,0.38122968195001,0.703529276366343,"ALL",0.113065146350941,-1,"LAML"
"1160","Arm8p",-16.4252394512621,-1.21376421609508,0.226593538031323,"ALL",-0.277752164188385,1,"LAML"
"1161","Arm8q",-22.3929358876223,-1.55179487108817,0.122650760724856,"ALL",-0.358182749766031,1,"LAML"
"1162","Arm9p",138.604599566079,2.25764159560173,0.0252954292807203,"ALL",0.440374966202734,1,"LAML"
"1163","Arm9q",24.2929345726559,0.569657467723289,0.569694288655569,"ALL",0.113065146350941,-1,"LAML"
"1164","Arm10p",-33.1662754081801,-0.959240780339564,0.338858149454754,"ALL",-0.191228464270564,1,"LAML"
"1165","Arm10q",-10.8345607122976,-0.334487868318838,0.738441445947505,"ALL",-0.108202840128884,1,"LAML"
"1166","Arm11p",18.1393118984778,1.32869567845861,0.185805481020553,"ALL",0.297285918091253,1,"LAML"
"1167","Arm11q",22.3552509543384,1.65730372908983,0.0993815469114256,"ALL",0.358182749766031,1,"LAML"
"1168","Arm12p",36.4716522069367,1.58395882627061,0.115141350584914,"ALL",0.358182749766031,-1,"LAML"
"1169","Arm12q",204.220845298924,1.70213649569231,0.0906361701268195,"ALL",0.358182749766031,-1,"LAML"
"1170","Arm13q",17.1377091931427,0.631993495279611,0.528276544832215,"ALL",0.113065146350941,1,"LAML"
"1171","Arm14q",-4.06480375568162,-0.0763809398999922,0.939209702929269,"ALL",-0.0272374293983423,1,"LAML"
"1172","Arm15q",-35.1339912094533,-0.743740647557387,0.458104127578089,"ALL",-0.113065146350941,-1,"LAML"
"1173","Arm16p",134.587436046686,1.20619571017507,0.229489863952653,"ALL",0.277752164188385,-1,"LAML"
"1174","Arm16q",17.2526218618614,0.477111180204073,0.633922018618318,"ALL",0.113065146350941,-1,"LAML"
"1175","Arm17p",-23.1857902086554,-1.33665880171191,0.18319673804668,"ALL",-0.297285918091253,-1,"LAML"
"1176","Arm17q",-38.295041327888,-1.8777853571937,0.0621968114799633,"ALL",-0.404599532615429,-1,"LAML"
"1177","Arm18p",-13.04916650427,-0.585799524906193,0.558820463290575,"ALL",-0.113065146350941,-1,"LAML"
"1178","Arm18q",-18.7033644677613,-0.665156401549637,0.50689051139309,"ALL",-0.113065146350941,-1,"LAML"
"1179","Arm19p",-73.4237904243219,-2.17941301802455,0.030736028493805,"ALL",-0.440374966202734,1,"LAML"
"1180","Arm19q",-73.4237904243219,-2.17941301802455,0.030736028493805,"ALL",-0.440374966202734,1,"LAML"
"1181","Arm20p",141.355705022365,1.37412730661933,0.171288697356921,"ALL",0.297285918091253,1,"LAML"
"1182","Arm20q",-17.7920090108745,-0.388756853874294,0.697963360166849,"ALL",-0.113065146350941,-1,"LAML"
"1183","Arm21q",-11.2585420701466,-0.677777598966414,0.498873664729814,"ALL",-0.113065146350941,1,"LAML"
"1184","Arm22q",36.1307067721851,1.99479348825495,0.0477321988842061,"ALL",0.440374966202734,1,"LAML"
"1185","ArmXp",14.1636103894795,0.392252781419336,0.695383863478005,"ALL",0.113065146350941,1,"LAML"
"1186","ArmXq",14.2164922150442,0.217245056911334,0.82828906322575,"ALL",0.0702362005015753,1,"LAML"
"1187","Arm1p",45.2533773614332,3.60218003905733,0.000346524221487054,"ALL",2.54455913428515,-1,"LGG"
"1188","Arm1q",32.9164420405331,1.05527036955281,0.29180231428579,"ALL",0.38452540921616,-1,"LGG"
"1189","Arm2p",68.3638658036538,1.3528096394464,0.176717050161584,"ALL",0.421980275816501,-1,"LGG"
"1190","Arm2q",-1.03579524631077,-0.0185733950611246,0.985188704998869,"ALL",-0.00648057590802957,-1,"LGG"
"1191","Arm3p",3.10230476463059,0.0962864449996696,0.923330974229609,"ALL",0.0239187298811724,-1,"LGG"
"1192","Arm3q",44.7972050512041,1.20317810641568,0.22946672367411,"ALL",0.421980275816501,-1,"LGG"
"1193","Arm4p",29.2379196263169,1.10218812302638,0.270900772845158,"ALL",0.38452540921616,-1,"LGG"
"1194","Arm4q",46.5184268087453,2.33234712646298,0.0200714203966924,"ALL",1.08463803593388,-1,"LGG"
"1195","Arm5p",-31.4699918629514,-1.05557269402444,0.29166424211069,"ALL",-0.38452540921616,-1,"LGG"
"1196","Arm5q",26.3472697200659,0.792886884047847,0.428213144400492,"ALL",0.28445655335048,-1,"LGG"
"1197","Arm6p",18.2098606252837,0.57846738879313,0.563204463989662,"ALL",0.192852555657824,-1,"LGG"
"1198","Arm6q",25.3978405272344,1.19981811117704,0.230768154077449,"ALL",0.421980275816501,-1,"LGG"
"1199","Arm7p",42.4757051932765,2.68010401045225,0.00759845493368829,"ALL",1.35158889127564,1,"LGG"
"1200","Arm7q",51.0186142654328,3.6010177455585,0.000348038279694536,"ALL",2.54455913428515,1,"LGG"
"1201","Arm8p",-56.5554695582399,-2.62155108513788,0.00901500409133554,"ALL",-1.33534020211517,1,"LGG"
"1202","Arm8q",-59.885738494397,-3.04116368618155,0.00247813179277551,"ALL",-1.7712429942255,1,"LGG"
"1203","Arm9p",23.8396533322821,1.5513684794845,0.1214349242185,"ALL",0.478963796205209,-1,"LGG"
"1204","Arm9q",30.9545985782098,1.34436356750355,0.179429672595135,"ALL",0.421980275816501,-1,"LGG"
"1205","Arm10p",-69.7640371859086,-5.22297808477424,2.57121040678329e-07,"ALL",-5.27810852174674,-1,"LGG"
"1206","Arm10q",-115.053805141084,-6.83953871631047,2.28567871136432e-11,"ALL",-9.02820095995415,-1,"LGG"
"1207","Arm11p",-24.8128244548796,-1.25976013511881,0.208333210959917,"ALL",-0.421980275816501,-1,"LGG"
"1208","Arm11q",-51.8758884344768,-1.89873141006906,0.0581650433614513,"ALL",-0.663946772246937,1,"LGG"
"1209","Arm12p",-7.64489860288429,-0.382828207699286,0.702006960007777,"ALL",-0.120658321958171,1,"LGG"
"1210","Arm12q",-5.06180253740837,-0.235795882081118,0.813685908396939,"ALL",-0.0678239554595378,-1,"LGG"
"1211","Arm13q",-16.3887104590159,-0.837189879750859,0.402878742986048,"ALL",-0.287191768203863,-1,"LGG"
"1212","Arm14q",-50.2543074698716,-2.34838369686922,0.0192367680165925,"ALL",-1.08463803593388,-1,"LGG"
"1213","Arm15q",34.137629769526,1.30229820794566,0.193403426947482,"ALL",0.421980275816501,-1,"LGG"
"1214","Arm16p",25.4362000945924,0.426864336214052,0.669658634446667,"ALL",0.129564394432277,-1,"LGG"
"1215","Arm16q",-50.0708757047022,-1.25584788238309,0.209747279265328,"ALL",-0.421980275816501,-1,"LGG"
"1216","Arm17p",-36.5951859135618,-0.744170565567518,0.457116695359807,"ALL",-0.271257104231766,1,"LGG"
"1217","Arm17q",-50.0930569766627,-0.982833831302767,0.326156156917635,"ALL",-0.350911816796744,1,"LGG"
"1218","Arm18p",-19.9708603857655,-0.926903724274656,0.354415809246376,"ALL",-0.329064751113602,-1,"LGG"
"1219","Arm18q",26.7908825274903,1.05836797972593,0.290389715792399,"ALL",0.38452540921616,-1,"LGG"
"1220","Arm19p",31.9133979132409,1.20149676082455,0.230117304819647,"ALL",0.421980275816501,1,"LGG"
"1221","Arm19q",55.9104510410988,4.56652058824852,6.22654219059364e-06,"ALL",4.07009046280817,-1,"LGG"
"1222","Arm20p",49.3588320689666,1.63498500348147,0.102670430494642,"ALL",0.521898795946308,1,"LGG"
"1223","Arm20q",64.1254322129011,1.83910643916613,0.0664818250733187,"ALL",0.643694456042934,1,"LGG"
"1224","Arm21q",-52.5245183925982,-1.76753116938029,0.0777384137351367,"ALL",-0.610523821050351,-1,"LGG"
"1225","Arm22q",-31.4580920282084,-1.27977126598414,0.201208588344793,"ALL",-0.421980275816501,-1,"LGG"
"1226","ArmXp",20.753529885773,0.788514145379624,0.430763113149966,"ALL",0.28445655335048,-1,"LGG"
"1227","ArmXq",-48.2235882290762,-1.4543602882985,0.146462789793557,"ALL",-0.425608823703238,-1,"LGG"
"1228","Arm1p",6.9315621842389,0.560859394286864,0.575246217566196,"ALL",0.133293437815144,-1,"LIHC"
"1229","Arm1q",-16.892723583154,-1.99462531293594,0.0468458808857777,"ALL",-0.494695983866435,1,"LIHC"
"1230","Arm2p",8.82999621269678,0.402728172177638,0.687389933720133,"ALL",0.0814918923726507,1,"LIHC"
"1231","Arm2q",3.49767639316996,0.173261018219383,0.862544732612852,"ALL",0.0312181125307114,-1,"LIHC"
"1232","Arm3p",14.4289124093298,0.754096556922754,0.451289736271552,"ALL",0.145647650462686,-1,"LIHC"
"1233","Arm3q",35.775318149095,1.61362578727475,0.107494626955899,"ALL",0.28936695378708,-1,"LIHC"
"1234","Arm4p",-11.7731030773496,-0.80625333540231,0.42063504027391,"ALL",-0.145647650462686,-1,"LIHC"
"1235","Arm4q",-2.91275708535476,-0.201282568627291,0.840592587221334,"ALL",-0.0312181125307114,-1,"LIHC"
"1236","Arm5p",-3.68183274528134,-0.297566244791062,0.766207808636952,"ALL",-0.0469376139450334,1,"LIHC"
"1237","Arm5q",-3.54073099969737,-0.263466333909234,0.792343597549202,"ALL",-0.0446050910439483,1,"LIHC"
"1238","Arm6p",-9.5394745248398,-0.878590434571966,0.380215986230285,"ALL",-0.14801237301405,1,"LIHC"
"1239","Arm6q",10.6615111213833,1.02825186455533,0.304529481878521,"ALL",0.14801237301405,-1,"LIHC"
"1240","Arm7p",-18.0254084425327,-1.30572950655139,0.192487698054388,"ALL",-0.155845088730529,1,"LIHC"
"1241","Arm7q",-26.1478689595467,-2.00391139670347,0.0458367891742734,"ALL",-0.494695983866435,1,"LIHC"
"1242","Arm8p",3.69800339346845,0.626933532501429,0.531104646080623,"ALL",0.139157297374705,-1,"LIHC"
"1243","Arm8q",15.1814121176153,2.59537791906867,0.00983963354821599,"ALL",0.695267214390056,1,"LIHC"
"1244","Arm9p",8.53770364329171,0.666515590622657,0.505513310714543,"ALL",0.139157297374705,-1,"LIHC"
"1245","Arm9q",7.32282279034589,0.536197840504165,0.592156697058799,"ALL",0.133293437815144,-1,"LIHC"
"1246","Arm10p",-23.7204683071398,-1.58990630307649,0.112743548295407,"ALL",-0.28936695378708,1,"LIHC"
"1247","Arm10q",-0.993348373364968,-0.0647832850964159,0.948382911994743,"ALL",-0.0203695030027827,-1,"LIHC"
"1248","Arm11p",-14.9091580856076,-0.721779472697995,0.470903867163303,"ALL",-0.145647650462686,-1,"LIHC"
"1249","Arm11q",-13.4815660167304,-0.787531761555197,0.431494651872128,"ALL",-0.145647650462686,-1,"LIHC"
"1250","Arm12p",8.38147667388987,0.647441527125809,0.517763504595411,"ALL",0.139157297374705,-1,"LIHC"
"1251","Arm12q",11.8925795112945,0.726262896319246,0.46815484106639,"ALL",0.145647650462686,1,"LIHC"
"1252","Arm13q",-9.47538228702478,-0.876008885369541,0.38161589106353,"ALL",-0.14801237301405,-1,"LIHC"
"1253","Arm14q",29.5885063993747,2.11809674764295,0.0348593793550322,"ALL",0.494695983866435,-1,"LIHC"
"1254","Arm15q",1.00976782009041,0.0574984340187072,0.954180412320687,"ALL",0.0203695030027827,-1,"LIHC"
"1255","Arm16p",-12.0420161371887,-0.945649668201361,0.344968689370431,"ALL",-0.14801237301405,-1,"LIHC"
"1256","Arm16q",-14.0678043797765,-1.17964318400203,0.238929859307151,"ALL",-0.14801237301405,-1,"LIHC"
"1257","Arm17p",22.4555383002538,2.35153092052953,0.0192407634649164,"ALL",0.580115097344807,-1,"LIHC"
"1258","Arm17q",-17.1430213156813,-1.27135156764956,0.204433611357694,"ALL",-0.155845088730529,1,"LIHC"
"1259","Arm18p",13.8257184417179,0.944838848527252,0.345381965134357,"ALL",0.14801237301405,-1,"LIHC"
"1260","Arm18q",1.18067101748312,0.0739075632674502,0.94112544695598,"ALL",0.0203695030027827,-1,"LIHC"
"1261","Arm19p",-7.27573055825116,-0.556319068700949,0.578342257514485,"ALL",-0.133293437815144,1,"LIHC"
"1262","Arm19q",12.0230750338013,0.896998289842123,0.370326013430286,"ALL",0.14801237301405,1,"LIHC"
"1263","Arm20p",25.8034347298501,1.89891854844695,0.0583834481423232,"ALL",0.466024442334865,1,"LIHC"
"1264","Arm20q",20.9208582270249,1.42261313273524,0.155723964315854,"ALL",0.194860692116846,1,"LIHC"
"1265","Arm21q",-14.6181470661783,-1.03885829006223,0.299575704630387,"ALL",-0.14801237301405,-1,"LIHC"
"1266","Arm22q",-36.3168723540107,-2.6820011797514,0.00765932924934794,"ALL",-0.695267214390056,-1,"LIHC"
"1267","ArmXp",25.5049060830651,1.15996049866695,0.246842226515591,"ALL",0.14801237301405,-1,"LIHC"
"1268","ArmXq",19.5917477917187,0.90003009062225,0.368712645898885,"ALL",0.14801237301405,1,"LIHC"
"1269","Arm1p",-2.54555984871796,-0.152357190538885,0.878966556505993,"ALL",-0.0296278992819204,1,"LUAD"
"1270","Arm1q",-22.3605338210131,-1.73214250880665,0.0838636648471757,"ALL",-0.341267620023714,1,"LUAD"
"1271","Arm2p",-7.99780436817791,-0.334148364148523,0.738407431953146,"ALL",-0.0296278992819204,1,"LUAD"
"1272","Arm2q",7.64932606647222,0.298271465378769,0.76561964213243,"ALL",0.0296278992819204,1,"LUAD"
"1273","Arm3p",4.06625949295583,0.25873030977564,0.795949594281323,"ALL",0.0296278992819204,-1,"LUAD"
"1274","Arm3q",17.240906651756,1.10162359123323,0.271154300118116,"ALL",0.158119629822797,-1,"LUAD"
"1275","Arm4p",-16.9693846416499,-1.13338250201055,0.257595724428625,"ALL",-0.158119629822797,-1,"LUAD"
"1276","Arm4q",-7.72626124233367,-0.406610805207977,0.684467498128596,"ALL",-0.0296278992819204,-1,"LUAD"
"1277","Arm5p",7.76684538624427,0.828272584196692,0.407910533656982,"ALL",0.117081793724847,1,"LUAD"
"1278","Arm5q",11.4614122971145,1.00853304654811,0.313685465795477,"ALL",0.149436007211803,-1,"LUAD"
"1279","Arm6p",-23.6541359437302,-1.6850593531576,0.0925998553048423,"ALL",-0.341267620023714,1,"LUAD"
"1280","Arm6q",16.5078696998726,1.1843590738259,0.236832517760322,"ALL",0.158119629822797,-1,"LUAD"
"1281","Arm7p",-1.55490642257943,-0.140285720240936,0.888490627786694,"ALL",-0.0296278992819204,1,"LUAD"
"1282","Arm7q",8.79116710580486,0.698082425749923,0.485449516751486,"ALL",0.062799906199495,1,"LUAD"
"1283","Arm8p",-13.3396626047243,-1.57545968525797,0.11578159640929,"ALL",-0.341267620023714,-1,"LUAD"
"1284","Arm8q",-7.90347364100665,-0.824961747535085,0.409785918259758,"ALL",-0.117081793724847,1,"LUAD"
"1285","Arm9p",30.0378823891438,2.57652482728804,0.0102650445264415,"ALL",0.9779152970686,-1,"LUAD"
"1286","Arm9q",31.8338665480429,2.43847899120195,0.0150955708491495,"ALL",0.907336606809137,-1,"LUAD"
"1287","Arm10p",-0.0789871258975974,-0.00502361513208043,0.995993751563026,"ALL",-0.00174338614478586,1,"LUAD"
"1288","Arm10q",-19.3965763951701,-1.14901715676686,0.251097162017365,"ALL",-0.158119629822797,-1,"LUAD"
"1289","Arm11p",1.36268092584769,0.0796701516035231,0.936531412088187,"ALL",0.0177537860333529,-1,"LUAD"
"1290","Arm11q",-3.21394598152493,-0.191508839231084,0.848204544709683,"ALL",-0.0296278992819204,1,"LUAD"
"1291","Arm12p",12.2855038242729,0.978096275014183,0.328498761871759,"ALL",0.149436007211803,1,"LUAD"
"1292","Arm12q",8.10503187067386,0.500042635524032,0.617264612029633,"ALL",0.0296278992819204,1,"LUAD"
"1293","Arm13q",-48.6047766469262,-3.46353798273227,0.000578807852795782,"ALL",-1.92571172430177,-1,"LUAD"
"1294","Arm14q",4.59783112761147,0.366978015314199,0.713790365706478,"ALL",0.0296278992819204,1,"LUAD"
"1295","Arm15q",-58.5620466090504,-3.84071367983968,0.000138412792203743,"ALL",-2.24603991351528,-1,"LUAD"
"1296","Arm16p",2.2101676202218,0.16479049893267,0.869175349134496,"ALL",0.0296278992819204,1,"LUAD"
"1297","Arm16q",-4.22614875877472,-0.298150765668375,0.765711704443364,"ALL",-0.0296278992819204,-1,"LUAD"
"1298","Arm17p",-14.8710078223276,-1.1743784750749,0.240801367867845,"ALL",-0.158119629822797,-1,"LUAD"
"1299","Arm17q",-3.14509793925395,-0.194776605654171,0.845646796341961,"ALL",-0.0296278992819204,1,"LUAD"
"1300","Arm18p",-8.93034789674225,-0.839145617125587,0.401787815992399,"ALL",-0.117081793724847,-1,"LUAD"
"1301","Arm18q",-18.8789046622702,-1.62089212746548,0.105669947162181,"ALL",-0.341267620023714,-1,"LUAD"
"1302","Arm19p",8.15641071555081,0.575635583135305,0.565119980443033,"ALL",0.0296278992819204,-1,"LUAD"
"1303","Arm19q",16.1862778524462,1.00007434601782,0.317757300369065,"ALL",0.149436007211803,-1,"LUAD"
"1304","Arm20p",-3.97273283648761,-0.343439087047177,0.731412231507932,"ALL",-0.0296278992819204,1,"LUAD"
"1305","Arm20q",-5.64007265549349,-0.399341377821596,0.689811856937789,"ALL",-0.0296278992819204,1,"LUAD"
"1306","Arm21q",-21.3181338462922,-1.54790748264155,0.122275995819312,"ALL",-0.341267620023714,-1,"LUAD"
"1307","Arm22q",-30.9583537210548,-2.12060712630703,0.0344455721446631,"ALL",-0.628233990837714,-1,"LUAD"
"1308","ArmXp",-67.1558267242331,-2.9107890779404,0.00376569628672253,"ALL",-1.28849210789534,-1,"LUAD"
"1309","ArmXq",4.45719805331186,0.157044018389727,0.875273424045338,"ALL",0.0296278992819204,1,"LUAD"
"1310","Arm1p",4.55448563102508,0.30040791787117,0.763993434988046,"ALL",0.0616089743307456,-1,"LUSC"
"1311","Arm1q",13.6287261498254,0.906018458732749,0.365371373552024,"ALL",0.30160288014873,1,"LUSC"
"1312","Arm2p",-25.499167047669,-1.57906356269358,0.114966776773224,"ALL",-0.353834789307392,1,"LUSC"
"1313","Arm2q",-49.8722146822921,-2.53401062085547,0.0115869477889585,"ALL",-0.925307084579541,1,"LUSC"
"1314","Arm3p",-1.75636907647202,-0.220705221760287,0.825413895891352,"ALL",-0.0616089743307456,-1,"LUSC"
"1315","Arm3q",5.40991288882515,0.664971116422656,0.506381810435005,"ALL",0.189202928439954,1,"LUSC"
"1316","Arm4p",13.6375307559013,1.08627963658497,0.277889385123875,"ALL",0.302008555326965,-1,"LUSC"
"1317","Arm4q",19.8555295824793,1.41100625270214,0.158877345621253,"ALL",0.332282203545315,-1,"LUSC"
"1318","Arm5p",11.3580917664428,1.43932354143155,0.150697373878258,"ALL",0.332282203545315,1,"LUSC"
"1319","Arm5q",8.85897172782865,1.046540737131,0.295827408672423,"ALL",0.302008555326965,-1,"LUSC"
"1320","Arm6p",-15.5288490284116,-1.12379896169511,0.261648580134992,"ALL",-0.302008555326965,-1,"LUSC"
"1321","Arm6q",-20.4474941558759,-1.41298195079064,0.158295907662833,"ALL",-0.332282203545315,-1,"LUSC"
"1322","Arm7p",2.64171875182422,0.229663335455026,0.81844922373427,"ALL",0.0616089743307456,1,"LUSC"
"1323","Arm7q",-11.8206926077182,-0.933878161503685,0.350826703356039,"ALL",-0.302008555326965,1,"LUSC"
"1324","Arm8p",8.93679531802385,1.00745994825003,0.31421102807463,"ALL",0.302008555326965,-1,"LUSC"
"1325","Arm8q",1.50915581430481,0.143793288556012,0.885722819184167,"ALL",0.0419783009069401,1,"LUSC"
"1326","Arm9p",23.1590462920259,2.21316508346654,0.027346287841469,"ALL",0.678260972936241,-1,"LUSC"
"1327","Arm9q",23.0992885164252,2.12481362428129,0.0341020531923654,"ALL",0.678260972936241,-1,"LUSC"
"1328","Arm10p",14.6011942680249,1.09626687751962,0.273500489387886,"ALL",0.302008555326965,-1,"LUSC"
"1329","Arm10q",38.4772741061362,2.63196458607745,0.00875702805600287,"ALL",0.925307084579541,-1,"LUSC"
"1330","Arm11p",-13.6999505983186,-0.929935143278271,0.352862564282404,"ALL",-0.302008555326965,-1,"LUSC"
"1331","Arm11q",-14.5479498798596,-1.00114494537256,0.317250868901239,"ALL",-0.302008555326965,-1,"LUSC"
"1332","Arm12p",12.1761107871158,1.20572470327472,0.228505552413433,"ALL",0.302008555326965,1,"LUSC"
"1333","Arm12q",25.6798204817066,1.96802207723803,0.0496289244966674,"ALL",0.594571266524081,1,"LUSC"
"1334","Arm13q",-20.3886667475195,-1.57672814776237,0.115503447030481,"ALL",-0.353834789307392,-1,"LUSC"
"1335","Arm14q",-38.8994106630393,-3.28620343887164,0.0010882960236855,"ALL",-1.65149909655381,-1,"LUSC"
"1336","Arm15q",-19.5511697816013,-1.26284285167933,0.207246275505538,"ALL",-0.302008555326965,-1,"LUSC"
"1337","Arm16p",5.7607924043612,0.383186027099418,0.701748019649191,"ALL",0.085102991912438,-1,"LUSC"
"1338","Arm16q",-13.5132323075958,-0.991792813842818,0.321788103807717,"ALL",-0.302008555326965,-1,"LUSC"
"1339","Arm17p",-14.8954443989915,-1.29472453513801,0.196025031645985,"ALL",-0.302008555326965,-1,"LUSC"
"1340","Arm17q",-14.7398285320427,-1.02960109834687,0.303705245719872,"ALL",-0.302008555326965,1,"LUSC"
"1341","Arm18p",-6.89208168196284,-0.620712839176885,0.535077179696949,"ALL",-0.189202928439954,-1,"LUSC"
"1342","Arm18q",0.23173571893409,0.0200328743349794,0.984025302506997,"ALL",0.00699373429438239,-1,"LUSC"
"1343","Arm19p",2.74045639361435,0.222505925268749,0.824012775287105,"ALL",0.0616089743307456,-1,"LUSC"
"1344","Arm19q",11.7312141513199,0.961904730832357,0.336571891791263,"ALL",0.302008555326965,1,"LUSC"
"1345","Arm20p",-19.7388649202222,-1.56261652402512,0.118788401754601,"ALL",-0.353834789307392,1,"LUSC"
"1346","Arm20q",-8.20127570301064,-0.618695991320751,0.536404153312902,"ALL",-0.189202928439954,1,"LUSC"
"1347","Arm21q",-26.9663496458076,-2.10483752208875,0.0358140314259374,"ALL",-0.678260972936241,-1,"LUSC"
"1348","Arm22q",-58.3568671089965,-5.40743901804584,1.00084784634557e-07,"ALL",-5.38684808429757,1,"LUSC"
"1349","ArmXp",16.7609883430385,1.05394191894972,0.29242892109711,"ALL",0.302008555326965,-1,"LUSC"
"1350","ArmXq",14.9123144225599,0.875870618159243,0.381529526993426,"ALL",0.29704968299116,-1,"LUSC"
"1351","Arm1p",1.17394389162185,0.13621372947108,0.891978242700568,"ALL",0.00597381665808162,1,"MESO"
"1352","Arm1q",-2.76548426279429,-0.408439901405677,0.683990086385781,"ALL",-0.0241426513010264,1,"MESO"
"1353","Arm2p",-14.3635209390912,-1.0755401998872,0.285212502832781,"ALL",-0.0241426513010264,-1,"MESO"
"1354","Arm2q",-0.938841640598607,-0.0686806235222859,0.945407070513132,"ALL",-0.00597381665808162,1,"MESO"
"1355","Arm3p",11.9723651805402,1.77144086096284,0.0801142662664671,"ALL",0.0855662750892906,1,"MESO"
"1356","Arm3q",9.60414017357751,1.42720062270809,0.157228913303518,"ALL",0.0392635021683624,1,"MESO"
"1357","Arm4p",5.17900988089356,0.716209423717708,0.475848488460598,"ALL",0.0241426513010264,-1,"MESO"
"1358","Arm4q",5.2316619700787,0.800561439142768,0.425644046225173,"ALL",0.0241426513010264,-1,"MESO"
"1359","Arm5p",-3.13194185102562,-0.559745175026754,0.577142864319629,"ALL",-0.0241426513010264,1,"MESO"
"1360","Arm5q",-1.08598922177071,-0.187462492282672,0.851750105355169,"ALL",-0.00597381665808162,1,"MESO"
"1361","Arm6p",-11.7576282970329,-1.35750937749242,0.178255372513084,"ALL",-0.0392635021683624,1,"MESO"
"1362","Arm6q",-1.20139633492363,-0.20460882195317,0.838372721961705,"ALL",-0.00597381665808162,-1,"MESO"
"1363","Arm7p",8.71475055932222,1.04580678234906,0.298650374621734,"ALL",0.0241426513010264,1,"MESO"
"1364","Arm7q",-0.219262855654492,-0.0269397545085795,0.978571684674016,"ALL",-0.00597381665808162,1,"MESO"
"1365","Arm8p",3.12962281582032,0.52948408733117,0.597866290356431,"ALL",0.0241426513010264,-1,"MESO"
"1366","Arm8q",18.256288150803,2.30940068616301,0.0233761720807912,"ALL",0.319472743337298,1,"MESO"
"1367","Arm9p",-5.00472989434634,-0.929076319664688,0.355511725152046,"ALL",-0.0241426513010264,-1,"MESO"
"1368","Arm9q",-7.73549490729958,-1.38094197841789,0.170959836943441,"ALL",-0.0392635021683624,-1,"MESO"
"1369","Arm10p",3.10538928352012,0.456102504550348,0.649493304073708,"ALL",0.0241426513010264,-1,"MESO"
"1370","Arm10q",0.131144340646309,0.0171734735733244,0.986338949595295,"ALL",0.00597381665808162,-1,"MESO"
"1371","Arm11p",9.5938565292016,0.813173621012344,0.418417432365409,"ALL",0.0241426513010264,1,"MESO"
"1372","Arm11q",5.28330165240258,0.501953300408296,0.617013574651941,"ALL",0.0241426513010264,1,"MESO"
"1373","Arm12p",-1.96577961475105,-0.236498858281178,0.813621347286253,"ALL",-0.00597381665808162,1,"MESO"
"1374","Arm12q",-3.76375782642498,-0.397317317007458,0.692141271915583,"ALL",-0.0241426513010264,1,"MESO"
"1375","Arm13q",-4.16700631645776,-0.683741531102307,0.496020240402201,"ALL",-0.0241426513010264,-1,"MESO"
"1376","Arm14q",-0.62905775018319,-0.0989253213031778,0.921433259928408,"ALL",-0.00597381665808162,-1,"MESO"
"1377","Arm15q",-9.36568697687663,-1.2018951099885,0.232781636207894,"ALL",-0.0241426513010264,1,"MESO"
"1378","Arm16p",3.26396222173187,0.421895007307806,0.674179458374245,"ALL",0.0241426513010264,1,"MESO"
"1379","Arm16q",6.88842697679046,1.02802845120027,0.306887630804646,"ALL",0.0241426513010264,1,"MESO"
"1380","Arm17p",-3.43793202541491,-0.633284760321155,0.528268168710218,"ALL",-0.0241426513010264,-1,"MESO"
"1381","Arm17q",-11.5333594990734,-1.80076841192692,0.0753284459561478,"ALL",-0.0855662750892906,1,"MESO"
"1382","Arm18p",4.0466392448154,0.458775753799237,0.647580083853728,"ALL",0.0241426513010264,-1,"MESO"
"1383","Arm18q",-0.244568501341255,-0.0292036829419645,0.976771417361262,"ALL",-0.00597381665808162,-1,"MESO"
"1384","Arm19p",-11.1900736585679,-1.48364122216138,0.141646747454205,"ALL",-0.0392635021683624,1,"MESO"
"1385","Arm19q",-7.62046046825261,-1.07283308911479,0.286418469122993,"ALL",-0.0241426513010264,1,"MESO"
"1386","Arm20p",6.23123888511258,0.972583033159606,0.333552966936066,"ALL",0.0241426513010264,-1,"MESO"
"1387","Arm20q",4.10224781532144,0.259168230735799,0.796139517322941,"ALL",0.00597381665808162,1,"MESO"
"1388","Arm21q",6.76487480734204,0.702810405437227,0.484117143690272,"ALL",0.0241426513010264,-1,"MESO"
"1389","Arm22q",17.3076599610385,3.56973147802256,0.000594006684055148,"ALL",1.61342481137662,-1,"MESO"
"1390","ArmXp",0.584380010043461,0.0845667050959359,0.932807095024646,"ALL",0.00597381665808162,-1,"MESO"
"1391","ArmXq",3.07993376655612,0.454538217852622,0.650613943306897,"ALL",0.0241426513010264,-1,"MESO"
"1392","Arm1p",-3.61112021728018,-0.248256253157941,0.804109456873834,"ALL",-0.0434340923232351,1,"OV"
"1393","Arm1q",-7.57326742991778,-0.620736832049759,0.53525369758809,"ALL",-0.104772439106847,1,"OV"
"1394","Arm2p",-40.0040900412945,-3.5249700109193,0.000491034763742423,"ALL",-1.69610390336288,1,"OV"
"1395","Arm2q",-49.5051885635876,-3.03304778989532,0.00263697705013489,"ALL",-1.26713978884105,1,"OV"
"1396","Arm3p",4.04312112237068,0.333808977574785,0.73876167376605,"ALL",0.0501907037433642,1,"OV"
"1397","Arm3q",-1.09423457972668,-0.105674768480747,0.915912463546201,"ALL",-0.0348523717372006,1,"OV"
"1398","Arm4p",-10.4722539942332,-1.06741023686373,0.286662326575078,"ALL",-0.163176329967898,-1,"OV"
"1399","Arm4q",9.07694645110867,0.831212126477339,0.406528356829617,"ALL",0.120547979498088,-1,"OV"
"1400","Arm5p",5.05498794708415,0.593200455943137,0.55350305752148,"ALL",0.104772439106847,1,"OV"
"1401","Arm5q",13.5904608963592,1.09995146469923,0.272253104339165,"ALL",0.163176329967898,-1,"OV"
"1402","Arm6p",-13.6144253371125,-1.68927134579219,0.0922275939386757,"ALL",-0.269549531062315,-1,"OV"
"1403","Arm6q",-13.6418636297213,-1.58898517807812,0.113138511020501,"ALL",-0.269549531062315,-1,"OV"
"1404","Arm7p",-9.75153287445293,-1.01177779869996,0.312476258745607,"ALL",-0.163176329967898,1,"OV"
"1405","Arm7q",-7.80453803646925,-0.674694513771786,0.500400077386174,"ALL",-0.104772439106847,1,"OV"
"1406","Arm8p",-3.59274458875626,-0.567032444587835,0.571124805521059,"ALL",-0.104772439106847,-1,"OV"
"1407","Arm8q",15.6218397862887,2.17990113475275,0.0300579481632135,"ALL",0.386378066852429,1,"OV"
"1408","Arm9p",3.71203705872641,0.420804488057006,0.674205287911467,"ALL",0.0769379287113111,-1,"OV"
"1409","Arm9q",3.21666116800235,0.281687825519602,0.778381059227301,"ALL",0.0434340923232351,-1,"OV"
"1410","Arm10p",14.6819579935792,1.60354688772402,0.109887684546229,"ALL",0.269549531062315,1,"OV"
"1411","Arm10q",7.30678837544552,0.56659177855843,0.57142383711149,"ALL",0.104772439106847,-1,"OV"
"1412","Arm11p",10.2092079520746,0.859561101923311,0.390731354215866,"ALL",0.120547979498088,-1,"OV"
"1413","Arm11q",6.03030768668599,0.538435908363013,0.590683555419808,"ALL",0.104772439106847,-1,"OV"
"1414","Arm12p",-10.4355591407634,-1.48459034461129,0.13872372679163,"ALL",-0.269549531062315,1,"OV"
"1415","Arm12q",-10.2346262907925,-1.11855536049308,0.264242976016167,"ALL",-0.163176329967898,1,"OV"
"1416","Arm13q",-8.24947688811522,-0.850998144812963,0.395462953348342,"ALL",-0.120547979498088,-1,"OV"
"1417","Arm14q",6.42100289406325,0.53359357827599,0.594025923293684,"ALL",0.104772439106847,-1,"OV"
"1418","Arm15q",1.64942557782111,0.129018914894808,0.897430899268666,"ALL",0.0348523717372006,-1,"OV"
"1419","Arm16p",2.07901529811175,0.203838363096183,0.83862083423287,"ALL",0.0434340923232351,-1,"OV"
"1420","Arm16q",5.2670413174721,0.493836174205802,0.621790612651482,"ALL",0.0987219605099739,-1,"OV"
"1421","Arm17p",-21.3659768995378,-1.8146458670011,0.0705973876769803,"ALL",-0.269549531062315,-1,"OV"
"1422","Arm17q",-2.27212205476917,-0.218236117351474,0.827396547774965,"ALL",-0.0434340923232351,-1,"OV"
"1423","Arm18p",-0.775865301108919,-0.0968832933188266,0.922885087065256,"ALL",-0.0348523717372006,-1,"OV"
"1424","Arm18q",13.1220517943512,1.52773237989285,0.12765411269831,"ALL",0.269549531062315,-1,"OV"
"1425","Arm19p",-12.5770634901928,-1.59099473658963,0.112685408920571,"ALL",-0.269549531062315,1,"OV"
"1426","Arm19q",-9.72317475362228,-1.21418101781646,0.225652998730351,"ALL",-0.163176329967898,-1,"OV"
"1427","Arm20p",-9.74667644459012,-1.16955167987063,0.243128725730133,"ALL",-0.163176329967898,1,"OV"
"1428","Arm20q",-8.79089273352749,-0.99971960231604,0.318268321891291,"ALL",-0.163176329967898,1,"OV"
"1429","Arm21q",-7.22119106812729,-0.703894845577186,0.482055378662597,"ALL",-0.104772439106847,-1,"OV"
"1430","Arm22q",15.5266662702931,1.46411392289629,0.144231226743841,"ALL",0.269549531062315,-1,"OV"
"1431","ArmXp",-10.6778441736863,-0.760792222415844,0.447390917285074,"ALL",-0.104772439106847,-1,"OV"
"1432","ArmXq",-20.2192956995304,-1.31689517277169,0.188899303131626,"ALL",-0.19016703355877,-1,"OV"
"1433","Arm1p",8.36249821289356,0.698977538190217,0.485499317122383,"ALL",0.232506436933675,-1,"PAAD"
"1434","Arm1q",-38.5805662246142,-3.49959404383592,0.00059180139309118,"ALL",-2.3931914105157,1,"PAAD"
"1435","Arm2p",17.8655750847748,0.803000514122215,0.423069945294776,"ALL",0.27931790882248,-1,"PAAD"
"1436","Arm2q",14.2426178646081,0.614597794417406,0.539623211229688,"ALL",0.211428022002155,1,"PAAD"
"1437","Arm3p",13.5404364113052,0.958294732553068,0.339243797874379,"ALL",0.356826948726875,-1,"PAAD"
"1438","Arm3q",5.27283677831987,0.331404792891379,0.740737544310182,"ALL",0.0972145195274501,1,"PAAD"
"1439","Arm4p",33.2260687973572,2.55752291772038,0.0113952666834751,"ALL",1.40967289589694,-1,"PAAD"
"1440","Arm4q",30.2049791022694,2.16224416079052,0.0319648306478666,"ALL",1.02867177110812,-1,"PAAD"
"1441","Arm5p",53.5798040484586,4.48293745191847,1.3318323124765e-05,"ALL",3.73988785060603,1,"PAAD"
"1442","Arm5q",47.8772335391131,3.38131385714307,0.000890836791211629,"ALL",2.3405079853473,1,"PAAD"
"1443","Arm6p",15.5872313339293,1.38105397878502,0.169033490010423,"ALL",0.549630403336735,-1,"PAAD"
"1444","Arm6q",27.3925961653918,2.56790558760491,0.0110718741317935,"ALL",1.40967289589694,-1,"PAAD"
"1445","Arm7p",25.3818805911485,1.64646864060738,0.101472266990165,"ALL",0.723291461054013,1,"PAAD"
"1446","Arm7q",14.7045162026378,1.0170671047419,0.310533614937428,"ALL",0.372228779021451,1,"PAAD"
"1447","Arm8p",13.62885506444,1.49684042059806,0.136246517726946,"ALL",0.614618568175221,-1,"PAAD"
"1448","Arm8q",-18.7009630735107,-1.65614623512401,0.0994944735470574,"ALL",-0.723291461054013,1,"PAAD"
"1449","Arm9p",34.4655072606556,5.30471591140793,3.39722031609972e-07,"ALL",4.85609243068644,-1,"PAAD"
"1450","Arm9q",31.7064192664062,4.16719862654226,4.85084987082176e-05,"ALL",3.30345830077429,-1,"PAAD"
"1451","Arm10p",8.34671230042885,0.634193830570647,0.52678721519348,"ALL",0.211428022002155,-1,"PAAD"
"1452","Arm10q",25.0764273282683,1.7417388215089,0.0833213480218495,"ALL",0.745213456628594,-1,"PAAD"
"1453","Arm11p",-6.66505775768881,-0.331131343897949,0.740943718164758,"ALL",-0.0972145195274501,-1,"PAAD"
"1454","Arm11q",3.86359769322553,0.216759465039352,0.828649737487113,"ALL",0.0599097531958993,-1,"PAAD"
"1455","Arm12p",10.0507240838107,1.24215409825735,0.215851290805455,"ALL",0.484425257328549,1,"PAAD"
"1456","Arm12q",9.83426709127766,1.26437657777707,0.207785906199937,"ALL",0.484573404561089,1,"PAAD"
"1457","Arm13q",24.8066086630499,2.16293455313667,0.0319108164000697,"ALL",1.02867177110812,1,"PAAD"
"1458","Arm14q",22.6570551968473,1.9235079082631,0.0560487408969014,"ALL",0.869099203796589,1,"PAAD"
"1459","Arm15q",16.0311888089233,1.09308149402275,0.275869050469756,"ALL",0.393671194564297,-1,"PAAD"
"1460","Arm16p",-36.0689634700183,-1.65436591525027,0.0998559677905919,"ALL",-0.723291461054013,1,"PAAD"
"1461","Arm16q",-16.6898101452462,-0.950466504599947,0.343193594076211,"ALL",-0.356826948726875,1,"PAAD"
"1462","Arm17p",35.4792976745406,4.59229439347269,8.3794507785671e-06,"ALL",3.76503058471187,-1,"PAAD"
"1463","Arm17q",25.3959087014373,1.95505417256666,0.0521786613197618,"ALL",0.873843193159306,-1,"PAAD"
"1464","Arm18p",15.8636646527641,2.06517938452265,0.040388984104492,"ALL",0.957044472745109,-1,"PAAD"
"1465","Arm18q",23.246971683539,3.81984249593302,0.000185587320137853,"ALL",2.81763784697416,-1,"PAAD"
"1466","Arm19p",42.5456043124253,3.38751983579299,0.000872152899485859,"ALL",2.3405079853473,1,"PAAD"
"1467","Arm19q",41.1210521374902,2.9209834886212,0.0039519819956309,"ALL",1.74464369535055,1,"PAAD"
"1468","Arm20p",29.6912363018447,2.60347800271034,0.0100253258404627,"ALL",1.40967289589694,1,"PAAD"
"1469","Arm20q",13.7209650229309,1.03126794502088,0.30384649457961,"ALL",0.372228779021451,1,"PAAD"
"1470","Arm21q",1.78159909819882,0.131985469507416,0.895148280147349,"ALL",0.0481050184094349,-1,"PAAD"
"1471","Arm22q",2.30576197384143,0.176768610356675,0.85989573141748,"ALL",0.0548303415220724,-1,"PAAD"
"1472","ArmXp",30.2708851765391,1.37145568673385,0.171998931359254,"ALL",0.549630403336735,-1,"PAAD"
"1473","ArmXq",49.331247125368,1.75727388270416,0.0806298681702992,"ALL",0.745213456628594,1,"PAAD"
"1474","Arm1p",0.459352689846661,0.0676715854028873,0.946132091509787,"ALL",0.00892022193729447,-1,"PCPG"
"1475","Arm1q",-5.28279161724767,-0.535732244755974,0.592892215293606,"ALL",-0.00892022193729447,-1,"PCPG"
"1476","Arm2p",11.5716236823382,0.695050913295321,0.488037887860707,"ALL",0.00892022193729447,-1,"PCPG"
"1477","Arm2q",-2.32842031577489,-0.13808876559303,0.890344989555376,"ALL",-0.00892022193729447,-1,"PCPG"
"1478","Arm3p",3.77772529998511,0.418219212789127,0.676351153504509,"ALL",0.00892022193729447,-1,"PCPG"
"1479","Arm3q",-1.00403167472406,-0.131403155999174,0.895622513695561,"ALL",-0.00892022193729447,-1,"PCPG"
"1480","Arm4p",-3.82340532179016,-0.230112362155052,0.818300243496686,"ALL",-0.00892022193729447,-1,"PCPG"
"1481","Arm4q",-24.7018963492309,-1.25460012991753,0.211465044905631,"ALL",-0.00892022193729447,-1,"PCPG"
"1482","Arm5p",-5.94725822582026,-0.396177227390995,0.692505438436026,"ALL",-0.00892022193729447,1,"PCPG"
"1483","Arm5q",31.8860037649941,2.05714189022939,0.0413061031741284,"ALL",0.0722319134617223,-1,"PCPG"
"1484","Arm6p",-12.7180137138922,-0.631711426735497,0.528482652603848,"ALL",-0.00892022193729447,1,"PCPG"
"1485","Arm6q",-6.19340377654496,-0.597393397267051,0.551094571982946,"ALL",-0.00892022193729447,-1,"PCPG"
"1486","Arm7p",-0.867065880132768,-0.0616381445187452,0.950928411920689,"ALL",-0.00892022193729447,1,"PCPG"
"1487","Arm7q",-6.97221160930088,-0.625079130636526,0.532815177657557,"ALL",-0.00892022193729447,1,"PCPG"
"1488","Arm8p",-3.33677799232818,-0.336328029920959,0.73706696821515,"ALL",-0.00892022193729447,-1,"PCPG"
"1489","Arm8q",6.99915577627126,0.610933024913358,0.542116292002572,"ALL",0.00892022193729447,-1,"PCPG"
"1490","Arm9p",2.22089537761048,0.121819898946148,0.903195479835267,"ALL",0.00892022193729447,-1,"PCPG"
"1491","Arm9q",4.74017003079669,0.276339691548742,0.782646044109984,"ALL",0.00892022193729447,-1,"PCPG"
"1492","Arm10p",-23.1521516712219,-1.20087624380913,0.231585124162957,"ALL",-0.00892022193729447,1,"PCPG"
"1493","Arm10q",4.37035058340478,0.201789548041429,0.840339192967328,"ALL",0.00892022193729447,1,"PCPG"
"1494","Arm11p",7.77439617437716,0.983296704749069,0.32695530450172,"ALL",0.00892022193729447,-1,"PCPG"
"1495","Arm11q",-7.42504285505023,-0.772007679096066,0.44125580704754,"ALL",-0.00892022193729447,-1,"PCPG"
"1496","Arm12p",1.21851761288951,0.0555430813122961,0.955775541571299,"ALL",0.00892022193729447,1,"PCPG"
"1497","Arm12q",-7.85531523675754,-0.397031376832156,0.691876747694087,"ALL",-0.00892022193729447,1,"PCPG"
"1498","Arm13q",0.126456994407276,0.00775265064865569,0.993824060266348,"ALL",0.00269049328738652,-1,"PCPG"
"1499","Arm14q",-8.87113377201082,-0.686807046558441,0.493204781124598,"ALL",-0.00892022193729447,-1,"PCPG"
"1500","Arm15q",-5.58471227443133,-0.397536604302441,0.691504979377353,"ALL",-0.00892022193729447,1,"PCPG"
"1501","Arm16p",-12.3406163554727,-0.82890887977104,0.408398581333943,"ALL",-0.00892022193729447,-1,"PCPG"
"1502","Arm16q",-11.0728982395962,-0.439157451401961,0.661143677689344,"ALL",-0.00892022193729447,1,"PCPG"
"1503","Arm17p",4.40980082239888,0.559578295115447,0.576554533094126,"ALL",0.00892022193729447,-1,"PCPG"
"1504","Arm17q",-9.18906103289387,-0.698944440473009,0.485607882241853,"ALL",-0.00892022193729447,-1,"PCPG"
"1505","Arm18p",-8.02822859804784,-0.552760334264645,0.581203810218961,"ALL",-0.00892022193729447,-1,"PCPG"
"1506","Arm18q",4.52512702797575,0.226314352875611,0.821247611761235,"ALL",0.00892022193729447,1,"PCPG"
"1507","Arm19p",-8.8431910553307,-0.525885026678927,0.599700790972937,"ALL",-0.00892022193729447,1,"PCPG"
"1508","Arm19q",-15.8011606575856,-0.940833989201881,0.348217120693908,"ALL",-0.00892022193729447,1,"PCPG"
"1509","Arm20p",-25.8211046552811,-1.37569085885977,0.170852206419046,"ALL",-0.00892022193729447,1,"PCPG"
"1510","Arm20q",-48.9630959354365,-2.53272455200629,0.0122868786108632,"ALL",-0.297774575630074,1,"PCPG"
"1511","Arm21q",-10.0689074799123,-0.936343633158273,0.350516287670506,"ALL",-0.00892022193729447,-1,"PCPG"
"1512","Arm22q",-4.6476778542423,-0.608156892459354,0.543951159104746,"ALL",-0.00892022193729447,-1,"PCPG"
"1513","ArmXp",13.617611889987,0.422541470639265,0.673200696752495,"ALL",0.00892022193729447,-1,"PCPG"
"1514","ArmXq",8.81999783663753,0.281914569653495,0.778375615489481,"ALL",0.00892022193729447,-1,"PCPG"
"1515","Arm1p",23.3295524978814,0.542673083520503,0.587605219524256,"ALL",0.0276921941703152,-1,"PRAD"
"1516","Arm1q",-9.68811585380775,-0.237540958637389,0.81233787359252,"ALL",-0.0276921941703152,1,"PRAD"
"1517","Arm2p",-1.02522562360058,-0.0142449359601595,0.988640451901236,"ALL",-0.00496162361621761,1,"PRAD"
"1518","Arm2q",-15.2880892086293,-0.22276980480456,0.823808843740731,"ALL",-0.0276921941703152,-1,"PRAD"
"1519","Arm3p",-51.3984121227761,-1.35874723787386,0.174860879037179,"ALL",-0.0276921941703152,1,"PRAD"
"1520","Arm3q",-41.6745502996381,-1.29260353790148,0.196766219653794,"ALL",-0.0276921941703152,1,"PRAD"
"1521","Arm4p",5.7738125050442,0.123813076318002,0.901514784793256,"ALL",0.0151538740754727,-1,"PRAD"
"1522","Arm4q",45.2582422207758,0.890276990830853,0.373760397625206,"ALL",0.0276921941703152,-1,"PRAD"
"1523","Arm5p",-15.378760451968,-0.445092986681701,0.656451958270212,"ALL",-0.0276921941703152,1,"PRAD"
"1524","Arm5q",56.0406480949568,1.42310800288049,0.155350422521475,"ALL",0.0276921941703152,-1,"PRAD"
"1525","Arm6p",-14.980974264172,-0.342589285932015,0.73205650007024,"ALL",-0.0276921941703152,-1,"PRAD"
"1526","Arm6q",7.10931935392009,0.261427641723188,0.793874181763769,"ALL",0.0276921941703152,-1,"PRAD"
"1527","Arm7p",-1.89697822365566,-0.0825168915301419,0.934269871290635,"ALL",-0.0151538740754727,1,"PRAD"
"1528","Arm7q",-1.70417720978642,-0.0725996103111695,0.942154790162786,"ALL",-0.0151538740754727,1,"PRAD"
"1529","Arm8p",17.4551599017274,1.80842634541158,0.0711619491630457,"ALL",0.0276921941703152,-1,"PRAD"
"1530","Arm8q",11.0364918109764,0.824610471676311,0.409999813485945,"ALL",0.0276921941703152,1,"PRAD"
"1531","Arm9p",-20.5179320278235,-0.627093064158503,0.530894540681564,"ALL",-0.0276921941703152,1,"PRAD"
"1532","Arm9q",22.011582752329,0.59450797370225,0.552450784540558,"ALL",0.0276921941703152,1,"PRAD"
"1533","Arm10p",25.1751918978564,0.93421696559651,0.350658786348228,"ALL",0.0276921941703152,-1,"PRAD"
"1534","Arm10q",-15.0269598524506,-0.60157840772465,0.547737053146723,"ALL",-0.0276921941703152,-1,"PRAD"
"1535","Arm11p",56.3539049637958,1.14536955868504,0.252623298006583,"ALL",0.0276921941703152,1,"PRAD"
"1536","Arm11q",27.9292643310282,0.551011185691389,0.581880787733524,"ALL",0.0276921941703152,1,"PRAD"
"1537","Arm12p",-17.751219427322,-0.864898871672683,0.3875236489237,"ALL",-0.0276921941703152,-1,"PRAD"
"1538","Arm12q",-10.1944243671124,-0.240572382821698,0.809988633964907,"ALL",-0.0276921941703152,1,"PRAD"
"1539","Arm13q",-20.3299717403174,-1.05454678092389,0.292159874502393,"ALL",-0.0276921941703152,-1,"PRAD"
"1540","Arm14q",-72.8937935198535,-1.54298961715381,0.123488192267819,"ALL",-0.0276921941703152,-1,"PRAD"
"1541","Arm15q",-59.2824155348471,-1.08515733268371,0.278393300460082,"ALL",-0.0276921941703152,-1,"PRAD"
"1542","Arm16p",-14.1377635557443,-0.43199101509655,0.665940723958716,"ALL",-0.0276921941703152,-1,"PRAD"
"1543","Arm16q",-16.2032705004878,-1.00116167689489,0.317249947123344,"ALL",-0.0276921941703152,-1,"PRAD"
"1544","Arm17p",13.114626249371,0.634017267507123,0.526369695778502,"ALL",0.0276921941703152,-1,"PRAD"
"1545","Arm17q",156.114482692719,2.90340854609751,0.00386020850567609,"ALL",0.800605379950748,-1,"PRAD"
"1546","Arm18p",6.66244087662297,0.319762625622867,0.74928654756235,"ALL",0.0276921941703152,-1,"PRAD"
"1547","Arm18q",-10.0640250277146,-0.559015099807135,0.576410504416712,"ALL",-0.0276921941703152,-1,"PRAD"
"1548","Arm19p",21.6392676156974,0.375159653393858,0.707706417446957,"ALL",0.0276921941703152,-1,"PRAD"
"1549","Arm19q",-45.2177514521483,-0.712884490611493,0.476261495170711,"ALL",-0.0276921941703152,-1,"PRAD"
"1550","Arm20p",-11.6760708752249,-0.339059388204513,0.734712352374176,"ALL",-0.0276921941703152,-1,"PRAD"
"1551","Arm20q",-8.4032422811271,-0.179830924474397,0.857360724374445,"ALL",-0.0222542827121137,1,"PRAD"
"1552","Arm21q",-13.5585910207211,-0.447015172129736,0.655064482424806,"ALL",-0.0276921941703152,-1,"PRAD"
"1553","Arm22q",-36.1644839047526,-1.14993521874405,0.250739601455673,"ALL",-0.0276921941703152,-1,"PRAD"
"1554","ArmXp",12.2435406692447,0.602568554031663,0.547078536124514,"ALL",0.0276921941703152,-1,"PRAD"
"1555","ArmXq",12.5221708860101,0.607191770104891,0.544008983875625,"ALL",0.0276921941703152,-1,"PRAD"
"1556","Arm1p",-3.32602253781944,-0.721396533603926,0.48254021189724,"ALL",-0.00132460723333399,-1,"READ.MSI"
"1557","Arm1q",-3.71607130227449,-1.11882688787855,0.282043961243396,"ALL",-0.00132460723333399,1,"READ.MSI"
"1558","Arm2p",-9.11255198404875,-1.92659015561766,0.0745778709284353,"ALL",-0.00132460723333399,1,"READ.MSI"
"1559","Arm2q",-10.7836998245694,-3.00646689020767,0.00942985400812928,"ALL",-0.41271117418606,1,"READ.MSI"
"1560","Arm3p",1.50881168418377,0.383895810192063,0.706822999079396,"ALL",0.00132460723333399,1,"READ.MSI"
"1561","Arm3q",-1.51966061630898,-0.411723637129771,0.686776133575873,"ALL",-0.00132460723333399,1,"READ.MSI"
"1562","Arm4p",-0.83732861454192,-0.319408708865122,0.754132918972639,"ALL",-0.00132460723333399,-1,"READ.MSI"
"1563","Arm4q",-0.945280866422892,-0.322516901106051,0.751827132507306,"ALL",-0.00132460723333399,-1,"READ.MSI"
"1564","Arm5p",-1.92621924241475,-0.462715537860186,0.650678391617171,"ALL",-0.00132460723333399,1,"READ.MSI"
"1565","Arm5q",-0.15464119032675,-0.0467208770312121,0.963395616753624,"ALL",-0.00132460723333399,-1,"READ.MSI"
"1566","Arm6p",4.90109605761107,1.22133834685835,0.242126994990393,"ALL",0.00132460723333399,1,"READ.MSI"
"1567","Arm6q",4.77920469997542,1.04184797768813,0.315140355852194,"ALL",0.00132460723333399,1,"READ.MSI"
"1568","Arm7p",0.0828235821457191,0.026788738353396,0.979006349281922,"ALL",0.00132460723333399,1,"READ.MSI"
"1569","Arm7q",0.0093405840184911,0.00388553198927739,0.996954625718841,"ALL",0.00132460723333399,1,"READ.MSI"
"1570","Arm8p",-1.42510251297507,-1.05946753853219,0.307324370498033,"ALL",-0.00132460723333399,-1,"READ.MSI"
"1571","Arm8q",-0.349197368018213,-0.127422866306295,0.900417864698477,"ALL",-0.00132460723333399,1,"READ.MSI"
"1572","Arm9p",2.59086552167039,0.963532151282659,0.351629398849451,"ALL",0.00132460723333399,1,"READ.MSI"
"1573","Arm9q",0.168874411558424,0.0327559805056563,0.974331602295118,"ALL",0.00132460723333399,-1,"READ.MSI"
"1574","Arm10p",-6.68637761859325,-0.983233248665689,0.342180437648365,"ALL",-0.00132460723333399,1,"READ.MSI"
"1575","Arm10q",1.29772638190687,0.181879041768507,0.858284799384858,"ALL",0.00132460723333399,-1,"READ.MSI"
"1576","Arm11p",-0.253933298842217,-0.0645816940301545,0.949420159007606,"ALL",-0.00132460723333399,1,"READ.MSI"
"1577","Arm11q",1.35220019440941,0.310515903986974,0.760743356800154,"ALL",0.00132460723333399,1,"READ.MSI"
"1578","Arm12p",1.93964141677525,0.555628786587112,0.58723459311404,"ALL",0.00132460723333399,1,"READ.MSI"
"1579","Arm12q",5.44398850550924,1.29362445992328,0.216731698939024,"ALL",0.00132460723333399,1,"READ.MSI"
"1580","Arm13q",-1.99680243805466,-1.08705872466103,0.295372823835599,"ALL",-0.00132460723333399,1,"READ.MSI"
"1581","Arm14q",-5.47098978952043,-1.41501087162983,0.178922269812422,"ALL",-0.00132460723333399,-1,"READ.MSI"
"1582","Arm15q",-1.68730196336263,-0.439623819043577,0.666919754119379,"ALL",-0.00132460723333399,-1,"READ.MSI"
"1583","Arm16p",1.06552689843381,0.325812967275005,0.749384657992461,"ALL",0.00132460723333399,1,"READ.MSI"
"1584","Arm16q",0.227757059366561,0.0613435553387924,0.951952746213667,"ALL",0.00132460723333399,1,"READ.MSI"
"1585","Arm17p",-1.3861748498772,-0.540882078879333,0.597090367209207,"ALL",-0.00132460723333399,-1,"READ.MSI"
"1586","Arm17q",-3.25575192293198,-1.099109831127,0.290262365094318,"ALL",-0.00132460723333399,1,"READ.MSI"
"1587","Arm18p",-2.74571535017843,-0.547059417428663,0.592951653878104,"ALL",-0.00132460723333399,-1,"READ.MSI"
"1588","Arm18q",-2.62571200118038,-0.61422860448061,0.548916470884223,"ALL",-0.00132460723333399,-1,"READ.MSI"
"1589","Arm19p",3.67693338756989,0.715807558358913,0.485878656090309,"ALL",0.00132460723333399,1,"READ.MSI"
"1590","Arm19q",3.67693338756989,0.715807558358913,0.485878656090309,"ALL",0.00132460723333399,1,"READ.MSI"
"1591","Arm20p",-0.820179593017481,-0.414306861474489,0.684927264813246,"ALL",-0.00132460723333399,1,"READ.MSI"
"1592","Arm20q",0.971310888529414,0.583760923184077,0.568667786734111,"ALL",0.00132460723333399,1,"READ.MSI"
"1593","Arm21q",4.40516096804092,1.16384208846012,0.263939807384086,"ALL",0.00132460723333399,-1,"READ.MSI"
"1594","Arm22q",-2.48119816863429,-0.719677201092381,0.483565739358803,"ALL",-0.00132460723333399,-1,"READ.MSI"
"1595","ArmXp",0.780662524982855,0.121953661449352,0.904668949994751,"ALL",0.00132460723333399,1,"READ.MSI"
"1596","ArmXq",0.791851805966572,0.107788243176303,0.915693183021648,"ALL",0.00132460723333399,1,"READ.MSI"
"1597","Arm1p",0.881759339210438,0.114764450231813,0.908951277674668,"ALL",0.00689378806500811,-1,"READ.MSS"
"1598","Arm1q",-5.73234230375543,-0.718395697127125,0.474838182238086,"ALL",-0.00689378806500811,1,"READ.MSS"
"1599","Arm2p",2.48295326818053,0.228582736920587,0.81984123190179,"ALL",0.00689378806500811,1,"READ.MSS"
"1600","Arm2q",4.85359862236501,0.393395231341318,0.695190096318706,"ALL",0.00689378806500811,1,"READ.MSS"
"1601","Arm3p",2.31462272305318,0.26842466224977,0.789140050792323,"ALL",0.00689378806500811,1,"READ.MSS"
"1602","Arm3q",-13.2898673032942,-1.49915625755189,0.138205186982236,"ALL",-0.0234416496291444,1,"READ.MSS"
"1603","Arm4p",-14.2355936202876,-2.18795616051764,0.0319192772150995,"ALL",-0.0234416496291444,-1,"READ.MSS"
"1604","Arm4q",-10.0006058247682,-1.57381105728329,0.119915403883329,"ALL",-0.0234416496291444,-1,"READ.MSS"
"1605","Arm5p",2.01412872305869,0.223046408196723,0.824130970651902,"ALL",0.00689378806500811,1,"READ.MSS"
"1606","Arm5q",-9.97630018045729,-1.17146635019212,0.2452735298419,"ALL",-0.0234416496291444,-1,"READ.MSS"
"1607","Arm6p",10.1089013813845,1.56684377251146,0.121536021066738,"ALL",0.0234416496291444,1,"READ.MSS"
"1608","Arm6q",-0.22203574240951,-0.0518729373259338,0.958773586955728,"ALL",-0.00689378806500811,1,"READ.MSS"
"1609","Arm7p",4.43671762280115,0.750494819539261,0.455402424918988,"ALL",0.00689378806500811,1,"READ.MSS"
"1610","Arm7q",-1.52670764091465,-0.281355888305687,0.779244472232972,"ALL",-0.00689378806500811,1,"READ.MSS"
"1611","Arm8p",0.752279051202949,0.196719125576665,0.844601574768234,"ALL",0.00689378806500811,-1,"READ.MSS"
"1612","Arm8q",3.44608885135741,0.65673638267407,0.513444124191041,"ALL",0.00689378806500811,1,"READ.MSS"
"1613","Arm9p",5.11794292476896,0.986144262908948,0.327364722667581,"ALL",0.0234416496291444,1,"READ.MSS"
"1614","Arm9q",3.38736832953168,0.515530797275527,0.607761539556594,"ALL",0.00689378806500811,1,"READ.MSS"
"1615","Arm10p",2.71346173965552,0.61742912225981,0.538899581224184,"ALL",0.00689378806500811,-1,"READ.MSS"
"1616","Arm10q",1.75657678710451,0.387445770247474,0.699569204058982,"ALL",0.00689378806500811,-1,"READ.MSS"
"1617","Arm11p",-0.167265877397701,-0.0224044358085712,0.982187317840274,"ALL",-0.00689378806500811,-1,"READ.MSS"
"1618","Arm11q",7.55046379780313,1.05242783009801,0.296122587656618,"ALL",0.0234416496291444,-1,"READ.MSS"
"1619","Arm12p",-2.64012416166498,-0.59516555452609,0.55359885896768,"ALL",-0.00689378806500811,1,"READ.MSS"
"1620","Arm12q",-0.718321951667111,-0.151610602142995,0.879918080453217,"ALL",-0.00689378806500811,1,"READ.MSS"
"1621","Arm13q",0.32836909769057,0.081340724930988,0.935396677216222,"ALL",0.00689378806500811,1,"READ.MSS"
"1622","Arm14q",5.82845238591314,0.94734911738188,0.346629685172129,"ALL",0.0234416496291444,-1,"READ.MSS"
"1623","Arm15q",-6.6706132144904,-0.901587659725534,0.370282059941394,"ALL",-0.022803454818955,-1,"READ.MSS"
"1624","Arm16p",-12.0484740269444,-1.43836769332797,0.154662480278159,"ALL",-0.0234416496291444,1,"READ.MSS"
"1625","Arm16q",-10.2286608975377,-1.31217015764134,0.193630744392498,"ALL",-0.0234416496291444,1,"READ.MSS"
"1626","Arm17p",0.107925890552884,0.0198074209186859,0.984251786932637,"ALL",0.00689378806500811,-1,"READ.MSS"
"1627","Arm17q",-10.2378540343783,-1.34936506376913,0.181447668461484,"ALL",-0.0234416496291444,-1,"READ.MSS"
"1628","Arm18p",2.61636161336262,0.570431944601506,0.570160709314213,"ALL",0.00689378806500811,-1,"READ.MSS"
"1629","Arm18q",8.38211009048761,1.70818306358514,0.0919106818665628,"ALL",0.0234416496291444,-1,"READ.MSS"
"1630","Arm19p",0.475173297127204,0.0885428104714818,0.929691080740179,"ALL",0.00689378806500811,1,"READ.MSS"
"1631","Arm19q",-2.49559770327512,-0.503101145532058,0.616428777878684,"ALL",-0.00689378806500811,1,"READ.MSS"
"1632","Arm20p",-2.5654164387572,-0.953286943293337,0.34363420891844,"ALL",-0.0234416496291444,1,"READ.MSS"
"1633","Arm20q",-0.583440294796163,-0.159816475251518,0.873473147510839,"ALL",-0.00689378806500811,1,"READ.MSS"
"1634","Arm21q",-4.12455729236049,-0.649740763942762,0.517927311790285,"ALL",-0.00689378806500811,-1,"READ.MSS"
"1635","Arm22q",8.05348425625506,1.0801993484134,0.283658538144422,"ALL",0.0234416496291444,-1,"READ.MSS"
"1636","ArmXp",2.83829567337172,0.194146137639474,0.846608185417984,"ALL",0.00689378806500811,-1,"READ.MSS"
"1637","ArmXq",17.440899913353,1.14941495330453,0.254188774933712,"ALL",0.0234416496291444,-1,"READ.MSS"
"1638","Arm1p",-3.75920044320028,-0.42319602968759,0.673173124029836,"ALL",-0.0418540646316604,-1,"READ"
"1639","Arm1q",-10.8646207098651,-1.2579052915292,0.211716376414834,"ALL",-0.0684823861979331,1,"READ"
"1640","Arm2p",-3.62325980726363,-0.300531870648438,0.764472395423102,"ALL",-0.0418540646316604,1,"READ"
"1641","Arm2q",-9.25136066100436,-0.712649848739266,0.477926706291351,"ALL",-0.0418540646316604,1,"READ"
"1642","Arm3p",3.25753615367679,0.34276251680144,0.732585358786922,"ALL",0.0418540646316604,1,"READ"
"1643","Arm3q",-14.8618719865115,-1.55483113563002,0.123535277150938,"ALL",-0.0684823861979331,1,"READ"
"1644","Arm4p",-13.4750758261115,-1.91446753828132,0.0587730700794283,"ALL",-0.0684823861979331,-1,"READ"
"1645","Arm4q",-10.4351615378892,-1.47750123678892,0.143071415323819,"ALL",-0.0684823861979331,-1,"READ"
"1646","Arm5p",-1.43279659224015,-0.143809240567614,0.885976229368247,"ALL",-0.0418540646316604,1,"READ"
"1647","Arm5q",-10.5223664223835,-1.15794218699711,0.249985606067277,"ALL",-0.0684823861979331,-1,"READ"
"1648","Arm6p",14.1301900815086,1.87722603727729,0.0637628648336893,"ALL",0.0684823861979331,1,"READ"
"1649","Arm6q",1.32514216290239,0.255431737514226,0.798979043766239,"ALL",0.0418540646316604,1,"READ"
"1650","Arm7p",2.94575817350881,0.449535565330347,0.654138247795635,"ALL",0.0418540646316604,1,"READ"
"1651","Arm7q",-2.58013281037918,-0.43988592996501,0.661086101461649,"ALL",-0.0418540646316604,1,"READ"
"1652","Arm8p",-1.26247444420157,-0.313957887291018,0.754287737236631,"ALL",-0.0418540646316604,-1,"READ"
"1653","Arm8q",2.59364959389606,0.436693571683015,0.66339122854075,"ALL",0.0418540646316604,1,"READ"
"1654","Arm9p",6.12241309237101,1.03758499511956,0.302274130290574,"ALL",0.0418540646316604,1,"READ"
"1655","Arm9q",3.25840688945614,0.415728289751592,0.678609514340471,"ALL",0.0418540646316604,1,"READ"
"1656","Arm10p",3.02998561832763,0.561750327202886,0.575698071034604,"ALL",0.0418540646316604,-1,"READ"
"1657","Arm10q",3.26473314162931,0.587428938994607,0.558403073298693,"ALL",0.0418540646316604,-1,"READ"
"1658","Arm11p",0.159539390987311,0.0189417017422803,0.984930012515264,"ALL",0.0065946286478836,1,"READ"
"1659","Arm11q",9.63822994763241,1.16953605582278,0.245310353912578,"ALL",0.0684823861979331,-1,"READ"
"1660","Arm12p",-1.12532616478675,-0.213815803991872,0.831179777458464,"ALL",-0.0418540646316604,1,"READ"
"1661","Arm12q",2.24500028959071,0.39598790164395,0.693061675895661,"ALL",0.0418540646316604,1,"READ"
"1662","Arm13q",-3.40639876657588,-0.800288236214065,0.425674876809866,"ALL",-0.0418540646316604,1,"READ"
"1663","Arm14q",4.30014139484361,0.594989401719072,0.553360336663453,"ALL",0.0418540646316604,-1,"READ"
"1664","Arm15q",-7.36787012071086,-0.877080314873022,0.382804406781803,"ALL",-0.0418540646316604,-1,"READ"
"1665","Arm16p",-10.6830246721021,-1.18640462885912,0.238619995452859,"ALL",-0.0684823861979331,1,"READ"
"1666","Arm16q",-10.8506158986114,-1.24154080283697,0.217668158139009,"ALL",-0.0684823861979331,1,"READ"
"1667","Arm17p",-1.21799835975392,-0.200162987522484,0.841809778153814,"ALL",-0.0418540646316604,-1,"READ"
"1668","Arm17q",-12.7291819349849,-1.61023304962119,0.110888278689893,"ALL",-0.0684823861979331,1,"READ"
"1669","Arm18p",2.37217400383931,0.425049771659166,0.671826303043241,"ALL",0.0418540646316604,-1,"READ"
"1670","Arm18q",9.18301332441998,1.55501458882531,0.123491583888911,"ALL",0.0684823861979331,-1,"READ"
"1671","Arm19p",2.67709127992432,0.414929299815284,0.679192180481399,"ALL",0.0418540646316604,1,"READ"
"1672","Arm19q",-1.17984177311619,-0.196472871475888,0.84468800812239,"ALL",-0.0418540646316604,1,"READ"
"1673","Arm20p",-3.22538934028401,-1.01082844829414,0.314838807431629,"ALL",-0.0418540646316604,1,"READ"
"1674","Arm20q",0.643564272512116,0.158846589926858,0.874149640985084,"ALL",0.0418540646316604,1,"READ"
"1675","Arm21q",-2.30399815878801,-0.312887995339566,0.755097767137434,"ALL",-0.0418540646316604,-1,"READ"
"1676","Arm22q",3.65062970176895,0.444197058188056,0.657978320568798,"ALL",0.0418540646316604,-1,"READ"
"1677","ArmXp",4.42148368254855,0.275083693808234,0.783889538788274,"ALL",0.0418540646316604,-1,"READ"
"1678","ArmXq",20.1055706261822,1.18541406037991,0.239009216365985,"ALL",0.0684823861979331,-1,"READ"
"1679","Arm1p",14.6829007002951,1.45432962962404,0.147099301362684,"ALL",0.219605533197547,1,"SARC"
"1680","Arm1q",-0.677204277543949,-0.064541476418219,0.948590250958015,"ALL",-0.00140203143087906,1,"SARC"
"1681","Arm2p",7.83161356105757,0.857569689975445,0.39194496295188,"ALL",0.0545176040314137,-1,"SARC"
"1682","Arm2q",10.0155010547135,0.990637314396161,0.322812941684175,"ALL",0.0823851885188753,-1,"SARC"
"1683","Arm3p",33.1571015007664,3.02472979073344,0.00274589235593988,"ALL",0.948532635192943,-1,"SARC"
"1684","Arm3q",31.5195103032676,2.79082154453489,0.00565970372888757,"ALL",0.935452441373812,-1,"SARC"
"1685","Arm4p",21.3450153701364,2.2847411467383,0.0231596772379229,"ALL",0.709295895658598,1,"SARC"
"1686","Arm4q",23.9359624389137,2.27384049196738,0.0238171752326859,"ALL",0.709295895658598,-1,"SARC"
"1687","Arm5p",9.06612339897353,1.15583680816944,0.248842574318903,"ALL",0.126042710086335,1,"SARC"
"1688","Arm5q",19.1887194713134,1.87158445767444,0.0624226166309587,"ALL",0.370025424198923,1,"SARC"
"1689","Arm6p",-2.24426332838909,-0.286848997963251,0.774463652428276,"ALL",-0.0545176040314137,-1,"SARC"
"1690","Arm6q",0.206691496817378,0.0264690670870711,0.97890415436909,"ALL",0.00140203143087906,1,"SARC"
"1691","Arm7p",2.97032157614894,0.34927652637313,0.7271734018749,"ALL",0.0545176040314137,1,"SARC"
"1692","Arm7q",4.64369805471315,0.474673820872518,0.635430567944576,"ALL",0.0545176040314137,1,"SARC"
"1693","Arm8p",3.65754011744362,0.467423621193184,0.640600756714099,"ALL",0.0545176040314137,-1,"SARC"
"1694","Arm8q",-8.95762432277471,-1.13981068977489,0.255447389516378,"ALL",-0.126042710086335,1,"SARC"
"1695","Arm9p",4.54844128986594,0.75989929585857,0.448025096978731,"ALL",0.0545176040314137,-1,"SARC"
"1696","Arm9q",7.14853233967897,1.02520450617051,0.306249797348086,"ALL",0.0823851885188753,1,"SARC"
"1697","Arm10p",0.1149786587786,0.0154796906715067,0.987661735389607,"ALL",0.00140203143087906,-1,"SARC"
"1698","Arm10q",2.61363251392673,0.315171086375528,0.752892583751795,"ALL",0.0545176040314137,-1,"SARC"
"1699","Arm11p",7.0772967582653,0.768256654167362,0.443054048451906,"ALL",0.0545176040314137,-1,"SARC"
"1700","Arm11q",3.89401363170943,0.43681953956083,0.662616283485799,"ALL",0.0545176040314137,-1,"SARC"
"1701","Arm12p",9.91392660280563,1.20806487575962,0.228154785713949,"ALL",0.126042710086335,-1,"SARC"
"1702","Arm12q",4.62785705221317,0.474501772688966,0.635553051646639,"ALL",0.0545176040314137,-1,"SARC"
"1703","Arm13q",-12.165784479949,-1.58039440322612,0.115270888543961,"ALL",-0.219605533197547,-1,"SARC"
"1704","Arm14q",2.67789154214707,0.3345653922537,0.738231244448385,"ALL",0.0545176040314137,-1,"SARC"
"1705","Arm15q",-6.81619619279995,-0.732278664290425,0.464679006150668,"ALL",-0.0545176040314137,1,"SARC"
"1706","Arm16p",11.3526162038296,1.25694692198695,0.209936625118449,"ALL",0.126042710086335,-1,"SARC"
"1707","Arm16q",20.0008266760454,2.33767368071602,0.0201874457364199,"ALL",0.709295895658598,-1,"SARC"
"1708","Arm17p",2.38510425810445,0.324811046368705,0.74559356299008,"ALL",0.0545176040314137,-1,"SARC"
"1709","Arm17q",4.00399278506846,0.408610756167407,0.683172346393619,"ALL",0.0545176040314137,1,"SARC"
"1710","Arm18p",-0.285220866170007,-0.033663693218284,0.973171979520817,"ALL",-0.00140203143087906,-1,"SARC"
"1711","Arm18q",-8.01558603815257,-0.902689369935381,0.367552796971355,"ALL",-0.0545176040314137,-1,"SARC"
"1712","Arm19p",3.87051944955211,0.37312592064265,0.709368395290943,"ALL",0.0545176040314137,1,"SARC"
"1713","Arm19q",2.75925068186313,0.292471626691747,0.770166710183752,"ALL",0.0545176040314137,1,"SARC"
"1714","Arm20p",2.84787185050636,0.367353857966518,0.713663400753696,"ALL",0.0545176040314137,-1,"SARC"
"1715","Arm20q",14.069384409029,1.45622503004338,0.146575178329914,"ALL",0.219605533197547,1,"SARC"
"1716","Arm21q",-5.32145519700273,-0.54439012821511,0.586654411733793,"ALL",-0.0545176040314137,1,"SARC"
"1717","Arm22q",11.8516881764396,1.51458205333622,0.131131516925735,"ALL",0.219605533197547,-1,"SARC"
"1718","ArmXp",6.05072293396455,0.673179935703423,0.501449709488914,"ALL",0.0545176040314137,1,"SARC"
"1719","ArmXq",-0.0395679034041804,-0.00404356645135056,0.996776908674078,"ALL",-0.00140203143087906,-1,"SARC"
"1720","Arm1p",1.90281358101618,0.139551327395736,0.889093413736089,"ALL",0.0187346867120469,1,"SKCM"
"1721","Arm1q",-23.8925700792159,-2.41037971398458,0.0164422327201226,"ALL",-0.194635397212998,1,"SKCM"
"1722","Arm2p",-11.3072060613853,-0.68646612671873,0.492866081841032,"ALL",-0.0345461126840019,1,"SKCM"
"1723","Arm2q",-6.73850885997316,-0.401676698530366,0.688162997935431,"ALL",-0.0345461126840019,1,"SKCM"
"1724","Arm3p",-1.99458878049856,-0.141099043089312,0.887871505898079,"ALL",-0.0187346867120469,-1,"SKCM"
"1725","Arm3q",3.47855010517082,0.262499455675837,0.793088240737568,"ALL",0.0255206658663667,1,"SKCM"
"1726","Arm4p",-7.86501299239241,-0.627140672419656,0.530969024338231,"ALL",-0.0345461126840019,-1,"SKCM"
"1727","Arm4q",-14.9107686909673,-1.05437733010883,0.292425253573391,"ALL",-0.0972925271623412,-1,"SKCM"
"1728","Arm5p",-4.00089489359252,-0.342233651646461,0.732377016522832,"ALL",-0.0276314147989233,1,"SKCM"
"1729","Arm5q",11.3302158469361,0.965290349940048,0.335054665058411,"ALL",0.0844696287448067,-1,"SKCM"
"1730","Arm6p",-10.9336280846954,-1.24193331128211,0.215078723698656,"ALL",-0.14671000977096,1,"SKCM"
"1731","Arm6q",10.6031373642468,1.13241180814708,0.258223478780741,"ALL",0.121348451325004,-1,"SKCM"
"1732","Arm7p",-5.32196454512532,-0.534320913596599,0.593453038725068,"ALL",-0.0345461126840019,1,"SKCM"
"1733","Arm7q",0.526198095210573,0.0529781832347795,0.957779005951898,"ALL",0.0187346867120469,1,"SKCM"
"1734","Arm8p",-2.3422411705539,-0.247142995902113,0.804940022941435,"ALL",-0.0255206658663667,1,"SKCM"
"1735","Arm8q",-0.48714306087461,-0.0559466615529441,0.955415683926199,"ALL",-0.0187346867120469,1,"SKCM"
"1736","Arm9p",12.8063281511802,1.2123626556341,0.226177545011399,"ALL",0.14671000977096,-1,"SKCM"
"1737","Arm9q",-1.37131756309494,-0.12663304548624,0.899302331621229,"ALL",-0.0187346867120469,-1,"SKCM"
"1738","Arm10p",-16.3688117297202,-1.39052941638389,0.165236812616819,"ALL",-0.14962243294759,-1,"SKCM"
"1739","Arm10q",-18.3045234223606,-1.52538057178835,0.128052077085589,"ALL",-0.14962243294759,-1,"SKCM"
"1740","Arm11p",-18.7774944025911,-1.458825428953,0.145494880116573,"ALL",-0.14962243294759,-1,"SKCM"
"1741","Arm11q",-22.6704997700825,-1.9608270725313,0.0506785204812409,"ALL",-0.194635397212998,-1,"SKCM"
"1742","Arm12p",-18.4307515838344,-1.35932553783086,0.174903880024712,"ALL",-0.14962243294759,1,"SKCM"
"1743","Arm12q",6.51411859171278,0.387952018430965,0.698283410560997,"ALL",0.0345461126840019,-1,"SKCM"
"1744","Arm13q",-19.6296617424711,-1.86987387386184,0.0623219074975412,"ALL",-0.194635397212998,-1,"SKCM"
"1745","Arm14q",-17.2008556376652,-1.34248865104372,0.180293029483653,"ALL",-0.14962243294759,-1,"SKCM"
"1746","Arm15q",8.91433595969255,0.654061070930812,0.513494739416762,"ALL",0.0345461126840019,1,"SKCM"
"1747","Arm16p",9.92825558638281,0.628554479217001,0.530043827078702,"ALL",0.0345461126840019,-1,"SKCM"
"1748","Arm16q",-6.53432194868931,-0.498002555067385,0.618789734638586,"ALL",-0.0345461126840019,-1,"SKCM"
"1749","Arm17p",-9.86145984811863,-0.813337428688741,0.416568247224285,"ALL",-0.0345461126840019,-1,"SKCM"
"1750","Arm17q",-6.97428295206862,-0.477273416239207,0.633460306386135,"ALL",-0.0345461126840019,-1,"SKCM"
"1751","Arm18p",-0.966112298826891,-0.0871746257196258,0.930581720482745,"ALL",-0.0187346867120469,-1,"SKCM"
"1752","Arm18q",-16.4333411573946,-1.3127825396472,0.190101872855262,"ALL",-0.14962243294759,-1,"SKCM"
"1753","Arm19p",-30.6522976265388,-1.95307216466367,0.0515941801484903,"ALL",-0.194635397212998,-1,"SKCM"
"1754","Arm19q",-15.5040014459908,-0.952782989504665,0.341346485652997,"ALL",-0.0844696287448067,-1,"SKCM"
"1755","Arm20p",2.9660064905113,0.26418902399735,0.791787140496754,"ALL",0.0255206658663667,1,"SKCM"
"1756","Arm20q",8.16447002361919,0.688678073903164,0.491474424909806,"ALL",0.0345461126840019,1,"SKCM"
"1757","Arm21q",-7.75548823163409,-0.585129411581318,0.55883138873976,"ALL",-0.0345461126840019,-1,"SKCM"
"1758","Arm22q",-4.51175418612355,-0.411199907904622,0.681173377121717,"ALL",-0.0345461126840019,1,"SKCM"
"1759","ArmXp",33.8607175523833,1.52491928931345,0.128167085197438,"ALL",0.14962243294759,-1,"SKCM"
"1760","ArmXq",15.0204708347794,0.559606713943534,0.576099631879822,"ALL",0.0345461126840019,-1,"SKCM"
"1761","Arm1p",29.0530650591872,1.22402163004887,0.221646972583816,"ALL",0.35709267494317,-1,"STAD"
"1762","Arm1q",-19.7527032597019,-1.10369414459261,0.270373185259882,"ALL",-0.29767520662255,1,"STAD"
"1763","Arm2p",41.4018491360474,1.62838770803043,0.104210821677658,"ALL",0.525100441574183,1,"STAD"
"1764","Arm2q",48.645631516784,1.78993949712443,0.0742014584862547,"ALL",0.630747053834932,1,"STAD"
"1765","Arm3p",7.59470695898913,0.36779288332913,0.713217467744551,"ALL",0.0654730891784693,-1,"STAD"
"1766","Arm3q",31.4234611046338,1.82122756143374,0.0693009066976794,"ALL",0.630747053834932,1,"STAD"
"1767","Arm4p",-10.9202844435027,-0.606135045180659,0.54476050900692,"ALL",-0.124704932349375,-1,"STAD"
"1768","Arm4q",8.3808051854065,0.389604390321808,0.697031399016687,"ALL",0.0654730891784693,-1,"STAD"
"1769","Arm5p",20.5161535885267,1.86060273541067,0.0635160002552187,"ALL",0.630747053834932,1,"STAD"
"1770","Arm5q",26.619290005173,1.88253778098785,0.060470905061514,"ALL",0.630747053834932,-1,"STAD"
"1771","Arm6p",15.9883543662383,0.910511983357918,0.363087540155998,"ALL",0.188932633536553,1,"STAD"
"1772","Arm6q",5.50388122123127,0.331553446209775,0.740395883506332,"ALL",0.0618201921572571,-1,"STAD"
"1773","Arm7p",3.73402644907951,0.276241234552471,0.782501979170331,"ALL",0.0563536442439038,1,"STAD"
"1774","Arm7q",12.1508444630432,0.86591917811985,0.38704090147741,"ALL",0.18198305710349,1,"STAD"
"1775","Arm8p",-6.25194323839661,-0.699879359477297,0.484399556649734,"ALL",-0.133376170459282,1,"STAD"
"1776","Arm8q",-18.719851731785,-1.94934274869756,0.0519359850123101,"ALL",-0.630747053834932,1,"STAD"
"1777","Arm9p",17.1425265638993,1.3627421705682,0.173711792062512,"ALL",0.402659347761151,-1,"STAD"
"1778","Arm9q",0.274782963817543,0.0176940372271633,0.985891544635745,"ALL",0.00617085803738335,-1,"STAD"
"1779","Arm10p",23.3323780452429,1.54204852248366,0.123833239189158,"ALL",0.498498892731356,1,"STAD"
"1780","Arm10q",28.488151286813,1.60530756148339,0.109196058057722,"ALL",0.525100441574183,-1,"STAD"
"1781","Arm11p",5.23055128724925,0.263083296139565,0.792618533577583,"ALL",0.0563536442439038,-1,"STAD"
"1782","Arm11q",10.0804790473699,0.53881755353935,0.590305181301246,"ALL",0.107501241932196,1,"STAD"
"1783","Arm12p",18.7799989793648,1.93286740030432,0.0539408579862303,"ALL",0.630747053834932,1,"STAD"
"1784","Arm12q",28.9288231026966,2.20427990086432,0.0280595749275423,"ALL",0.630747053834932,1,"STAD"
"1785","Arm13q",-10.4454312868818,-0.812340676392807,0.417067582009053,"ALL",-0.18198305710349,1,"STAD"
"1786","Arm14q",-14.2030156944626,-0.648982785455519,0.516712857009092,"ALL",-0.124704932349375,-1,"STAD"
"1787","Arm15q",-38.4122729919898,-1.87465808142904,0.0615505105988348,"ALL",-0.630747053834932,-1,"STAD"
"1788","Arm16p",21.4452431518844,1.21495350373839,0.225083035290588,"ALL",0.35709267494317,-1,"STAD"
"1789","Arm16q",36.2690313407662,2.08201170491272,0.0379610333502865,"ALL",0.630747053834932,-1,"STAD"
"1790","Arm17p",0.99736252767505,0.073405414162524,0.941519307013934,"ALL",0.0154469044205552,-1,"STAD"
"1791","Arm17q",-32.9693636144543,-2.10677145665,0.0357443897848052,"ALL",-0.630747053834932,-1,"STAD"
"1792","Arm18p",-2.48943994552543,-0.202306155880295,0.8397777341762,"ALL",-0.0428353843041369,-1,"STAD"
"1793","Arm18q",-10.2030115493067,-0.824804101042224,0.409962418890648,"ALL",-0.18198305710349,-1,"STAD"
"1794","Arm19p",50.7787791528506,2.79584324043019,0.00541984604603358,"ALL",0.954259188624991,-1,"STAD"
"1795","Arm19q",43.8984562305468,2.88905232529889,0.00406903811368567,"ALL",0.954259188624991,-1,"STAD"
"1796","Arm20p",23.0630585575854,2.14061656727353,0.0328942635831881,"ALL",0.630747053834932,1,"STAD"
"1797","Arm20q",18.2926146951755,1.445723976868,0.14901856953978,"ALL",0.444424674459955,1,"STAD"
"1798","Arm21q",-1.51546336917129,-0.0951754811882858,0.924221943027324,"ALL",-0.0154469044205552,-1,"STAD"
"1799","Arm22q",23.6453401670433,1.28609381398127,0.199136137740746,"ALL",0.366819664530872,-1,"STAD"
"1800","ArmXp",-8.10275338647355,-0.376789585801857,0.70652490792497,"ALL",-0.0654730891784693,-1,"STAD"
"1801","ArmXq",-13.1219028486337,-0.599642111187461,0.54907600562556,"ALL",-0.124704932349375,-1,"STAD"
"1802","Arm1p",18.3507581919237,0.710150656523607,0.477889882603866,"ALL",0.0803339603122339,-1,"STES"
"1803","Arm1q",-26.971718786141,-1.39661636566864,0.163051449745603,"ALL",-0.350982737717635,1,"STES"
"1804","Arm2p",-5.71248695841744,-0.213932934341672,0.830672893690963,"ALL",-0.0167657197451498,1,"STES"
"1805","Arm2q",4.24350390403657,0.154995403765051,0.87687768127732,"ALL",0.0139682128481744,1,"STES"
"1806","Arm3p",29.7437515599222,1.70973689577333,0.0878376674247476,"ALL",0.53247691998304,-1,"STES"
"1807","Arm3q",-7.47174244494756,-0.531159205576013,0.595507344310491,"ALL",-0.0676375295146762,1,"STES"
"1808","Arm4p",10.1090750689025,0.603069458042035,0.54669305661523,"ALL",0.0676375295146762,-1,"STES"
"1809","Arm4q",33.3117610317713,1.68227090823573,0.0930427580453811,"ALL",0.53247691998304,-1,"STES"
"1810","Arm5p",18.4267603003944,1.71460965202803,0.0869392985093825,"ALL",0.53247691998304,1,"STES"
"1811","Arm5q",33.3491856582634,2.24899031984952,0.0248793162466164,"ALL",0.836475742742057,-1,"STES"
"1812","Arm6p",12.3898291252562,0.724443281938485,0.469079357183137,"ALL",0.0803339603122339,1,"STES"
"1813","Arm6q",8.60290007120829,0.517058270422878,0.605308275826658,"ALL",0.0676375295146762,-1,"STES"
"1814","Arm7p",4.58783246026072,0.330704653757627,0.740984399948635,"ALL",0.0225570567889155,1,"STES"
"1815","Arm7q",9.72396220766544,0.664258335852071,0.506783179193326,"ALL",0.0803339603122339,1,"STES"
"1816","Arm8p",-2.52899273190657,-0.263357948413759,0.792366181474573,"ALL",-0.0197691289335497,1,"STES"
"1817","Arm8q",-10.8407316281141,-1.01298056828821,0.311482573573019,"ALL",-0.149054894058627,1,"STES"
"1818","Arm9p",26.4577826369396,2.0105688495753,0.0448232389316817,"ALL",0.689955417224406,-1,"STES"
"1819","Arm9q",10.9577047221181,0.685944916220515,0.493015932195821,"ALL",0.0803339603122339,-1,"STES"
"1820","Arm10p",12.6150345126427,0.767607847953138,0.443025727349781,"ALL",0.0803339603122339,1,"STES"
"1821","Arm10q",20.1428053706848,1.01364041486376,0.311167761997362,"ALL",0.149054894058627,-1,"STES"
"1822","Arm11p",-1.01369285301121,-0.0506227154469884,0.95964320817084,"ALL",-0.00716634065662774,-1,"STES"
"1823","Arm11q",14.584213388444,0.875879687708688,0.381450087593059,"ALL",0.0849371696922758,-1,"STES"
"1824","Arm12p",24.6365247670203,2.14736386071575,0.0321690188371359,"ALL",0.782868315255099,1,"STES"
"1825","Arm12q",38.9026168035792,2.47253334008228,0.013695301832903,"ALL",0.897708136405305,1,"STES"
"1826","Arm13q",3.84938640935342,0.279689155017925,0.779813526904585,"ALL",0.0197691289335497,1,"STES"
"1827","Arm14q",-29.6142441267865,-1.55525823396278,0.120418088999057,"ALL",-0.452652448163023,-1,"STES"
"1828","Arm15q",-51.6507903782018,-2.34821604522295,0.0191911073957037,"ALL",-0.882267357856667,-1,"STES"
"1829","Arm16p",14.2496623917394,0.840169429456173,0.401152006901353,"ALL",0.0849371696922758,-1,"STES"
"1830","Arm16q",19.8459064532473,1.09788187053778,0.272701656929682,"ALL",0.155648349222166,-1,"STES"
"1831","Arm17p",-1.51937360388789,-0.109120748705426,0.913143632428556,"ALL",-0.0139682128481744,-1,"STES"
"1832","Arm17q",-28.6499549905578,-1.73297309344343,0.0836203136677689,"ALL",-0.53247691998304,1,"STES"
"1833","Arm18p",-1.26219878810263,-0.0990749962069769,0.92111220625243,"ALL",-0.0139682128481744,-1,"STES"
"1834","Arm18q",-2.66990546842688,-0.195845620711968,0.844798091956681,"ALL",-0.0167657197451498,-1,"STES"
"1835","Arm19p",49.0306137761586,2.42906260623671,0.0154339827745883,"ALL",0.897708136405305,-1,"STES"
"1836","Arm19q",46.6729307883949,2.69809155996473,0.00717237447068279,"ALL",1.00867444194168,-1,"STES"
"1837","Arm20p",43.738194616935,3.68601290241621,0.000248679771578318,"ALL",1.99157568349971,1,"STES"
"1838","Arm20q",41.8391814560956,3.2534694138998,0.00120486360146574,"ALL",1.60730825426046,1,"STES"
"1839","Arm21q",-0.294282978970832,-0.0181325932085388,0.985539175689476,"ALL",-0.00632610761223303,-1,"STES"
"1840","Arm22q",-10.4423629528101,-0.553044644500934,0.580441263243741,"ALL",-0.0676375295146762,-1,"STES"
"1841","ArmXp",-6.23790574106349,-0.342703145849458,0.731943237087155,"ALL",-0.0225570567889155,-1,"STES"
"1842","ArmXq",-7.43702698969089,-0.36853831031133,0.712603413903607,"ALL",-0.0225570567889155,-1,"STES"
"1843","Arm1p",4.47691759935178,0.521857188452027,0.602555202637807,"ALL",0.125733242529066,1,"TGCT"
"1844","Arm1q",8.99294863179976,1.07008664047305,0.286334207992277,"ALL",0.209096508489478,1,"TGCT"
"1845","Arm2p",-23.5254152938656,-2.1839449018201,0.030551738175765,"ALL",-0.805270206735558,1,"TGCT"
"1846","Arm2q",-13.3595407964707,-1.12798408812374,0.261164303362356,"ALL",-0.225574832259052,1,"TGCT"
"1847","Arm3p",-6.11833066405467,-0.646708137976956,0.518829338625162,"ALL",-0.144048270847016,-1,"TGCT"
"1848","Arm3q",-3.27891953803732,-0.356687861327678,0.721836967802609,"ALL",-0.0969787473107203,1,"TGCT"
"1849","Arm4p",-12.0718507669795,-1.21919984613291,0.224721084995669,"ALL",-0.262931508537024,-1,"TGCT"
"1850","Arm4q",3.95817959474375,0.382584300030298,0.702580614580508,"ALL",0.0969787473107203,-1,"TGCT"
"1851","Arm5p",-3.81765254327678,-0.397932041095452,0.691257582593267,"ALL",-0.0969787473107203,-1,"TGCT"
"1852","Arm5q",-5.24371131631119,-0.528586662815825,0.59788936926977,"ALL",-0.125733242529066,-1,"TGCT"
"1853","Arm6p",6.52954503240533,0.636936363689736,0.525156961826986,"ALL",0.144048270847016,1,"TGCT"
"1854","Arm6q",8.59038168687756,0.78952232280209,0.431078425454855,"ALL",0.167633203355136,1,"TGCT"
"1855","Arm7p",9.75066202657428,1.40135692506745,0.163215092348469,"ALL",0.262931508537024,1,"TGCT"
"1856","Arm7q",5.72344763809708,0.813545432338382,0.417221196428552,"ALL",0.167633203355136,1,"TGCT"
"1857","Arm8p",10.0753372455638,1.67894511478967,0.0952871491111805,"ALL",0.449574494919052,1,"TGCT"
"1858","Arm8q",8.75609821938779,1.33510125133486,0.183907099028857,"ALL",0.262931508537024,1,"TGCT"
"1859","Arm9p",7.14918779799561,0.977991448887488,0.329685299305663,"ALL",0.1913358556656,-1,"TGCT"
"1860","Arm9q",14.8912291725027,1.87513678656306,0.062757513500662,"ALL",0.589550415094718,-1,"TGCT"
"1861","Arm10p",7.24398397031736,0.824028966677288,0.411258080959338,"ALL",0.167633203355136,-1,"TGCT"
"1862","Arm10q",0.776609713923434,0.0916768630013193,0.92707959297044,"ALL",0.0131781458808114,-1,"TGCT"
"1863","Arm11p",-10.1073417845351,-1.31494235738364,0.190576897594247,"ALL",-0.262931508537024,-1,"TGCT"
"1864","Arm11q",-14.7396995276477,-2.2031357978221,0.0291416932414863,"ALL",-0.805270206735558,-1,"TGCT"
"1865","Arm12p",0.236357408652811,0.0655940062569001,0.947790182864642,"ALL",0.0131781458808114,1,"TGCT"
"1866","Arm12q",12.5781501375294,4.12870629628114,6.09168706091742e-05,"ALL",3.20453854972879,1,"TGCT"
"1867","Arm13q",-0.37534427085333,-0.0375317453136284,0.97011194952912,"ALL",-0.0131781458808114,-1,"TGCT"
"1868","Arm14q",4.85170315016568,0.64258231321927,0.521496117753189,"ALL",0.144048270847016,1,"TGCT"
"1869","Arm15q",28.385177802528,3.40302397262238,0.000858898214560936,"ALL",2.15224444766596,1,"TGCT"
"1870","Arm16p",-7.52379633070945,-0.806961267853526,0.420992506152917,"ALL",-0.167633203355136,-1,"TGCT"
"1871","Arm16q",-7.26949959115168,-0.793086332094735,0.429005725117573,"ALL",-0.167633203355136,-1,"TGCT"
"1872","Arm17p",-19.8667753360995,-3.02144674862067,0.00296812471224203,"ALL",-1.69288524884241,-1,"TGCT"
"1873","Arm17q",-15.3030760951676,-1.92197006901692,0.0565440957275396,"ALL",-0.589550415094718,1,"TGCT"
"1874","Arm18p",6.68421036349957,0.756106425246964,0.450795363153039,"ALL",0.164600467162355,-1,"TGCT"
"1875","Arm18q",13.285368365541,1.21496974072167,0.226325535244944,"ALL",0.262931508537024,-1,"TGCT"
"1876","Arm19p",34.0236494988658,4.49130111181951,1.42218609159166e-05,"ALL",3.71138097090038,-1,"TGCT"
"1877","Arm19q",39.2568086685653,5.0552819941488,1.25991323212309e-06,"ALL",4.28687550618468,-1,"TGCT"
"1878","Arm20p",3.11053770620296,0.392014585379907,0.695615186668023,"ALL",0.0969787473107203,-1,"TGCT"
"1879","Arm20q",-12.5875223697426,-1.23035413554838,0.22052974675334,"ALL",-0.262931508537024,1,"TGCT"
"1880","Arm21q",-7.87765990513847,-1.02951081911871,0.304930651775073,"ALL",-0.204045056895384,1,"TGCT"
"1881","Arm22q",34.4312993024531,4.82542515830179,3.46111989493384e-06,"ALL",4.14902949521027,-1,"TGCT"
"1882","ArmXp",-3.98520033207866,-0.233819002043461,0.815450809124399,"ALL",-0.0556019719091018,-1,"TGCT"
"1883","ArmXq",-9.26327392678621,-0.580253329754678,0.562632185067489,"ALL",-0.128353264995617,-1,"TGCT"
"1884","Arm1p",15.3926403133608,0.195519888121084,0.845069227849204,"ALL",0.0146249535814987,1,"THCA"
"1885","Arm1q",-1.33287865474163,-0.0415365969758587,0.966885497952888,"ALL",-0.0146249535814987,1,"THCA"
"1886","Arm2p",-37.1898307615108,-0.405935497039335,0.684972028729388,"ALL",-0.0339997212355314,-1,"THCA"
"1887","Arm2q",-92.2739443053731,-0.92252566471499,0.356720830115009,"ALL",-0.0546518155651494,-1,"THCA"
"1888","Arm3p",-156.429788595673,-1.18758194372817,0.235589181259292,"ALL",-0.0546518155651494,1,"THCA"
"1889","Arm3q",-78.7574298082651,-0.525194982665185,0.599691677768045,"ALL",-0.0453791765555646,-1,"THCA"
"1890","Arm4p",8.42733861208311,0.0580830169924428,0.953706825558869,"ALL",0.0146249535814987,1,"THCA"
"1891","Arm4q",8.42733861208311,0.0580830169924428,0.953706825558869,"ALL",0.0146249535814987,1,"THCA"
"1892","Arm5p",43.3370382827539,0.876164755777756,0.381381479682958,"ALL",0.0546518155651494,1,"THCA"
"1893","Arm5q",-45.8091046033602,-0.528852812382851,0.597153550796999,"ALL",-0.0453791765555646,1,"THCA"
"1894","Arm6p",-147.799476606953,-0.936517501313661,0.349480706614994,"ALL",-0.0546518155651494,-1,"THCA"
"1895","Arm6q",-70.1454907866735,-0.812076728680022,0.41715267719163,"ALL",-0.0546518155651494,-1,"THCA"
"1896","Arm7p",69.0998735603695,1.27476215831144,0.203014040115644,"ALL",0.0546518155651494,1,"THCA"
"1897","Arm7q",25.5538813185936,0.503037937695734,0.615169787526983,"ALL",0.0453791765555646,1,"THCA"
"1898","Arm8p",-58.7576028341824,-0.607147795745608,0.544041727289169,"ALL",-0.0495239411577087,-1,"THCA"
"1899","Arm8q",-60.1033544984021,-0.711090838217241,0.477375511541086,"ALL",-0.0495239411577087,1,"THCA"
"1900","Arm9p",-62.1431003842697,-1.19316881186694,0.233396392077018,"ALL",-0.0546518155651494,-1,"THCA"
"1901","Arm9q",-30.2301073270616,-0.809430613768667,0.418671072224872,"ALL",-0.0546518155651494,-1,"THCA"
"1902","Arm10p",-18.8645244279112,-0.296701750072318,0.76682336815636,"ALL",-0.0339997212355314,-1,"THCA"
"1903","Arm10q",-79.169444212126,-0.674168224063957,0.50053094368958,"ALL",-0.0495239411577087,-1,"THCA"
"1904","Arm11p",-103.360816339423,-1.58361419005972,0.113944289896334,"ALL",-0.0546518155651494,-1,"THCA"
"1905","Arm11q",35.8313939450896,0.621016674358031,0.534885284068417,"ALL",0.0495239411577087,-1,"THCA"
"1906","Arm12p",-31.1631375437576,-0.362495319148822,0.717142474714881,"ALL",-0.0339997212355314,1,"THCA"
"1907","Arm12q",-42.0593442773498,-0.618751720475379,0.53637529777435,"ALL",-0.0495239411577087,1,"THCA"
"1908","Arm13q",-13.3775435829546,-0.316191307870225,0.751995617628267,"ALL",-0.0339997212355314,-1,"THCA"
"1909","Arm14q",-163.980521894555,-1.97532761138988,0.0488070223289705,"ALL",-0.0546518155651494,1,"THCA"
"1910","Arm15q",-52.2997032032896,-0.789649836615915,0.430124641228071,"ALL",-0.0546518155651494,-1,"THCA"
"1911","Arm16p",-54.451383725388,-0.861225049908126,0.389546809501098,"ALL",-0.0546518155651494,1,"THCA"
"1912","Arm16q",-60.1716581994695,-0.973587199252464,0.330754997440917,"ALL",-0.0546518155651494,1,"THCA"
"1913","Arm17p",-64.4090290504,-1.2014521479963,0.230172046827827,"ALL",-0.0546518155651494,1,"THCA"
"1914","Arm17q",-152.47826188732,-2.28101618143195,0.0229875463434964,"ALL",-0.0546518155651494,1,"THCA"
"1915","Arm18p",-8.81152879819045,-0.122121604464872,0.902854143592194,"ALL",-0.0146249535814987,1,"THCA"
"1916","Arm18q",-8.81152879819045,-0.122121604464872,0.902854143592194,"ALL",-0.0146249535814987,1,"THCA"
"1917","Arm19p",71.2809079038551,1.07569028363489,0.282609570630715,"ALL",0.0546518155651494,-1,"THCA"
"1918","Arm19q",50.8292630731531,0.338413332495365,0.73520063189783,"ALL",0.0339997212355314,1,"THCA"
"1919","Arm20p",-122.489155715958,-1.0732322826861,0.283709546436299,"ALL",-0.0546518155651494,1,"THCA"
"1920","Arm20q",-122.489155715958,-1.0732322826861,0.283709546436299,"ALL",-0.0546518155651494,1,"THCA"
"1921","Arm21q",4.12356582729236,0.0594986876198984,0.95257982918571,"ALL",0.0146249535814987,-1,"THCA"
"1922","Arm22q",24.1891642954348,1.30737098155639,0.191716564256473,"ALL",0.0546518155651494,-1,"THCA"
"1923","ArmXp",138.114783758042,1.72283325501092,0.0855668034863733,"ALL",0.0546518155651494,-1,"THCA"
"1924","ArmXq",91.6002379173931,0.37040151716799,0.711247762105487,"ALL",0.0339997212355314,1,"THCA"
"1925","Arm1p",4.84318462522266,0.216473193318348,0.828999151673366,"ALL",0.00186537226983792,1,"THYM"
"1926","Arm1q",6.02218874805677,0.45383949868265,0.650792309774039,"ALL",0.00701666968651248,1,"THYM"
"1927","Arm2p",67.7291750552816,0.903789479141602,0.367980136128513,"ALL",0.00701666968651248,1,"THYM"
"1928","Arm2q",-298.379686515798,-1.42310303199782,0.157390197625312,"ALL",-0.0796435560766991,-1,"THYM"
"1929","Arm3p",-17.2805915495586,-1.03500074418197,0.30282143284875,"ALL",-0.00701666968651248,-1,"THYM"
"1930","Arm3q",-7.38461951742873,-0.494792405375836,0.621682521165809,"ALL",-0.00701666968651248,1,"THYM"
"1931","Arm4p",-38.8779764823298,-1.19011528268121,0.236431073885779,"ALL",-0.0135115884557549,-1,"THYM"
"1932","Arm4q",-49.3731777989396,-1.40589369196185,0.162428627350659,"ALL",-0.0796435560766991,1,"THYM"
"1933","Arm5p",-16.8052129862239,-0.947388191625805,0.345410430349245,"ALL",-0.00701666968651248,1,"THYM"
"1934","Arm5q",-21.4954717249808,-1.1979879404518,0.233363741901303,"ALL",-0.0135115884557549,1,"THYM"
"1935","Arm6p",-24.3042313327401,-1.48184019710059,0.141094271788462,"ALL",-0.0796435560766991,-1,"THYM"
"1936","Arm6q",-24.6589714121387,-1.48371271698627,0.140597226537662,"ALL",-0.0796435560766991,-1,"THYM"
"1937","Arm7p",-5.4811483914328,-0.308991077243659,0.757882594753808,"ALL",-0.00701666968651248,1,"THYM"
"1938","Arm7q",1.37315387440692,0.0815993058533675,0.935105980545794,"ALL",0.00186537226983792,1,"THYM"
"1939","Arm8p",0.515117238928675,0.0287445819410427,0.977117694889697,"ALL",0.00186537226983792,1,"THYM"
"1940","Arm8q",2.03076649850756,0.110263479720933,0.912390959011561,"ALL",0.00186537226983792,1,"THYM"
"1941","Arm9p",25.142982965842,1.8575214354597,0.0657731052794356,"ALL",0.0796435560766991,1,"THYM"
"1942","Arm9q",7.46951420279085,0.339826933227522,0.734601401299662,"ALL",0.00701666968651248,1,"THYM"
"1943","Arm10p",0.106614553449411,0.00538327882928788,0.995714032704779,"ALL",0.00186537226983792,-1,"THYM"
"1944","Arm10q",6.1265687455326,0.300917414560313,0.764016169050898,"ALL",0.00701666968651248,-1,"THYM"
"1945","Arm11p",-12.8336307338006,-0.640979580063176,0.522800285010687,"ALL",-0.00701666968651248,-1,"THYM"
"1946","Arm11q",6.76442112810259,0.281152612939505,0.779094233263993,"ALL",0.00701666968651248,-1,"THYM"
"1947","Arm12p",-4.84981018209387,-0.264351034160558,0.791978539393309,"ALL",-0.00701666968651248,-1,"THYM"
"1948","Arm12q",-4.84981018209387,-0.264351034160558,0.791978539393309,"ALL",-0.00701666968651248,-1,"THYM"
"1949","Arm13q",-7.22274246786814,-0.336590752309698,0.73703358571814,"ALL",-0.00701666968651248,-1,"THYM"
"1950","Arm14q",-30.4636713800015,-1.59747997982165,0.112879334426521,"ALL",-0.0796435560766991,1,"THYM"
"1951","Arm15q",8.17539026135449,0.380797632267112,0.704049891201229,"ALL",0.00701666968651248,1,"THYM"
"1952","Arm16p",-25.6033056110506,-0.53387412566831,0.594450216824461,"ALL",-0.00701666968651248,-1,"THYM"
"1953","Arm16q",-7.46212810154426,-0.591334313613181,0.555447021750112,"ALL",-0.00701666968651248,-1,"THYM"
"1954","Arm17p",13.9636148498299,0.889852951026479,0.375386607565089,"ALL",0.00701666968651248,-1,"THYM"
"1955","Arm17q",-43.5954281825666,-2.2465578449639,0.0265607558873851,"ALL",-0.264005708570214,1,"THYM"
"1956","Arm18p",-15.2293733611078,-0.732821645870965,0.465145473342889,"ALL",-0.00701666968651248,-1,"THYM"
"1957","Arm18q",-15.2293733611078,-0.732821645870965,0.465145473342889,"ALL",-0.00701666968651248,-1,"THYM"
"1958","Arm19p",-16.2189685925137,-0.762517156948125,0.447299170288904,"ALL",-0.00701666968651248,1,"THYM"
"1959","Arm19q",-16.2189685925137,-0.762517156948125,0.447299170288904,"ALL",-0.00701666968651248,1,"THYM"
"1960","Arm20p",-0.560200548118081,-0.0246491454758795,0.98037717159143,"ALL",-0.00186537226983792,1,"THYM"
"1961","Arm20q",-0.560200548118081,-0.0246491454758795,0.98037717159143,"ALL",-0.00186537226983792,1,"THYM"
"1962","Arm21q",-31.1062238381824,-2.27428844841928,0.0247870492524914,"ALL",-0.264005708570214,-1,"THYM"
"1963","Arm22q",6.2192983503755,0.520163970814461,0.603940612849395,"ALL",0.00701666968651248,-1,"THYM"
"1964","ArmXp",-4.23316232851201,-0.10220051028228,0.918773981451969,"ALL",-0.00186537226983792,-1,"THYM"
"1965","ArmXq",40.6912461394558,0.958487258452216,0.339810590227527,"ALL",0.00701666968651248,-1,"THYM"
"1966","Arm1p",-3.11513802044846,-0.565413603062934,0.574050949498853,"ALL",-0.0485584059921624,1,"UCEC.MSI"
"1967","Arm1q",-7.09409574707337,-2.25793701876642,0.0278659863679878,"ALL",-0.243171718625681,1,"UCEC.MSI"
"1968","Arm2p",-3.33675548612679,-0.270398090517906,0.787848084337026,"ALL",-0.0384102312344082,1,"UCEC.MSI"
"1969","Arm2q",-3.33675548612679,-0.270398090517906,0.787848084337026,"ALL",-0.0384102312344082,1,"UCEC.MSI"
"1970","Arm3p",5.68187857878599,0.231441912886593,0.81781510182141,"ALL",0.0384102312344082,1,"UCEC.MSI"
"1971","Arm3q",-27.6408570721627,-1.74068689379271,0.0872308325418616,"ALL",-0.222953729888654,1,"UCEC.MSI"
"1972","Arm4p",10.3707465616153,0.721194628920387,0.473790050122226,"ALL",0.0896770063963277,-1,"UCEC.MSI"
"1973","Arm4q",17.1969630014706,1.05071607943264,0.297902206595355,"ALL",0.131551237795144,-1,"UCEC.MSI"
"1974","Arm5p",-5.62997759179893,-0.220798394469645,0.826052473764612,"ALL",-0.0384102312344082,1,"UCEC.MSI"
"1975","Arm5q",-26.0084007486721,-1.91931979325738,0.0600447628846766,"ALL",-0.222953729888654,-1,"UCEC.MSI"
"1976","Arm6p",-27.4686121960083,-1.68145541522764,0.0982439998659686,"ALL",-0.222953729888654,1,"UCEC.MSI"
"1977","Arm6q",-19.3872853518854,-1.04307124933022,0.301397382767872,"ALL",-0.131551237795144,1,"UCEC.MSI"
"1978","Arm7p",-1.14115042485199,-0.100525905273878,0.920285858347574,"ALL",-0.0143580018527376,1,"UCEC.MSI"
"1979","Arm7q",-5.17454076228601,-0.511973289724144,0.610682913125927,"ALL",-0.0485584059921624,1,"UCEC.MSI"
"1980","Arm8p",-1.91890858833279,-0.364910398371385,0.716552823461247,"ALL",-0.0470508639028543,1,"UCEC.MSI"
"1981","Arm8q",-2.21132930858879,-0.410369987462472,0.683100438639091,"ALL",-0.0470508639028543,1,"UCEC.MSI"
"1982","Arm9p",7.54926397438841,0.448022505659101,0.655865503788023,"ALL",0.0470508639028543,-1,"UCEC.MSI"
"1983","Arm9q",2.1842135805668,0.183960519211275,0.854708945565693,"ALL",0.0351814904956897,-1,"UCEC.MSI"
"1984","Arm10p",0.116148389734333,0.0118959683957031,0.990550893898034,"ALL",0.00412320576778527,1,"UCEC.MSI"
"1985","Arm10q",-3.67888410036334,-0.35726523980041,0.722236144895349,"ALL",-0.0470508639028543,1,"UCEC.MSI"
"1986","Arm11p",10.1969591681906,0.612458705361039,0.542713412982788,"ALL",0.050585596795479,-1,"UCEC.MSI"
"1987","Arm11q",-14.5627292597008,-0.99442646431052,0.324292877720117,"ALL",-0.131551237795144,-1,"UCEC.MSI"
"1988","Arm12p",21.0029762643829,2.0064548284109,0.0496459160040498,"ALL",0.222953729888654,1,"UCEC.MSI"
"1989","Arm12q",9.32391306395782,0.843192202353851,0.402708196645224,"ALL",0.102894263726163,1,"UCEC.MSI"
"1990","Arm13q",5.14344775566007,0.532677817698656,0.59636411383761,"ALL",0.0485584059921624,-1,"UCEC.MSI"
"1991","Arm14q",13.358831644344,1.38935391664417,0.170224994226175,"ALL",0.156192815160625,-1,"UCEC.MSI"
"1992","Arm15q",-22.5869480670582,-2.48320600439552,0.0160416217478848,"ALL",-0.243171718625681,-1,"UCEC.MSI"
"1993","Arm16p",-23.2986065693177,-1.66161556506151,0.10217871893256,"ALL",-0.222953729888654,-1,"UCEC.MSI"
"1994","Arm16q",0.328294490433483,0.0306646955702002,0.975645975768653,"ALL",0.00412320576778527,-1,"UCEC.MSI"
"1995","Arm17p",-11.6272095802806,-0.896428780474092,0.373861296435032,"ALL",-0.102894263726163,-1,"UCEC.MSI"
"1996","Arm17q",-16.5517289078848,-1.06830071750995,0.289968493599316,"ALL",-0.131551237795144,-1,"UCEC.MSI"
"1997","Arm18p",15.7350413820092,1.17767435177457,0.243907226577167,"ALL",0.131551237795144,1,"UCEC.MSI"
"1998","Arm18q",10.4833795240868,0.717321628843009,0.476157225094542,"ALL",0.0896770063963277,1,"UCEC.MSI"
"1999","Arm19p",11.3584583706509,0.840596912130891,0.404148688943947,"ALL",0.102894263726163,-1,"UCEC.MSI"
"2000","Arm19q",14.1183011426965,1.06972242632814,0.289333498115152,"ALL",0.131551237795144,-1,"UCEC.MSI"
"2001","Arm20p",9.89148977998582,1.01980885718256,0.312204776170978,"ALL",0.131551237795144,1,"UCEC.MSI"
"2002","Arm20q",6.69940810797815,0.717784483080527,0.475873979111203,"ALL",0.0896770063963277,1,"UCEC.MSI"
"2003","Arm21q",17.1319206813022,1.48851244546131,0.142225959717114,"ALL",0.188479779722983,-1,"UCEC.MSI"
"2004","Arm22q",-15.9982532641965,-1.52647751675819,0.13251963646035,"ALL",-0.188479779722983,-1,"UCEC.MSI"
"2005","ArmXp",-10.5105968811498,-0.434766656116972,0.665402662110362,"ALL",-0.0470508639028543,1,"UCEC.MSI"
"2006","ArmXq",49.9052862961482,1.20588718163779,0.232931358353958,"ALL",0.131551237795144,1,"UCEC.MSI"
"2007","Arm1p",14.8904569682976,1.25894367098064,0.210816148976322,"ALL",0.0805555988408272,1,"UCEC.MSS"
"2008","Arm1q",-1.43054363971021,-0.227919571566633,0.820147834919456,"ALL",-0.0643886075536555,1,"UCEC.MSS"
"2009","Arm2p",4.30024458439938,0.439212712195541,0.661401459991688,"ALL",0.0643886075536555,1,"UCEC.MSS"
"2010","Arm2q",16.1865461284084,1.63517753303702,0.104978097506324,"ALL",0.0805555988408272,1,"UCEC.MSS"
"2011","Arm3p",-2.28665967687049,-0.266275699097855,0.790544152164829,"ALL",-0.0643886075536555,-1,"UCEC.MSS"
"2012","Arm3q",5.70039684027953,0.660373404334417,0.510446755343482,"ALL",0.0643886075536555,1,"UCEC.MSS"
"2013","Arm4p",-7.99569573438671,-0.946274188430187,0.346160896382217,"ALL",-0.0805555988408272,-1,"UCEC.MSS"
"2014","Arm4q",10.057979499844,1.04284207514764,0.299394001411665,"ALL",0.0805555988408272,-1,"UCEC.MSS"
"2015","Arm5p",-2.13480365377409,-0.366976895621762,0.714367834388179,"ALL",-0.0643886075536555,1,"UCEC.MSS"
"2016","Arm5q",20.8386514678589,2.18737754535946,0.0309120746703732,"ALL",0.198117985137551,-1,"UCEC.MSS"
"2017","Arm6p",3.77348805080692,0.431329766675715,0.667104565583571,"ALL",0.0643886075536555,1,"UCEC.MSS"
"2018","Arm6q",-4.4097977267886,-0.474893925020126,0.635839583904712,"ALL",-0.0643886075536555,1,"UCEC.MSS"
"2019","Arm7p",2.29754333111038,0.315393250585171,0.753083176350644,"ALL",0.0643886075536555,1,"UCEC.MSS"
"2020","Arm7q",5.41034694350491,0.751740516023539,0.453873027268993,"ALL",0.0643886075536555,1,"UCEC.MSS"
"2021","Arm8p",-6.94800875368796,-1.52237787512938,0.130892153366952,"ALL",-0.0805555988408272,1,"UCEC.MSS"
"2022","Arm8q",-4.44221790993659,-0.889002862346387,0.376014572180348,"ALL",-0.0805555988408272,1,"UCEC.MSS"
"2023","Arm9p",3.43714628055924,0.50636000070477,0.613655528814937,"ALL",0.0643886075536555,-1,"UCEC.MSS"
"2024","Arm9q",5.84156997416077,0.656009091024267,0.513239723461007,"ALL",0.0643886075536555,-1,"UCEC.MSS"
"2025","Arm10p",-11.103921339863,-1.6902749328618,0.093914177616808,"ALL",-0.0805555988408272,1,"UCEC.MSS"
"2026","Arm10q",-15.798302597508,-2.35295219080271,0.0204700260602746,"ALL",-0.198117985137551,1,"UCEC.MSS"
"2027","Arm11p",-6.37230440905827,-1.05428058563243,0.29415166026308,"ALL",-0.0805555988408272,-1,"UCEC.MSS"
"2028","Arm11q",-7.10473743088522,-1.21510267967992,0.227026561562003,"ALL",-0.0805555988408272,-1,"UCEC.MSS"
"2029","Arm12p",4.50292451759034,0.630128525543458,0.52996653684319,"ALL",0.0643886075536555,1,"UCEC.MSS"
"2030","Arm12q",10.0380411383479,0.953648694049401,0.342431163360778,"ALL",0.0805555988408272,1,"UCEC.MSS"
"2031","Arm13q",3.33316946960217,0.526610569796005,0.599564294753545,"ALL",0.0643886075536555,-1,"UCEC.MSS"
"2032","Arm14q",-2.2387655054082,-0.294068219794187,0.769280832123506,"ALL",-0.0643886075536555,-1,"UCEC.MSS"
"2033","Arm15q",-1.51325412493896,-0.239748761605974,0.810988030393596,"ALL",-0.0643886075536555,-1,"UCEC.MSS"
"2034","Arm16p",2.83795865635633,0.405680511245108,0.685795069646735,"ALL",0.0643886075536555,-1,"UCEC.MSS"
"2035","Arm16q",9.87011801885236,1.39318098806014,0.166479794374125,"ALL",0.0805555988408272,-1,"UCEC.MSS"
"2036","Arm17p",7.97935696273841,1.05682216691175,0.292995364432022,"ALL",0.0805555988408272,-1,"UCEC.MSS"
"2037","Arm17q",6.78503395404848,0.912903532662852,0.363364965920283,"ALL",0.0805555988408272,-1,"UCEC.MSS"
"2038","Arm18p",0.305727781626267,0.0452057874109525,0.964028334729724,"ALL",0.0159102011221483,1,"UCEC.MSS"
"2039","Arm18q",0.970744496749178,0.128981875922478,0.897616407093918,"ALL",0.036185352365893,-1,"UCEC.MSS"
"2040","Arm19p",-5.33080210433412,-0.951615943984511,0.343456636894213,"ALL",-0.0805555988408272,1,"UCEC.MSS"
"2041","Arm19q",8.60494421218245,1.25764912819356,0.211282318411131,"ALL",0.0805555988408272,1,"UCEC.MSS"
"2042","Arm20p",1.78922075343473,0.318637729791466,0.750628229258314,"ALL",0.0643886075536555,1,"UCEC.MSS"
"2043","Arm20q",-1.59102644763637,-0.293183547804015,0.769955061269735,"ALL",-0.0643886075536555,1,"UCEC.MSS"
"2044","Arm21q",3.70311313281117,0.451298751332284,0.652696192751235,"ALL",0.0643886075536555,-1,"UCEC.MSS"
"2045","Arm22q",-2.50639572030362,-0.325543074626998,0.745411820074032,"ALL",-0.0643886075536555,-1,"UCEC.MSS"
"2046","ArmXp",8.06638354584272,0.872406167115029,0.384958705616467,"ALL",0.0805555988408272,-1,"UCEC.MSS"
"2047","ArmXq",11.5750444488067,0.902254156323326,0.368967520566045,"ALL",0.0805555988408272,-1,"UCEC.MSS"
"2048","Arm1p",9.95008510317914,0.840919816062527,0.401560384958624,"ALL",0.108818120025012,1,"UCEC"
"2049","Arm1q",-9.29744478778232,-1.40440202185767,0.162002381448981,"ALL",-0.139866605700757,1,"UCEC"
"2050","Arm2p",9.35513065845509,0.67094926967589,0.50315284566493,"ALL",0.108818120025012,1,"UCEC"
"2051","Arm2q",22.4736437039319,1.5979064115367,0.111899280317151,"ALL",0.139866605700757,1,"UCEC"
"2052","Arm3p",-0.974215524949688,-0.0809043095187091,0.935612115077586,"ALL",-0.0202660758283512,-1,"UCEC"
"2053","Arm3q",0.673739255324702,0.0572560664898106,0.954407677322383,"ALL",0.0202660758283512,1,"UCEC"
"2054","Arm4p",-9.99292270057852,-0.803376907089719,0.422865740280635,"ALL",-0.108818120025012,-1,"UCEC"
"2055","Arm4q",17.5514060303669,1.26223449003792,0.20857322579262,"ALL",0.139866605700757,-1,"UCEC"
"2056","Arm5p",-4.66369142081021,-0.525597145514168,0.59984508291104,"ALL",-0.102067947952747,1,"UCEC"
"2057","Arm5q",16.4947046125803,1.18007343941546,0.239600501512016,"ALL",0.139866605700757,-1,"UCEC"
"2058","Arm6p",-1.03390303288972,-0.0791254022243161,0.937024860036793,"ALL",-0.0202660758283512,1,"UCEC"
"2059","Arm6q",-13.1936486248496,-0.962682667165415,0.337058257421088,"ALL",-0.108818120025012,1,"UCEC"
"2060","Arm7p",3.88966905545642,0.367174465521902,0.713940242427769,"ALL",0.077622325252073,1,"UCEC"
"2061","Arm7q",6.24642731554427,0.605594837113175,0.545582099318318,"ALL",0.108818120025012,1,"UCEC"
"2062","Arm8p",-8.36691864243025,-1.31468125354967,0.190367316979917,"ALL",-0.139866605700757,1,"UCEC"
"2063","Arm8q",-4.41381733092539,-0.657206730372768,0.511926460906151,"ALL",-0.108818120025012,1,"UCEC"
"2064","Arm9p",5.73746559632829,0.569834451959498,0.56953350469076,"ALL",0.108818120025012,-1,"UCEC"
"2065","Arm9q",8.96699946653126,0.730392161213622,0.466144186691554,"ALL",0.108818120025012,-1,"UCEC"
"2066","Arm10p",-12.6868144501013,-1.32150189967785,0.188089173336513,"ALL",-0.139866605700757,1,"UCEC"
"2067","Arm10q",-17.8156150296499,-1.84283029016331,0.0670750549553564,"ALL",-0.139866605700757,1,"UCEC"
"2068","Arm11p",-6.72443712681081,-0.732985929621535,0.464564787905469,"ALL",-0.108818120025012,-1,"UCEC"
"2069","Arm11q",-11.1937461493624,-1.27097457760898,0.205453922734568,"ALL",-0.139866605700757,-1,"UCEC"
"2070","Arm12p",13.5069437156218,1.29939000104445,0.195549075329023,"ALL",0.139866605700757,1,"UCEC"
"2071","Arm12q",17.252388750265,1.20214452973779,0.230959966342747,"ALL",0.139866605700757,1,"UCEC"
"2072","Arm13q",9.89024140627654,1.12289142387228,0.26304855234243,"ALL",0.139866605700757,-1,"UCEC"
"2073","Arm14q",3.23042460403989,0.305640382934518,0.76024806063056,"ALL",0.0625633231018463,-1,"UCEC"
"2074","Arm15q",-7.07860270681776,-0.792843092099132,0.428961505623111,"ALL",-0.108818120025012,-1,"UCEC"
"2075","Arm16p",1.50295949260931,0.144643101892648,0.885162011105515,"ALL",0.0202660758283512,-1,"UCEC"
"2076","Arm16q",18.4663406904356,1.82438277554421,0.0698294585797875,"ALL",0.139866605700757,-1,"UCEC"
"2077","Arm17p",9.42234672994648,0.884044397351436,0.377906302302468,"ALL",0.108818120025012,-1,"UCEC"
"2078","Arm17q",12.2697118153586,1.11801672678066,0.265118965611827,"ALL",0.139866605700757,-1,"UCEC"
"2079","Arm18p",5.00778202295078,0.500990296688631,0.617018482970686,"ALL",0.102067947952747,1,"UCEC"
"2080","Arm18q",4.90542585119506,0.438304208082609,0.661715766079651,"ALL",0.0980235780291992,-1,"UCEC"
"2081","Arm19p",-3.79090506877438,-0.451456201053883,0.652229497247137,"ALL",-0.0980235780291992,-1,"UCEC"
"2082","Arm19q",16.4895085369639,1.64319072492454,0.102170270364004,"ALL",0.139866605700757,1,"UCEC"
"2083","Arm20p",4.71799307397549,0.591366548258196,0.55505124265835,"ALL",0.108818120025012,1,"UCEC"
"2084","Arm20q",-1.05067990966864,-0.146337817239952,0.883826084384371,"ALL",-0.0202660758283512,1,"UCEC"
"2085","Arm21q",8.76770016028217,0.765655551813895,0.444930674693518,"ALL",0.108818120025012,-1,"UCEC"
"2086","Arm22q",-6.76828105927905,-0.653053642345826,0.514593663841249,"ALL",-0.108818120025012,-1,"UCEC"
"2087","ArmXp",13.355306098959,0.950643125255858,0.34311946396034,"ALL",0.108818120025012,-1,"UCEC"
"2088","ArmXq",23.1476841032079,1.1820764980654,0.2388069716382,"ALL",0.139866605700757,1,"UCEC"
"2089","Arm1p",2.41398296831492,0.383894804023589,0.702592245357772,"ALL",0.00747601240003556,1,"UCS"
"2090","Arm1q",-0.506010580431638,-0.0994429997733696,0.921161730550436,"ALL",-0.00747601240003556,1,"UCS"
"2091","Arm2p",7.37178877213438,1.33715386123357,0.186883308337548,"ALL",0.0979506009838557,1,"UCS"
"2092","Arm2q",1.11547560934734,0.170458401048689,0.865298702312983,"ALL",0.00747601240003556,1,"UCS"
"2093","Arm3p",5.42531553026983,1.06266219103842,0.292753288807177,"ALL",0.0979506009838557,-1,"UCS"
"2094","Arm3q",1.49339452078502,0.497473594042096,0.620912820049937,"ALL",0.00747601240003556,1,"UCS"
"2095","Arm4p",2.81135442950128,0.529420693052574,0.598724322388268,"ALL",0.00747601240003556,-1,"UCS"
"2096","Arm4q",-0.793012760853177,-0.122715027036613,0.902796919172376,"ALL",-0.00747601240003556,-1,"UCS"
"2097","Arm5p",7.92162139636129,1.79227959287005,0.0787967941980176,"ALL",0.0979506009838557,1,"UCS"
"2098","Arm5q",6.54715901625885,1.05427642186307,0.296538982983589,"ALL",0.0979506009838557,-1,"UCS"
"2099","Arm6p",-0.585587591833876,-0.121286875346312,0.903922491313134,"ALL",-0.00747601240003556,1,"UCS"
"2100","Arm6q",0.161552218544916,0.0351180053711024,0.97211757635227,"ALL",0.00747601240003556,1,"UCS"
"2101","Arm7p",-3.32237013128156,-0.607749592543317,0.545949014765564,"ALL",-0.00747601240003556,1,"UCS"
"2102","Arm7q",-0.860839386843738,-0.172454327434894,0.863737231422964,"ALL",-0.00747601240003556,1,"UCS"
"2103","Arm8p",0.685173307888687,0.252217152378624,0.801848774121345,"ALL",0.00747601240003556,-1,"UCS"
"2104","Arm8q",-1.01649261041734,-0.407929885788127,0.68496841736678,"ALL",-0.00747601240003556,1,"UCS"
"2105","Arm9p",2.24280415497325,0.389456017518852,0.698499381485578,"ALL",0.00747601240003556,-1,"UCS"
"2106","Arm9q",0.711514542934164,0.102933870829473,0.918403947582418,"ALL",0.00747601240003556,-1,"UCS"
"2107","Arm10p",-0.544295328359862,-0.12933411875047,0.897582860551088,"ALL",-0.00747601240003556,-1,"UCS"
"2108","Arm10q",0.0988564210144732,0.0214929238572881,0.982933162329809,"ALL",0.00747601240003556,-1,"UCS"
"2109","Arm11p",7.53768519846224,1.5890537558558,0.117996529142739,"ALL",0.0979506009838557,-1,"UCS"
"2110","Arm11q",3.08562879020052,0.630588436474019,0.531019461403853,"ALL",0.00747601240003556,-1,"UCS"
"2111","Arm12p",0.837225476319846,0.246275239914189,0.806420506550023,"ALL",0.00747601240003556,1,"UCS"
"2112","Arm12q",1.11127144745447,0.18313218001806,0.855393084027206,"ALL",0.00747601240003556,-1,"UCS"
"2113","Arm13q",-7.89904646344973,-2.09229541880932,0.0412174681135675,"ALL",-0.0979506009838557,-1,"UCS"
"2114","Arm14q",-6.56016905618605,-1.12420813847801,0.265990784070322,"ALL",-0.0979506009838557,-1,"UCS"
"2115","Arm15q",5.77205638533304,1.24190565217949,0.219739079921895,"ALL",0.0979506009838557,-1,"UCS"
"2116","Arm16p",-1.05181298962883,-0.20182690144878,0.840824727712985,"ALL",-0.00747601240003556,-1,"UCS"
"2117","Arm16q",-5.96295166429859,-1.03468354133608,0.305514869542251,"ALL",-0.0979506009838557,-1,"UCS"
"2118","Arm17p",5.15864045960685,1.02194737775699,0.311447984657866,"ALL",0.0979506009838557,-1,"UCS"
"2119","Arm17q",-2.22307042475295,-0.55636132897625,0.580305433598071,"ALL",-0.00747601240003556,1,"UCS"
"2120","Arm18p",3.96633815116382,0.941281851015193,0.350831136859141,"ALL",0.0725669338812529,1,"UCS"
"2121","Arm18q",5.57046246453988,1.03238038050672,0.306582043701361,"ALL",0.0979506009838557,-1,"UCS"
"2122","Arm19p",9.71277664304711,2.36124670350183,0.0219223904071967,"ALL",0.0979506009838557,1,"UCS"
"2123","Arm19q",6.10663637850991,1.23454340372964,0.222446181796947,"ALL",0.0979506009838557,1,"UCS"
"2124","Arm20p",-5.66218701183074,-1.24344999251328,0.219174323437984,"ALL",-0.0979506009838557,1,"UCS"
"2125","Arm20q",-3.85230966130792,-1.10886749270337,0.272493796438753,"ALL",-0.0979506009838557,1,"UCS"
"2126","Arm21q",3.30505090281024,0.657802222842022,0.51351225491128,"ALL",0.00747601240003556,1,"UCS"
"2127","Arm22q",7.1282315155493,1.57201763221077,0.121897844084456,"ALL",0.0979506009838557,-1,"UCS"
"2128","ArmXp",1.40865388310357,0.297334007318687,0.767373833080874,"ALL",0.00747601240003556,1,"UCS"
"2129","ArmXq",-0.192728781922923,-0.0521295318208925,0.958621467994389,"ALL",-0.00747601240003556,1,"UCS"
"2130","Arm1p",11.8899763871436,2.80438853261637,0.00637793428753632,"ALL",1.1845960942556,-1,"UVM"
"2131","Arm1q",9.09780220404833,1.17256036125019,0.244587039981483,"ALL",0.299812697747019,1,"UVM"
"2132","Arm2p",-12.5714913341199,-1.24304754902563,0.217622107233759,"ALL",-0.304785637127869,1,"UVM"
"2133","Arm2q",-11.7977535895719,-0.949869957770319,0.345150235368883,"ALL",-0.219226446863834,1,"UVM"
"2134","Arm3p",-11.3245246046958,-3.14364307153013,0.00237009428192227,"ALL",-1.4322098074305,-1,"UVM"
"2135","Arm3q",-11.3950593851379,-3.19591766238596,0.00202189614674503,"ALL",-1.4322098074305,-1,"UVM"
"2136","Arm4p",-5.7595061090139,-0.852219502813337,0.396735208800482,"ALL",-0.219226446863834,1,"UVM"
"2137","Arm4q",-6.93860371501424,-0.840153564293444,0.403423492807871,"ALL",-0.219226446863834,-1,"UVM"
"2138","Arm5p",-6.70892802698655,-0.448154496343401,0.655300179657669,"ALL",-0.114843900607831,1,"UVM"
"2139","Arm5q",7.09810313252915,0.824437312069078,0.41223772027555,"ALL",0.219226446863834,-1,"UVM"
"2140","Arm6p",-7.26556961997916,-2.23365152104497,0.0284086200899552,"ALL",-0.65998860204137,1,"UVM"
"2141","Arm6q",-4.45721319600933,-1.53548027814682,0.128764950857893,"ALL",-0.342905658134559,-1,"UVM"
"2142","Arm7p",-9.59011064306613,-1.32924584704892,0.187691957057301,"ALL",-0.317890463226788,1,"UVM"
"2143","Arm7q",-3.89655536859789,-0.372056643112534,0.710872663257962,"ALL",-0.0917268303742322,1,"UVM"
"2144","Arm8p",6.32276265638474,2.18386462067593,0.0320168640293099,"ALL",0.65998860204137,1,"UVM"
"2145","Arm8q",7.75240098263837,3.09976722564283,0.0027047528717186,"ALL",1.4322098074305,1,"UVM"
"2146","Arm9p",-0.818433663447982,-0.125595796134258,0.900379240345011,"ALL",-0.0238552772030077,-1,"UVM"
"2147","Arm9q",-2.03710854343567,-0.257560528148866,0.797433173974549,"ALL",-0.0537235685837042,-1,"UVM"
"2148","Arm10p",-19.1328283960188,-0.677186722976702,0.500317026587663,"ALL",-0.165092115130026,-1,"UVM"
"2149","Arm10q",-19.1328283960188,-0.677186722976702,0.500317026587663,"ALL",-0.165092115130026,-1,"UVM"
"2150","Arm11p",-8.03672673332692,-0.992843417561247,0.323896072200468,"ALL",-0.219226446863834,1,"UVM"
"2151","Arm11q",-8.78574329292085,-0.966223129250326,0.336957519418457,"ALL",-0.219226446863834,1,"UVM"
"2152","Arm12p",-10.0584649932009,-1.19808101308499,0.234560253041766,"ALL",-0.299812697747019,-1,"UVM"
"2153","Arm12q",-20.4727272074851,-1.98805475268289,0.0503601534127916,"ALL",-0.530227138859742,1,"UVM"
"2154","Arm13q",7.50507751578355,0.845190451778694,0.400623157324148,"ALL",0.219226446863834,1,"UVM"
"2155","Arm14q",0.713843027244584,0.0638075455071387,0.949288827205749,"ALL",0.0215975158360815,1,"UVM"
"2156","Arm15q",9.36842466398817,1.27562576020551,0.205922791719271,"ALL",0.304785637127869,-1,"UVM"
"2157","Arm16p",3.28231202055084,0.146802277578697,0.883671772016336,"ALL",0.0238552772030077,1,"UVM"
"2158","Arm16q",-2.7552216682962,-0.573755190681352,0.567805622887602,"ALL",-0.164495371363103,-1,"UVM"
"2159","Arm17p",-13.6076001349896,-1.59740284179804,0.114271956101979,"ALL",-0.342905658134559,1,"UVM"
"2160","Arm17q",-14.3877094978415,-1.40579642872622,0.163806995057648,"ALL",-0.323330789839372,1,"UVM"
"2161","Arm18p",-30.021969111545,-1.50741607167284,0.135796058289715,"ALL",-0.342905658134559,-1,"UVM"
"2162","Arm18q",-30.021969111545,-1.50741607167284,0.135796058289715,"ALL",-0.342905658134559,-1,"UVM"
"2163","Arm19p",9.81482297192508,0.597030692871445,0.552238423463057,"ALL",0.164495371363103,-1,"UVM"
"2164","Arm19q",9.81482297192508,0.597030692871445,0.552238423463057,"ALL",0.164495371363103,-1,"UVM"
"2165","Arm20p",8.27960068205048,1.37289331459124,0.173770724771115,"ALL",0.323330789839372,1,"UVM"
"2166","Arm20q",8.70748404921534,1.47621574225049,0.143963977641619,"ALL",0.342905658134559,1,"UVM"
"2167","Arm21q",-0.370874396683865,-0.0610391587340236,0.951486178836001,"ALL",-0.0215975158360815,1,"UVM"
"2168","Arm22q",-19.4794493581535,-1.4937500515846,0.139327639129046,"ALL",-0.342905658134559,1,"UVM"
"2169","ArmXp",-11.3884280635656,-0.592395401949689,0.555321512681165,"ALL",-0.164495371363103,1,"UVM"
"2170","ArmXq",19.2605672856412,0.829467136845203,0.409404227167779,"ALL",0.219226446863834,-1,"UVM"
